platform	xmlEntry	collection	name	gamePresent	gameSizeBytes	gameSha256	xmlCoverStatus	xmlCoverMime	xmlCoverSizeBytes	xmlCoverWidth	xmlCoverHeight	xmlCoverSha256	revistaCandidateCount	revistaValidCount	revistaDistinctHashCount	revistaCandidateSha256	revistaSelectionStatus	revistaSelectionRule	revistaSelectedSha256
megadrive	989	geral	16BIT Rhythm Land	yes	1195509	e0b2aa16f60adddced96fa8a67e7821ab7de60a993a293c13bce53d0d1e26180	ok	image/jpeg	178615	800	800	db33d7c2c5f1ae7d4e3ae7d81fe41af1131d120a6cc391ca7651846847bea129	1	1	1	76e34d45b3e799fe236e8866656be73d4087ad380713ff4216003a0b6ce95239	ok	rom_folder	76e34d45b3e799fe236e8866656be73d4087ad380713ff4216003a0b6ce95239
megadrive	1	geral	3 Ninjas Kick Back	yes	918556	8c6ff350972c00e18153e2643821d146a56dee833882d9ff121950f4a2c0a6b7	ok	image/png	472626	456	640	c9f13a6b5f86e5c942045d6e3eadb0a52260d49b75825c37f6fb671d7a96134e	1	1	1	73280a6201d6bc406858c90a8dda02ce73a3a21cce370024b0b6f9a826904e9e	ok	rom_folder	73280a6201d6bc406858c90a8dda02ce73a3a21cce370024b0b6f9a826904e9e
megadrive	3	geral	6-Pak	yes	1841916	c64511161c73810550f4eaaf110fae584b853179bc06c3b221e9d3616cc7c956	ok	image/png	464373	456	640	f5550f946276c1e39dd794ea8208757c473e1c9261129c3b25ed27a76d5b8a0d	1	1	1	73f95cebcf970d1e65a5684dffd364e8a08a90674e45cfc316c09faaf4111c66	ok	rom_folder	73f95cebcf970d1e65a5684dffd364e8a08a90674e45cfc316c09faaf4111c66
megadrive	2	geral	688 Attack Sub	yes	623730	1774b843e5c69bda7e104eafd443c7515625fc03b96a6b8baeba34637a7c7b94	ok	image/png	326419	400	561	2718d644e8f27c060441205c043507d0d74a0dddfab8009fc38a41ee2f3441c9	1	1	1	4a9eefe95587e015662402b5968c59298e14f490031f966711c149d9a23a67a0	ok	rom_folder	4a9eefe95587e015662402b5968c59298e14f490031f966711c149d9a23a67a0
megadrive	4	geral	A Dinosaur's Tale	yes	499421	cba0a2bb6a6159e633373d481590cdeefebc54342ff5ad42e8d7f2b8b8a70b2a	ok	image/png	360917	400	561	bc310a0cc895fc7237c06cc7a5fa1ce2d0254caf7fb53df8f11c36224eac0ae8	1	1	1	6d056b4d5beb9b3c188ff1247045bed30c97fe18f8bc08804374eacf5592c64d	ok	rom_folder	6d056b4d5beb9b3c188ff1247045bed30c97fe18f8bc08804374eacf5592c64d
megadrive	5	geral	Aaahh!!! Real Monsters	yes	952948	5c5fb8aab7c1cc92ea0172a3b37b922fb0cdae45890aef6121ac2fc99b411503	ok	image/png	324594	400	561	d95cdf0702c413cf8d4c9f07ed0961c9a171ca256173ece7b6a248874e669377	1	1	1	5a33d578d5e6a9d610d55c0a710faa20dc9520b542c4348096084ed380f35d50	ok	rom_folder	5a33d578d5e6a9d610d55c0a710faa20dc9520b542c4348096084ed380f35d50
megadrive	6	geral	Action 52	yes	562168	8d81eb9893974f8ac8c6265d7376b91094689fbeecd25b99486a1a3bab68d2bf	ok	image/png	321788	400	561	d8081dd895bd6da1177040bce3fbff161a083ac7cfcab3e9fa5a2fa357766f30	1	1	1	4d390f1d95f622af206fd87d4328ff7b6dcea9546def0b996006e85f376e245b	ok	rom_folder	4d390f1d95f622af206fd87d4328ff7b6dcea9546def0b996006e85f376e245b
megadrive	7	geral	Addams Family Values	yes	1123143	708c1e852c10a697e58d1e0b1576b73d5daa1b4b68da9f1c97c583ea2dce38fc	ok	image/png	339253	400	561	677c920c4e4e6f52d5767e358ca438e53a915083bda7dc9e27501582ba98f72d	1	1	1	f35dc2e50290ca94f7d58611b4389db969e78774c29e78b6e7e494e889719e4f	ok	rom_folder	f35dc2e50290ca94f7d58611b4389db969e78774c29e78b6e7e494e889719e4f
megadrive	8	geral	Advanced Busterhawk Gleylancer	yes	789708	180b3b131ad8db59d38f3819b42b162746b4ed78f17043484749fe579ffb47e0	ok	image/png	623972	512	717	7e2cdaa4d9839fdd9a3f62b11b7085225eec37c60647d6a58f3812c245c715c3	1	1	1	1d01b83028e7d892d5a814e15fc39cc266d2fd8c2e53d232339bae008a7dae2c	ok	rom_folder	1d01b83028e7d892d5a814e15fc39cc266d2fd8c2e53d232339bae008a7dae2c
megadrive	9	geral	Advanced Daisenryaku : Deutsch Dengeki Sakusen	yes	749978	0d970eb4e1195efb8ae85e2b42803fc77fcb2d65034c02eb08b6cfd35e5cecd2	not_declared						1	1	1	6c77275131dc81dcf92496d9ddf26272bffe2ad7a9e46a11cdf6cc9932fab3d7	ok	rom_folder	6c77275131dc81dcf92496d9ddf26272bffe2ad7a9e46a11cdf6cc9932fab3d7
megadrive	11	geral	Aero the Acro-Bat	yes	519575	dbe62b3be63b07cb9ceb41f42e59da4e6a9629a0eb542dabddc1d34ac5582d37	ok	image/png	262363	400	561	18902132801186c471b8ac552ef0446b4dbac382fc8a288de0c055818f09e9c1	1	1	1	8d6758d8db2ba68faf4ff77d3d9e05b7e84df3217ee7df2f95d37e2b30995cd6	ok	rom_folder	8d6758d8db2ba68faf4ff77d3d9e05b7e84df3217ee7df2f95d37e2b30995cd6
megadrive	10	geral	Aero the Acro-Bat 2	yes	1129620	e72fd051b9a060935bffef3641ba6526c1ebe8789188f70f0f1d30921c1bc38d	ok	image/png	427978	400	561	00faf15dd3ec33e5e39d53c6c798fd6ea8bf601b32cbb992a58dcf255f72efca	1	1	1	77b5fc7ab9f1fc77a5133dbcd4b457a8bf5121515d39f6501c7eb5ef0da8b679	ok	rom_folder	77b5fc7ab9f1fc77a5133dbcd4b457a8bf5121515d39f6501c7eb5ef0da8b679
megadrive	13	geral	Aerobiz	yes	422117	71ed3d1857a04f73d8f62f3c958e7339285a5ab79cc5a142396ea0a610383798	ok	image/png	319367	400	561	099da56a15f8f8a9402b3508e2d85178aa5ad9225fe731b34a480cf4ada89b8b	1	1	1	de2734aa6dcf6022c28cc32ee90ecaf53987413689f827799fdacef06de61361	ok	rom_folder	de2734aa6dcf6022c28cc32ee90ecaf53987413689f827799fdacef06de61361
megadrive	12	geral	Aerobiz Supersonic	yes	475642	9e43d857ea335a0128944b2167daacd1dc802f0106f9be3fbd40e32bf2c2fa46	ok	image/png	319367	400	561	099da56a15f8f8a9402b3508e2d85178aa5ad9225fe731b34a480cf4ada89b8b	1	1	1	5def0f9b951f8c8c282b27a905fef6fad392abe1e8e697487b5fec0df80a1142	ok	rom_folder	5def0f9b951f8c8c282b27a905fef6fad392abe1e8e697487b5fec0df80a1142
megadrive	14	pt-br	After Burner II	yes	247190	61d2384098a8689a6b88e12971c0df5827007339545a68006c996d1ff29e0c46	ok	image/png	389439	400	561	9be7221be6045619b4a0f76b6dfb7330ca6127802a8c8b22c11c157bc9ddb97e	1	1	1	ca749414a0f9a481e3039e7ddec7b5c985e7cf938350eb8517062319777b2f26	ok	rom_folder	ca749414a0f9a481e3039e7ddec7b5c985e7cf938350eb8517062319777b2f26
megadrive	15	geral	After Burner II	yes	245764	e7b6d0f3e9358317d9135977309758d91dd6f188ccf97d517c22c9bb228d76b1	ok	image/png	389439	400	561	9be7221be6045619b4a0f76b6dfb7330ca6127802a8c8b22c11c157bc9ddb97e	1	1	1	ca749414a0f9a481e3039e7ddec7b5c985e7cf938350eb8517062319777b2f26	ok	rom_folder	ca749414a0f9a481e3039e7ddec7b5c985e7cf938350eb8517062319777b2f26
megadrive	16	geral	Air Buster	yes	320022	c41f5434de44d4993714c96955c8437cb0cef4561f64a33be79939107cd33bd4	ok	image/png	303153	400	561	0b2f135190bd310040fc65cc97f42a6fe80c92d8039581ce44a331bdea6d6b0a	1	1	1	af21a84fccaf72cf8759b8a62ede0933f134db19f5f73593371edbeca78c9374	ok	rom_folder	af21a84fccaf72cf8759b8a62ede0933f134db19f5f73593371edbeca78c9374
megadrive	17	geral	Air Diver	yes	277524	34bf69ffc191a013dd7c0ff0ae5d6914a8327f043679b94bd79e324cdfba3d37	ok	image/png	214845	400	561	b208850c1723a63e3be37299d6ba5942e431c9f09ada047f3b329ee8f2125e82	1	1	1	cc77a557ea109836d5f827c1ec2674768ec36a1ba562a22a2edccd5eaf0f8aaa	ok	rom_folder	cc77a557ea109836d5f827c1ec2674768ec36a1ba562a22a2edccd5eaf0f8aaa
megadrive	18	geral	Akira	yes	1296365	07d9d561830bd18473d4f7024cf6bfe7b139e78b04dafe8dc4ae1ae1ccb25fde	ok	image/jpeg	14020	191	266	2c87d7469cb7a61fe6e3900b7f25a56957b7cca206dddc51244bdb766ba48525	1	1	1	85e13b967bf8d463b3fe78f0ea31ad56ff0ee0db7afb75b89b16e089594ecbc6	ok	rom_folder	85e13b967bf8d463b3fe78f0ea31ad56ff0ee0db7afb75b89b16e089594ecbc6
megadrive	20	pt-br	Aladdin	yes	1187386	8d5eb14dbf8a1b6dccad0cd02802615974bb8785cafc05c30d71fac1b2fdc33a	ok	image/png	407756	400	561	af624d84638b02d367346bbcbe76a2289d53c000bfb54374f728ee8d44ce439a	1	1	1	a4f829c6994a3c9b1b27e952133cb82cec9b9587b0c85decf204c256fa36f288	ok	rom_folder	a4f829c6994a3c9b1b27e952133cb82cec9b9587b0c85decf204c256fa36f288
megadrive	21	geral	Aladdin	yes	1174803	1047a05147d6a5218eb7ed02ce045cf504a6ec034f1e11f0219a9d205e7d8b4c	ok	image/png	407756	400	561	af624d84638b02d367346bbcbe76a2289d53c000bfb54374f728ee8d44ce439a	1	1	1	a4f829c6994a3c9b1b27e952133cb82cec9b9587b0c85decf204c256fa36f288	ok	rom_folder	a4f829c6994a3c9b1b27e952133cb82cec9b9587b0c85decf204c256fa36f288
megadrive	19	geral	Aladdin 2	yes	707403	d952e4c68f8de53390b38c8d5da8886adb788f25e410ed21b3beae0c7a0f9b67	ok	image/jpeg	12060	187	266	356962dad520f721fd46210e83245a5ef98acfea615c11c70e91185335252dfe	1	1	1	f0fd17565c537e1d55c156fa3650757810728dc15612fc5c69f80d7f936d1e86	ok	rom_folder	f0fd17565c537e1d55c156fa3650757810728dc15612fc5c69f80d7f936d1e86
megadrive	22	geral	Alex Kidd in the Enchanted Castle	yes	153425	792e0f235321a5e0913cc39913904f6b5a5997acfb21d08f294652a259318395	ok	image/png	417509	400	561	7c7437db5df08dc56c621ab34542f85ba1492ddbdd5cbe1b2bbf2e4e2d6c8b00	1	1	1	f3e18b0a3c7b880592003bf5108bc7780afc31c50cd1ffaf50ae4e93f2a325ba	ok	rom_folder	f3e18b0a3c7b880592003bf5108bc7780afc31c50cd1ffaf50ae4e93f2a325ba
megadrive	23	pt-br	Alien 3	yes	987902	d251a474156350e1671c0802a47757eccc710b5b20557250e49f9d22e21d6b85	ok	image/png	309305	400	561	b5911baa427a1d9a1b99e47eb83c5ead955c17a0afba69fa16bc592072a7014d	1	1	1	52022099b64c0cc3165465a4ed6a5f15d7a7af0ec4b92ae4fdd1299b12c36c2d	ok	rom_folder	52022099b64c0cc3165465a4ed6a5f15d7a7af0ec4b92ae4fdd1299b12c36c2d
megadrive	24	geral	Alien 3	yes	318063	51ecb08e2cff3d3295d8271a2ff8a84b495f59786ab2f6a0b89cd64e58b3808d	ok	image/png	309305	400	561	b5911baa427a1d9a1b99e47eb83c5ead955c17a0afba69fa16bc592072a7014d	1	1	1	52022099b64c0cc3165465a4ed6a5f15d7a7af0ec4b92ae4fdd1299b12c36c2d	ok	rom_folder	52022099b64c0cc3165465a4ed6a5f15d7a7af0ec4b92ae4fdd1299b12c36c2d
megadrive	25	geral	Alien Soldier	yes	1106881	0ea1581d24d611cc77558eb9963a1fc74a8434a4eda0d048df7ef34ee2879a5f	ok	image/png	363832	400	561	375bc05f6a89dcc054b0623a39cf98eab197ead418b2d25ad9d4a7dc2a6b7856	1	1	1	ab627dd37b69c584c5c2aa5f2a18f95df92a5f5e2033d056d0594a6ccbd9cde7	ok	rom_folder	ab627dd37b69c584c5c2aa5f2a18f95df92a5f5e2033d056d0594a6ccbd9cde7
megadrive	26	geral	Alien Storm	yes	371021	f84efd271482f409b4052d1f80c18e9136fdfae4345ef60ae4d62951778d90e4	ok	image/png	374972	400	561	0bd527d2870675fc6e25cfbbfc6b8283f4a3857b1c0769bf13c613c47e7e536c	1	1	1	4732a9760281d4642a92bd5d21ee874525ab2319325aeef82c660e5ac1bb5aad	ok	rom_folder	4732a9760281d4642a92bd5d21ee874525ab2319325aeef82c660e5ac1bb5aad
megadrive	27	geral	Alisia Dragoon	yes	608992	cda3a65e4c2043050afeacb8acd302f170c8d9a50511a32dbe926f190afca10f	ok	image/png	441210	400	561	16e5b6a3942509ee9d59899d66b9c5541f278d7535b6a0c5b743cb96fda3dc74	1	1	1	0a163a40c94c09c0ff495a4327f55d08a05b959d30a4114b907d8bb5ce5d70ec	ok	rom_folder	0a163a40c94c09c0ff495a4327f55d08a05b959d30a4114b907d8bb5ce5d70ec
megadrive	28	geral	Altered Beast	yes	325179	3ed06b53d7e46fde153e917ac065bbe5feb53422c2c96aa95027f6c8c628f6f0	ok	image/png	366599	400	561	eb3535d94f0d214cc49f96953a17c17088b1d40c77f4e3653cf9170d04cdbc97	1	1	1	2397785be070f8d2895ae5765730f0b6e7c06148c9ce8c883b1df15252dec57c	ok	rom_folder	2397785be070f8d2895ae5765730f0b6e7c06148c9ce8c883b1df15252dec57c
megadrive	29	geral	American Gladiators	yes	422454	f7db0074db606739309c70b32abedb8c79f059292bbe730856b08a554a3e1dcb	ok	image/png	379527	400	561	d6f3e43c7b826f6fcac9e30c03d9924106c71376c08a5aea20bede5f237de137	1	1	1	f9552dd2e535efbd59ae212099db2906a2f1e66a34293996b41bd7e8bd01ec45	ok	rom_folder	f9552dd2e535efbd59ae212099db2906a2f1e66a34293996b41bd7e8bd01ec45
megadrive	30	geral	Andre Agassi Tennis	yes	336774	c3259cee7ab74daa05dde876dacf8a826bcaf3b96a1e5357ad7598cc79043ae7	ok	image/png	375001	400	561	0a46ca92976958c3bed19f6aa5dde5e38e33fd4e943d657d4d5e153932b95163	1	1	1	93f38d115e18822c4b536f7821c963ac057d3fbe0deec1cd4bba9973fad736de	ok	rom_folder	93f38d115e18822c4b536f7821c963ac057d3fbe0deec1cd4bba9973fad736de
megadrive	31	geral	Animaniacs	yes	632764	312d81de49a26e816574ae74c34a83e64a69c43be62a6e50110478ae4247ea8b	ok	image/png	378932	400	561	a11237496a65a886c8a31ad1f185545049477400e7c23942ed0b1426a870fde2	1	1	1	ec3427ee8bb3faba70f08631cb07de987b50eb47e317a2ba8aca37fded79f49e	ok	rom_folder	ec3427ee8bb3faba70f08631cb07de987b50eb47e317a2ba8aca37fded79f49e
megadrive	32	geral	Arcade Classics	yes	103517	9ea9af20658e56e53e50c1dcc67074a404f81bbfcf359719002c2c7f015b1ce4	ok	image/png	345662	400	561	c0af4ef64faa2e6ccb581ab13edfbd537ff0ccb7fa2c851375456fd225cbb8c6	1	1	1	27d3b96c25a32defb1e5684918e9cff6cc0e9e88cae7eed06493908b1fbdcd7f	ok	rom_folder	27d3b96c25a32defb1e5684918e9cff6cc0e9e88cae7eed06493908b1fbdcd7f
megadrive	33	geral	Arch Rivals : The Arcade Game	yes	201404	84c276771072a2db0ddd8b4bf9d69ba712c827dadbe5bed451cae2238cb0fe7d	ok	image/png	439197	400	561	4f25ff4e941210d827b8babaddaac63585f2b93f648bca71ca65307d384d9e5b	1	1	1	9425c65f2a633c3ff57850537ad8695189548e24ded4e9c2144256fd55e22e7c	ok	rom_folder	9425c65f2a633c3ff57850537ad8695189548e24ded4e9c2144256fd55e22e7c
megadrive	34	geral	Arcus Odyssey	yes	803442	2d46bfee73ad06e228d4bbf06f45c464d462b0b145bd01873e53e606d8cafa30	ok	image/png	446008	400	561	8bcfb7621ea9c4d7c726f9db0fbd37f490a05c129de029ff29b21c88e0c0f536	1	1	1	460e0e05b47e4a94193b3fbeb501bb508736ee90fbb7560a3dea2c9392123c11	ok	rom_folder	460e0e05b47e4a94193b3fbeb501bb508736ee90fbb7560a3dea2c9392123c11
megadrive	35	geral	Ariel the Little Mermaid	yes	308266	6da5976b47714965e24e16af05fca51db3583809d13992f1da7847d4acd39092	ok	image/png	372663	400	561	ae1220bc42513359d054c522c3d1f21f2a6454324982c84c731694d9b9e74375	1	1	1	916c1d79d94110e8429fae7cea240ba7dbaa0c9e73fbb8378a282b7ebe29297e	ok	rom_folder	916c1d79d94110e8429fae7cea240ba7dbaa0c9e73fbb8378a282b7ebe29297e
megadrive	982	geral	Arnold Palmer Tournament Golf (USA, Europe)	yes	297297	c6dcf26ae89911f5e27434adbadb639c4cc89cf662af2f0880f6515bd5c8bf62	not_declared						1	1	1	48106263c4a79afe0b51bf7bcce70134a208aa021d10d94d0f1464c71566d8ea	ok	rom_folder	48106263c4a79afe0b51bf7bcce70134a208aa021d10d94d0f1464c71566d8ea
megadrive	36	geral	Arrow Flash	yes	257900	28cefbc0eb1691332b36637837e2e49a4a375eb0ecdccaa94dc529bda7027a6a	ok	image/png	404312	400	561	1ea1a936600d79d307d0f8029377ed67fbf7b4429c66e9ed8311e6d7e2cdfff0	1	1	1	8b7cc1ddf12a36129b02098c219d7becd06b3974345723093cbb8e600f96f8e8	ok	rom_folder	8b7cc1ddf12a36129b02098c219d7becd06b3974345723093cbb8e600f96f8e8
megadrive	37	geral	Art Alive	yes	58851	f9c031b0bd9be2692a75e4d8fc3e0a6611c36ab55f0cf3d81f0c8ef1a4f59115	ok	image/png	276196	400	561	c236f584d580ad6033b673fff4bcd3461b2de92156e4fff69f998699844e6be8	1	1	1	c85fd7a93df8ac51537162c5445b6aa20a0b4f7b6cbf764834ab97d5348105ae	ok	rom_folder	c85fd7a93df8ac51537162c5445b6aa20a0b4f7b6cbf764834ab97d5348105ae
megadrive	38	geral	Art of Fighting	yes	953420	f1c43f5dc5b3345b8e6c6160b2dc5a4b4ee0f65619f1716e567ab330e3966372	ok	image/png	372195	400	561	e488f589ff64b7b81ceb68e731609a01ded8b3d96c2cbefc1640e1e5149a174c	1	1	1	d7cc9fe11175fbdcfe3f8f9906e5a3f061c18673be2f6f5b70939c5d9324a61f	ok	rom_folder	d7cc9fe11175fbdcfe3f8f9906e5a3f061c18673be2f6f5b70939c5d9324a61f
megadrive	39	geral	Astérix and the Great Rescue	yes	993313	0a81825b666435b14ea0b957ec28fd1f028d490757fbd118bb700c5571920d53	ok	image/png	433722	400	561	b91f7fe53139b38b717c52d0787864c6d96b058d099273f37d5e63eb582d2050	1	1	1	ba0e6023223293b26bc3ab9ec7a3ea4b470e3d63ef461683cbfe953a46f8b518	ok	rom_folder	ba0e6023223293b26bc3ab9ec7a3ea4b470e3d63ef461683cbfe953a46f8b518
megadrive	40	geral	Astérix and the Power of the Gods	yes	1108347	462039189b1ecb52efc825c12fb5b7924662acd998c4cfac9d16899ad69f2b10	ok	image/png	385953	400	561	7b03ff1dc83831535ab323162314681910ec9a997616a8d0424a54f94d1587d1	1	1	1	0209fcc79a4440605e4b54bff1b2b44acac942245c5ede84c961f1f67f39cf3e	ok	rom_folder	0209fcc79a4440605e4b54bff1b2b44acac942245c5ede84c961f1f67f39cf3e
megadrive	41	geral	Atomic Robo-Kid	yes	198575	7dcdf08cadc34f9f154c4015d6c050d5f80b99ae55cd170d8036dca58693ac9b	ok	image/png	274601	400	561	9ed73f077844278a007868650251ab65012aff42cbc4bbf4c0484ec440ed8c95	1	1	1	c284d384bdd2641f248953e58ab15ebf58f147f824611d3eb54b83804aeb9ac1	ok	rom_folder	c284d384bdd2641f248953e58ab15ebf58f147f824611d3eb54b83804aeb9ac1
megadrive	42	geral	Atomic Runner	yes	525788	38b29c502c7d7fae1f568bb7cf8a15a3db9bb7230d3212411b8c1b411e71e9f5	ok	image/png	309700	400	561	cfb606340df1d4fb3bb6bd63b919fabe05d1549e716947a07c0dc94a4df95b20	1	1	1	c2a6b206e50d7dbe5beac7a9427028a33526dbe6bec474e2d976bde81f9de3c5	ok	rom_folder	c2a6b206e50d7dbe5beac7a9427028a33526dbe6bec474e2d976bde81f9de3c5
megadrive	43	geral	ATP Tour Championship Tennis	yes	1038137	8b747180152a4711d4020286809c767f7f42cfb66c79a6dac7d6f70b18cb4dcb	ok	image/png	282275	400	561	dd1e9eb5be540f6fc3514b54790762ec55c169b12d62def4f6c8af59af4b0ce0	1	1	1	88847820ae15c9d374e6e18168238c52c420f167d2d6471e44c0ec2f636f094c	ok	rom_folder	88847820ae15c9d374e6e18168238c52c420f167d2d6471e44c0ec2f636f094c
megadrive	44	geral	Australian Rugby League	yes	657390	dac0ea331bc72c460d88595a7d17ec476ca23b5852eba8d6d561ce939d849a9a	ok	image/png	197462	400	561	11fd709458b6a7dd24c4b47decadf2ec71d9648b66f70b33c3567ac7409d1461	1	1	1	622c103e3073f9d9352d35f4073aa75b242d4b7051388b9fa117f934a1444a29	ok	rom_folder	622c103e3073f9d9352d35f4073aa75b242d4b7051388b9fa117f934a1444a29
megadrive	45	geral	Awesome Possum... ...Kicks Dr. Machino's Butt	yes	1265100	82318c32c3a075e8e3f5f5853a168378db2d05fa910ba8cc724f2a9026953586	ok	image/png	447921	400	561	b4a8c1a7a27c8752a96a845575b8c8a914287c3a117cc2e71993a475bce8d973	1	1	1	95b18690ca19712ae52e38af53a359181f712990160b96af5b56672415c476db	ok	rom_folder	95b18690ca19712ae52e38af53a359181f712990160b96af5b56672415c476db
megadrive	46	pt-br	Ayrton Senna's Super Monaco GP II	yes	763695	067bea6030f2cac12eb9e9025bdd2fe4475e0abcf05fe1bb4f6b63c02bffb4eb	ok	image/png	319505	400	561	e41cf1b61c18e57b1bdb33f48cd21e126adada0434764981213a344dac27453f	1	1	1	16cfff3729f035a6a806a689c1d2093765a0acd0d0872d837b76db812f1e1ecb	ok	rom_folder	16cfff3729f035a6a806a689c1d2093765a0acd0d0872d837b76db812f1e1ecb
megadrive	47	geral	Ayrton Senna's Super Monaco GP II	yes	761833	af35cf22171b18c9f938581d25507401156b22ea7467d817b04e5976f7e7062f	ok	image/png	319505	400	561	e41cf1b61c18e57b1bdb33f48cd21e126adada0434764981213a344dac27453f	1	1	1	16cfff3729f035a6a806a689c1d2093765a0acd0d0872d837b76db812f1e1ecb	ok	rom_folder	16cfff3729f035a6a806a689c1d2093765a0acd0d0872d837b76db812f1e1ecb
megadrive	48	geral	B.O.B.	yes	641988	54655d8430a04fb6bdd5deeb48ee2142edc08b82e32b79440ddd8d9e91130a17	ok	image/png	331939	400	561	6bfe4236365e5bb1084a4b0c169c31ef627562fe7ea44c5d417d644324afd43a	1	1	1	4310fa183a29ad17c30d117b9a6b5c25e806fba438d4ac1e730c88f265219c95	ok	rom_folder	4310fa183a29ad17c30d117b9a6b5c25e806fba438d4ac1e730c88f265219c95
megadrive	49	geral	Baby Boom	yes	624132	6ad923fcab6c377707ee74c411eda1ac74c127766239ba44543daa4a404bafb9	ok	image/jpeg	16599	191	266	b53ede0d5b8039d6f4ea432c506aa29260e7f1993896fe301de747eb6a55810a	1	1	1	d440c8d6d4c0679441d77167a52e11c774de1d91a706410c7ff702e7998f3c0e	ok	rom_folder	d440c8d6d4c0679441d77167a52e11c774de1d91a706410c7ff702e7998f3c0e
megadrive	50	geral	Baby's Day Out	yes	563769	4ad02c1c353d8b64b2324948180ac57666b34ee50f9624eb82af8049b9d0a657	ok	image/jpeg	82620	360	499	57e0cd0f57d048a04a1fbd1b674b49a06d04d0e91b06a5e53b76c48f2c34f9ce	1	1	1	644e3bf94848ad81f84ff34f4206e4b33df0620c17129d524e77732ee6156f31	ok	rom_folder	644e3bf94848ad81f84ff34f4206e4b33df0620c17129d524e77732ee6156f31
megadrive	51	geral	Back to the Future Part III	yes	201600	dd04adb6c5fe41b8fb7181d6fcdba3d87663d6ee786ca49b5b47488e6815dd3f	ok	image/png	360377	400	561	07c433349593dca060da4a163150215771924a8132ad3ea003d88cf4f3e5946c	1	1	1	a469e94c2ea3817ebcbd4965b4f6baa8853bc85f6657e2c700d828b22df8aa75	ok	rom_folder	a469e94c2ea3817ebcbd4965b4f6baa8853bc85f6657e2c700d828b22df8aa75
megadrive	52	geral	Ballz 3D : Fighting at Its Ballziest	yes	1085412	4dd4f9dfb351863f960904cbd2b67a56be5b6f58c9cacd51494a32afe17dc285	ok	image/png	629791	512	731	db754457e0707e7e0ef9a9043db4e1347e974814a944b253a01e937cfc738e4c	1	1	1	cee9083caecd906606d8c7e24d59858c21591a0d3efbb45e315755fcec9aa56d	ok	rom_folder	cee9083caecd906606d8c7e24d59858c21591a0d3efbb45e315755fcec9aa56d
megadrive	53	geral	Barbie Super Model	yes	380581	afb60c6506a8a12211fc55a3f6f9223e186c0ff66616d19df4a1963f48375f1c	ok	image/png	316240	400	561	327eea6cbb2d8189dd722238a1b6928e80ce09449cdb09a4dc0fda78210c9c41	1	1	1	27655809965f8aab3c9183ee4790d8da0e9153708c4d3a21d5573f15c8ec8ce3	ok	rom_folder	27655809965f8aab3c9183ee4790d8da0e9153708c4d3a21d5573f15c8ec8ce3
megadrive	54	geral	Barbie Vacation Adventure	yes	521250	5a3c4319037ec2022a7e3ee7d7cd114c852fd7fa1f3937904d8c543a90ff86f3	ok	image/jpeg	550670	1435	1972	6aefab30fc1489dcad4c6fc8180550b2fd47a4749524f1aa0a156efc846b43c4	1	1	1	cf36839f672fcaef7d37aa90df2c9c191cdc8aa22be92369bb2b7233cbc8c2a9	ok	rom_folder	cf36839f672fcaef7d37aa90df2c9c191cdc8aa22be92369bb2b7233cbc8c2a9
megadrive	55	geral	Bare Knuckle III	yes	1782334	bacb90932a5d73ca1df666caab5bfac324419f49cfe388dfcea64a154946c0cf	not_declared						1	1	1	1a60a555de0e76d6d9a549741985e8acc945ebc5a2d968b43f7e798732c5add0	ok	rom_folder	1a60a555de0e76d6d9a549741985e8acc945ebc5a2d968b43f7e798732c5add0
megadrive	56	geral	Barkley Shut Up and Jam 2	yes	1183354	f1096939cb3805434d6d2bcd0eb44fed4f53a024285b548dcb499e890888fda9	ok	image/png	358022	400	561	40ac3158b3a46e237cc998cb5ad3d041158b98421777ccbc64b7840f67de7607	1	1	1	8cb7af53d6ec19ac131611b6e2476036b8d4b90a0e7712e813bf4fe0f3eca655	ok	rom_folder	8cb7af53d6ec19ac131611b6e2476036b8d4b90a0e7712e813bf4fe0f3eca655
megadrive	57	geral	Barkley Shut Up and Jam!	yes	564373	09747d8d07a40034188a1499e1cc61d28f619764cd3ea1c0747f23dc7d297769	ok	image/png	358022	400	561	40ac3158b3a46e237cc998cb5ad3d041158b98421777ccbc64b7840f67de7607	1	1	1	1f0cd5af0934eeaefa37af2159f8149b3a2abe8a33a981c982847e17b08f637a	ok	rom_folder	1f0cd5af0934eeaefa37af2159f8149b3a2abe8a33a981c982847e17b08f637a
megadrive	58	geral	Barney's Hide & Seek Game	yes	584112	da105104b2a5c301ab37c4a092a1a6a28a39542cdf89b52108d2cd6e88026d4e	ok	image/png	368719	400	561	f7691d7a9fa11cee7234337ee22c652d4866cd51d3e44b83beae4d6f2b00321f	1	1	1	b18855c77f69ba5fb5206e3ee0ed4f92406d3cf232f1e1a99c159665d7ba412d	ok	rom_folder	b18855c77f69ba5fb5206e3ee0ed4f92406d3cf232f1e1a99c159665d7ba412d
megadrive	59	geral	Barver Battle Saga : Tai Kong Zhan Shi	yes	1065784	fbf77be024cf57b1278214302299dd45d3818cd4f820061b5d6b31b9296cbbaf	ok	image/png	578453	512	702	888df96283950d863cfda4a79f7d17de1bdf278cfe5ec6c21bd8a8c6a5d30822	1	1	1	b2ce8df9523c8bbdcc5c2cec19343c747612d01698d56c3d607931012a691d67	ok	rom_folder	b2ce8df9523c8bbdcc5c2cec19343c747612d01698d56c3d607931012a691d67
megadrive	61	geral	Bass Masters Classic	yes	725146	f146232d425c1ad7eed1b866f285ac4b515e51a4229abf017c969bdc346952f1	ok	image/png	359484	400	561	b814828f0db8606a196e76baca88ffe030ec900a4837dbdba131e33e68a60796	1	1	1	a8611a1c86c8e4b7be9300df85904bc7132dbf98cf30a70dabf36e23c0049bbb	ok	rom_folder	a8611a1c86c8e4b7be9300df85904bc7132dbf98cf30a70dabf36e23c0049bbb
megadrive	60	geral	Bass Masters Classic : Pro Edition	yes	1173995	574065228bbdd0eaf3121d8c749b3373875447c6574b341c3651bd6eef29857b	ok	image/png	359484	400	561	b814828f0db8606a196e76baca88ffe030ec900a4837dbdba131e33e68a60796	1	1	1	2f3934ca40df9f69175d3a59ecd18f7b820226fdfb838d308c311539b03c639e	ok	rom_folder	2f3934ca40df9f69175d3a59ecd18f7b820226fdfb838d308c311539b03c639e
megadrive	62	geral	Batman : Revenge of the Joker	yes	616812	b5eb3e58225ac42518e203f4712b9c229615ff6d8bdf7866a39a4b50c69458e8	ok	image/png	342543	400	561	9c803e6772c757a24141153369e37cc4c47c002e72996a65fd0c21972e4f3363	1	1	1	f7ba49a9b4b6f197bcbaffd74d8a91d5109db4d890f893ed8a49575c6b092942	ok	rom_folder	f7ba49a9b4b6f197bcbaffd74d8a91d5109db4d890f893ed8a49575c6b092942
megadrive	988	geral	Batman : The Video Game	yes	303888	a336ca69b94e0e3ad28ab6b516f864a20de23624a1db1426109af6ae8acbeffe	ok	image/png	368114	512	731	baa0b125a30f4a5ca8cfaccedf5103f5ce09b787f63a29976bcabe1397924094	1	1	1	eeb00b022062a5af9853f5e3dca31cb2d70a38f377065724334212d173b73895	ok	rom_folder	eeb00b022062a5af9853f5e3dca31cb2d70a38f377065724334212d173b73895
megadrive	63	geral	Batman Forever	yes	2147301	b511b89c071ab11207541bf2189819a6eafd41e9bf383af895d1d47df216d922	ok	image/png	332924	400	561	e48b306d7bb3bb7be0a6db35cf6a2e9c735e7395a15dea2c7a044e0d5a1596ae	1	1	1	c21732577895f926753442a44ef668963549b5d59519d83d1178d1e25c978282	ok	rom_folder	c21732577895f926753442a44ef668963549b5d59519d83d1178d1e25c978282
megadrive	64	geral	Batman Returns	yes	640454	8b11857ccdff6860dc11f0e30a6d16e2cef9409803cd17f1545661fd64c4acb0	ok	image/png	329044	400	561	8ed439ba785e9a5adf1693a3c5c054c598a68e8a469d1c8ac15c2274486079ba	1	1	1	edbde569d3728e4994e2300860f6b751526d16a02a983878ffaeafe3add2999a	ok	rom_folder	edbde569d3728e4994e2300860f6b751526d16a02a983878ffaeafe3add2999a
megadrive	65	geral	Battle Golfer Yui	yes	302540	ee5af291a47cc478094558b09a28d795091f086f6b5263f1c3ee758dd82b2367	not_declared						1	1	1	a56cc2b31b925625ed90acd6fd4ee9d0845ad4fb5fc55a7fc1c7e76c60568359	ok	rom_folder	a56cc2b31b925625ed90acd6fd4ee9d0845ad4fb5fc55a7fc1c7e76c60568359
megadrive	66	geral	Battle Mania Daiginjou	yes	722907	2c1babf2be28e14ab5481e255cd9c3712431fea0635f74c51a4ad3776d18963f	ok	image/png	576305	483	680	71ffc074be6aa9b8087c1a19f7dc51b7c34598ac95d663f2ace2808222d43cf1	1	1	1	2685769175495ccc00a177a394c4101659cc69711f7236a3a981e6fbbcf72c61	ok	rom_folder	2685769175495ccc00a177a394c4101659cc69711f7236a3a981e6fbbcf72c61
megadrive	67	geral	Battle Squadron	yes	260871	74054314e3b814140ca493398b2a60529ac18d1231b5e3061249a9d4b813c801	ok	image/png	293606	400	561	6b80c0c89852512c21c6e829e97fb74f47fbcd27528700e331a796159c8ed7b8	1	1	1	1ad9c979f6cd1a0f4d70dcf385f02528a313be472516fee6a5d266c0c8898863	ok	rom_folder	1ad9c979f6cd1a0f4d70dcf385f02528a313be472516fee6a5d266c0c8898863
megadrive	68	geral	Battlemaster	yes	384855	6b10b8008cb336cf0026058eb031784842fa278e0bd3d6300d48268a2460ed62	ok	image/png	435479	400	561	71090a659ada03174a9eed91b72e25d0051a9aa94bc704e91449b16dd0faf766	1	1	1	e75a8a296670f48c95ba92121720e93982412f7859161e15bdf7e21438ff9082	ok	rom_folder	e75a8a296670f48c95ba92121720e93982412f7859161e15bdf7e21438ff9082
megadrive	69	geral	BattleTech : A Game of Armored Combat	yes	824335	1fa5f6bf20c68160b7f9d0319857fff2b0149ce782686cbe1a02a3bfeb56bb3f	ok	image/png	356001	400	561	aee7e11303d3c5c5ce1b0754254d53d6b9d1c0486ee4127a0687d89d76e12075	1	1	1	6cac41ca4a6ae65882c5d20555393133eba31387f6e91d7c55c414b86fc245a7	ok	rom_folder	6cac41ca4a6ae65882c5d20555393133eba31387f6e91d7c55c414b86fc245a7
megadrive	70	pt-br	Battletoads	yes	359937	b4b54c2fbe17f36b0dfdd493664a7414465efadeaeda32d2971ffbf7df575ac7	ok	image/png	401988	400	561	e47de272d829e2420f01b6ab3e21b88c78b16659ea2061db296e84063a8f8892	1	1	1	8209433385b06450a0d42cd5114aed50783f0bed4591be855c29163a7c467924	ok	rom_folder	8209433385b06450a0d42cd5114aed50783f0bed4591be855c29163a7c467924
megadrive	71	geral	Battletoads	yes	359440	4886d32f48e5d7dd1e1ab89dbe9b635e7d841935513a898b100898d8a502498b	ok	image/png	401988	400	561	e47de272d829e2420f01b6ab3e21b88c78b16659ea2061db296e84063a8f8892	1	1	1	8209433385b06450a0d42cd5114aed50783f0bed4591be855c29163a7c467924	ok	rom_folder	8209433385b06450a0d42cd5114aed50783f0bed4591be855c29163a7c467924
megadrive	981	geral	Battletoads-Double Dragon (USA)	yes	471019	e0455b63a636b9f716073f4233a1b92bc00f0b418dab37cdac69f9012f6a3b66	not_declared						1	1	1	41354693551c12af951327b3f38bb7d0721276ee245470365da7ca8c3d211c5c	ok	rom_folder	41354693551c12af951327b3f38bb7d0721276ee245470365da7ca8c3d211c5c
megadrive	72	geral	Beast Wrestler	yes	685695	b4facb99ec935bd19e212dcb14aaadd9e09a4bebdcd62cd234cf11de01196a46	ok	image/png	273900	400	561	d01dee3d652b4705279f6cf0ee0779c0a9f46fd599b06b1784dc44fb560f521e	1	1	1	fcc1ab685b1d8fd5364cb86eb40adc9237a59bda5ad516a970755e2496035905	ok	rom_folder	fcc1ab685b1d8fd5364cb86eb40adc9237a59bda5ad516a970755e2496035905
megadrive	73	geral	Beastball	yes	406098	fb1d894d1572e8294ea55eca3cebf730e9ecd2390e5cdec806380aab17bc13b6	ok	image/jpeg	16499	195	266	7e5113412986bef6ab17a229f87a6fd6d0683192dc28034894b387b7d7dab48a	1	1	1	1003510e0541744f7529a2f9dab61aef2a5b03ee1703e3c533e2b443b925521f	ok	rom_folder	1003510e0541744f7529a2f9dab61aef2a5b03ee1703e3c533e2b443b925521f
megadrive	74	geral	Beauty and the Beast : Belle's Quest	yes	627252	a41aeb03004bfecb16448a1f7b47f65965d17798f39584925aed814b8a5a0a4f	ok	image/png	449967	400	561	50cf4d6cdecf9a104c4dcff856917fe3d703c6c102bb6012cbe17ce634ac3ef4	1	1	1	5aba4eba3bfb0e1239fec927b1d3590d2b5a8ee257b1d9a81e8569b20abca1f8	ok	rom_folder	5aba4eba3bfb0e1239fec927b1d3590d2b5a8ee257b1d9a81e8569b20abca1f8
megadrive	75	geral	Beauty and the Beast : Roar of the Beast	yes	594653	409979a4a10ab9c1388edbe81785bd788b0f8df1b8e2d61d829c5472e128325c	ok	image/png	409782	400	561	12012dd25fbd008523ec6a4ed848dc604775793b54536b53f0bfd7de35d1562c	1	1	1	b60fdc452ad2acebfbe23e5b6db8fa40d75c75cf53954a94bd99f839e08ff64b	ok	rom_folder	b60fdc452ad2acebfbe23e5b6db8fa40d75c75cf53954a94bd99f839e08ff64b
megadrive	76	geral	Beavis and Butt-Head	yes	1120326	56d6dcd549b296b91f1432b0dbf54d5229589a811e342a659b64ce734d35fea6	ok	image/png	189417	400	561	add0314dfc9264338b23cb60aa139d8cb098fd3d2d62f2b7daabe24ac0eab3bb	1	1	1	577100e6b92cf37fb7b33b7e0db93892503c9c3b2b33af7aaabd1904dc4a6874	ok	rom_folder	577100e6b92cf37fb7b33b7e0db93892503c9c3b2b33af7aaabd1904dc4a6874
megadrive	77	geral	Beggar Prince	yes	2071640	083213da75d9780e704253069e423c7407e6e4bdf35ae6f81f9debd94047a380	ok	image/png	139533	256	341	16e316c740e30dd312d2b282f023b145c0d1bebef0dcfec4529c2c63400fba27	1	1	1	b6c46258d6fdb6a7a970114421acb90abdd2d7615325872a727f8d632611832a	ok	rom_folder	b6c46258d6fdb6a7a970114421acb90abdd2d7615325872a727f8d632611832a
megadrive	78	geral	Best of the Best : Championship Karate	yes	498436	886732796263f09510bcd363e7770109e47b644fddc4f833e88965504a2632dc	ok	image/png	342630	400	561	e79a0a6f6f7459e8af60e8769f1d29a584320c3e5a1c81c3d2c2a60b21f2664e	1	1	1	c464d1e7b1c24ac1162096ab56f5dd3504695f584c0ba91cb6137b93e807c39c	ok	rom_folder	c464d1e7b1c24ac1162096ab56f5dd3504695f584c0ba91cb6137b93e807c39c
megadrive	79	pt-br	Beyond Oasis	yes	1816388	e3fb9c71c515858860164924f200236145f68ce2d312c9914059edeee19a33f4	ok	image/png	343475	400	561	2d5539db6d31a005da7037d781e87fe2557f67cd54090316f1d31b2a1168e100	1	1	1	fb28f0d4991550f3ba044d65bdc9f8d1d3501b4d1a55a0ec704b92a0ffaec5ea	ok	rom_folder	fb28f0d4991550f3ba044d65bdc9f8d1d3501b4d1a55a0ec704b92a0ffaec5ea
megadrive	80	geral	Beyond Oasis	yes	1802740	3d845d32c77ebc9d8105dfea758f9bea07f380f2ae8ea15c45b31f55c21d2a03	ok	image/png	343475	400	561	2d5539db6d31a005da7037d781e87fe2557f67cd54090316f1d31b2a1168e100	1	1	1	fb28f0d4991550f3ba044d65bdc9f8d1d3501b4d1a55a0ec704b92a0ffaec5ea	ok	rom_folder	fb28f0d4991550f3ba044d65bdc9f8d1d3501b4d1a55a0ec704b92a0ffaec5ea
megadrive	81	geral	Beyond Zero Tolerance	yes	649243	42691f2ba70c278ee0ee5b519776735c3b3fbf202566ec08f686f368c13e0455	ok	image/jpeg	296077	1054	1500	eec95d40f295801409226794218c7bfad705a323e393e749898563d7d4b67790	1	1	1	f061c169b02df5d4c385a937b581c48e698d68e98167bc3eeb473750189ed258	ok	rom_folder	f061c169b02df5d4c385a937b581c48e698d68e98167bc3eeb473750189ed258
megadrive	82	geral	Bible Adventures	yes	112273	6a641b53b1c3425d888c26cca2a99960e95b1b2a5a1e3b458a25122271534faf	ok	image/png	342372	400	561	74c0d8a38d6dfe01221f7c36bb43cc1ede4a81e180224cb7b5558900afdc6760	1	1	1	1a3c22ec095ce2a529d01bcd15b4fe5bbc0987d55256cd0f62a8a003725649e5	ok	rom_folder	1a3c22ec095ce2a529d01bcd15b4fe5bbc0987d55256cd0f62a8a003725649e5
megadrive	84	geral	Bill Walsh College Football	yes	561551	11bacc042dbf177e071950014d0c6bca25fe22dfd6d82a0e699ba0bf09ad8746	ok	image/png	192727	400	561	61055617abd69bec30a61dffc614350d95b2e9a9f448469e31eee942b3324c50	1	1	1	9dcc152e831b62a0ef8af8d2311a7e66c390c05e5259d9e17bf2ece9bbd39f82	ok	rom_folder	9dcc152e831b62a0ef8af8d2311a7e66c390c05e5259d9e17bf2ece9bbd39f82
megadrive	83	geral	Bill Walsh College Football 95	yes	917725	82b9536c78fcc8e52df62a66eca0d1e7c24796e039341c8b22104198d6f76ee4	ok	image/png	196855	400	561	08478aa53ef96e14aa6025704331b036c196f6bc1ec9aea5b52bfc0ef94a42ca	1	1	1	0b293c75a0aa991e9c9ed38ce95559076e92147213c51163075e8a18dface123	ok	rom_folder	0b293c75a0aa991e9c9ed38ce95559076e92147213c51163075e8a18dface123
megadrive	85	geral	Bill's Tomato Game	yes	447596	ac6e3198b5a7f611fa4d0b4bb70b852c402634a2de956c5dcb884b62cbe4a308	ok	image/jpeg	19031	186	266	914a996a2da2aae61d5970c2759c63c597933348759c6b9433e839e381ede8ae	1	1	1	245d196976d9fa05a83d88adb25df55ef2e49c02d47bebf41d540efaba414e0f	ok	rom_folder	245d196976d9fa05a83d88adb25df55ef2e49c02d47bebf41d540efaba414e0f
megadrive	86	geral	Bimini Run	yes	310880	5060c19d30612d7b97a9ca94ce2c978e3d2c84775eddae8dd4b149aa7f161113	ok	image/png	401494	400	561	c6082c86aa27131448bb22060e7d28b26fb0209c965011f56f17f3099e3d912f	1	1	1	613b3c5fb7721e5b9fd2431fd7a7a371fadb3a9712865a20d961e586e402960d	ok	rom_folder	613b3c5fb7721e5b9fd2431fd7a7a371fadb3a9712865a20d961e586e402960d
megadrive	87	pt-br	Bio Hazard Battle	yes	589336	808400d2ae305c1862c53896958b0222d41409bafad4d233b6b7dc12f150f198	ok	image/png	403789	400	561	0941da40ffa06aa7756753b3083a0fa27efdb50d68895818fcb4582c3e7f7a9e	1	1	1	35193bd22d8c02cab64b37dbe4527303fc7a6422579734519df222523e19caf7	ok	rom_folder	35193bd22d8c02cab64b37dbe4527303fc7a6422579734519df222523e19caf7
megadrive	971	geral	Bio Hazard Battle	yes	582520	9329210d5f1759675338fe4a2e27dc2f3e99e2ffdc09ccb101c04f2a8d48e88e	ok	image/png	403789	400	561	0941da40ffa06aa7756753b3083a0fa27efdb50d68895818fcb4582c3e7f7a9e	1	1	1	35193bd22d8c02cab64b37dbe4527303fc7a6422579734519df222523e19caf7	ok	rom_folder	35193bd22d8c02cab64b37dbe4527303fc7a6422579734519df222523e19caf7
megadrive	88	geral	Blades of Vengeance	yes	580771	3af0a0677bee880206e32b240e4f1542ac9eb74194033c9bce068df6046bd9ff	ok	image/png	361498	400	561	732791647e7eb3cfda514ed2802ea7f8348bd0486c59fc696bda80d637e855ad	1	1	1	6339b1298f252a9a0ffa7e91b031748dd298e507ca2f1c93697721ad227602e0	ok	rom_folder	6339b1298f252a9a0ffa7e91b031748dd298e507ca2f1c93697721ad227602e0
megadrive	89	geral	Blaster Master 2	yes	410757	6e0694e46059549e3378ed1e5f6007a508ffaa953dcb8374b134176cf7601fbc	ok	image/png	381963	400	561	da2f40e702ea608ca11469249a5b92f776163cd12a47fe102dedfc07cb4c7860	1	1	1	178f817ab88d14923c26275cf0ecefcecfbf1a549a91327fd0d4df126b90af61	ok	rom_folder	178f817ab88d14923c26275cf0ecefcecfbf1a549a91327fd0d4df126b90af61
megadrive	90	geral	Blockbuster World Video Game Championship II	yes	2248203	9bf3df9e92da10eeaca5e446014832121de1b035299540f13b9cc05fd6039d3b	ok	image/png	174117	456	640	7e5c0b63a653887eb9ef8691b1a9047a3ad3923b063075f7d2d727ab99736a80	1	1	1	8fd93b8e4ce508ece98416b5dccfe58d5a3f4812d1dbed717d55dae4418af2ec	ok	rom_folder	8fd93b8e4ce508ece98416b5dccfe58d5a3f4812d1dbed717d55dae4418af2ec
megadrive	978	geral	Blockout (World)	yes	70003	182a52f6c07174b91e6446abc5c509502eafb204b5429baafae881352a1b011f	not_declared						1	1	1	2cfcdad17fb6907638fc80e665672408ebcff20a00748b9a0d815659f94c43ca	ok	rom_folder	2cfcdad17fb6907638fc80e665672408ebcff20a00748b9a0d815659f94c43ca
megadrive	91	geral	Bloodshot	yes	493627	82d2d840101cc766467f68f29e0db18fe3d517b1e16074fbe4eeceec5ed8b66d	ok	image/png	401337	400	561	c5d82ac917a5a3362c404cd743b52e961db01cfbde8e041d24dea5f1765e5156	1	1	1	caf990d50818bdfb3d3cceeb34487d1903063d9ba9f068f57a58f829d9a8e1ec	ok	rom_folder	caf990d50818bdfb3d3cceeb34487d1903063d9ba9f068f57a58f829d9a8e1ec
megadrive	92	pt-br	Body Count	yes	392928	0e254aa39983500df84cdb791e468a26885138fc0def7fd743181bc91480d54e	ok	image/png	439730	400	561	0c513305165c1537518165691bab67b5431dc559f8f4add3627426279a65fdfb	1	1	1	d0337d7319d9be44068b88e81e279d06f3bbccbcac66567700581c56c52e1ddb	ok	rom_folder	d0337d7319d9be44068b88e81e279d06f3bbccbcac66567700581c56c52e1ddb
megadrive	93	geral	Body Count	yes	395799	8775161c28400ef5610f1003c2b120105f8f3be53a14e41514a443d1ac7cdaae	ok	image/png	439730	400	561	0c513305165c1537518165691bab67b5431dc559f8f4add3627426279a65fdfb	1	1	1	d0337d7319d9be44068b88e81e279d06f3bbccbcac66567700581c56c52e1ddb	ok	rom_folder	d0337d7319d9be44068b88e81e279d06f3bbccbcac66567700581c56c52e1ddb
megadrive	94	geral	Bomboy	yes	227564	6106f5a0959d360554dd67a8a15df9fd813709fba7771712f9bbd6875c9e9344	ok	image/jpeg	90714	528	704	0ecfc70661de2717edf9bb40b4a652a1af2d7e93df2229c78d0ba9385786de42	1	1	1	4d2d271d87ea6d90e85acc5bdc0589b59e395d4536d9edfac32fc31cbc9e7187	ok	rom_folder	4d2d271d87ea6d90e85acc5bdc0589b59e395d4536d9edfac32fc31cbc9e7187
megadrive	95	geral	Bonanza Brothers	yes	204245	4ef574d5d3889a7284b923ae08283a03734ed98eb3c696235383ef7e61b4a6f8	ok	image/png	480050	479	680	b9327b5509ac6841004f9a8ca2469e4de58decf33d938a3fa58a97de7a6e16d8	1	1	1	a2503f02eaf2a6d560e914ea6951325bfb63a1eeeb98ae5c5f7a6e32ec7433a0	ok	rom_folder	a2503f02eaf2a6d560e914ea6951325bfb63a1eeeb98ae5c5f7a6e32ec7433a0
megadrive	96	geral	Bonkers	yes	587773	c4d4a5e70f48305f16b8b45479df8cd9d835f187640da362f878578dfa4daae1	ok	image/png	377227	400	561	64a34075133c8588749b70ac6c7afedc66f9bdec604bd87bfd3843f1643801c9	1	1	1	f40cf832b89c31291c961655f25c0224a0c62868f9419e1478e346fdaf4e677c	ok	rom_folder	f40cf832b89c31291c961655f25c0224a0c62868f9419e1478e346fdaf4e677c
megadrive	97	geral	Boogerman : A Pick and Flick Adventure	yes	1574185	6d5293beb1c6bf3a7a63054adf78889d8a3440d9cb891bfd300a36227f00facb	ok	image/png	366279	400	561	75c2cb07772429a033d91ef5c7c0797fcafd58989a4124453ab4a6df7bff0b49	1	1	1	df18f1c419792fe9da3464a35d787e8d733d754f9791380c3114a59f505288df	ok	rom_folder	df18f1c419792fe9da3464a35d787e8d733d754f9791380c3114a59f505288df
megadrive	98	geral	Boxing Legends of the Ring	yes	574683	2bfd5165a9b0c60fffb112bbc0d52040c33f9bea32733aa20693668072bc0129	ok	image/png	367058	400	561	6841e555765b2b4f24d4f502f19c786b01150e44266799d5e04efd862fbfb531	1	1	1	1d5be060911789bc90848787eaf9aacabc69359b63e63058a8d48f6f6a586b8c	ok	rom_folder	1d5be060911789bc90848787eaf9aacabc69359b63e63058a8d48f6f6a586b8c
megadrive	99	geral	Bram Stoker's Dracula	yes	611367	d446274a5129e75b805486df884875891c70d9461c9574d8c10eeca9e82fcbc8	ok	image/png	356134	400	561	b0b3e39eb47eb0db9e6c1c04dd651a6b18bb14e492b3d56592df67ca9f9139de	1	1	1	72e1f35cfef86da36b4ee6aea10a55dbddec6c523d15720b8fb7dae8906ff3e7	ok	rom_folder	72e1f35cfef86da36b4ee6aea10a55dbddec6c523d15720b8fb7dae8906ff3e7
megadrive	100	geral	Brett Hull Hockey '95	yes	1174076	a23c3bf1682f1ed4d6fd005ae1977534c9f69d75eb25d8376adf76b89ac374a2	ok	image/png	344329	400	561	1657a5ec25533e3f075dea6c9876346ecb7591d6855802b42a9857d75f78b734	1	1	1	090caa9c2d69d1b034a91894f8141519c6e47f9365cb6513ece923c48a324dfb	ok	rom_folder	090caa9c2d69d1b034a91894f8141519c6e47f9365cb6513ece923c48a324dfb
megadrive	101	geral	Brian Lara Cricket 96	yes	541192	89eec29e3575ea4d3dbc5cd3c9d54bd36e2288f245da420907db91daba747e9d	ok	image/png	212826	400	561	df90a878274abc36e8d3bb8f61d3846a1849ffe919a0f9cb932394ce61867dbb	1	1	1	9f2c373b84de0d27b8426e37580d870e438356804f745811eae7f5a008e11082	ok	rom_folder	9f2c373b84de0d27b8426e37580d870e438356804f745811eae7f5a008e11082
megadrive	102	geral	Brutal : Paws of Fury	yes	1113521	7529a38977c26d64446004ea2d844593648f53270e24fa0280e2baf197f0170e	ok	image/png	412060	400	561	9dbad9c4ea20fd6fff105bb9d04a11cfb602e67c13b6c5ef36e3ce2b6a68154f	1	1	1	25f0dbcab9d3672eb30372a7e99b87df614ed3437614f9dbe56c2c09065fa696	ok	rom_folder	25f0dbcab9d3672eb30372a7e99b87df614ed3437614f9dbe56c2c09065fa696
megadrive	103	geral	Bubba 'N' Stix	yes	547771	de5683ff29d80f88e84de4a8d360ef9341143090e793f3d09413190ba19360a9	ok	image/png	519739	479	680	97b9debd8b981b4006e0a69599e0d69fff045f99aed5d7bbcb1e763b5d8ec322	1	1	1	3b5b519da5cc2b2234d3b578696baea40ef60500e4d665eaba4c00816246aecb	ok	rom_folder	3b5b519da5cc2b2234d3b578696baea40ef60500e4d665eaba4c00816246aecb
megadrive	104	geral	Bubble and Squeak	yes	303531	a02a4ea1279a83502ed6db89414a393ace854063d7a90d4bfbc971b9e0e1ec42	ok	image/png	313535	400	561	2ea875a552a15d5548c8fd11376e9baa9ff28400906b4b6bf9cd37ddde585b15	1	1	1	981f5459475f08e3849c83126946c05c76ce36d869c34be9f77563e804bad907	ok	rom_folder	981f5459475f08e3849c83126946c05c76ce36d869c34be9f77563e804bad907
megadrive	105	geral	Bubsy II	yes	1069384	81beee1cac89f95ab9dc189ed6f45611a87e09166aa20154a6ba84112fa8533d	ok	image/png	381850	400	561	5b1dd9329a73dc761cf629ab00d2f671647affd5454d9bfaf70413a4039a42f5	1	1	1	3726777c86e8ffeb5a0f41ccb6804e353aea5e7e97b2b97f71a2879f22fe3854	ok	rom_folder	3726777c86e8ffeb5a0f41ccb6804e353aea5e7e97b2b97f71a2879f22fe3854
megadrive	106	geral	Bubsy in : Claws Encounters of the Furred Kind	yes	951757	ad545932bf43c9b017382693b03ac3ddd97027acdb67055ced35d38d5391a170	ok	image/png	405006	400	561	b9edd41a268eec260132362a805a3ff2a20fe887cae613e8974f56c54f37501d	1	1	1	229b60ecff2e5b8b1676d509e58c0e5b7eb1c5c99ee73b3ee976a475e36b6c86	ok	rom_folder	229b60ecff2e5b8b1676d509e58c0e5b7eb1c5c99ee73b3ee976a475e36b6c86
megadrive	107	geral	Buck Rogers : Countdown to Doomsday	yes	883517	5bf6333cd552965f65076fe35f8a33016abf57655054758f87e0f1df674c96fc	ok	image/png	355692	400	561	456768d75fefd80b331668d4de3050dbaf77d8505ea04e4d68dd972ba58bbbef	1	1	1	b7b149c24dbcf56eb0b1921fc05d2ee4f58fd3197cfac9c247fab83f787243db	ok	rom_folder	b7b149c24dbcf56eb0b1921fc05d2ee4f58fd3197cfac9c247fab83f787243db
megadrive	108	geral	Budokan : The Martial Spirit	yes	359647	aec527482d5b514550d70749e3e5c78ce203fa3c9919a35d564f937be3fc9b26	ok	image/png	266668	400	561	7df0e8064160e59058eb91aee86c7000d5fa39c798f28ea57fe4f99e26b1082a	1	1	1	19bfd2875f835bf14b26cf57a74c40713d15894bd2123e4bd66eee6430fc30dc	ok	rom_folder	19bfd2875f835bf14b26cf57a74c40713d15894bd2123e4bd66eee6430fc30dc
megadrive	110	geral	Bug's Life, A	yes	430634	9a9a5ca69a80c1d840ce9f084165078f99a789c626f4a59ed838b1528f933333	ok	image/jpeg	101395	800	515	de94555350186b7233c0566972ade31350f67c9df4fe5f54f51ef47a5f8f83d9	1	1	1	ff2e004966c147caa0f13ba5de3c564b34a695dbf278f7ede9d766c1ef3c17be	ok	rom_folder	ff2e004966c147caa0f13ba5de3c564b34a695dbf278f7ede9d766c1ef3c17be
megadrive	109	geral	Bugs Bunny in Double Trouble	yes	1161122	1ecbdbf837246b33a7fe9e45229597f721c9cceb3a68d5115fbaeffb692b6e62	ok	image/png	359747	400	561	00a4bf70e27bb978150a07e07e7755188d92b9cbf6744f1443d637be1c7e63aa	1	1	1	5fb256462093f9ecc4f9b278f4f3d0adf1db59f58158b2aa217b90b72e87d239	ok	rom_folder	5fb256462093f9ecc4f9b278f4f3d0adf1db59f58158b2aa217b90b72e87d239
megadrive	111	geral	Bulls versus Blazers and the NBA Playoffs	yes	480970	6b7c96e5802e0fcd1734796b049700ca1d7ffd7e0c03f9a2bfa6e8ece0fdb8e9	ok	image/png	363053	400	561	be64db39efea79f27ab36a9dc50f58d2b249f6f3c8c85b4f8a07619a9e6dafe9	1	1	1	dda5ff38700cafd28bf1b10874b59effb6e830e670a88335356f4b97555948e3	ok	rom_folder	dda5ff38700cafd28bf1b10874b59effb6e830e670a88335356f4b97555948e3
megadrive	112	geral	Bulls vs Lakers and the NBA Playoffs	yes	464123	ca770bf41a1ed4fe4c41e576c88a4b3fbeb020b040c025a995d0622aeeb6eb4a	ok	image/png	353237	400	561	ba264e509d079daf722df7d6184affb09c09e983a68cfff861aed3d27b1a540f	1	1	1	f5aa5d73cd222fa66d4b7ae050aa5ff23e36d9ff394faff2f74b5801162b3c6d	ok	rom_folder	f5aa5d73cd222fa66d4b7ae050aa5ff23e36d9ff394faff2f74b5801162b3c6d
megadrive	113	geral	Burning Force	yes	260954	d307444660e0f0474188f9b05efecf1d3a745eeb7f9b9c0791a1bd3a8fe5d31c	ok	image/png	387208	400	561	c512317f17bb92235b46b1d28ab3cdd72cd1563533d3a0434dbe9bbc9021e9c9	1	1	1	927bfa44d2a7257bb6c194d32fc12fae915439ec03854ecf61e68ec5eee90847	ok	rom_folder	927bfa44d2a7257bb6c194d32fc12fae915439ec03854ecf61e68ec5eee90847
megadrive	114	geral	Cadash	yes	338102	3837a1f892d4a3a66ef7b8880824f9d6d102f5202273fa9300a98d1d37d1fdc1	ok	image/png	445836	400	561	2ff218a9f6c940127e3d7c0d6c0c44777cdf2304d4d9a878bced92f9e5f413b7	1	1	1	e25e1a5585938278bdea0d20dc176fcebebce30a997be635be6c59eb11ae586e	ok	rom_folder	e25e1a5585938278bdea0d20dc176fcebebce30a997be635be6c59eb11ae586e
megadrive	115	geral	Caesars Palace	yes	286910	de684dd105d92529bf89f2cb4eef62a3bd79801cb21b9ca7546bc6b02ccd64b8	ok	image/png	339095	400	561	5ba2a5cb1e23ebe44add99b408f77998943e439f87ad84e247d43c41a7269c9a	1	1	1	732ac9ab4d1fa658c468d08c16065eb071df7f88390f0a629e7d6d86a35895d1	ok	rom_folder	732ac9ab4d1fa658c468d08c16065eb071df7f88390f0a629e7d6d86a35895d1
megadrive	116	geral	Cal Ripken Jr. Baseball	yes	433429	7479b40c7dbf25749c72baa604021905ac6130395530f1c1368ff613d9ead7ba	ok	image/png	196091	400	561	a2fcbb0b729cbd68cbae611d54ad0d3a37a5d97ec556a59ca91ae266fda3e4e5	1	1	1	8e94dd49ce6c0ad609ec924513cb116b9fd9a737c098f29cc5c6de1e4fe2d183	ok	rom_folder	8e94dd49ce6c0ad609ec924513cb116b9fd9a737c098f29cc5c6de1e4fe2d183
megadrive	117	geral	Caliber.50	yes	271784	4e80917acf943dd49da0d94f8ec429bed6f5f2b7bbee67f51a8eba9c65e90729	ok	image/png	296871	400	561	789c48bce99ac666e68ef2119073cb3b930982898f93c72a613ddf5a33735258	1	1	1	b13d802eb43081f92fe452bdf588b9bd7d6498d7c7b4ad1c1f28eef9379382db	ok	rom_folder	b13d802eb43081f92fe452bdf588b9bd7d6498d7c7b4ad1c1f28eef9379382db
megadrive	118	geral	California Games	yes	334182	a2b8ee9a0dafc2738bdd5ebc798c384eccbd07b90a511bdffa01b8a87a8ab8a3	ok	image/png	371953	400	561	19c75a0647bbc60db939098b1a9e40d670a60c20e979952de3d7dda8586f8808	1	1	1	3b6131fe84fb969fd63e59f0b48d8291d6bec698baef900802b25d62c370268e	ok	rom_folder	3b6131fe84fb969fd63e59f0b48d8291d6bec698baef900802b25d62c370268e
megadrive	119	geral	Cannon Fodder	yes	569520	ad146975db2be8c7b2fd2c70765560af76154bba414d6804806b2ac0260025d6	ok	image/png	336524	400	561	101fae762a1f80059031841784d9c6bebd558bef4dd9409d98d89449eb1c53c9	1	1	1	35745a78e664a71a58f748e3f414b8a35ce29abab99fafe552c1694fac491314	ok	rom_folder	35745a78e664a71a58f748e3f414b8a35ce29abab99fafe552c1694fac491314
megadrive	120	geral	Captain America and the Avengers	yes	650289	64d8ac221f4250d39f97d63b08ae03a68a21060a15979dc0771a2973c8afb8c2	ok	image/png	419618	400	561	f65fadbe6da965aa17d10bc4c61560516b90ab158cdab38d4e7bf6af0546208f	1	1	1	0e3849bfb67bb80cd1cd3f88bebfd4c9f1cc16b15a0a14e1c422c8f642309dc2	ok	rom_folder	0e3849bfb67bb80cd1cd3f88bebfd4c9f1cc16b15a0a14e1c422c8f642309dc2
megadrive	121	pt-br	Captain Planet and the Planeteers	yes	369568	c033540d789a42672c2094949bfafd7f8b30008fdfe9cd5312e172673f6059f3	ok	image/png	401913	400	561	f3c72f8e4f2d7a168834eb42c1adb77c7a4bd21253de147e296309ecab8f8c69	1	1	1	3fd7c72b59c1bfb325f936d465fe80ac77c4db47864fd6feb6b69bffce7f8e03	ok	rom_folder	3fd7c72b59c1bfb325f936d465fe80ac77c4db47864fd6feb6b69bffce7f8e03
megadrive	122	geral	Captain Planet and the Planeteers	yes	366432	a87edc5550a5d33ccaf1075a35897408ca7a7ebda1b1edb8e07f8feab0cc9698	ok	image/png	401913	400	561	f3c72f8e4f2d7a168834eb42c1adb77c7a4bd21253de147e296309ecab8f8c69	1	1	1	3fd7c72b59c1bfb325f936d465fe80ac77c4db47864fd6feb6b69bffce7f8e03	ok	rom_folder	3fd7c72b59c1bfb325f936d465fe80ac77c4db47864fd6feb6b69bffce7f8e03
megadrive	123	geral	Cascade	yes	257380	e1e95d6a40ca8af2831d6f43b8f792b0c409b52394e9b1b2d726433397146bb9	ok	image/jpeg	14788	189	266	cbde7c4277ef2765e7963609ca8f714da76cf0df23fada508e089f278e4045cd	1	1	1	45b69b4da983ef85616d2c19e3035f74a3a169881461021b42c7da78629f9c83	ok	rom_folder	45b69b4da983ef85616d2c19e3035f74a3a169881461021b42c7da78629f9c83
megadrive	124	pt-br	Castle of Illusion Estrelando Mickey Mouse	yes	396203	f7f1f444ca2521feb96162ea0949241c1a91cd1115fbb35b2da08fbb509c9112	ok	image/png	434161	400	561	ed77e7d9639f0ca10b3e5b08d81c013d2fa99a92fde2d4318b3ffb322ecd1394	1	1	1	cf4489584ebf59df9c68adbcb494fcc45f1a47781195a6664a26233e5c8d7cc1	ok	rom_folder	cf4489584ebf59df9c68adbcb494fcc45f1a47781195a6664a26233e5c8d7cc1
megadrive	125	geral	Castle of Illusion Starring Mickey Mouse	yes	398418	b5384072ba19e12503eb3b5520a48fc5ca34ad8b846a26eb82b54f40bc4aec9e	ok	image/png	434161	400	561	ed77e7d9639f0ca10b3e5b08d81c013d2fa99a92fde2d4318b3ffb322ecd1394	1	1	1	73b0a47a8eb774b05a444d435309edd496de829e59e15553919eb006e74da23d	ok	rom_folder	73b0a47a8eb774b05a444d435309edd496de829e59e15553919eb006e74da23d
megadrive	126	geral	Castlevania : Bloodlines	yes	707100	7ca855f2d2a9fe10edbd977641afd045457389003596c1cdc3eb8f5d0e0201ed	ok	image/png	440775	400	561	39a2c2aee5d56cb3306198d8362f02335dee89e96e8b45c7b9963e301dbfc1c1	1	1	1	eb8e0f4c512ebaed9a935cdc0f75f475aa1dae48a03b36e0ecce18d9010368a7	ok	rom_folder	eb8e0f4c512ebaed9a935cdc0f75f475aa1dae48a03b36e0ecce18d9010368a7
megadrive	127	geral	Centurion : Defender of Rome	yes	500443	48ff8fde756790c9b60b00fa0cfb5ca0afc302f7a27f754a6076742174c668bd	ok	image/png	368113	400	561	20a73dc86e420239ff4d34ce6521f0670fd2355ddcff6d1666bd8ca221b4236d	1	1	1	6490df8db122cd4ebbaa2973a29be288b86eac2bed8e9235ece5b82fc1d82504	ok	rom_folder	6490df8db122cd4ebbaa2973a29be288b86eac2bed8e9235ece5b82fc1d82504
megadrive	128	pt-br	Chakan	yes	676591	b793b96a4668fac815b616d32df5eabb03b95d2eb1b5b4d4b9053efd7c420671	ok	image/png	369967	400	561	2cd35e9c69d7f4a345c110973a8e142d050646274ee757ed39d7cd980e16a7f8	1	1	1	8550f6334b166f9a478e075b7a126bfd8d8ad29e192209f6fcfeb11d3c153600	ok	rom_folder	8550f6334b166f9a478e075b7a126bfd8d8ad29e192209f6fcfeb11d3c153600
megadrive	129	geral	Chakan	yes	671436	c68b7433ce8b5d0c0f334570731c7abc7750a3cdcddeace00b29733634301458	ok	image/png	369967	400	561	2cd35e9c69d7f4a345c110973a8e142d050646274ee757ed39d7cd980e16a7f8	1	1	1	8550f6334b166f9a478e075b7a126bfd8d8ad29e192209f6fcfeb11d3c153600	ok	rom_folder	8550f6334b166f9a478e075b7a126bfd8d8ad29e192209f6fcfeb11d3c153600
megadrive	130	geral	Champions World Class Soccer	yes	512691	78799267a2d81c8297679e3eca95f129aaf9f6c05f5e213bceafdb6f875cec15	ok	image/png	319939	400	561	da83d2e4e8647ff1bdfdd3fe45c92b70314d208f278e6a5ddcd96423029a3c9d	1	1	1	ac108d922821eb75c31fbe68db49b4556451181a937b1cbc90969ac1c4e52ea2	ok	rom_folder	ac108d922821eb75c31fbe68db49b4556451181a937b1cbc90969ac1c4e52ea2
megadrive	131	geral	Championship Bowling	yes	181034	1d1d1e050fa3b800ae0330ea92192658764a5f8a8eae4238d9cf66575e570e78	ok	image/png	338147	400	561	4fb7def5548fe14e648f0902b018f98c36c1d0d274fd9f2979116ec0810952bc	1	1	1	d6c183e030f64730f02a48ecc6286575f5b6a31e5583eaf5b93b6d2e0405ff38	ok	rom_folder	d6c183e030f64730f02a48ecc6286575f5b6a31e5583eaf5b93b6d2e0405ff38
megadrive	132	geral	Championship Pool	yes	219675	897bdcf21d2760bf7459742efeddceb2633398f0ed7c34e7388336c0cb62b40f	ok	image/png	267704	400	561	93920d5aba063ace48f19a366a3065fdb4c887743554d9dbf10066d3921afe77	1	1	1	bca182b6f6655a6dcc3308957832d9f4bcee024380d6a8cd5b06a2e016be83ab	ok	rom_folder	bca182b6f6655a6dcc3308957832d9f4bcee024380d6a8cd5b06a2e016be83ab
megadrive	133	geral	Championship Pro-Am	yes	101942	b2eb50d3ba1cadc7b30050c0004efb982c1badb1a80c1c15c4f373aeecaf7956	ok	image/png	407289	400	561	e7c9cfbbc07f76f48189dc6e23de1d6f5537cb59630b595d8c3d13381f434c75	1	1	1	fe2e9b80b21a5845e01ea5aa15ead08bc6e7063cd1296d0fbe7cd1d5116d40cb	ok	rom_folder	fe2e9b80b21a5845e01ea5aa15ead08bc6e7063cd1296d0fbe7cd1d5116d40cb
megadrive	134	geral	Chao Ji Poker	yes	1860123	f57b05e73bc41ada46061403b6b8ffda917de111369bbdc557d111042eef5d90	ok	image/jpeg	18088	200	281	156da7f8462a09d7a5580b59cc6e96f6476ffc6d1c82daa3b076ee0e548512f7	1	1	1	44ed79116521fdb60130d4d9acf6def0aa7bd533648a53c782c188158bda1e94	ok	rom_folder	44ed79116521fdb60130d4d9acf6def0aa7bd533648a53c782c188158bda1e94
megadrive	970	geral	Chase H.Q. II	yes	228816	f1bb0eba6d9ecf9661b937a72ac4a6367c77e537488907ad7875c8be157d92dd	ok	image/png	450753	400	561	ccb5a702926b1eab2e1e331e5f30aaa1966e4fc6594153ed85a56b1ab99c36ef	1	1	1	875452367999a8eb2fe9a54a09fa9d937be2dad8e6173961f7ec998094db5197	ok	rom_folder	875452367999a8eb2fe9a54a09fa9d937be2dad8e6173961f7ec998094db5197
megadrive	135	geral	Cheese Cat-Astrophe Starring Speedy Gonzales	yes	1247111	c45a78bcba254ac3ef9b155455a407f0a9f903487e6e6503a172131de3db2f01	ok	image/png	347477	400	561	954977961c335ac3994fed81f293c24bf7811f8fe67460bae41b63992c0ca35c	1	1	1	1ec9f81a19ff7a3c5c70a6c866827a68dadc3d783920bbe287c4e7eca050d326	ok	rom_folder	1ec9f81a19ff7a3c5c70a6c866827a68dadc3d783920bbe287c4e7eca050d326
megadrive	136	geral	Chester Cheetah : Too Cool to Fool	yes	626980	f0adf686c5e1d25d5b05b93795633a1ed42c6566908b50aff90246bab32ee212	ok	image/png	450053	479	680	35f775825e38010d1ead087d43d09f907710a2f66f7d3d660bf22d865ccde5d3	1	1	1	291cfeb3e63e4b45689ce3170e5c10cbad29286c08f48d79547c4856ef455fc3	ok	rom_folder	291cfeb3e63e4b45689ce3170e5c10cbad29286c08f48d79547c4856ef455fc3
megadrive	137	geral	Chester Cheetah : Wild Wild Quest	yes	429042	2f64d205d83e29515165293d9c0c482acf41d5c4181a2f7d0f4e95384af28d4a	ok	image/png	394721	400	561	309429711c3bd0c7e434ed41db497fda190621e231b11e4434aca34f9b4453ca	1	1	1	187f96ab34e27c318b3b726a087fabad5feb09e30ff1c65982e7d8083e647517	ok	rom_folder	187f96ab34e27c318b3b726a087fabad5feb09e30ff1c65982e7d8083e647517
megadrive	138	geral	Chi Chi's Pro Challenge Golf	yes	238063	899e679889f1803a923d3eeba89e5b11e147101a674cff0e8dd1213d71cebf42	ok	image/png	287580	400	561	f3a89a8ba0aa2b54206e4e9662606ef0f7cd828a4b9b014ec60bc20202e0da3b	1	1	1	fb9c862b523c81adea766aaad39747d51cc304e03efda0e82a1043f5e69be39f	ok	rom_folder	fb9c862b523c81adea766aaad39747d51cc304e03efda0e82a1043f5e69be39f
megadrive	139	geral	Chiki Chiki Boys	yes	505095	c6318fb833d358ac9547bb43c237df05a5393f4fabbd682ff43530f81e64766d	ok	image/png	361523	400	561	de90511dbbccb23fa5827aeddd91b6eeaec961017981ed96ada1310a8345c748	1	1	1	d022cede597d991051aa16b9d112ff3967527525ff0f1a9d67fbb4494f664185	ok	rom_folder	d022cede597d991051aa16b9d112ff3967527525ff0f1a9d67fbb4494f664185
megadrive	141	pt-br	Chuck Rock	no			missing						0	0	0	-	unresolved	-	-
megadrive	142	geral	Chuck Rock	yes	362039	35bef58f50a89f23eacafd657e1852f68ce653a9e22bcc58a9b2c06a3e9a9e07	ok	image/png	391363	400	561	8ea56b20be1ea5c63e1ec88e00a29907e44744de428e2893bd01e261bde5e9d5	1	1	1	51f957885ed7d2d715b39abaf3b8f8dcaf7b854085f266dd83a17d01d3e8841a	ok	rom_folder	51f957885ed7d2d715b39abaf3b8f8dcaf7b854085f266dd83a17d01d3e8841a
megadrive	140	geral	Chuck Rock II : Son of Chuck	yes	556457	8ddb5f24b2c2a7340d88a11ece9c984c44dab6a5c6fee0096f09c9d00cad3541	ok	image/png	402968	400	561	3498ca134cf07341826e37c856cee35b1978e2a22bff7f75c65ed657a5649a9f	1	1	1	1210ddf0cdb44bc8d409e4e3bea4f9a4a34206fc5f5b606f495f0f32f995c4f3	ok	rom_folder	1210ddf0cdb44bc8d409e4e3bea4f9a4a34206fc5f5b606f495f0f32f995c4f3
megadrive	143	geral	Classic Collection	yes	1217713	b1b52bce5f8347497223adce3862178a682612c9068c841d6696202b91ec401e	ok	image/png	584248	483	680	d7b02eb1f62ebf06ebb0c77d4ae686c0e786a2168dccc20b1f39c81f34a0e3d7	1	1	1	c556ded0a0bbdb897205200cd9fa2870a8fe3d7977643c54d4b1294dd5caf704	ok	rom_folder	c556ded0a0bbdb897205200cd9fa2870a8fe3d7977643c54d4b1294dd5caf704
megadrive	144	geral	Clay Fighter	yes	1300222	e3a04d78d8fa9296b967b8244876fe4cd0573f207cdb1a413055c23674d68df2	ok	image/png	356332	400	561	bd6efbcca8eb2e4070f9a67b50c78aa3b4605c11298a0a26cf6a782b217ec3e6	1	1	1	8fc2eda4077f0861f80cf0d961b72594b898c0822b9751d6401531374134a6e4	ok	rom_folder	8fc2eda4077f0861f80cf0d961b72594b898c0822b9751d6401531374134a6e4
megadrive	145	geral	Cliffhanger	yes	549169	63a432e25251fa8cd1dc1e69516cc8a297a89255465bc4fd739900d9fe7dab54	ok	image/png	392446	400	561	4a4549f44d6636895ad4c89b2145e7aa2374df70d03ca3c7f644d6b1bc542f45	1	1	1	85340689641b8ccd655f953e05578700f3d8522b31bd61406ee43fa6dada72b9	ok	rom_folder	85340689641b8ccd655f953e05578700f3d8522b31bd61406ee43fa6dada72b9
megadrive	146	geral	Clue	yes	335671	d935430911d3775f213c7e28d3d88480ab4f73a45a9ef0835d7ab869343f7a61	ok	image/png	425321	400	561	01e400566598eda503bf537990cc85ffe5f484a522dd83ef09d53605ae9caed9	1	1	1	d31507a9bbd31961904a765c80e9df590f850648a42749e9452f7762670ca659	ok	rom_folder	d31507a9bbd31961904a765c80e9df590f850648a42749e9452f7762670ca659
megadrive	147	geral	Coach K College Basketball	yes	1116455	d818996aeba88423343c931a3e90fd7cd44a84ee0139b07d2a30ef7a0fe23bfb	ok	image/png	265280	400	561	e13c457f3aacc7056396d3904ecb242df5966915a54da100a6689cc3aea35009	1	1	1	f39733f31e385c47f368dccbdda859c5dea352718254ed9adf1b2cc004ae6b19	ok	rom_folder	f39733f31e385c47f368dccbdda859c5dea352718254ed9adf1b2cc004ae6b19
megadrive	148	geral	Coffee Crisis	yes	1134799	61742ba5d31f3266a85956949f8e59d73741d192e4e6fd3f43a4ebedbd5a1ef9	ok	image/png	601179	512	722	c9ac40a29d209b993ce99ad608f5a9de797213069a14a276d85875017aa136ab	1	1	1	f4ba00d144254fbdd540fc5475bb9ac9f09a16d554c4d01de9f13cbaf5004af2	ok	rom_folder	f4ba00d144254fbdd540fc5475bb9ac9f09a16d554c4d01de9f13cbaf5004af2
megadrive	149	geral	College Football USA 96	yes	1085962	ebfb78e8f3fb8df1781879392657e60da2c05092286d681249e22a01f82a02b5	ok	image/png	317244	400	561	75a8bab2c71cdced5d9072b1ac60f08c8be019c06aa6137346bc5da249de6dee	1	1	1	7f3a9dd00e04ce54adfc70df0e4750b8e12062ae2e1a57cb67c38293cfb9cf7b	ok	rom_folder	7f3a9dd00e04ce54adfc70df0e4750b8e12062ae2e1a57cb67c38293cfb9cf7b
megadrive	150	geral	College Football USA 97	yes	1246514	35b34dbcb082f1658638eb41d1b1a6202ca93ce28083096fff5efd410f77ec63	ok	image/png	331580	400	561	f501892a8932261afa8f6fb3cd1e5715fac855a03a378e10e51c717cd6b94020	1	1	1	7cb55bb7fbef6fd44173a6a971fe5b786361551e42ba677adff67503dbec35b0	ok	rom_folder	7cb55bb7fbef6fd44173a6a971fe5b786361551e42ba677adff67503dbec35b0
megadrive	152	geral	College Football's National Championship	yes	1097778	23db49ac6bab997c28f197bf345a7fa6a5f504edfb2cf2584f1bc1e5dfde4271	ok	image/png	303455	400	561	664b5b4e0bd6b86e130c21b3ea04d9652466709c38c16f34906d0b25443eb03f	1	1	1	65d89def123f4a44222823ddfef56a2489c607ba68a787fc9af81b4f573e9973	ok	rom_folder	65d89def123f4a44222823ddfef56a2489c607ba68a787fc9af81b4f573e9973
megadrive	151	geral	College Football's National Championship II	yes	778998	8fb08deb98b5b88f8a1d16503acc663fd4712426be2aed42c1aa07b81a3b3265	ok	image/png	335449	400	561	2ae618a9a149b5fbebdf38bf66b00d1024cb309cd7d45485d83d25e4a0ea1fca	1	1	1	8f83da77f703cbb3eead85c0553bbd2e9af17ba02778332fa1835845204035b9	ok	rom_folder	8f83da77f703cbb3eead85c0553bbd2e9af17ba02778332fa1835845204035b9
megadrive	153	geral	College Slam	yes	2240505	ca40830a41dc287b260238e3bd21b9e75cd91ac55fa3630e7c0c0b1c10e6e993	ok	image/png	404628	400	561	dd1c9d4d3d7ee76d87c82b79f205d3b9aaeeebef0c46cc91ccfc7dbc5d715a49	1	1	1	658f8db998badd3a2eb810b47b35006295d9128cd0785d123cb7bdcb09514eaa	ok	rom_folder	658f8db998badd3a2eb810b47b35006295d9128cd0785d123cb7bdcb09514eaa
megadrive	154	geral	Columns	yes	83547	669cb9081e31221a5a404aed749f3b0a2ab288a94b8a342e59d2e216a308cec2	ok	image/png	495650	483	680	c8e5197fabe7ad66d6ac6b3dfd3f9c0548266e35ed9c71cdec9a007e55710109	1	1	1	f07c84e2fdad4ab79434a4bb04413dc08bb7e15fabf09057e9100713e383a6f0	ok	rom_folder	f07c84e2fdad4ab79434a4bb04413dc08bb7e15fabf09057e9100713e383a6f0
megadrive	979	geral	Columns III (USA)	yes	245700	b4619ddcefe044e46c40f34c7aaeafbce05a244ac9757fd3717e69aa6a0d729f	not_declared						1	1	1	76fe84ec57796215379598fbc808d0e7bedf26cfd50bf2dd962c5bd38ef86ce1	ok	rom_folder	76fe84ec57796215379598fbc808d0e7bedf26cfd50bf2dd962c5bd38ef86ce1
megadrive	155	geral	Combat Cars	yes	516708	06ae45e99ac483449dd185b0be53f07386a580d2d11fb5e876bc3ac0eed15bc3	ok	image/png	404538	400	561	4376a68621fddf086335f095b186cf34a5a2ecc38127d71c4a69e73989426eb9	1	1	1	f84a9e27cd3a8fb1e2c5d8e7e7a4c44eb30a0d9537ce968e03c1888173599c17	ok	rom_folder	f84a9e27cd3a8fb1e2c5d8e7e7a4c44eb30a0d9537ce968e03c1888173599c17
megadrive	156	pt-br	Comix Zone	no			ok	image/png	383797	400	561	137ee6ea94c63f0153eaee910637dd8262d77aac26e6b5186d5fe3c87f146cd3	0	0	0	-	unresolved	-	-
megadrive	157	geral	Comix Zone	yes	1618766	b74ebc228ec5f535afb2f14ecfac4c81951a60945660a1a29de6f7886cb74b79	ok	image/png	383797	400	561	137ee6ea94c63f0153eaee910637dd8262d77aac26e6b5186d5fe3c87f146cd3	1	1	1	3aa46245d7a7c9d78ac4664f0986af367e461380d3170f9546fddf199ec3654f	ok	rom_folder	3aa46245d7a7c9d78ac4664f0986af367e461380d3170f9546fddf199ec3654f
megadrive	158	geral	Congo	yes	516702	a79a7702d730e0229d0f1bb0ae716b6c53659e45788d641440939981575a6622	ok	image/png	1276512	1522	2100	0628aa1a09547b34ca0f41b7541176cf34b98b6b8671eeeb26b0ea9f46e9682c	1	1	1	99fcef29d842b83385adf9d579608ad32ee4a2a3c12c5af0eb5491872e6e1ea5	ok	rom_folder	99fcef29d842b83385adf9d579608ad32ee4a2a3c12c5af0eb5491872e6e1ea5
megadrive	159	geral	Contra : Hard Corps	yes	1361695	92eba2aca0bc3afd3db8580d878af8397c82c6b3f29a72921e00bba57a178cde	ok	image/png	421177	400	561	51e89c1f9a54ec1870ebb0ee26d876bf282e1a2ecaf6520336899ec422abaa7f	1	1	1	791cc65d20481b53f5a8c7cd0220e1ed05110721c716b8e49e24522c14e322cc	ok	rom_folder	791cc65d20481b53f5a8c7cd0220e1ed05110721c716b8e49e24522c14e322cc
megadrive	160	pt-br	Contra : The Hard Corps	no			missing						0	0	0	-	unresolved	-	-
megadrive	161	geral	Cool Spot	yes	633061	cdbe15965c9e5d996b193d2a45a23ee011152993957109bac9f6fa4150eddfc2	ok	image/png	403717	400	561	1ac2131f6c42f2972b31bc345a39e7fd990a3a2fa4beea849a92b0fa34d5fca1	1	1	1	563acff0a61f452be0da808008f0c71ff0760df8e0fa452bacbde6b52d6ac61f	ok	rom_folder	563acff0a61f452be0da808008f0c71ff0760df8e0fa452bacbde6b52d6ac61f
megadrive	162	geral	Cosmic Spacehead	yes	669866	79715b8efad235b11e3af65a61e05a820ce1488a3766986c1f2bd471a2f73335	ok	image/png	409729	400	561	6533cae57560f34c663a7538bfd2e1f3424afaf6218b29941aa33f4d03c3e871	1	1	1	810e8f8af6e3c3631d34080e0a5c3f2b1fedae71e28cecb27a304e6e3d7eb7d4	ok	rom_folder	810e8f8af6e3c3631d34080e0a5c3f2b1fedae71e28cecb27a304e6e3d7eb7d4
megadrive	163	geral	Crack Down	yes	226252	eeb09b69025f932c0e2f5717869ea7cb936800c500705b4c339e26fb05d4a122	ok	image/png	382511	400	561	3e9a274aa589450fd572b074afa2362d43e35ca16d9af34ad3a7731f96651eca	1	1	1	2239bc06b46004e2acf7a02166bbbcebd8f44946ea7d37779bf94ced02ee191b	ok	rom_folder	2239bc06b46004e2acf7a02166bbbcebd8f44946ea7d37779bf94ced02ee191b
megadrive	164	geral	Cross Fire	yes	222264	12bca7680eadba4a522748513d4d3e89da46e6f872321b7b1bf06bbf744edebd	ok	image/png	384210	400	561	7a1b9f2b346640fc2d923ff1d97254e708b4b2366e069fa1e0deb3999e212c00	1	1	1	39de92ff540bfe6c1c5a16a61b19bac8ac89392173bc75686a1a45ffe4b63c7e	ok	rom_folder	39de92ff540bfe6c1c5a16a61b19bac8ac89392173bc75686a1a45ffe4b63c7e
megadrive	166	pt-br	Crusader of Centy	no			missing						0	0	0	-	unresolved	-	-
megadrive	167	geral	Crusader of Centy	yes	1312626	c1bc14827c21c4a7d69b517878a1886b723cd74f806f686d41875964343d1ce6	missing						1	1	1	da2a38748b6185b3b32fe66d4dd043d55ccbf7f1fedc7af86e3eab2628a47b15	ok	rom_folder	da2a38748b6185b3b32fe66d4dd043d55ccbf7f1fedc7af86e3eab2628a47b15
megadrive	168	geral	Crystal's Pony Tale	yes	473876	cea418022a3bd483f05e1d6e6134bdf95d45a54f09348f487790054a2503314d	ok	image/png	384845	400	561	d1c4bd3bcc47e4b0ae62b26fd8a8313bdcc5aa6feaee2e44447701db4d3cf473	1	1	1	0bdc3b7e2ce4c11ae6de9cd08bfa2ec99824a28d05bd7f0fb39fafcce326407f	ok	rom_folder	0bdc3b7e2ce4c11ae6de9cd08bfa2ec99824a28d05bd7f0fb39fafcce326407f
megadrive	165	geral	Crüe Ball : Heavy Metal Pinball	yes	216285	8a81f99ab43ebcde4cb626e4b5bf80ed3c4caebf8457fa122543d0c93cf2f7bd	ok	image/png	415473	400	561	02f75f5258cc1c63273a6661d5c9ccf1c7f43fc49aae3ef2dced3fa816fb0081	1	1	1	8b240941caa29ba85c6a347ebcfcdc16f2fbcadca1148335c2c016abd619b34c	ok	rom_folder	8b240941caa29ba85c6a347ebcfcdc16f2fbcadca1148335c2c016abd619b34c
megadrive	169	geral	Cutthroat Island	yes	885336	5c18e99d2ec819ea207e0d5cef1513c1845c8417121022c047d216d4ef140124	ok	image/png	419973	400	561	95296ce91effb8d96c8e9aa5df27a85551048b70b4bcea908a149c6465eec77a	1	1	1	940580747ab7aef65b11decf61bf4387550a17e1c466c2df7a540f1743d87fee	ok	rom_folder	940580747ab7aef65b11decf61bf4387550a17e1c466c2df7a540f1743d87fee
megadrive	171	geral	Cyber-Cop	yes	294513	a07ae75eaf27a92c78674eaef03b00592c48dd2c64b25b6dd4bbd62ad1db5778	ok	image/png	332516	400	561	793d528bb398eda2e330d6ddc2e2ca34b9d1916b62e59decfeea6a979f42ba90	1	1	1	a392a48e1f3ea31b2fc27e0896a8141949d62660153b65fd52907c0be2804bcb	ok	rom_folder	a392a48e1f3ea31b2fc27e0896a8141949d62660153b65fd52907c0be2804bcb
megadrive	170	geral	Cyberball	yes	296490	5d24d2553f381445e001667b1763fa99da48a26caed9e298de39251dfd740727	ok	image/png	445113	400	561	bc4f3031b28e1dd999aa544c5f6cdc2d73f667407fb7fb0537d8a637b9e52113	1	1	1	854d35caa63454b37e5cfc12c876a82bb855b0a3d877c7859e967d11b27be9b3	ok	rom_folder	854d35caa63454b37e5cfc12c876a82bb855b0a3d877c7859e967d11b27be9b3
megadrive	172	geral	Cyborg Justice	yes	249347	a4d3ec1a57c0d4b17ea8345d803c51cb0d4628161f9ffb76a7e1dc23319a65f7	ok	image/png	391989	400	561	92d9741a9803fdc0286a94455186742315866740a846f639d70aa60f75931532	1	1	1	df03d25e221e9a4d9171d1048da4b2b5cca2f57302e0433ea509bb92bd2322e3	ok	rom_folder	df03d25e221e9a4d9171d1048da4b2b5cca2f57302e0433ea509bb92bd2322e3
megadrive	173	geral	Daffy Duck in Hollywood	yes	952895	88d5c3c4ac306c8c03473d6fdd4656143df20e762894070295ae22981073d31b	ok	image/png	382407	400	561	acc3e1d629ed16153d2d5853583a5b5faa46b4e0aa61ed7f5f80bb94b3b95843	1	1	1	7df8dd779b4b2645883d8b4ca5c70efcdee56cb6ef2f0fa33037af5cabf1f6a8	ok	rom_folder	7df8dd779b4b2645883d8b4ca5c70efcdee56cb6ef2f0fa33037af5cabf1f6a8
megadrive	174	geral	Dahna : Megami Tanjou	yes	353981	1ca3151cb912ad26ddbe7e07da88691ea63a75f1cec368065ca184f7df6b71ab	not_declared						1	1	1	c04f46801c3433fdbb22423446aceae0a2e41b94cb708891654d22f2635018c5	ok	rom_folder	c04f46801c3433fdbb22423446aceae0a2e41b94cb708891654d22f2635018c5
megadrive	175	geral	Danny Sullivan's Indy Heat	yes	290368	7d59a199d1c5f77a159c67064f60b359c2fb02c4d69a261f2c2348d5cdb42067	ok	image/jpeg	18054	188	266	551833f0b36e2e37f570f2341d4fde12941b21feb71d33f6dc04cd50004ed7bc	1	1	1	d061e5bbfdf8e5a43dea8832e0a1001f51a36ee8f62c7c3b872fd1e1d2dacc21	ok	rom_folder	d061e5bbfdf8e5a43dea8832e0a1001f51a36ee8f62c7c3b872fd1e1d2dacc21
megadrive	176	geral	Darius	yes	1460222	ceb8d269159c7eb6c580f9794151ec6c2366d9790389057219c3b1299769e6f7	ok	image/png	593828	512	709	3f9a5b59a1bc6e765a78a15a90c68cc21df395c415e9fbaae8abba0dd7b2b7f7	1	1	1	ab8e69611394eb618fd69856be04c401a87dd37d2de0cfc3ed00c344a17b9f24	ok	rom_folder	ab8e69611394eb618fd69856be04c401a87dd37d2de0cfc3ed00c344a17b9f24
megadrive	177	geral	Dark Castle	yes	392302	81943229bdc79d5bf9f6eb4b3664b46654c12d16ccbc45966f43570c6ba07827	ok	image/png	376988	400	561	77f0d77ba98169ea399e7f1c265d72a4963043b528e05a8b6b1e046ee6216b16	1	1	1	37b38e5b5a6f7e2a4ff0aa45afef11d1f1da285cbbcf2edcb7c22227f07fdb86	ok	rom_folder	37b38e5b5a6f7e2a4ff0aa45afef11d1f1da285cbbcf2edcb7c22227f07fdb86
megadrive	178	geral	Dashin' Desperadoes	yes	642504	02c2c2bc37e6c9ab2c70fc4c27a2cdf01149f8db61b9a7ac029a24accdafeee0	ok	image/png	448719	400	561	1f8aff24ba66a00b74b636cd32a9b072b0c078f49258d422bcedc0b89dc91cd9	1	1	1	38a629dba72cc7d02cb6cd76716d571cd27d4d59d924b12be8ae6df8dce72094	ok	rom_folder	38a629dba72cc7d02cb6cd76716d571cd27d4d59d924b12be8ae6df8dce72094
megadrive	179	geral	David Crane's Amazing Tennis	yes	392315	7bc31a077763b31d8eac113fa024a2b850f08b350b62946b5679c31ec527350e	ok	image/png	316218	400	561	b655665c9a3f091b418514967440fee83b022837cbbab134dbbcab72af4714de	1	1	1	96320b5ae69913f19094ec4250a41416cebbd121afc7b1605ddf32155a8305d8	ok	rom_folder	96320b5ae69913f19094ec4250a41416cebbd121afc7b1605ddf32155a8305d8
megadrive	180	geral	David Robinson's Supreme Court	yes	260436	5146d5a93bb52c0ec38abcc161881bb5b6daefaa064ba5da0af4a64145213191	ok	image/png	393898	400	561	074ed0b331e3d89e966d2582d497c9f22398223671bfd3be6189f5dce8d9d8f1	1	1	1	2080df8208054b2df58421766620442fe2d240159fb5b8a96490882c8ab32669	ok	rom_folder	2080df8208054b2df58421766620442fe2d240159fb5b8a96490882c8ab32669
megadrive	181	geral	Davis Cup II	yes	1003192	77800157ca3b17794dca781ef8f008d9d12abcb7364bd49c3c52e1d62a9c0020	ok	image/jpeg	337294	760	1050	e3e9dde9e3fca8d101fbadfea296ef7a7367b0b13e232420904d97e0ebd7801e	1	1	1	fd156bcca6c50d38a1162b26ab968c039342685224755ebff4c0d78258c42dbd	ok	rom_folder	fd156bcca6c50d38a1162b26ab968c039342685224755ebff4c0d78258c42dbd
megadrive	182	geral	Davis Cup Tennis	yes	546418	572e724f3bfd04a756bd6ec603cf4725ed60e45bb73fb245fe57795975517f10	ok	image/png	516178	479	680	90a24f59522792c71506602ff9bffa0ecdaac9192cbdf08395f579d5e950b2ae	1	1	1	833dbaf48bf52ee4a31dd22096a909b75a416aa73470d00a476618d6df876a72	ok	rom_folder	833dbaf48bf52ee4a31dd22096a909b75a416aa73470d00a476618d6df876a72
megadrive	183	geral	Daze Before Christmas	yes	1219892	c2d7e43b56679d66cb619602ea8718bd315ab4dc3149e41a9428510e2d7c8bcd	ok	image/png	172618	256	367	d1482b60054fa2f1b3846792acab80f74645285f7c3d54e357a34055ceb4f1c3	1	1	1	326d8c554771cb10610e7e7290e49b4f5d93f9ac23b2ef84f3aaf30132d9f80a	ok	rom_folder	326d8c554771cb10610e7e7290e49b4f5d93f9ac23b2ef84f3aaf30132d9f80a
megadrive	184	geral	Deadly Moves	yes	567809	99518ddb85a9301d730024d49fcef6f91176e6b136dc81316255c0973d996da9	ok	image/png	305769	400	561	4af72d70ed9552ff7f1f3bab841016f406d139a0d0867b08d61a3f9dce153b57	1	1	1	a4d29d3c83c2df78278a8048693bd16233c5f8159e6efbdca0aacd04ddea45b3	ok	rom_folder	a4d29d3c83c2df78278a8048693bd16233c5f8159e6efbdca0aacd04ddea45b3
megadrive	185	geral	Death Duel	yes	516229	357a9f5117e2f0727118d5316a192b1ab7244bc824ba1fc99b1cb52665360ca9	ok	image/png	373275	400	561	059dd07cc3423d1280212c5e769c30ece14f2e5edb8f7057b3a246120b3227d3	1	1	1	8216137897d7869e440dc365e3275baf961e4eb68d267567023ee15a84e94ea8	ok	rom_folder	8216137897d7869e440dc365e3275baf961e4eb68d267567023ee15a84e94ea8
megadrive	186	geral	DEcapAttack	yes	251599	36542a34ee13b068c6a53f62a29f4bc51b22222b618a5bbadb0e4808a796abde	ok	image/png	366316	400	561	8e38017132f90faaf41c74dfa9c6b40a4edac266470b27cba3fe5fad247cec52	1	1	1	83619ddde5a1bc2e6823a25519778405a8453b3532041373ac4468c197e58917	ok	rom_folder	83619ddde5a1bc2e6823a25519778405a8453b3532041373ac4468c197e58917
megadrive	187	geral	Demolition Man	yes	828722	627d0aa0a0f069802c7a38ac327a36b5a0ca9bb17ce711fde98b7a8138fddf87	ok	image/png	308262	400	561	4b0da30944b82e8d78cffd478c5017f4f13fe9da50c632c6000c7361f643e570	1	1	1	0b16bb379383018f4a58a79d074c3ce4d4abce41c815ee7f253e00bd742f8850	ok	rom_folder	0b16bb379383018f4a58a79d074c3ce4d4abce41c815ee7f253e00bd742f8850
megadrive	188	geral	Desert Demolition Starring Road Runner and Wile E. Coyote	yes	607746	2d6eb5edc510ece665fe298b51301a499cf12bd08f2fc8926ebc7b76137fe4d7	ok	image/png	405369	400	561	87234e2f8193fb1bbc39aad9f83803ef1c022063ae4e559685e1609298b9da81	1	1	1	de2a3d5ed341aa64c8fad79242e1090a93524dbd7f1fedff526324bbb4a82971	ok	rom_folder	de2a3d5ed341aa64c8fad79242e1090a93524dbd7f1fedff526324bbb4a82971
megadrive	189	geral	Desert Strike : Return to the Gulf	yes	581788	09c63427330122bf46b561cf39cb5109e3a1067c11fe5ddb58289ecad18303ba	ok	image/png	413008	400	561	39b51d99e92c85a8895e94a426c1a30be81b4eb7752e63cee2eb7aa6afbdd454	1	1	1	e42171e7fca617ef1e3dc628af76dc86c9d60a54f641961adb43cbe50add9ec8	ok	rom_folder	e42171e7fca617ef1e3dc628af76dc86c9d60a54f641961adb43cbe50add9ec8
megadrive	190	geral	Devilish : The Next Possession	yes	326509	35951a71a9fbaa25490803f5cc4da84542e300b569d9b80dd2f7ee58a4064394	ok	image/png	347019	400	561	983eff86a26e9532c953d8f451feb49a0020a1aa668bf3ec8f9dec09053f8783	1	1	1	37cf55c8bdc3f244f8017ed6d6d6820a64026432710dda2c04cecfbb761a8820	ok	rom_folder	37cf55c8bdc3f244f8017ed6d6d6820a64026432710dda2c04cecfbb761a8820
megadrive	191	geral	Dick Tracy	yes	357760	6e52abd1f66423ea2e43725f885228212bfb814558c86f057ec77db94789cace	ok	image/png	324336	400	561	134001d550fca34776d72f366faf320aee978b5d249b92dc08b016546cd752bf	1	1	1	cf38b4a9b88b7df620586d2166a1e48d32d41a3117cf2ce0d3ce90ccb3a0283a	ok	rom_folder	cf38b4a9b88b7df620586d2166a1e48d32d41a3117cf2ce0d3ce90ccb3a0283a
megadrive	192	geral	Dick Vitale's 'Awesome, Baby!' College Hoops	yes	1074194	79afa7a7a8d6f280688e00c40e02af86f91ef4c52df28ddc2ee79b69fb221cbf	ok	image/png	356216	400	561	27c869d5142a1cc8aa3f1d055b00b1fcc63df9d1b17e97b1f73577c7c2b7dbd9	1	1	1	a23b20ea10b15550da5bcea9d26bd3a9a1b122eb137c99d5b189aeaf9ebc4130	ok	rom_folder	a23b20ea10b15550da5bcea9d26bd3a9a1b122eb137c99d5b189aeaf9ebc4130
megadrive	193	geral	Dino Dini's Soccer	yes	407535	fd22f156084e3f633e1bd930d5b850f48e823954ed5f74017810758d201d0fa2	ok	image/png	375416	400	561	21eeb121dcabc92f88a3a5d266f0e172e9a80b49a011eee7e844e3e57cef14ef	1	1	1	1b95f196acba225469db07beb559e7f1d957e6448997e361860bef3e95fd4faf	ok	rom_folder	1b95f196acba225469db07beb559e7f1d957e6448997e361860bef3e95fd4faf
megadrive	194	geral	Dino Land	yes	263623	f9a36b00d59375f92794a98315ac8070bb3a64b9abe1497129ce0f10cdada70d	ok	image/png	408178	400	561	287bcb65f020259fca05371496e8a0b8d6276706c2c872420ec616282e53bc72	1	1	1	674ef40066059bfe6e130a66b2bb75e2f599a6a83366d7c78afed99d0d5dbe5f	ok	rom_folder	674ef40066059bfe6e130a66b2bb75e2f599a6a83366d7c78afed99d0d5dbe5f
megadrive	195	geral	DJ Boy	yes	224661	8e5ef2d13f461a3d103cb42098a516e40c0bf45b8892375d55cc39b5197c01bf	ok	image/png	377310	400	561	570249febba3bb770d2e56a30a5801fbf926997790d8c5595a0a60e771c86d4e	1	1	1	bf93035977aac2d9a2918f1853c48bcb99d120e06a3f638aa623ef4012015f13	ok	rom_folder	bf93035977aac2d9a2918f1853c48bcb99d120e06a3f638aa623ef4012015f13
megadrive	196	pt-br	Domine o território	yes	35514	929fda9ac47aae66a7031c52ab36d7b77497f08886fb910f6432af8f8a0c4531	ok	image/png	157467	484	680	8c71073de9f4a68e554b21be30645c3e3e49fec0661729a010780ca60057f2ef	2	2	1	81281c382c4b6ce13529ea31a80508a1863746267eb9b196181e1a4278169175;81281c382c4b6ce13529ea31a80508a1863746267eb9b196181e1a4278169175	ok	rom_folder	81281c382c4b6ce13529ea31a80508a1863746267eb9b196181e1a4278169175
megadrive	197	geral	Domine o território	yes	35874	c525e01f8509d5f1e348273603ab47e881a6ece117a81a08d8c5ef3f564f8521	ok	image/png	157467	484	680	8c71073de9f4a68e554b21be30645c3e3e49fec0661729a010780ca60057f2ef	2	2	1	81281c382c4b6ce13529ea31a80508a1863746267eb9b196181e1a4278169175;81281c382c4b6ce13529ea31a80508a1863746267eb9b196181e1a4278169175	ok	rom_folder	81281c382c4b6ce13529ea31a80508a1863746267eb9b196181e1a4278169175
megadrive	198	geral	Dominus	yes	567719	4726b029907712206e6ce16fd1baeed968bf08adce6ca9bf5c5b38bc27f768d2	ok	image/jpeg	307141	728	986	ad6d8c81572c59d623dda07ff057fa2271644e44218c60942ae14aeb2495bf17	1	1	1	c4f93572e16c41c4d3ce46af3d74c1a508f6bae25bb2f14d7bf29a6d2b29d857	ok	rom_folder	c4f93572e16c41c4d3ce46af3d74c1a508f6bae25bb2f14d7bf29a6d2b29d857
megadrive	199	pt-br	Donald in Maui Mallard	no			missing						0	0	0	-	unresolved	-	-
megadrive	200	geral	Donald in Maui Mallard	yes	1517190	54352f7b80ec1cb1345647af91a88ba6c06f3f993daa4b5bd696baa75f9c72c4	ok	image/png	386466	400	561	146cbf8e961109242ec827283b1ac09c4070cbb70fecd78d85823e6f26e0e896	1	1	1	814ee4f5fdfa228d99f5a465eced739788b394e46aa551afab66aee978869f62	ok	rom_folder	814ee4f5fdfa228d99f5a465eced739788b394e46aa551afab66aee978869f62
megadrive	983	geral	Doom Troopers (USA)	yes	1302182	adfea2968551b5301e4bff11e9a90db2b66ffa6b257ad76d4cda0779f4cd4981	not_declared						1	1	1	f42f5797809c77d122ee08f6bfdf7738739fb357b1e33ed02f268499a76fdf1e	ok	rom_folder	f42f5797809c77d122ee08f6bfdf7738739fb357b1e33ed02f268499a76fdf1e
megadrive	201	geral	Double Clutch	yes	173103	aba4086e9690807461d76909c9b76fdeb9d691fa34d5d0f7d32b3a420fdf9d5f	ok	image/png	443545	400	561	2bee6a3e4c2a32db598d777dc87cc27c1b24c196af19575efa3e435483dc1f18	1	1	1	1f8f2c7fc60906cb65e91ee7d112684468dfc3ed4fd849462d9dc7740764c003	ok	rom_folder	1f8f2c7fc60906cb65e91ee7d112684468dfc3ed4fd849462d9dc7740764c003
megadrive	204	geral	Double Dragon	yes	244122	bc3058094ccb9dcc783b747c37f5f4b6fbe81fe6573cf27bc1f5376d1f3be53e	ok	image/png	405978	400	561	e456cfaf9ffe38c49c525f23f2b52225438e405aee894a47fe930b9ea8bf8b54	1	1	1	058233a8216acb74f34d8f2824f1aac9b8531b3abd0e122afd96ebd8b6f076da	ok	rom_folder	058233a8216acb74f34d8f2824f1aac9b8531b3abd0e122afd96ebd8b6f076da
megadrive	202	geral	Double Dragon 3 : The Arcade Game	yes	469667	b4124a9aa1a8b33c3cc9da9ba4fb54187f079dc6ff05c12659dc931ba6e5d01f	ok	image/png	471258	400	561	844642ed6d278e6047220a054ef535c479604a381966db025ddedf97e446a1de	1	1	1	f853a62a43c14f72dfb0db7d11569425c3f3c999dcf64d173525309219f71885	ok	rom_folder	f853a62a43c14f72dfb0db7d11569425c3f3c999dcf64d173525309219f71885
megadrive	203	geral	Double Dragon V : The Shadow Falls	yes	1634178	94122b3f28bb3450883a42f128358bdae909158b612bd6a57f4276fb648239a0	ok	image/png	339469	400	561	ba538f251237a214ffea599ab08bf273a68bc12dc0b0ae7d6cf364b4408364a2	1	1	1	bdfd015292409e336c8543bbda6434da0a4c3f9042bc8859381949c46ab5cb42	ok	rom_folder	bdfd015292409e336c8543bbda6434da0a4c3f9042bc8859381949c46ab5cb42
megadrive	205	geral	Double Dribble : The Playoff Edition	yes	1122873	cb31ccc47223e0383f2582e4688a152cb67be06cf012f10a1b48e8aee76a6fca	ok	image/png	447576	400	561	c05c8f4b6f494095baa0a1e90364a295f060a145d5bb8b1658a5e23fab9de707	1	1	1	8daea5629b00cc43662c06d62277029ebf24f55565bac555bfecd484123520ff	ok	rom_folder	8daea5629b00cc43662c06d62277029ebf24f55565bac555bfecd484123520ff
megadrive	206	geral	Dr. Robotnik's Mean Bean Machine	yes	569921	b479d044679cf604d01bd001954786e864fbeeca08ce115e9a379afb1a8b9407	ok	image/png	428596	400	561	290c6cb89eee0e4219bb13fcf1311046863afa46dfeb535084f9b180926dbf02	1	1	1	22e2f693a6c0ba4fbaf9151eba4610d36b7335fe22be6c58a5911535f574960a	ok	rom_folder	22e2f693a6c0ba4fbaf9151eba4610d36b7335fe22be6c58a5911535f574960a
megadrive	207	pt-br	Dragon : The Bruce Lee Story	no			ok	image/png	300937	400	561	d01e0c036feb93ad81e7ad0f3c1a2bc151bf2460895de8d0e3864e473cb79f8f	0	0	0	-	unresolved	-	-
megadrive	208	geral	Dragon : The Bruce Lee Story	yes	1448214	12583051ab2c3d8e993892d3b86854dd37c6bf4ff1c0237dd1eb24181513154a	ok	image/png	300937	400	561	d01e0c036feb93ad81e7ad0f3c1a2bc151bf2460895de8d0e3864e473cb79f8f	1	1	1	5d1b2a23d0313a6e204ec26b93e023c586f4386837647371b94a6887a40a5cca	ok	rom_folder	5d1b2a23d0313a6e204ec26b93e023c586f4386837647371b94a6887a40a5cca
megadrive	209	geral	Dragon Ball Z : Buyuu Retsuden	yes	1481101	2faa11762904fdded94caa6ade427dc716b3224a307b07ccb00474fe4517bdf8	ok	image/png	583007	483	680	8cd5411e4ac00e7ff57f24eda01ca8c2636497d814fc833f7a77fb9569a1a379	1	1	1	3af2ac007fc76daac407cec0afd8a2876037b9763558f53243122fb3d9b975ac	ok	rom_folder	3af2ac007fc76daac407cec0afd8a2876037b9763558f53243122fb3d9b975ac
megadrive	210	geral	Dragon's Fury	yes	372317	ea1cacba89b453caaf0ab7b39198d13e79918498de4bb6b2a987715d7deab09e	ok	image/png	436796	400	561	0a3119b928f7494200e0caae06f9a960fed3207dc00c721ec0229a58aca9c150	1	1	1	3a53b93d4efaa574b4a04e0f0a662a35f2e165a57239e19185c3bb6cfaa394ec	ok	rom_folder	3a53b93d4efaa574b4a04e0f0a662a35f2e165a57239e19185c3bb6cfaa394ec
megadrive	211	geral	Dragon's Lair - The Adventure Continues	yes	323575	4cd3d6c2213d60bc3913e5cab877335ba639d1b44cebe87c386d96ae3c031310	ok	image/png	632566	485	679	115ac6f0956e05d3ca6725d0775615cc201f74482523922504ac50ba42093e46	1	1	1	48f6f9018ef5b38d0049dc4016fa4546cf9e366d4e890cc6708aee0a929fc835	ok	rom_folder	48f6f9018ef5b38d0049dc4016fa4546cf9e366d4e890cc6708aee0a929fc835
megadrive	212	geral	Dragon's Revenge	yes	726187	58941d4756db874fcbe291a58e9c221c9091d75051e5fe3fc8bc691cd1813437	ok	image/png	379957	400	561	d90b5bb48efc1a5102cf1b71f10fd9f1b668d836683811071c220aac2761dc2b	1	1	1	45b756688f8fd20222b92252fa0fd85dfe3895f76d0e85d3a5afff1550bad8cc	ok	rom_folder	45b756688f8fd20222b92252fa0fd85dfe3895f76d0e85d3a5afff1550bad8cc
megadrive	213	pt-br	Duke Nukem 3D	no			ok	image/png	386500	400	561	b3892d109862fffc64f11db125106fb40f90edc2ca4d9ce8ad833e2581dbdb35	0	0	0	-	unresolved	-	-
megadrive	214	geral	Duke Nukem 3D	yes	923512	5686b9263dd26ce7a22157efc5fa9a1982154f68f76aeecefa791bfaa5265f8c	ok	image/png	386500	400	561	b3892d109862fffc64f11db125106fb40f90edc2ca4d9ce8ad833e2581dbdb35	1	1	1	34d43f365d857d9c1a0882ebcb793167d7f5df7bef7e9eeb7b40ca56ca8cb457	ok	rom_folder	34d43f365d857d9c1a0882ebcb793167d7f5df7bef7e9eeb7b40ca56ca8cb457
megadrive	215	geral	Dune : The Battle for Arrakis	yes	600792	0d365d9cc387d624ac86d98c3cac9189a85c716626bc1518fd4093b2fef633bb	ok	image/png	352004	400	561	ba6926cff254aeaefe97a3682a409eb4982b6a819a5f11ee27a71670e74c2df3	1	1	1	0ce74647f605fd2b4cceba9c717acc9eac472ca27551c1848a86c0fa0466143e	ok	rom_folder	0ce74647f605fd2b4cceba9c717acc9eac472ca27551c1848a86c0fa0466143e
megadrive	216	geral	Dungeons & Dragons : Warriors of the Eternal Sun	yes	523690	5e49cb542739445fa0950d7c4dea12ddb555786e9f352949b1286cbcbf03e0dd	ok	image/png	351408	400	561	c667d33da5e1f65b057e77ff499648b6c88c4680e93196b4975cab99d6520cbb	1	1	1	deaa95a149e968c1e5cd30a103dd0e43ebbb03c3f6a6b4971aadb42e6a52350b	ok	rom_folder	deaa95a149e968c1e5cd30a103dd0e43ebbb03c3f6a6b4971aadb42e6a52350b
megadrive	217	geral	Dynamite Duke	yes	355698	53c2a3ba4819b3ff28da6758c808757d7f6c5539cadf59bc3cc446d93ab7fe94	ok	image/png	319419	400	561	a225cfb6ece162d2a132effc9321ee5abc672cd0ccc52c1f493b2dd9040ffdd4	1	1	1	15514bd9f392843bea84d04bc0fb28e7fc60679a734a4892140798315949a1ab	ok	rom_folder	15514bd9f392843bea84d04bc0fb28e7fc60679a734a4892140798315949a1ab
megadrive	218	geral	Dynamite Headdy	yes	1397080	ca4bb80cadc196091c97856a6615a5d7678916c0c93cdc6903d7ab45e8c8e6a8	ok	image/png	379864	400	561	4ede1bfa5899f2c31f6fa71121a7b63744f7121ffb6c54e83c31c14d7c165327	1	1	1	507deff535475b416fd857eeb11ee4764280cf08c76d2a0295bd723ef3fd8dcf	ok	rom_folder	507deff535475b416fd857eeb11ee4764280cf08c76d2a0295bd723ef3fd8dcf
megadrive	219	geral	Dyno Blaze	yes	672547	080a3945922ff48bb54125b2a5ff4a318ba4fb31179c93761c35c73789db77ae	ok	image/jpeg	12667	189	266	b1e93c846c172e41fe9f549038f0eeb986ad2dd74cd7d3fb62cfc3dfd8380bfc	1	1	1	31e155ac27059ee038842059484e2cd5da78670f89f68fee0fac21a113a8b2d9	ok	rom_folder	31e155ac27059ee038842059484e2cd5da78670f89f68fee0fac21a113a8b2d9
megadrive	220	geral	EA Sports Double Header	yes	520852	19b049677325c489e196f3a654eae88ed7ce89037dbb5a58061fe63792f032af	ok	image/png	452117	477	680	bfe30af241674aad5300ba8f00251b6200f3ac4f7e46b1da6933be03c897b0a0	1	1	1	84b08fd32db6c4ed0799c0863ecd44a3ed178fdad9db15c7f73a0f03c2aa4d04	ok	rom_folder	84b08fd32db6c4ed0799c0863ecd44a3ed178fdad9db15c7f73a0f03c2aa4d04
megadrive	221	geral	Earnest Evans	yes	547963	1176d92ef284fad3af560bbde88231bcd515c6a7e13901e46ddd8afe573f1f6f	ok	image/png	449487	400	561	8d29c7534016e15bd71e339dd4d6a3830e40691e53a4596bea00f2d064aa4da7	1	1	1	5a8cd862656172a2bda42e434ca04e8b18d55cefad9f2d5eb17a1894c6df0e3c	ok	rom_folder	5a8cd862656172a2bda42e434ca04e8b18d55cefad9f2d5eb17a1894c6df0e3c
megadrive	222	geral	Earth Defense	yes	208616	e76faa8bf9584f6cf180b9bfd810bcf7ab47d0f2d3e6b73d30c2b668420ef3e8	ok	image/png	347729	400	561	0f152d21b8bbe1457c5b097f068ec27ea80a654739de39e6b15b1cd861f5bd50	1	1	1	e0d4d51d5fc45dcfb08382274fc93187da66d641ecfcc876c264dc8865c306ae	ok	rom_folder	e0d4d51d5fc45dcfb08382274fc93187da66d641ecfcc876c264dc8865c306ae
megadrive	224	geral	Earthworm Jim	yes	1903311	7a1f67e280f1cc1127c59fd6e1987d075c70440be4c414cf9ce1a6b84d69e3c1	ok	image/png	389665	400	561	4d2b093c99466f9b2a52b22bded9ddc4d69732c77eed1b053e5fdefbb81de980	1	1	1	387f5fc33e0546e0374707b02e65464c31857a5bd125757bebe336b4b0fc30c1	ok	rom_folder	387f5fc33e0546e0374707b02e65464c31857a5bd125757bebe336b4b0fc30c1
megadrive	223	geral	Earthworm Jim 2	yes	1795152	6e7718d281350a90ebffd90fe2a958821beb31ed806e18731f2d5b74587693bb	ok	image/png	381983	400	561	b54dd65b37e4591502c9da638553eeaaf71135337657b512d31a857080e51390	1	1	1	bd3fcb1353378e98339e78831150f996426f7a22638c26288ad50a6076913eae	ok	rom_folder	bd3fcb1353378e98339e78831150f996426f7a22638c26288ad50a6076913eae
megadrive	225	geral	Ecco : The Tides of Time	yes	1229246	508e8f37e194ecbaadaccc3dd50cd706ea04646c6a432a5492b849e7ff52caa2	ok	image/png	368949	400	561	a0f694624e6293af86c4bf4cd3e3a8f3cab3e6659e8dd06326419052411980fb	1	1	1	3450a791d866d6bb503e33f9e5e4b2458930186f0de3c83fdbde9a2ae0c84895	ok	rom_folder	3450a791d866d6bb503e33f9e5e4b2458930186f0de3c83fdbde9a2ae0c84895
megadrive	226	geral	Ecco Jr.	yes	509243	a4368e5f09c5d15657d6bfb12b8740a6f6c5492df793f2ef30116f85c73450f1	ok	image/png	380200	400	561	ead08064b51a39300d3e4c2cbddc7e3223ed600fd4a47223045bf8b65f39f6df	1	1	1	44d1e594a0935ef7e24c59590010a407cf77f6f2f1d3300c36ba83580344f767	ok	rom_folder	44d1e594a0935ef7e24c59590010a407cf77f6f2f1d3300c36ba83580344f767
megadrive	227	pt-br	Ecco the Dolphin	no			ok	image/png	331679	400	561	662f5ecb8db7a3e141f18fdd9972d87d1fda95c8b8475f30ae84472cccdf82d5	0	0	0	-	unresolved	-	-
megadrive	228	geral	Ecco the Dolphin	yes	516349	743ef85eabfb98386e26161b04bfcbb59a935c5aad37754c3b1c68bd675bc790	ok	image/png	331679	400	561	662f5ecb8db7a3e141f18fdd9972d87d1fda95c8b8475f30ae84472cccdf82d5	1	1	1	f25261691b3152d1fdf31dd630d5dc2b51a4d3dee82d2a342bf58308279f06af	ok	rom_folder	f25261691b3152d1fdf31dd630d5dc2b51a4d3dee82d2a342bf58308279f06af
megadrive	229	pt-br	El. Viento	yes	689458	57e16d7b858bf6b212902bde521269d574e179f1bc824d88788ac16c12bc6b9c	ok	image/png	447635	400	561	02b5ffa93e38b69debe5ad56fe3403791df45bbc3bf16b92b15a2e1be853eeac	1	1	1	fcacd4df9d41c1e420e7c05f0a7b4e1ed8bf2d55ac1b58f4b825e52e5b40cb59	ok	rom_folder	fcacd4df9d41c1e420e7c05f0a7b4e1ed8bf2d55ac1b58f4b825e52e5b40cb59
megadrive	230	geral	El. Viento	yes	683997	df54364502e533884e7e6ad91c0919d0f8c091dc01a4f42b18be6057053ff86c	ok	image/png	447635	400	561	02b5ffa93e38b69debe5ad56fe3403791df45bbc3bf16b92b15a2e1be853eeac	1	1	1	fcacd4df9d41c1e420e7c05f0a7b4e1ed8bf2d55ac1b58f4b825e52e5b40cb59	ok	rom_folder	fcacd4df9d41c1e420e7c05f0a7b4e1ed8bf2d55ac1b58f4b825e52e5b40cb59
megadrive	231	geral	Elemental Master	yes	406860	ad4c6e926d524c68d982485ecbdcac107406ff8ebfadfbeba53f98848fedf260	ok	image/png	405309	400	561	ecb6ce2fed243cacc950d590b9bbce97773ec02b2e166de2fdfab516a7c42ebd	1	1	1	8bea75532e20aae023f8d03a813f7cac88a96c340eb1c79e1e82cb665cb0987f	ok	rom_folder	8bea75532e20aae023f8d03a813f7cac88a96c340eb1c79e1e82cb665cb0987f
megadrive	232	geral	ESPN Baseball Tonight	yes	988557	8171d205fd350417c1c964cbefeff2696e59031df9807f35b2b84b4465b3bc87	ok	image/png	296501	400	561	f0476181eaee51fc236ba8e4861f5dc77e0fb59244f65a038541e5c161453734	1	1	1	b50e31b3de2801cdd34d39694b0e251ace27667083510df0e357e8356f0335c5	ok	rom_folder	b50e31b3de2801cdd34d39694b0e251ace27667083510df0e357e8356f0335c5
megadrive	233	geral	ESPN National Hockey Night	yes	878398	44f5aadc520623bb03d25623cba9dc476d3cba159aafa1183ab3da4135f76aca	ok	image/png	405886	400	561	9594494d3b2c69eb7030bdecbb433f9fbc112b49388f04bbb313958dde0dd3e0	1	1	1	bd2446ed9b92974ce284573e997ddb903876c5917968694b564c276f25847d6a	ok	rom_folder	bd2446ed9b92974ce284573e997ddb903876c5917968694b564c276f25847d6a
megadrive	234	geral	ESPN Speed World	yes	965929	a04c0b5ce981ca2e182bed3c5988ecfc39d53d9cc6bec44bf38186112524d3d2	ok	image/png	454290	400	561	4ec35175db5ae7f5600821e5a3a4157fa6ae6d118a392cf46f39d1554b63118b	1	1	1	2cbee3f3a9cf5f1c27b6bf9e48c2cf558a3c13cf6f888892f5ab79586f128721	ok	rom_folder	2cbee3f3a9cf5f1c27b6bf9e48c2cf558a3c13cf6f888892f5ab79586f128721
megadrive	235	geral	ESPN Sunday Night NFL	yes	930548	f64a447685ae3b81336d09666cd963162131e31c388e4f3b2cb8ec1768d84dcd	ok	image/png	383473	400	561	344b874ef387ec430cca57a84b55f2df19ac776727f47e20f734e7a7fe498d34	1	1	1	5b12c1bf018e95e48b8dd21d3196ef47ad267bf855d37372989a15c2805f94b8	ok	rom_folder	5b12c1bf018e95e48b8dd21d3196ef47ad267bf855d37372989a15c2805f94b8
megadrive	236	geral	ESWAT : City Under Siege	yes	374962	a7b4d5c0bcaf7df8c19465e79b6545a0a404edf12aef4db982327e99a6e07524	ok	image/png	335601	400	561	985047af04e459c5db77e9d3bb92516dd6641264830877d8cfef3a4734b549fa	1	1	1	30f76560096477f544601e6246cb88992a0473a442b8c849b4ff54d5b0222371	ok	rom_folder	30f76560096477f544601e6246cb88992a0473a442b8c849b4ff54d5b0222371
megadrive	237	geral	Eternal Champions	yes	1604428	6140355b7bc4a52c722643a8522ae61c6503e7d6080e06190ddd0cebc4eb756e	ok	image/png	386135	400	561	3b3b642651e5b12d9eee379f8f6e510417f69de097ad2269e230c23bc5befa71	1	1	1	81aec2081892c2dd0c62a08e057266f72238644e5fd7658ae6cbced9a54227b3	ok	rom_folder	81aec2081892c2dd0c62a08e057266f72238644e5fd7658ae6cbced9a54227b3
megadrive	238	geral	Evander Holyfield's 'Real Deal' Boxing	yes	350916	76e8b9a2d14b3a749aa64595d642306f222db186b1ad236784563cf9b7f8c93f	ok	image/png	367512	400	561	048397e306b28de3dc51840f74b85fde4697c483443a63cd5739a3b5b6595c7c	1	1	1	98e2a836d5e1db7267f83fb80a8b4d0fec2a3ede079e7c29b1afaed1f85c60db	ok	rom_folder	98e2a836d5e1db7267f83fb80a8b4d0fec2a3ede079e7c29b1afaed1f85c60db
megadrive	240	geral	Ex-Mutants	yes	557725	c1be1f52af91868c514d26cacc0e455a82e7d1efab8e2d9e9aaf99570394a0c5	ok	image/png	408287	400	561	c1b70b664dab9322df2e9fb6cf19afe2c51dede0079595ccc8719a557ca6046e	1	1	1	0e01ec014fc47c12b2c4d44573971b1d33f7c0538cd7c6a63a4b408112cbde69	ok	rom_folder	0e01ec014fc47c12b2c4d44573971b1d33f7c0538cd7c6a63a4b408112cbde69
megadrive	239	geral	Exile	yes	802553	3325c7a2c797313fe02dbd2269a50f655f74b011188981f7d7a7a12a8830259b	ok	image/png	444240	400	561	22a5a3314d691232d7f1d0315c1224b706fc285cef511c8cd28b42c949cebf99	1	1	1	ce58d06be0fa8901433f07e8bb38e687d26c040166a294952ca19721363aa858	ok	rom_folder	ce58d06be0fa8901433f07e8bb38e687d26c040166a294952ca19721363aa858
megadrive	241	geral	Exo Squad	yes	761234	a6f92922a9ca202b1209fa5cea3a6995a7614eba601e8b403b24f36c75cc3924	ok	image/png	364512	400	561	aaae6a3ba4babec022ff265e17a231e97c33baa0aee6ed5102997f746370f4eb	1	1	1	83a64b743c1f7d9382a8a0bc73bc938e6d128a9f9e2038dfb70119c4d42ec55b	ok	rom_folder	83a64b743c1f7d9382a8a0bc73bc938e6d128a9f9e2038dfb70119c4d42ec55b
megadrive	242	geral	Exodus : Journey to the Promised Land	yes	400573	91656ea2b850286eb079b5bf79442caafc1f59c9dad46ed1066d5d0a46312713	ok	image/png	383752	400	561	42d6770459663eaaf058a305f940eadbb7a44d65e4f730f4768c7bd2dbb916f7	1	1	1	ef6ca7b16b2428ccb38c143223462bfe41fa2c9f688b30e70619354287b581ce	ok	rom_folder	ef6ca7b16b2428ccb38c143223462bfe41fa2c9f688b30e70619354287b581ce
megadrive	244	geral	F-117 Night Storm	yes	1124280	e0797a1661baca45b481ef95ec4aceb3de9e93b3a4989bf9a7c86f4122a2aaa9	ok	image/png	369529	400	561	1f9c6d4fe293e1ee672295c9e9c41b1b355de4f088b4d35065b50a7b51824bd5	1	1	1	578aaee0d6566cf84c53f92e0ec43fd045dd1b9ef6985846ff88dce7da1afe78	ok	rom_folder	578aaee0d6566cf84c53f92e0ec43fd045dd1b9ef6985846ff88dce7da1afe78
megadrive	245	geral	F-15 Strike Eagle II	yes	429803	19da9e367afb3d8ec26f18f25b8c113e9f9270da30ee0a9b1b3a3475a0d517ad	ok	image/png	354539	400	561	30495664fd108445f4eb0d15c9b15150c380545ab982ec6fe40c159071643b78	1	1	1	25f12cd85603868bebca42a8aeabb2d9ca0da070aac120f884ae9765f61d6d61	ok	rom_folder	25f12cd85603868bebca42a8aeabb2d9ca0da070aac120f884ae9765f61d6d61
megadrive	246	geral	F-22 Interceptor	yes	386105	47d4c5d2f50374546557c0d588e9d173d1eba48a39094a9fb85254fe1c077c8a	ok	image/png	345603	400	561	2d1daaf7231e9c6b44a5eb49f8c3e4ee061297c8c5eb11e3d4c41ac8ef045284	1	1	1	399b57c7c84bb94c64b8121f896997657344c0e8d774877881b4aba7bd1ddee9	ok	rom_folder	399b57c7c84bb94c64b8121f896997657344c0e8d774877881b4aba7bd1ddee9
megadrive	243	geral	F1 : World Championship Edition	yes	691456	8e77d03909c3c9742b162dcb74bf1f65a7dd84012b1116d9c41f51c0ec9047d8	ok	image/png	356673	400	561	431e572fef015731d79652a4f654128aead7586ddf973768188fd00d3c24bd7e	1	1	1	f665438c0ab51fce721b0886be99bc041a71952c6a0264bbf0dc3b9bf6852ce6	ok	rom_folder	f665438c0ab51fce721b0886be99bc041a71952c6a0264bbf0dc3b9bf6852ce6
megadrive	247	geral	Family Feud	yes	315658	782e046b7e8ea59e17c7a5bfe37e1323d5576e46f56c6326e83b67c412bcd9f2	ok	image/png	256360	400	561	49ac129c4c2f6b90572232dfc55fabf176c1dd74bc9ed025d7a82e3eccf23872	1	1	1	380d8cdc3fff6ab4b689c8cb87e3e37eaf7ec9303171a6ebed40aa8473f4c4d0	ok	rom_folder	380d8cdc3fff6ab4b689c8cb87e3e37eaf7ec9303171a6ebed40aa8473f4c4d0
megadrive	248	geral	Fantasia	yes	282089	848264ef7a2f59a3529bc51006cfd4ddc2142a24b54cc88f7cdb9cac2db2728e	ok	image/png	422214	400	561	603bfd7633c9fb3435cb7529c504f0d20a3617638686f834ed791081354e5235	1	1	1	11cb4261a4e912bb0759ee9cff20dc9f5b57fdd11603f7b9c625c4bc56db0944	ok	rom_folder	11cb4261a4e912bb0759ee9cff20dc9f5b57fdd11603f7b9c625c4bc56db0944
megadrive	249	geral	Fantastic Dizzy	yes	406466	9eeebc2d008efd6141148a238b80a23ebc74f62a7b255004cbb84122060adb18	ok	image/png	472461	400	561	7f965a8b6592163f2c262c9a7716859481959f3e5ae9334ff28be186833c5525	1	1	1	5c64ea136812043f85a2f6ce38f36a3f42d7ffafabdad92c1d872629ad705a9b	ok	rom_folder	5c64ea136812043f85a2f6ce38f36a3f42d7ffafabdad92c1d872629ad705a9b
megadrive	251	geral	Fatal Fury	yes	842490	6f697be41a95b27800265d0c8d7264353caab8edaaa5b6d49d3faa416c3bd46b	ok	image/png	419871	400	561	470217de48969a5e69f08aa29754ab21906488868ebc8ce23bee9646c0d02e15	1	1	1	a42b67fbe214cf7c8efdcea815ae7903f6b369853feb8f77102f5fc9cc6bd6d0	ok	rom_folder	a42b67fbe214cf7c8efdcea815ae7903f6b369853feb8f77102f5fc9cc6bd6d0
megadrive	250	geral	Fatal Fury 2	yes	1789210	2b21f8083b3445d3287ff689071adfd5ded0d58cd982a6f2fdd7e6e21f4d1b02	ok	image/png	438317	400	561	ac836e45a3e4ab9718bf382ec15108a51c810c40460a18006c28a817ecf1fa12	1	1	1	becfd7464feaa69def8a8f8df07fad47ff0e7ddcfc60adb83efb76728211c71e	ok	rom_folder	becfd7464feaa69def8a8f8df07fad47ff0e7ddcfc60adb83efb76728211c71e
megadrive	252	geral	Fatal Labyrinth	yes	103642	bd3bfa4f66213fc3af539d02d3ea2c512d3117ae6525bc2cd5a279f8fe812aeb	ok	image/png	359867	400	561	a7ddbdc0d64e7d9fb8574b426535a9a3d6de543a50efb8ebdeb1c78eb84a60ee	1	1	1	c12755b2c354491f9b97110a888012e41e362a3f8f2af1042c5700f501c95c92	ok	rom_folder	c12755b2c354491f9b97110a888012e41e362a3f8f2af1042c5700f501c95c92
megadrive	253	geral	Fatal Rewind	yes	233752	1d288f9f7026162cb75eeb65e9be033b387c26a597d759ff55817e5fdd34f3e8	ok	image/png	334602	400	561	0229b077c4d749ea4ca38a438c9bef97d451e382a63b5174da81194d6e281ba6	1	1	1	c38a44d70d5c7e0ad8f3c203c2e83e71b213ae45a3d2b4d3a2cbe1ae65b6c8d7	ok	rom_folder	c38a44d70d5c7e0ad8f3c203c2e83e71b213ae45a3d2b4d3a2cbe1ae65b6c8d7
megadrive	256	geral	Ferrari Grand Prix Challenge	yes	411649	f577ee67d9b8c218cb7d20424ac7ca9228d9fa2be872d24e037840a933c6005d	ok	image/png	395513	400	561	58321a5c6e4e00abb069fe98a0c6d967cbc21ca06f2faec4f0f51b6487de5804	1	1	1	62692b0034001e2e637d44667a0f851e8126d8809f33e1a1963a74ebe497d864	ok	rom_folder	62692b0034001e2e637d44667a0f851e8126d8809f33e1a1963a74ebe497d864
megadrive	257	geral	Fido Dido	yes	471948	b6f2adfd758c6dbfbac015f3fc66eb491290adc109c07bc99cea9e23fdcb54ed	ok	image/png	753871	768	768	7195cb869c519ee5ae34542188a29fc3965f2cb573c73993bc38334769c4110c	1	1	1	eabb0367a58a26cc4c3a6dd7b78bb1c5899a546bad3b741075658d6fc7753d0d	ok	rom_folder	eabb0367a58a26cc4c3a6dd7b78bb1c5899a546bad3b741075658d6fc7753d0d
megadrive	258	geral	FIFA 98 : Road to World Cup	yes	1089570	48b062b4b97604e0dd757def24801340abdf357f3875f7ade20e1bd43b734057	ok	image/png	293138	400	561	70c1c611907714f7bc238d32c1fe2bd8530d291a553a477fb6f437eb0778136f	1	1	1	642d054bf29ab7af75f3a793b0baebd8b8c1aa6c88875d2c420be3d6387ab60a	ok	rom_folder	642d054bf29ab7af75f3a793b0baebd8b8c1aa6c88875d2c420be3d6387ab60a
megadrive	259	pt-br	FIFA International Soccer	yes	994879	5449bd958af01f1199e3d4dc8f4fe2bfed3788c1fbc38d7f4ba82809ed427768	ok	image/png	194406	400	561	32bcf63fb1a9cba5a902e86d2596a51e5bfa08e8064218401c330ada3dffab9c	1	1	1	e26b0ea819d72615cb1fb20730d208c89227baa4445092fd62b2aadf5cacaf11	ok	rom_folder	e26b0ea819d72615cb1fb20730d208c89227baa4445092fd62b2aadf5cacaf11
megadrive	260	geral	FIFA International Soccer	yes	986557	98d59851cf316fca40cda169addf0fd73b74fc6c1b0339c9c7e46dd63e3efc72	ok	image/png	194406	400	561	32bcf63fb1a9cba5a902e86d2596a51e5bfa08e8064218401c330ada3dffab9c	1	1	1	e26b0ea819d72615cb1fb20730d208c89227baa4445092fd62b2aadf5cacaf11	ok	rom_folder	e26b0ea819d72615cb1fb20730d208c89227baa4445092fd62b2aadf5cacaf11
megadrive	261	geral	FIFA Soccer 95	yes	1163487	6c4cd52db9f81dfdfd46df2382060611f0636bc4afba63c3fe752e64f1c2adaa	ok	image/png	353365	400	561	a2d74cb7e4a45b0f74e3669344a37f6d78365a41483cba178302a25a42044d24	1	1	1	6219106c542e709e30eb635b6ec53a18d0a79ed1eb573177b733d0c81542ed5c	ok	rom_folder	6219106c542e709e30eb635b6ec53a18d0a79ed1eb573177b733d0c81542ed5c
megadrive	262	geral	FIFA Soccer 96	yes	1132703	4273baa35f210df2abda32ec7cb7dede425e82e8baeae866d82216c03adc3f44	ok	image/png	367017	400	561	0ca76b459b9a583a2b086a5a2ed50560ded413f1806b64308bfc0e9523c484c9	1	1	1	43cd95201e3584adcb8cc7c08070ba37c69d9f8a5550d26568ade14349853d1e	ok	rom_folder	43cd95201e3584adcb8cc7c08070ba37c69d9f8a5550d26568ade14349853d1e
megadrive	263	pt-br	FIFA Soccer 97	yes	1116269	236c960adb72c25a82b0be4fe8c03356a5d2048001401118a504387db41bc22b	ok	image/png	266455	400	561	7a337eb2b96c0196be0023eeb706b0205e70a8591294340f00c201d89e726cc8	1	1	1	0f8c05d4f9f3f7cdf0add48f898bec83e4b3d0d39c91f1c8fbd5de9bc040ac60	ok	rom_folder	0f8c05d4f9f3f7cdf0add48f898bec83e4b3d0d39c91f1c8fbd5de9bc040ac60
megadrive	264	geral	FIFA Soccer 97	yes	1101541	84c3fa0dafdad91967854faf8ed85fa1e0633ae9c3b5be1cf87fece71d215044	ok	image/png	266455	400	561	7a337eb2b96c0196be0023eeb706b0205e70a8591294340f00c201d89e726cc8	1	1	1	0f8c05d4f9f3f7cdf0add48f898bec83e4b3d0d39c91f1c8fbd5de9bc040ac60	ok	rom_folder	0f8c05d4f9f3f7cdf0add48f898bec83e4b3d0d39c91f1c8fbd5de9bc040ac60
megadrive	265	geral	Fighting Masters	yes	228515	e989a47f231afafd0c9036393c5ae53403fc4ea33ca3c4deccffb1bee0be508b	ok	image/png	358010	400	561	cc185a12a288e3925d74548ba366fcc96e1bde28bdb4ef2304e6c5672aba4744	1	1	1	fcc1e4432d7c73f27f9a12ea35eead4d62f401b53194b667c7be8714686291e8	ok	rom_folder	fcc1e4432d7c73f27f9a12ea35eead4d62f401b53194b667c7be8714686291e8
megadrive	266	geral	Fire Shark	yes	199738	88ae991dcc84b48d85b3d755c58c17689624f723748607acf1a5f3cab2974590	ok	image/png	438362	400	561	8412879127a8e6ab37c7151655f4174a02a4510f9d232cbfc10e160b8d3968c3	1	1	1	7964bb48a17b920ec24746a7d6a15d1b62429b2a2703dc2c52a57d6a2d3a2310	ok	rom_folder	7964bb48a17b920ec24746a7d6a15d1b62429b2a2703dc2c52a57d6a2d3a2310
megadrive	267	pt-br	Flashback : The Quest for Identity	yes	985625	d9256c2c1368dde3d805fd61876f3da8b2f7f77a3961782ae525cbf25153cd1c	ok	image/png	387790	400	561	e8932ad504de5752ad4a4f56f7812d4ad3b40e0ec091c4cb8ef22ac9cdf1e7bc	1	1	1	fdca87f645956ae53af58b438c3a8a36c23d54f1354c82a81b85f2081557357b	ok	rom_folder	fdca87f645956ae53af58b438c3a8a36c23d54f1354c82a81b85f2081557357b
megadrive	268	geral	Flashback : The Quest for Identity	yes	980690	533e1e291144234a1c491407286a60e8a0b52ff993533810e81e65e2e2084681	ok	image/png	387790	400	561	e8932ad504de5752ad4a4f56f7812d4ad3b40e0ec091c4cb8ef22ac9cdf1e7bc	1	1	1	fdca87f645956ae53af58b438c3a8a36c23d54f1354c82a81b85f2081557357b	ok	rom_folder	fdca87f645956ae53af58b438c3a8a36c23d54f1354c82a81b85f2081557357b
megadrive	269	geral	Flicky	yes	43430	85b864f97b87ea1e66980fdfad4db6e2e44a1eb51e646513eacc87708291b63b	ok	image/png	396290	400	561	3a1d4555f13db24caa930721c9658e20ace5f7cd5b5e26adaec84fd0e7e359a1	1	1	1	729710779d7c568a3336d3b5f7834d829ab9aeaf52d5c8547bf5d1fd2fc963b5	ok	rom_folder	729710779d7c568a3336d3b5f7834d829ab9aeaf52d5c8547bf5d1fd2fc963b5
megadrive	270	geral	Flink	yes	786764	c8ab7c2dfc559221f3dd70460d630191f51326fdd10cd41506dcadbcc399b13e	ok	image/png	397254	400	561	b226f2c824cc9b5d2f06422701807b508ac0618acd71fa7f7c64039e4a702f23	1	1	1	38046d44fa40d7c8a1fbc4cbd8c472f0e8aa737a8a1be9edd8d46df5c018e05b	ok	rom_folder	38046d44fa40d7c8a1fbc4cbd8c472f0e8aa737a8a1be9edd8d46df5c018e05b
megadrive	271	geral	Foreman for Real	yes	819369	a71166ffc4b78047d6579d0e0190692b3ac9368b6bd7cec040397700fda13c52	ok	image/png	336479	400	561	8176583338bbddf72e4d8b15492243faf4a58d96e18528f33ce821326f15e74d	1	1	1	d7eeec8ad07e78cda6e38d89d9bdf188970dc4981887bc72d65bf19e5a5cddba	ok	rom_folder	d7eeec8ad07e78cda6e38d89d9bdf188970dc4981887bc72d65bf19e5a5cddba
megadrive	272	geral	Forgotten Worlds	yes	385961	a785b7c39b2337fe4c22b1a2ab8fdeaf9ca53f034998ecd1b1b4bed59fda7252	ok	image/png	383567	400	561	a14dcc7031c02552c4f1e884e4b5bf4e8a09d8250a127ccf35a73523ff7885dc	1	1	1	fb36d77de2e742d7a3a741c67ac1dd68c873fb5b6f5a833eeb222a94af3a1248	ok	rom_folder	fb36d77de2e742d7a3a741c67ac1dd68c873fb5b6f5a833eeb222a94af3a1248
megadrive	273	geral	Formula One	yes	450364	8f0c48d8263b26d891f5c39ba0e73f2614fd32d7036f1e24f8c7bb1625a35598	ok	image/png	386636	400	561	76a62f2ab8949dc8338b4e36b8487a2fe706a2347006363de9863c55c9fdfe86	1	1	1	886375999b906252e2f6939873cd4ad66c2c97c6709e05c53fff0d347e8ed82d	ok	rom_folder	886375999b906252e2f6939873cd4ad66c2c97c6709e05c53fff0d347e8ed82d
megadrive	274	geral	Frank Thomas Big Hurt Baseball	yes	1848515	1881cb3ec455756a5685bfcd9a90a50277c3a638dac0ce8eb17542f4a9e955b1	ok	image/png	323222	400	561	9dc7e18362d679addb832d7c75b865e04746eaccd0c1b439f1da7fc9202a63c4	1	1	1	ddb63dfbe692e6a5f451d5865d4325c54625a07dc0d0562227f8cd101ba7e2cd	ok	rom_folder	ddb63dfbe692e6a5f451d5865d4325c54625a07dc0d0562227f8cd101ba7e2cd
megadrive	275	geral	Frog Dude	yes	29241	5b31666de49d1af7ca4981f2cadccb3e3057221989e138100d4dbf9555b53ae5	ok	image/jpeg	13521	194	266	efe3dcc8c357db254a8490ed1f2d82bac7c196c7ed113907497e7a0bd35aabf0	1	1	1	ecc0f6c9d317f1bf0f8d273890666a58d55b8a1fb245291dc5d6692dc0e45313	ok	rom_folder	ecc0f6c9d317f1bf0f8d273890666a58d55b8a1fb245291dc5d6692dc0e45313
megadrive	276	geral	Frogger	yes	28432	bbcfd4a890910572a13a0d1eb9ffe307e56551030ca2f4d29266702c6bacc840	ok	image/png	313998	400	561	ff4585cde600a33eb0674ef31e59982b1f143798aac381a9036771ab4b983f65	1	1	1	3eae457cf5c61103f67eac8644ec0e90c24296128665d5683ccc5234fff839b7	ok	rom_folder	3eae457cf5c61103f67eac8644ec0e90c24296128665d5683ccc5234fff839b7
megadrive	277	geral	Fun 'n' Games	yes	562394	c68e3af8eef3cd7b9a5970cab0251b585ff4f17f0cb0f65c69d04c8144d26c85	ok	image/png	395791	400	561	33da2f693ef5a8720497fbcea03a1b62a831b694938e5eba58ab8ab916a921f1	1	1	1	a3104d2015ac96c8f6358766364572707b3dc42aed5f40390173d7615649d5f1	ok	rom_folder	a3104d2015ac96c8f6358766364572707b3dc42aed5f40390173d7615649d5f1
megadrive	278	geral	Funny World & Balloon Boy	yes	186548	6ec378114794dcc01958c3cdb67f4fd21525ba3395655f3f96f7a73b3bf8a2bf	ok	image/png	345879	400	561	f4a546209776d960b520a4a55c3e5d51b5094a03c2a0d9449c6d618f51933367	1	1	1	6001ce19a6b0f72088a981074d60395ca27cbb1c603dc68d29c17d906d719634	ok	rom_folder	6001ce19a6b0f72088a981074d60395ca27cbb1c603dc68d29c17d906d719634
megadrive	279	geral	Fushigi no Umi no Nadia	yes	841953	8289828a1b60e0f9fb21ff1981b61d0c6a8220baba92128e7c3817e236ec42f0	not_declared						1	1	1	761ff32ac0666d41c4ee7321c2ea7e6425237f9979f6801e2d6e27b3229ff913	ok	rom_folder	761ff32ac0666d41c4ee7321c2ea7e6425237f9979f6801e2d6e27b3229ff913
megadrive	254	pt-br	Férias Frustradas do Pica-Pau	yes	405174	a84c77ab6092795c8c3b9ed0dbc223d1aa04ba6563b5ab79f5bb6eaadc3e6a90	ok	image/png	407969	400	561	b9d9a4ad8518ac9c45ad0d7e64cd1179d48c7ba861ea5dc2f80396547146f634	1	1	1	8d2db28e1d7c799155c0eb444055300e85e06bf4c291c1d6470b2398dca27689	ok	rom_folder	8d2db28e1d7c799155c0eb444055300e85e06bf4c291c1d6470b2398dca27689
megadrive	255	geral	Férias Frustradas do Pica-Pau	yes	403640	301d319d0286b8313cd1d96558b0e0ab0623ba3cd80fc1d84cdd288581adcd13	ok	image/png	407969	400	561	b9d9a4ad8518ac9c45ad0d7e64cd1179d48c7ba861ea5dc2f80396547146f634	1	1	1	8d2db28e1d7c799155c0eb444055300e85e06bf4c291c1d6470b2398dca27689	ok	rom_folder	8d2db28e1d7c799155c0eb444055300e85e06bf4c291c1d6470b2398dca27689
megadrive	296	geral	G-LOC Air Battle	yes	501837	c45e4d22a1aacdb45167d97ad572bfe24b4e1401e2151baca58c381377a04de3	ok	image/png	393323	400	561	2ef3f1e78e2144ad64c84da471e13bed4acc7f98fec19d3986cd665a96ad7d5a	1	1	1	fc5960a28acf2c88c57e6a12c37df008d36c37d7abd81c851fd89b83c2ee19b6	ok	rom_folder	fc5960a28acf2c88c57e6a12c37df008d36c37d7abd81c851fd89b83c2ee19b6
megadrive	280	geral	Gadget Twins	yes	404196	fdbbf72e838698ab300fb61db41c949539cda35365f1ddb31fa3027802162e44	ok	image/png	388383	400	561	276eaea67ad076d56c0a7f4d0e95808d9991e223dafabdd0160770848bc322b0	1	1	1	60a3779aa7f2317445ddc59fc454f959c36e7c67fd1d9acf2a47cead376f711a	ok	rom_folder	60a3779aa7f2317445ddc59fc454f959c36e7c67fd1d9acf2a47cead376f711a
megadrive	281	pt-br	Gaiares	yes	607394	4ffcdd6bd0331fb82da4c701050cea99319dda19f815409238a3680bf13536e6	ok	image/png	414475	400	561	9e901a7d6ba2c3d0d7bb214838ff2eeb3cc2602c9013232e78a24c5c06072066	1	1	1	bc3274fdf6aad3537aac16abae058bbeac3f741804f0278d2021a72520e4d1f4	ok	rom_folder	bc3274fdf6aad3537aac16abae058bbeac3f741804f0278d2021a72520e4d1f4
megadrive	282	geral	Gain Ground	yes	364981	bbc779a5eb95662b43be226cc1332f7687f60141be3fbb352361c9e26d8e9455	ok	image/png	432829	400	561	7c3d21a3aad82734ac9430081a56d3700cd128df4d270df4137fe71a1f0c0142	1	1	1	56b4f98a5add1f302ee6949073d835be661c4be6f675dcafd24d0e6295b11e52	ok	rom_folder	56b4f98a5add1f302ee6949073d835be661c4be6f675dcafd24d0e6295b11e52
megadrive	283	geral	Galahad	yes	703302	65ddb8dd543418436473a55189bebccf80cb311405008149844c6b2aeb9c316d	ok	image/png	371252	400	561	72f96dac44e935da113bdec7810ca3bdfff0bb59775523db6899269297bd5119	1	1	1	2deb1fc266462ef0f2ca586d2473e63a739c7b417df16a84f64c9f880f682d6f	ok	rom_folder	2deb1fc266462ef0f2ca586d2473e63a739c7b417df16a84f64c9f880f682d6f
megadrive	284	geral	Galaxy Force II	yes	433299	dab3c1999d246ef0a5ba0424824db2c03561487c11e46f70580f06a04b3c3fcb	ok	image/png	314073	400	561	026add3564ae7faf4369c9d28e99be263c5f86f982d4169f171a9b66f91468d3	1	1	1	edcbab935cc1f9f2cae70efb9e467c5679568d552fff334af5d256d5901e04ae	ok	rom_folder	edcbab935cc1f9f2cae70efb9e467c5679568d552fff334af5d256d5901e04ae
megadrive	285	geral	Garfield : Caught in the Act	yes	1185906	10e3071e909db39a61f9ce8e5a46b96a7af60f1369e0547542d947fd537731be	ok	image/png	380827	400	561	4aef979f86c8b3a08459549a2e9b3af6a628978f9890f2af8de0cb1fb5ad8899	1	1	1	9149951c6f2a99380ff7e9ef9b671b31804660fbfc8c0b07d1505fc26d59b276	ok	rom_folder	9149951c6f2a99380ff7e9ef9b671b31804660fbfc8c0b07d1505fc26d59b276
megadrive	286	geral	Gargoyles	yes	1537084	1cbafb34e98efa10b9de3acde8fdb99a624ec7b936d9beda15494168d50aead0	ok	image/png	382286	400	561	b4a6a19a81139e0585dc3e4d11863e3414eb1b5e5766edef9319f89d4c9d1a15	1	1	1	5367abdce66b7db36c47d90e99bef26cc51640765ab2c583bc42a8392948bb00	ok	rom_folder	5367abdce66b7db36c47d90e99bef26cc51640765ab2c583bc42a8392948bb00
megadrive	287	geral	Garry Kitchen's Super Battletank : War in the Gulf	yes	293685	6d6c38941224139bc2aa8392f4ba58dd2edf8f5faf803934511d914116032e4f	ok	image/png	372175	512	731	013112c0ed50b050bcaed1e96af4f57993cbff3b759bc95aeb60ab4b58403e94	1	1	1	05ec226b1d1ae87e37a83498f8cba65fa584ee1ded70a1f0e05b35ac730a3ae2	ok	rom_folder	05ec226b1d1ae87e37a83498f8cba65fa584ee1ded70a1f0e05b35ac730a3ae2
megadrive	288	geral	Gauntlet IV	yes	541234	56f17d51549a96c811f8ddec69a41cce23694e23c44909cf2f3ee8a1fa280963	ok	image/png	327583	400	561	ffdf2cddd40a3b65dc5707a97c5e02edc9ece2aa2159bd2b0021113695f7be04	1	1	1	c489412c268213a2270094c6882467022c2d901da12ddb586bc0efb93707eead	ok	rom_folder	c489412c268213a2270094c6882467022c2d901da12ddb586bc0efb93707eead
megadrive	289	geral	Gemfire	yes	417840	b4c755dea784e45f0392c338322bcd00063530c646bbd23fb488bf1937c332f0	ok	image/png	368771	400	561	71e78b219c1fcdc5377fa1557689a5bcabe89426c18ee21b96611210fd46a35e	1	1	1	341354862137b542ac43db0b98350035978470f383c741733db4e48fc8bf8b94	ok	rom_folder	341354862137b542ac43db0b98350035978470f383c741733db4e48fc8bf8b94
megadrive	290	geral	General Chaos	yes	510979	bc768dd00122088453a3a133e063b245afa5e4b149ceeba5bf749f2b80a9e1ec	ok	image/png	358067	400	561	bca4451c1802639cad6abb68887625cabfa341ddb5918c68dc8bef6bc0ce287e	1	1	1	d5ab58accf5e5a0e666c08239ca60d94d674691f62459fdffb3902b12bb27fc6	ok	rom_folder	d5ab58accf5e5a0e666c08239ca60d94d674691f62459fdffb3902b12bb27fc6
megadrive	291	geral	Generations Lost	yes	636376	99afe57afaf15e3ec86dc9952a7ecfe3101bdbf591bea78ce1e4d3b8041e4d65	ok	image/png	334730	400	561	9d99c2d42c0ffaa212d905b2d0147538bd1ca5bc59afcb3b6d59a4bf0b174a9b	1	1	1	8e7fbf420348e2f55875439f961c282f7faf423e31cb1ef62ad052f7f974d77f	ok	rom_folder	8e7fbf420348e2f55875439f961c282f7faf423e31cb1ef62ad052f7f974d77f
megadrive	292	geral	Genghis Khan II : Clan of the Gray Wolf	yes	522055	2d66b9785ed9ac1250aeab0fecff31ddbfd9e6095b6cf87b90ad779579e7369b	ok	image/png	419313	400	561	44d09967bbbb395010d78366310c31b0da9be1a1b156b431433af1c54b43852a	1	1	1	16681afc813268561aaea93d09803c83c840e5493a72e2c85ac8ee4bdb02d1af	ok	rom_folder	16681afc813268561aaea93d09803c83c840e5493a72e2c85ac8ee4bdb02d1af
megadrive	293	geral	George Foreman's KO Boxing	yes	643664	8fdb8819fbea73b190df54612eaf2231648c4f3212b5c5f58b87eca91808e6f3	ok	image/png	343334	400	561	5dbe711c7fb87a8fdda7c2e0ea14b55294303c398f4316a05af367f502ce266e	1	1	1	8577d7899ed2f64e9571b8c1020a0a463361b98fefef874c18a42d7929700ddc	ok	rom_folder	8577d7899ed2f64e9571b8c1020a0a463361b98fefef874c18a42d7929700ddc
megadrive	294	geral	Ghostbusters	yes	358867	10bcb8755a231c56cb9ff013f33cf0f4fc0ec8ea73a075025dcba1c9eee9c352	ok	image/png	284411	400	561	41579a7ee0a482911a08d1d1d541443660399dd54d79cfb98ee6a666c219d53a	1	1	1	5633c968015954558eee430c9dd805fcb4fe9ba0fe5f823b3314d538342b9364	ok	rom_folder	5633c968015954558eee430c9dd805fcb4fe9ba0fe5f823b3314d538342b9364
megadrive	295	geral	Ghouls'n Ghosts	yes	442389	a10c37cc55548771ce84d58dd5ef59c02a3e0486359f708ec5646c781ac137b3	ok	image/png	446109	400	561	d274525a1e50a5250be5c8b83855106e45f253fc2a8e41e327767262fe7a2251	1	1	1	22a46baf1d977ffd38b44e2dcd87dbcaabc2db2e2249d5005976cb257ff969ac	ok	rom_folder	22a46baf1d977ffd38b44e2dcd87dbcaabc2db2e2249d5005976cb257ff969ac
megadrive	297	geral	Gods	yes	444685	de7433152dbbb936141beccd8cb59097b2cfb9e3e5504feba6e384cfb4e43064	ok	image/png	389694	400	561	f3a8f83b387f7c05ca41fe4cd27e000e0b8d1615b31c2921f6a19e4bf1f50a52	1	1	1	63b71b972145fb29ed6d12bf8d9a70d92be5863a47be700dad6ec917b3ae69ff	ok	rom_folder	63b71b972145fb29ed6d12bf8d9a70d92be5863a47be700dad6ec917b3ae69ff
megadrive	299	pt-br	Golden Axe	yes	350381	9f9a1512e643e89d2c39583de6a691db31e0c8e49eeefb6d1aae6aa18ad80470	ok	image/png	434861	400	561	0c09573e20044fe972948a9129fbd06d1807d40a1832decd32a6088c4e93d2c3	1	1	1	8dcc0032fb4078ae5d4fb51b702855e5b823a0c1cefa3fb58e684befc51a2896	ok	rom_folder	8dcc0032fb4078ae5d4fb51b702855e5b823a0c1cefa3fb58e684befc51a2896
megadrive	973	geral	Golden Axe	yes	347456	446cf6c940b13b27f0446923c5183370258118580d3fac0eda319babcee8d62d	ok	image/png	434861	400	561	0c09573e20044fe972948a9129fbd06d1807d40a1832decd32a6088c4e93d2c3	1	1	1	8dcc0032fb4078ae5d4fb51b702855e5b823a0c1cefa3fb58e684befc51a2896	ok	rom_folder	8dcc0032fb4078ae5d4fb51b702855e5b823a0c1cefa3fb58e684befc51a2896
megadrive	976	geral	Golden Axe II (World)	yes	334570	2aa5924dd853ff2192c9be1ff119aefd40ae9e7303f4927e90c6d26e19e807fa	not_declared						1	1	1	4161a51168013f6d1ea04a827614ffbcb1768b306075c115990c72cf64814bcb	ok	rom_folder	4161a51168013f6d1ea04a827614ffbcb1768b306075c115990c72cf64814bcb
megadrive	298	pt-br	Golden Axe III	yes	696229	7198b0e4fa2a9c1fcb677f20f9e6e951db75627f31f40280ae07a4e36fd226be	not_declared						1	1	1	908ccc1ab36a58e567d5478002b0bd1f4f3ca24ce43194b688e0d6801a0ccd3e	ok	rom_folder	908ccc1ab36a58e567d5478002b0bd1f4f3ca24ce43194b688e0d6801a0ccd3e
megadrive	300	geral	Goofy's Hysterical History Tour	yes	506837	0f2624857b49f2e3b9a584bac5303f09079cb376e3401ad9c7b3c1be23367f9b	ok	image/png	434636	400	561	eeda1b8ff89864f9bbeb6f3a6f07be59513bcf6a4dd8b9773d84f4a876314b80	1	1	1	573b87614a33c6e365c431ebe8f4b10ed0069eccc6bbe0f36c420902cbf2dcfc	ok	rom_folder	573b87614a33c6e365c431ebe8f4b10ed0069eccc6bbe0f36c420902cbf2dcfc
megadrive	301	geral	Greatest Heavyweights	yes	1300956	c55ae3a50bccf31757a5afed910665b6d7ac185fff8928f9eb64f6193b592140	ok	image/png	329079	400	561	d7008b6d562cf540ceb354d43d4beae8bddb73f7b608b8888bd506372a35e707	1	1	1	3bb3e6d1635b3499448fa327712ca5cac4af069926c4deb17a491f4199448002	ok	rom_folder	3bb3e6d1635b3499448fa327712ca5cac4af069926c4deb17a491f4199448002
megadrive	302	pt-br	Greendog : The Beached Surfer Dude!	yes	396823	1c36132f31795130c5db53e546e68c32eba5434ecde30246389f070b46fd3ac9	ok	image/png	397009	400	561	29612a933ab5a294fedba2c29fec2582a22d0303d5c35a7baa46dffc606b5a52	1	1	1	d39facaea2eab8352b1b81f6e58d9e8dbc19247e68e15ba8786cb5df8e1c4bdb	ok	rom_folder	d39facaea2eab8352b1b81f6e58d9e8dbc19247e68e15ba8786cb5df8e1c4bdb
megadrive	303	geral	Greendog : The Beached Surfer Dude!	yes	395052	fef7cfca1f8345bb8e463daae8ce818df19dfb4afc04683f73061b57b6fca735	ok	image/png	397009	400	561	29612a933ab5a294fedba2c29fec2582a22d0303d5c35a7baa46dffc606b5a52	1	1	1	d39facaea2eab8352b1b81f6e58d9e8dbc19247e68e15ba8786cb5df8e1c4bdb	ok	rom_folder	d39facaea2eab8352b1b81f6e58d9e8dbc19247e68e15ba8786cb5df8e1c4bdb
megadrive	304	geral	Grind Stormer	yes	498507	7612fdc03e93116563f593f10c3f4ba46d3b4c596b6771a36a764e929f9ac375	ok	image/png	396630	400	561	a66b2b2cd9568d8d5327bddc48d156a2bb08b5f3b9edc84575d5f892bbe6ec71	1	1	1	8dd83eec13be08ae716813adb607aeb5ada74de397e93b132c3a0f768f68291a	ok	rom_folder	8dd83eec13be08ae716813adb607aeb5ada74de397e93b132c3a0f768f68291a
megadrive	305	geral	Growl	yes	268685	517dc9d53c5c5b862a54fdd0168dab6a4815045ba0a130ba3a9530496fbfb0c0	ok	image/png	443026	400	561	f225eb0e6a5b3f050359d44870d6eaac3f4e173e89b5d5beabbcb240f8e18c03	1	1	1	79e4dbfee9b0dd3d72f147a807e8eaf13cf375d937dff85e158840a9ba4ab1e4	ok	rom_folder	79e4dbfee9b0dd3d72f147a807e8eaf13cf375d937dff85e158840a9ba4ab1e4
megadrive	306	geral	Gunfight 3 in 1	yes	234608	cee984624696ab901078bab9809c77b50d1208c8865ad60c278e289e0a3bc8d5	ok	image/jpeg	16397	193	266	26a321f3aaa59a2c7f56953c931bff9f87dc797f89300b0081b668c8ebe033e7	1	1	1	92a18808d455400df9815723d50a289639ecb9200ee3462373469c6ee3c97c7e	ok	rom_folder	92a18808d455400df9815723d50a289639ecb9200ee3462373469c6ee3c97c7e
megadrive	307	geral	Gunship	yes	601354	a6efb5fe94163b939f6db4f4cb0dc44de38ef7ce80294cc4c57a369b30906b0e	ok	image/png	400646	400	561	c7327ae399205891d0a2d909aa5c972994cc4a81d846884cb6cb2b320aa94363	1	1	1	28be815412facb14a3b9bf07208f624854f1edea9ed840955c14fd765e4ab605	ok	rom_folder	28be815412facb14a3b9bf07208f624854f1edea9ed840955c14fd765e4ab605
megadrive	308	geral	Gunstar Heroes	yes	661835	626061be86f7eb488da0eb0ef011c5a13e8a951cf6bb039340b4774c25a039bd	ok	image/png	391849	400	561	0c8a10e4855247762d31d913082237e56b6765b2b5ca0b9304374b682702f558	1	1	1	c4b775c83f60025bb27aef2a96b68a05e5051e5c0890c040575b252f31209596	ok	rom_folder	c4b775c83f60025bb27aef2a96b68a05e5051e5c0890c040575b252f31209596
megadrive	309	geral	Hard Drivin'	yes	93010	2e566124003588fabecacbeea13233db386841c0299db597c5e6783ae9196629	ok	image/png	357358	400	561	1d3d419ba8bbb459e5128f25c17289643cb071d1666ff976c997f3dfe7c7c953	1	1	1	e3563e07e0ea355004bf6ee754a55f1ca0e1b1c4a830e8725fd71afe0e802f75	ok	rom_folder	e3563e07e0ea355004bf6ee754a55f1ca0e1b1c4a830e8725fd71afe0e802f75
megadrive	310	geral	HardBall '94	yes	909382	a210624d3149534d2eabcd83d15f82d3bed78b988a3ca554aa9c7a86f7dcba0c	ok	image/png	252131	400	561	25798b3ec6315c661cd44536e2a3709d63b2c372ef638b1bf1a20f00cd8ffce9	1	1	1	f706e91671509a8a3a81065980a332b8591db8ca1ffd9871cfe8d6465ffd13f6	ok	rom_folder	f706e91671509a8a3a81065980a332b8591db8ca1ffd9871cfe8d6465ffd13f6
megadrive	311	geral	HardBall '95	yes	1633097	b95bc1106235fae8e34b269950cf41ba9e610d31e27e565ec3fb3602e369e50e	ok	image/png	309479	400	561	fd397d80c01d8383e50a87356713b01c8ca16db4b49cb0eee28ae3f055b5bfed	1	1	1	7f49208a121d97c614ffc6bb9ae231936c79ef7590e3e911887f3ae3d854a797	ok	rom_folder	7f49208a121d97c614ffc6bb9ae231936c79ef7590e3e911887f3ae3d854a797
megadrive	312	geral	HardBall III	yes	1068097	a9157ccf74385deb9ff1e798b3cdad5663f9d11c128c99265ac680a28555ed61	ok	image/png	252131	400	561	25798b3ec6315c661cd44536e2a3709d63b2c372ef638b1bf1a20f00cd8ffce9	1	1	1	0969e8cccc18540e6afa0a7149b49079b40780042313b414c70dcd52d6586b97	ok	rom_folder	0969e8cccc18540e6afa0a7149b49079b40780042313b414c70dcd52d6586b97
megadrive	313	geral	HardBall!	yes	452862	cf70fe1993534510e68b09d848755dbaff719e038295dc86ba67d43c7d550251	ok	image/png	252131	400	561	25798b3ec6315c661cd44536e2a3709d63b2c372ef638b1bf1a20f00cd8ffce9	1	1	1	b630cbf74f04e7c20c7702c18ed6bb7c3a8f4629c8a59464c34f000b2c78ee97	ok	rom_folder	b630cbf74f04e7c20c7702c18ed6bb7c3a8f4629c8a59464c34f000b2c78ee97
megadrive	314	geral	Haunting Starring Polterguy	yes	1602691	78279eb9ffb7a38984cfce1a304cfee961c9e84f280eb6cfdb84dc395574c7d4	ok	image/png	401293	400	561	911e0ce818b8722cdfbcee3f48d432cfcd1b2aa467a5fefa78467cc1df77d94a	1	1	1	15e276ef105fcdfe36bdecb0b2ad7c185078d3f34c3904435ddb302f8e162ada	ok	rom_folder	15e276ef105fcdfe36bdecb0b2ad7c185078d3f34c3904435ddb302f8e162ada
megadrive	315	geral	Head-On Soccer	yes	719199	1c0629fa6f3f863b876bba224cc2968dee4fd5fc08cbaebf2b58c9954fcaa4e5	ok	image/png	372899	400	561	48fdb6b20b1dcb2f0dc12a95056618e2be8a7f18ac1aa7ce3c506edfec192e8b	1	1	1	8098c77bc4460cf974bc178f26b561046ccf7966b56121b2d626cc47a47f1094	ok	rom_folder	8098c77bc4460cf974bc178f26b561046ccf7966b56121b2d626cc47a47f1094
megadrive	316	geral	Heavy Nova	yes	558682	089d4fb890048a13cc857d2258823645e58aec4de6e0080428e3579618d0451d	ok	image/png	365492	400	561	231460be1799cd86780081854d4ffda191a57f0e4d6e9741d2fc7e60cf154fb6	1	1	1	4daf72141f6a21cbbd59ef611c7ede85f40a8fc7fe2c0d60897c6c4508d92ad8	ok	rom_folder	4daf72141f6a21cbbd59ef611c7ede85f40a8fc7fe2c0d60897c6c4508d92ad8
megadrive	317	geral	Hellfire	yes	204126	848a2a3d9d4a8b1b419aa6230015ee401836b5f8052fba6d4ae9db36b2f25ad2	ok	image/png	291986	400	561	f001269af63388cefc39283a0c61d7b2b774d3d4f5b2bae1424f09827c39b94f	1	1	1	1e3147f5f0d4bbc73e0888da7244bd957393be18f73f125f492645cd9c77289e	ok	rom_folder	1e3147f5f0d4bbc73e0888da7244bd957393be18f73f125f492645cd9c77289e
megadrive	318	geral	Hercules 2	yes	554537	dc5b56ffa09bca59b6218225ff8d1adb25cdd23fd0310afa5a5a35347ea701b7	ok	image/jpeg	16401	189	266	3750677f243b514667246fb0e8b96cf57121b24ddd966b3bd877f17a01d4f31b	1	1	1	61606d04c1e894e74be33977cf7bcabdd10721f39ab69651e408818e0f222baa	ok	rom_folder	61606d04c1e894e74be33977cf7bcabdd10721f39ab69651e408818e0f222baa
megadrive	319	geral	Herzog Zwei	yes	314780	a6d33b6ba7ccf2b3757874463e65c1946d4d4950940adccd92272250af759821	ok	image/png	377374	400	561	35b28bd2e96402f46d17966224a9cd18d20b100e5809a3d5c9da33df4c1f2ee3	1	1	1	956f643be014e4960acb7e42b15d0b379b5852b49aedcce63b71a85ac899b6e8	ok	rom_folder	956f643be014e4960acb7e42b15d0b379b5852b49aedcce63b71a85ac899b6e8
megadrive	320	geral	High Seas Havoc	yes	661131	5971bec445ebbb5eeeb8d2645ca18be1deb213ab447a41149b41fb7951ffc271	ok	image/png	378790	400	561	4f52694ac077d5662e276a6a268144c56125574c23d2f9245cecbb3b646eb9b3	1	1	1	d57f6dfa91e7342a91d83a3d60878ea21eb49d0d14c0d0c44871bbb09dcf1286	ok	rom_folder	d57f6dfa91e7342a91d83a3d60878ea21eb49d0d14c0d0c44871bbb09dcf1286
megadrive	321	geral	Hit the Ice : VHL, The Official Video Hockey League	yes	246700	3da48edac351f2a88d0fe247c389c6e8fed86d1d15934ab19bb00a4146769667	ok	image/png	616542	479	680	ef5cae3a22d375c250dc0843086f66e6606905c5d7a7c78da6d07ac8bd07e101	1	1	1	75547ed4c615f5e4791d7034c81db56dfb25d8e26f6f108069e0ffedfd79e2c3	ok	rom_folder	75547ed4c615f5e4791d7034c81db56dfb25d8e26f6f108069e0ffedfd79e2c3
megadrive	323	geral	Home Alone	yes	330650	5f96e50c0926b8e12cc26890b8f38f715507b760e4043c1eb6148a75e3714457	ok	image/png	371207	400	561	f4b972075d2c3f92171633dd80481b7f8a68b9cef2ceb88f1a716ee4f6ec3c60	1	1	1	fbe257e64063c36adbaea9fb6b19275a181376002ddd97da15ab7587380f5538	ok	rom_folder	fbe257e64063c36adbaea9fb6b19275a181376002ddd97da15ab7587380f5538
megadrive	322	geral	Home Alone 2 : Lost in New York	yes	379130	8664f4e7e1c859e3ef39a0af82d0c40794b6e70f591095873df6fa1845562457	ok	image/png	376818	400	561	3b37d94f5f5ff095511e97825ae1854780b7e183df8ab44fc49efac70df11599	1	1	1	f1ec6f1254ca7d35a8907c0a25da3684ffccdb3c83a0604986d99c8caaa16d04	ok	rom_folder	f1ec6f1254ca7d35a8907c0a25da3684ffccdb3c83a0604986d99c8caaa16d04
megadrive	324	geral	Hook	yes	419409	01d65a11423d360433c69757901176257f95ba7689e7c4df1f26b03dd713f2df	ok	image/png	461808	400	561	caf6172bc97c05c6d6614c8c9009dbb5f6d594e47ef08df3077d0f706e341f7b	1	1	1	7f0931dd13400e5cba8769d207574c7e40965c77bc2b64f4a4bb1f916b1484c7	ok	rom_folder	7f0931dd13400e5cba8769d207574c7e40965c77bc2b64f4a4bb1f916b1484c7
megadrive	325	geral	Hurricanes	yes	860849	df9a7103b9475ec03cd8b1574e986d66ae96c078233a14a5356b5803511a6aa7	ok	image/png	371276	400	561	b86af6d8b7367c2bcb9643b14475dc59f7070ff1ef3d6650da3d140ed9783bdb	1	1	1	982ec8b64c37486e72d2fec800d36403413bb9830cd1ba87a043e8d58676f737	ok	rom_folder	982ec8b64c37486e72d2fec800d36403413bb9830cd1ba87a043e8d58676f737
megadrive	326	geral	IMG International Tour Tennis	yes	718920	c15dcad998d851889abb0bdd269f2b5279c22270dce179d1b3fc0fa892a38d34	ok	image/png	189504	400	561	249f84335def45d469f6e10ea7fad8c18c8bc4a5e31dc3e6fa887b9aebe2dbea	1	1	1	e94532cd8b169aa2fa0569759407e41b3a27c5f877ecec1c8762c6ca2186417e	ok	rom_folder	e94532cd8b169aa2fa0569759407e41b3a27c5f877ecec1c8762c6ca2186417e
megadrive	327	geral	Indiana Jones and the Last Crusade	yes	490036	fbcb31269601df271d545be5c6ae93f22e460fe23e7d521be32e43bafcc5c37e	ok	image/png	371894	400	561	82b20abbbd716a858e596210f52608af89154be4f4345863083a00f1deb87bfc	1	1	1	e1f36007a520cf0dba4fd5cfa3ab0d6f579f524b85a47b2dd94f27102c8c6656	ok	rom_folder	e1f36007a520cf0dba4fd5cfa3ab0d6f579f524b85a47b2dd94f27102c8c6656
megadrive	328	geral	Insector X	yes	220209	b4e256e68af835489377e7ea33c92046a442137b54e27caa61faf67bb26fbf06	ok	image/png	387515	400	561	88b9bcd4cd2e3e7025a12f4a30318e65f091640cccb79f592e1b1bf05901dec1	1	1	1	dbd253e8dccee9f11d61e9e72a8cf33347aa164f603dfaf25b7efdf9fa59f93e	ok	rom_folder	dbd253e8dccee9f11d61e9e72a8cf33347aa164f603dfaf25b7efdf9fa59f93e
megadrive	329	geral	Instruments of Chaos Starring Young Indiana Jones	yes	621662	eff928260d560e701e918e92171787c8ab6c7c32e060bcfc56477b58d360c108	ok	image/png	399958	400	561	2b20503f5350fa43d571114a4742c79de6fec944c804931c897846910ac7879b	1	1	1	b49fd7ce22ed464aa95d8b479b10f40369b2ece00be4475f511d218039504cac	ok	rom_folder	b49fd7ce22ed464aa95d8b479b10f40369b2ece00be4475f511d218039504cac
megadrive	330	geral	International Rugby	yes	247559	e840a4488c7223d09e3a7024e8faaaba5231db7c90537c1d9bae6456afa5b1cc	ok	image/png	344994	400	561	d8655b2bd9f0b336c652ba25e1a1f3c21231691b153661ba72ad2ed781ed616c	1	1	1	f369af8b81a38f97a890387e1e17b81e73ebdaaeb93cd091319608c8b89d2b1b	ok	rom_folder	f369af8b81a38f97a890387e1e17b81e73ebdaaeb93cd091319608c8b89d2b1b
megadrive	331	geral	International Superstar Soccer Deluxe	yes	1205297	9aa3a7d809417af0dc63ac627ed16f0598aa736939dd6d95a37976ea7b75311a	ok	image/png	371196	400	561	10a0f2de294efdfb44bb9a1a0b8204a5ca68b2a48fe6d6f975a8957f861e057b	1	1	1	78da0912077e09beab0d374bfade9c6d80059b16d1cd953744b36a04b31ff079	ok	rom_folder	78da0912077e09beab0d374bfade9c6d80059b16d1cd953744b36a04b31ff079
megadrive	332	geral	Ishido : The Way of Stones	yes	61185	53584b545c1552cf57eb769cab27feef2b63ed4331c7e316983e55cbcbc5863d	ok	image/png	284654	400	561	5274d25fbe27b7ea63990f3369c27112f535535d1028c1defe1913fcef569227	1	1	1	ff51ae92669f4d3e3bdcae1629a4534bc1c8d8c85a979a8b71fb8bbbbd565376	ok	rom_folder	ff51ae92669f4d3e3bdcae1629a4534bc1c8d8c85a979a8b71fb8bbbbd565376
megadrive	333	geral	It Came from the Desert	yes	295511	88571c8b6d3cc6c112dc087dd5a0b41aa08a878ae7daafb31d216779b6e7bec7	ok	image/png	560780	768	768	7f31b6b2ffb7edd5b19670a3039a2d5df0d64fae01627d174448e0f4e98ccf44	1	1	1	2114653592473ed1b49e4f99688b8791db0f9fe2e6b6676bf2d53dfda27ec7b3	ok	rom_folder	2114653592473ed1b49e4f99688b8791db0f9fe2e6b6676bf2d53dfda27ec7b3
megadrive	334	geral	Izzy's Quest for the Olympic Rings	yes	963584	d9d06c96673e1d17dc3802b5ac76ad9d63b0ced88a43147eca173af6b8d8287f	ok	image/png	354997	400	561	9f7d02217a354044b2f3e87cd12f862e7e928b47c96bc2f77a3108cc999ac7d3	1	1	1	5196236091e183e67b3dea5cad8a6e93bef57156154224a2799b8202156e389b	ok	rom_folder	5196236091e183e67b3dea5cad8a6e93bef57156154224a2799b8202156e389b
megadrive	335	geral	Jack Nicklaus' Power Challenge Golf	yes	622457	c69e5c1b5fa8fdc1648b5ce037f5a3dcafa221d03947a81076d499572de08fab	ok	image/png	405532	400	561	c5c6f588191baf48a5570b8dd6824f38c302380597ef9cbb66ead973751e98ac	1	1	1	5988057a91c1788a15894b8387861399c909a461c31b9fc3612d6bd997d579c0	ok	rom_folder	5988057a91c1788a15894b8387861399c909a461c31b9fc3612d6bd997d579c0
megadrive	337	geral	James 'Buster' Douglas Knockout Boxing	yes	214479	9e983f719e1a35eb24b69c6e1857aa0f410fbdec0bcd8514efc1091016cf3bae	ok	image/png	337592	400	561	c3c9ac95d64e6ff28ba4116221809be66b149e9cdd8c9bba470d9f089cc537ad	1	1	1	084f82010fd6677406d26fa89ca0bf86f38ce640b483c136519f1e058b039c11	ok	rom_folder	084f82010fd6677406d26fa89ca0bf86f38ce640b483c136519f1e058b039c11
megadrive	336	geral	James Bond 007 : The Duel	yes	298198	798ebda625ee0a53158321a042e72e93c83e822c3986fcb9414d97674efe687f	ok	image/png	319949	400	561	f4b0d8d08f1ccbed2542dfb855d381eb3e49314aac4cfcb691eb4c9ac3a3a273	1	1	1	8312d06147330c913d5f0cf22e32572c066c6b82f30a9ef755fc12a4c917d44d	ok	rom_folder	8312d06147330c913d5f0cf22e32572c066c6b82f30a9ef755fc12a4c917d44d
megadrive	339	geral	James Pond 3	yes	1250061	477f6668db719d79df5f7fb46e27dc66fa2319d211a8b484709c3162dab7d9f2	ok	image/png	342065	400	561	8ca69c57a1ca98fc026d2b27157e17080b057db7f82452af5926cdebda5d1a1d	1	1	1	a586c7cbfbcbc408156194758c9d081d0a0d6d9c9e2b57506f8bbcd74a4702ba	ok	rom_folder	a586c7cbfbcbc408156194758c9d081d0a0d6d9c9e2b57506f8bbcd74a4702ba
megadrive	338	geral	James Pond : Underwater Agent	yes	200955	48d41a0480f2677e57152d0fa802043bbb59cd44ff5a083014bb6c3128d46705	ok	image/png	436191	400	561	d25b1f349e7c404417dfc6d8542d3758ce95bbfee41331ba3a369d8cf6b46603	1	1	1	f7371b46ac91dedc77ce0327584f63ed6f28ea1db66e68a0fd5eb82affcfbd9c	ok	rom_folder	f7371b46ac91dedc77ce0327584f63ed6f28ea1db66e68a0fd5eb82affcfbd9c
megadrive	340	geral	James Pond II : Codename, Robocod	yes	293699	6a4f6dd572cd43f861bd6c6af8f483bf2c3faa0d89cf7a03f21a0f97612d11a6	ok	image/png	299368	400	561	a6ca692d1b4e0b466873d9da43966663261642c64f65cb20152a9911c3039cbf	1	1	1	79d567f009ce93f19133d27c37792bc474315185a07cf549bd0fe1b0c1411f7d	ok	rom_folder	79d567f009ce93f19133d27c37792bc474315185a07cf549bd0fe1b0c1411f7d
megadrive	341	geral	Jammit	yes	1208193	2d865e71c8b99db8fc00a2d338df2c0af4a01583969bdd6eaab62cb8cf270a50	ok	image/png	372841	400	561	79823d224d04b6a054c71593d436b12d16f7b91d31eda09851afed76a35dc6d4	1	1	1	29ada70fe9d98f9515630ec374a8b08aa2874902fe37bc7f5f8370854091d49a	ok	rom_folder	29ada70fe9d98f9515630ec374a8b08aa2874902fe37bc7f5f8370854091d49a
megadrive	342	geral	Jelly Boy	yes	606943	6222162ae502cd19dc0040f68462bca30546638c30aea2772d893769d15eb72a	ok	image/jpeg	146589	306	428	c648cbdd5cf4526d4190471b3f7b12e40bb28845233cc6b43050d536c08f60b9	1	1	1	32dc98e7ed05bb72fccb203217ba9f0622210d8ebb06b777fd1e5b030318da1a	ok	rom_folder	32dc98e7ed05bb72fccb203217ba9f0622210d8ebb06b777fd1e5b030318da1a
megadrive	343	geral	Jennifer Capriati Tennis	yes	202616	2c458ed32cf19b3a845d9db974f6f817ed5a99c209580bae334bab460bbb622a	ok	image/png	354936	400	561	fd024db8e29f568444e508c13cb485f91147eb456e143a5c7eedba3da538d17f	1	1	1	eedae52e638b2bd25fb8b2e1f12256b6288f37584cca33a9f21c5e70e9d78e6d	ok	rom_folder	eedae52e638b2bd25fb8b2e1f12256b6288f37584cca33a9f21c5e70e9d78e6d
megadrive	346	geral	Jeopardy!	yes	267457	3d726fe82a3f7e568eab7aebad78aeb9ec82c023abf33c918d032e891c95837e	ok	image/png	325495	400	561	e6c80b25f589bead205625c61dc4d88e81b1cb580eeb5427b5a415d28dc7e2fe	1	1	1	0ecd2224efc2818b73b7586b616491e8e77403e13e031324009092a85bfe780e	ok	rom_folder	0ecd2224efc2818b73b7586b616491e8e77403e13e031324009092a85bfe780e
megadrive	344	geral	Jeopardy! : Deluxe Edition	yes	333655	c3ee86bbc3432c90738d3c8e55a8de72b5baf477e7d0ead67d8b4cefef205c29	ok	image/png	355321	400	561	77c569db8cf0cacd848c19b12399c16da5facccf46eb10783a5e6d57b2f83811	1	1	1	1824310194e26a00e0c686f775934ecb9bd896f76cea0d1bda8ab4f5a1dd886d	ok	rom_folder	1824310194e26a00e0c686f775934ecb9bd896f76cea0d1bda8ab4f5a1dd886d
megadrive	345	geral	Jeopardy! : Sports Edition	yes	303350	c7960c37884e19885adaecd227565a80a6983b78972cc46f4beb316547142bdc	ok	image/png	389497	400	561	6840b84526b3f051c025232fbd7c87e6705e799844c4035154b2d42d2a3580c2	1	1	1	318c4b0114b8cd678bbfa97b0f8411e11065c29e4f46812653774ad76d0d9b5b	ok	rom_folder	318c4b0114b8cd678bbfa97b0f8411e11065c29e4f46812653774ad76d0d9b5b
megadrive	347	geral	Jerry Glanville's Pigskin Footbrawl	yes	451856	b9ade42b85d2b616f8687a5f81ccb68844f59c6af82f2beaca71b96b343fd931	ok	image/png	385444	400	561	ea2554b20536584ee7cb6d291ce9fcbc74ac787830b1bd98e2a40375bada9ab5	1	1	1	5ef308ebe58ceae2433813f0b08e136d66a5a100c3f908396b01db78eb94b554	ok	rom_folder	5ef308ebe58ceae2433813f0b08e136d66a5a100c3f908396b01db78eb94b554
megadrive	348	geral	Jewel Master	yes	318645	0619eabf9e66dacddad9287d192635305a6bc57acdf4c46908cc8f714b2c1f90	ok	image/png	282279	400	561	1b10500df126c8c0d2d569f4ab1db1813f1d207f9fbdb6d36fa3d48be4a1dde1	1	1	1	6e39b320871cabc7ae0df444f5849a3abc5b90581a6c3661121cab66e93f8bc4	ok	rom_folder	6e39b320871cabc7ae0df444f5849a3abc5b90581a6c3661121cab66e93f8bc4
megadrive	349	geral	Jim Power : The Arcade Game	yes	574376	d415766646ec1a79c9270bb0d046d2c3b178e2044f81fdbff3ccc64e24f9c683	ok	image/png	756314	768	768	2184a52c3a3d4043ac9196f6a9c428b6d9e3e71d84855d9cbba2a8786564f0c2	1	1	1	171e8cf4a04ee824e64d767ca42b3c45e53433a8e6713ca43caf76116594006f	ok	rom_folder	171e8cf4a04ee824e64d767ca42b3c45e53433a8e6713ca43caf76116594006f
megadrive	350	geral	Jimmy White's Whirlwind Snooker	yes	220305	dca272100c545293822d8f7743b4fcbd78a58bf9ecd48dd2a9566165a98d9c30	ok	image/png	320918	400	561	bda5b8db9f259796df1afc9fb42a6a4a4a679083968559f5e6d1213a427d58ba	1	1	1	a6a4734df260e751a859caa998caa4470321eeeda8adab9a3d5c3ee611d4642f	ok	rom_folder	a6a4734df260e751a859caa998caa4470321eeeda8adab9a3d5c3ee611d4642f
megadrive	351	pt-br	Joe & Mac	yes	646317	0571bf515999e54a36fb132539112f092d5231bb1b3c03925037a33a9860a9d3	ok	image/png	356932	400	561	2edce48f860da8c5b43e93be7de18a0bf690e9e7ed7028481d58b1dd1c23fb45	1	1	1	c4ac8bf13f4ee5f0002c18c13635fb40ab5c30b7469c9a7a1caf9854a97ebb0e	ok	rom_folder	c4ac8bf13f4ee5f0002c18c13635fb40ab5c30b7469c9a7a1caf9854a97ebb0e
megadrive	352	geral	Joe & Mac	yes	625657	53590efbd610d392a4d9898af2a8818fd5064b37d9dfd75a26de927f1b08c872	ok	image/png	356932	400	561	2edce48f860da8c5b43e93be7de18a0bf690e9e7ed7028481d58b1dd1c23fb45	1	1	1	c4ac8bf13f4ee5f0002c18c13635fb40ab5c30b7469c9a7a1caf9854a97ebb0e	ok	rom_folder	c4ac8bf13f4ee5f0002c18c13635fb40ab5c30b7469c9a7a1caf9854a97ebb0e
megadrive	353	geral	Joe Montana Football	yes	200467	33ec983879e1c53c9e291e0ca98b056cb49b6976c214f771ce800526486c7f67	ok	image/png	293564	400	561	e3a45fb79897530b4d8b8bad06ad34ca3f5ab8f36fe96a965ab4900bb73e545c	1	1	1	65d7afdb41f149999f68d58ebe7b3efe8d7d345dde7c69c463641332a7f243b6	ok	rom_folder	65d7afdb41f149999f68d58ebe7b3efe8d7d345dde7c69c463641332a7f243b6
megadrive	354	geral	Joe Montana II Sports Talk Football	yes	590434	9780ab08112d515591e23909919d286b2462f1a22865ebdaae680e7ceedc9c0e	ok	image/png	357115	400	561	dcf49b4c2725eeef6df5790bfcb84bb6bcb43abe7e6f0a1748bd8b24fa82b311	1	1	1	4b1a7a292826524d730a09a33ee44ead3e8f5608ffcc626ef80cbef7e49668eb	ok	rom_folder	4b1a7a292826524d730a09a33ee44ead3e8f5608ffcc626ef80cbef7e49668eb
megadrive	358	geral	John Madden Football	yes	244559	fe5fc2ba5e301c4e6dda132d373c1cd3673eddf2c82debdabd653caef41c5012	ok	image/png	307532	400	561	f1987ecda29fb10d428f4477e35d52fd1fe76d99afaacda813d34b56eb1f5e93	1	1	1	18fef166ba270eb98f958d77e9f3521cda7a8d0aeac644d423f964a223638a0a	ok	rom_folder	18fef166ba270eb98f958d77e9f3521cda7a8d0aeac644d423f964a223638a0a
megadrive	356	geral	John Madden Football '92	yes	312161	d4b1f61654e1280d5d83328d7aed31393c4d59280000276f3791fe94899b0591	ok	image/png	331465	400	561	3b7c64797cbdf30e78c837de8cc89b31c7c39bde71937609ab49f8547773c7ea	1	1	1	c4e6332dec9d8de6282f13a1d8c35e08f3cb814aa833250a2d93c044af82e7a6	ok	rom_folder	c4e6332dec9d8de6282f13a1d8c35e08f3cb814aa833250a2d93c044af82e7a6
megadrive	357	geral	John Madden Football '93	yes	508867	cc5ce02acb01bbcb4177ac19cc5131f158cb01d09e2c25e124463e91eca9b49b	ok	image/png	341251	400	561	69b5ae790dc362c9d8b505ee7893d762c18497a78aee2337a5adb8111d7fd9c4	1	1	1	4a0d633ee53fe68c8a2834005ae4ad50228d1527b4e9d511481a56c6b5d3445c	ok	rom_folder	4a0d633ee53fe68c8a2834005ae4ad50228d1527b4e9d511481a56c6b5d3445c
megadrive	355	geral	John Madden Football : Championship Edition	yes	509617	745d48ddc0162aca6c638c78d993a2deedfddfeb0c9bbd5b363cfd638f315722	ok	image/png	341251	400	561	69b5ae790dc362c9d8b505ee7893d762c18497a78aee2337a5adb8111d7fd9c4	1	1	1	6981152f751dfe318798a513a1d6bcfd12c338ccc1775ff13c697da850ab89a3	ok	rom_folder	6981152f751dfe318798a513a1d6bcfd12c338ccc1775ff13c697da850ab89a3
megadrive	359	geral	Jordan vs Bird	yes	302479	feab948550f7f97082e7190ed7360d69a89c20d3ca2bdf693f36c70fe8f49c51	ok	image/png	374191	400	561	8f015bbb7ca6e0a250b85b13206dc6c5f3df90a8a236dd665808b83e45c3d81e	1	1	1	c4139e6b663f851725d48e854e8d58ddd9f38b0a8b7ce276a58e4c809d3365fa	ok	rom_folder	c4139e6b663f851725d48e854e8d58ddd9f38b0a8b7ce276a58e4c809d3365fa
megadrive	360	geral	Joshua & the Battle of Jericho	yes	170472	ec0472e1f9afb15839ca8257552e03462cd68219e6edfae4b977834a54de32df	ok	image/png	402285	400	561	c12b73b044ae3e7b52c7e2fedeb3185f6e8463a390fff5ff731a6e4922dbdef9	1	1	1	1b5b9863640382a46825198eed35334d4471997d96eeebe6fa01430b98c0e510	ok	rom_folder	1b5b9863640382a46825198eed35334d4471997d96eeebe6fa01430b98c0e510
megadrive	361	pt-br	Judge Dredd	yes	279644	f547f08f78d32c6f9542b243ca8eee04824b50373812c366f6c3d2e85b8c8c9a	ok	image/png	440459	400	561	4d22cea736993c585812bf2bd99ed3caed62d31311d98b5e9948840d2c19c497	1	1	1	d944974b87bee04eac08cd05e58eb6fd0fa6dd107e02cc31d35211137aece6b0	ok	rom_folder	d944974b87bee04eac08cd05e58eb6fd0fa6dd107e02cc31d35211137aece6b0
megadrive	362	geral	Judge Dredd	yes	1092548	682723494f3a8fdc35e81e6de2a44caaf563ff4846a8d047e565ba557204cb59	ok	image/png	319633	400	561	8d05b50ecb7c440c8d370b59a98791e0c978fdfc70013bc413af36113486df1a	1	1	1	d944974b87bee04eac08cd05e58eb6fd0fa6dd107e02cc31d35211137aece6b0	ok	rom_folder	d944974b87bee04eac08cd05e58eb6fd0fa6dd107e02cc31d35211137aece6b0
megadrive	363	pt-br	JuJu Densetsu	yes	279596	a88540bcf8cbc01e2919079784f9b88708e4cfa515fb6a9070a5e2d2c1b467c1	ok	image/png	440459	400	561	4d22cea736993c585812bf2bd99ed3caed62d31311d98b5e9948840d2c19c497	1	1	1	8368681baadcb77180e81daf3dea5b3b28c52762907b11a687d39d0ffa56b96d	ok	rom_folder	8368681baadcb77180e81daf3dea5b3b28c52762907b11a687d39d0ffa56b96d
megadrive	364	geral	Jungle Strike : The Sequel to Desert Strike	yes	1249216	e9eb9bdbbfaf4fdc4c7c0bee0020aac30a46bbb127f9693527652ca2ebe1a8a6	ok	image/png	371278	400	561	7987e0d3b816c2c71cf87c0a64a1c10744fa8ad335a8f5aa7ff4886eca016f2b	1	1	1	cd5b7460cbd59017ae832df44ff691e8c2949989162ac5fbbf5790995f96ed93	ok	rom_folder	cd5b7460cbd59017ae832df44ff691e8c2949989162ac5fbbf5790995f96ed93
megadrive	366	geral	Jurassic Park	yes	1150913	8c5e8c72cf6ee87bc5732c63f19843e68b8f9fd4e55e3f87146cbdec14fa4c36	ok	image/png	404201	400	561	e72c1d38aba37a70ee4ff287eaed9b80a6fb7e1895abe396cff218c64856ab4c	1	1	1	def75b6dbb63a941c300c463667e6824f6565eca12749003ddd395849c50e17c	ok	rom_folder	def75b6dbb63a941c300c463667e6824f6565eca12749003ddd395849c50e17c
megadrive	365	geral	Jurassic Park : Rampage Edition	yes	1007173	b02afe1fadbee0764b2260281f3b206a82474767420974aefc320ae6eca13a7c	ok	image/png	404201	400	561	e72c1d38aba37a70ee4ff287eaed9b80a6fb7e1895abe396cff218c64856ab4c	1	1	1	f3486b19a36521261cc8f992a03ab39ce488759bddda8f22d513ed7d9bf8a493	ok	rom_folder	f3486b19a36521261cc8f992a03ab39ce488759bddda8f22d513ed7d9bf8a493
megadrive	367	geral	Justice League Task Force	yes	1562114	960292f1008ec150675c219b97894bf82c6b095d1800904f1fdbe93ecca7f88f	ok	image/png	417974	400	561	3fd85f5979593f069c85857833611a5c042295777fef9f562e1b71db2e7b9326	1	1	1	42226ec91ee14cbc3663c1e157b1f16a307a3294fbe76469f2c8d77d9d3b8487	ok	rom_folder	42226ec91ee14cbc3663c1e157b1f16a307a3294fbe76469f2c8d77d9d3b8487
megadrive	368	geral	Ka-Ge-Ki : Fists of Steel	yes	425278	0ff58e784b3cba4de778d07879fbd39ff21c33ae3c34e4cc142ff07a49db1240	ok	image/png	402714	400	561	112b67cee17cc59edb0f940f6596c028295b7fd30dae580cc44d2dc7eee060e6	1	1	1	0d2c3df5aa4d80f2bfa83cebfc5e17cc1e3df1c18f0d4e77ef712867e37de319	ok	rom_folder	0d2c3df5aa4d80f2bfa83cebfc5e17cc1e3df1c18f0d4e77ef712867e37de319
megadrive	369	geral	Kawasaki Superbike Challenge	yes	474074	e3e5ddf562548dbee4d65a6f6f620cc1172309c5f8b459541bc03530399251c8	ok	image/png	371301	400	561	f74ca12be91bbb51d41eea21a5007f2f85dc5ae43b2ed08db56412001b3de399	1	1	1	74f9b11c2070ef136b63767f5384f209a6e3ec2eb496b65a241b963179f44cc0	ok	rom_folder	74f9b11c2070ef136b63767f5384f209a6e3ec2eb496b65a241b963179f44cc0
megadrive	370	geral	Kick Off 3 : European Challenge	yes	368426	d4d6e3695d2422907132a7671a003301a634a6d4b4dff92b28def9598d7fcdae	ok	image/png	344793	400	561	a2863a5bac1bc1db04a92252c8b50a543bbcef075e6b34a76c6e4f6d3164b037	1	1	1	c4b73ced2e6f3ad4a0b987379d015d56fcf7ed63160877e1fe36b1ed00f99092	ok	rom_folder	c4b73ced2e6f3ad4a0b987379d015d56fcf7ed63160877e1fe36b1ed00f99092
megadrive	371	geral	Kid Chameleon	yes	747067	ccff8788e94217258c4229880f9c01309051559eece000380db03a4caa5a1ad9	ok	image/png	416880	400	561	9289fa85ce5e01729a5a491a225f8fd4c7660412bcc27ebf756fcfc559e753d8	1	1	1	0ed2f1b27827a3352f1433a626edf40545ea359950ca05f842c8a968fac173a5	ok	rom_folder	0ed2f1b27827a3352f1433a626edf40545ea359950ca05f842c8a968fac173a5
megadrive	373	geral	King of the Monsters	yes	598811	070f87b8c894e6064469893def238fd23873a9f8f4418f3e1dfc40b3996f73dd	ok	image/png	434115	400	561	7ab31dcfac8d380f82c967adac49f24c5c3090916460a43502ae7edaff28aee3	1	1	1	ca366873388e86804b1e786eaf31ced3db3abd007d0fb0ea4b3179b5b1100e14	ok	rom_folder	ca366873388e86804b1e786eaf31ced3db3abd007d0fb0ea4b3179b5b1100e14
megadrive	372	geral	King of the Monsters 2	yes	1145259	34df5bc56da16be67bfc1583fc120c4e40b81f0cc279ec18727d18fe0cfcb459	ok	image/png	385503	400	561	24c4ac8310546889928b27a6b1748323e2b71eca1aaf2d6775f8668d8eaf140c	1	1	1	d3348ae9b1e7b6c9efc732e607898f6ce720088f70c009edc2739182af1ea184	ok	rom_folder	d3348ae9b1e7b6c9efc732e607898f6ce720088f70c009edc2739182af1ea184
megadrive	374	geral	King Salmon : The Big Catch	yes	177027	0c8e5160afbb3147e8236d69ac3406b87f11f7833a3db34449cf71cea9421c2c	ok	image/png	395215	400	561	2700a3490ddb770114dafc6766684fb0f57a7869c8d302372c1605901cd5c08b	1	1	1	76141bd413503bb2f81d5f48e45cf690cb0de3e4d0b13a1c970d20d41469ac98	ok	rom_folder	76141bd413503bb2f81d5f48e45cf690cb0de3e4d0b13a1c970d20d41469ac98
megadrive	375	geral	King's Bounty : The Conqueror's Quest	yes	250446	1b0ace2ea936bc79e342ceae6308625e13bd5f540333d7a21fc951c205848d4a	ok	image/png	359141	400	561	bdc3a4e3355e7631bbe9ae08d991899afb8f713e33941be79ad428b1485c6b2a	1	1	1	b0b4d267c1889bf215cc62c59ad5c4f2307ee1fd5f1251fc81e013871dc4cc10	ok	rom_folder	b0b4d267c1889bf215cc62c59ad5c4f2307ee1fd5f1251fc81e013871dc4cc10
megadrive	376	geral	Klax	yes	110280	941953826f85dedc5ef81d8a5c7d0cab8db46bdccf1f004ac433333b8b8c0a8b	ok	image/png	256977	400	561	7fbb7d56b6a49f80f1978b186dccf933435a5ca5e745a21a5cc2301bd88a1835	1	1	1	b2a050906e25c74e052c899b5ea1dc13b935a3bfac95626cd9b6f44d79a5d153	ok	rom_folder	b2a050906e25c74e052c899b5ea1dc13b935a3bfac95626cd9b6f44d79a5d153
megadrive	377	geral	Krusty's Super Fun House	yes	271776	172bb875d777c155e87d8d4ce656677c21c1eb31b16be63411c53c1c37b6de33	ok	image/png	414389	400	561	75658caf3a39cbe5a811cd8fb78e34cc35cf633b6f644d29a583a2dafe1b0000	1	1	1	cb95876fafde91d7399db717b6450d6b6b197fb8a414741f6132a25b8cb5097f	ok	rom_folder	cb95876fafde91d7399db717b6450d6b6b197fb8a414741f6132a25b8cb5097f
megadrive	378	geral	La Russa Baseball 95	yes	904047	7e4b86c93e5908e2946d615386ea55dff0b02a5acb2d1c00223fbc728368e84c	ok	image/png	285464	400	561	638804754df42b97e043a81c13a7a8116ab516adc519f8bc27556b7b60b5fdbc	1	1	1	8959a5b49a83b3ab50fd11cd3bdc38155ef7fe9b555873c06438e5d3ef5458de	ok	rom_folder	8959a5b49a83b3ab50fd11cd3bdc38155ef7fe9b555873c06438e5d3ef5458de
megadrive	379	geral	Lakers versus Celtics and the NBA Playoffs	yes	263927	2ff4ca8523c24d34044a46c9b4865acdf6de93f7dcf5d2163d7926cb40da1982	ok	image/png	305868	400	561	ed0e75688d210b3ad949ec67a6ab502f681dc1f5b6f7291aaed4292f95d93c62	1	1	1	41c05fa4afbb2970cabd6236b5abdc6a60d7acc67b811b6f37525d007c9715a7	ok	rom_folder	41c05fa4afbb2970cabd6236b5abdc6a60d7acc67b811b6f37525d007c9715a7
megadrive	380	pt-br	Landstalker	yes	1409814	00df865ce64203e27432a2ef1fcadc6549994ab6a9778c5e069d81f0b776c8eb	ok	image/png	406318	400	561	a0a4fa081a5b981aa791cd775c6f9ba409df22e092702159d01b11ef73a0d34a	1	1	1	f0af82d9114becee1ab0659fe88ba2554548a08be9d5744778d2583584af914f	ok	rom_folder	f0af82d9114becee1ab0659fe88ba2554548a08be9d5744778d2583584af914f
megadrive	381	geral	Landstalker	yes	1402406	5142fb18cd889c7276c70ab9ce2e7c2b1c4222304e66792b100af85b954a930e	ok	image/png	406318	400	561	a0a4fa081a5b981aa791cd775c6f9ba409df22e092702159d01b11ef73a0d34a	1	1	1	f0af82d9114becee1ab0659fe88ba2554548a08be9d5744778d2583584af914f	ok	rom_folder	f0af82d9114becee1ab0659fe88ba2554548a08be9d5744778d2583584af914f
megadrive	382	geral	Langrisser II	yes	1092895	80c5580baef1d31f0ba8a5fa5faadc482d9b90123ddcd74d460239b8d497099e	ok	image/png	864430	768	768	df06cc94798f814866f6eb9e2c3d4ce51535c386625b09aa8e03588bb48f3a27	1	1	1	c5c203212f59ece66434ddfa5a064f885576aa1e0663f8665af55ad517d6dfc6	ok	rom_folder	c5c203212f59ece66434ddfa5a064f885576aa1e0663f8665af55ad517d6dfc6
megadrive	383	geral	Last Action Hero	yes	337148	1c7e3c58d48d1066b88ed395ef490121c91bbee73ba4f28c832d8874e333db53	ok	image/png	310467	400	561	6273147eb7377c536c2fbde16b7255782b467f09d51387e76c40d0be17c090b6	1	1	1	6db6a86cceb5f9af13b695cbaa7ee1c3a731b36985816ab123f55cee1698cab0	ok	rom_folder	6db6a86cceb5f9af13b695cbaa7ee1c3a731b36985816ab123f55cee1698cab0
megadrive	384	geral	Last Battle	yes	303066	ed12ea4bd003f1726ef264cccdb4ba48e99565ffe4b00e53dc1f5cff25414884	ok	image/png	399784	400	561	8f5b482cb75a6e5e0d1b7c72ea93f91b6d1297b3b9f51eee245325e8a014f51a	1	1	1	e4013bebeee8da588ae5ec77d94e8e55c26b3b7c58968add183c62d4a4455429	ok	rom_folder	e4013bebeee8da588ae5ec77d94e8e55c26b3b7c58968add183c62d4a4455429
megadrive	385	geral	Legend of Wukong	yes	619536	1b16cce1f15912558b6d0308a862c008ff7ae20cd657a6be3e8b4dba86702778	ok	image/png	180142	256	364	436d580dfecce69bfa2174a38744df88d931d440ac817e3d81bb06f85062f7fb	1	1	1	16b2aa92a55a83dcd1c9f6dcdfa59a80d6140919c51b7bfbb41e79432ad6c0ee	ok	rom_folder	16b2aa92a55a83dcd1c9f6dcdfa59a80d6140919c51b7bfbb41e79432ad6c0ee
megadrive	386	geral	Lemmings 2 : The Tribes	yes	754751	1d8f0f48619b9029c4df86c4ca8fdafbbecf608d44a06dec7b606a12daf86e21	ok	image/png	350970	400	561	3718079e729f10de00c0898b4760d871673201beb0876cf7a71619171f2c8725	1	1	1	0aaeb6aca8a725e7b58ca7b7a9857d3aedecc8b7f368d816f66157e189a1202b	ok	rom_folder	0aaeb6aca8a725e7b58ca7b7a9857d3aedecc8b7f368d816f66157e189a1202b
megadrive	388	geral	Lethal Enforcers	yes	1679881	0a372bbf8ee3eb6d207282d5e6cff3cb9d79379ac3dd05dd8b6637badfff0c48	ok	image/png	393732	400	561	409f3bf46288fec870c75148c8a1f8150783cd97716dbe764ac96f82e04ac4c1	1	1	1	48781247a6f5566009309620bf09e5db6cbf485a26aa2254eaffd7f312d2b2f4	ok	rom_folder	48781247a6f5566009309620bf09e5db6cbf485a26aa2254eaffd7f312d2b2f4
megadrive	387	geral	Lethal Enforcers II : Gun Fighters	yes	1667030	d555e7922af5bb44aa569fc0a1c90670508ec6588eb01d5d58d4a32547777dac	ok	image/png	377014	400	561	8c0bb2b379cfab388892c41855db495cb47926a39688e06e0d8463edda7db90f	1	1	1	df23c01616cf67d8aea95d70dd4789ad71646cdb8cecefe53998c700c2dd0f39	ok	rom_folder	df23c01616cf67d8aea95d70dd4789ad71646cdb8cecefe53998c700c2dd0f39
megadrive	389	geral	Lethal-wedding	yes	1118010	6cdbe5dac1a334776044d7e39bb306e591c0ad88471d71c2430c0127af1d0d15	not_declared						1	1	1	cc35cfffaf53086b06aedf5741e62cafd0ebf7b1036b5a6937847f770c99b300	ok	rom_folder	cc35cfffaf53086b06aedf5741e62cafd0ebf7b1036b5a6937847f770c99b300
megadrive	390	geral	LHX Attack Chopper	yes	526264	c635b51dff64d489232499a74d5046e93202bdb28a32994d388295e44d9d0482	ok	image/png	327278	400	561	7ae4d40ee51f05faeda02587e2205546568636ab8c7d15accc3ac68263d54ea7	1	1	1	e84dd4ce1898a4cc4db035108226912731fddf9d0d10209ee2af194aea67ccce	ok	rom_folder	e84dd4ce1898a4cc4db035108226912731fddf9d0d10209ee2af194aea67ccce
megadrive	391	geral	Liberty or Death	yes	647538	03a356c18a7b2e9223d5ada4afaf68a6cda6efe3ae7454caa6604bc3680b2606	ok	image/png	419619	400	561	1d1183bce1e164baa11676e2fe402faa7b66c47db94b4b1e79acfd9de7d4b2f0	1	1	1	d694ba5c171e72d89c9a14d9e3591bd1c9c559eb9a8796c047aedbeee30f654a	ok	rom_folder	d694ba5c171e72d89c9a14d9e3591bd1c9c559eb9a8796c047aedbeee30f654a
megadrive	392	pt-br	Light Crusader	yes	1210335	f636a7c475ae3c076606967fe1fd3475c94ad67e3ff652191e0f846b975d3381	ok	image/png	345894	400	561	5111a5f1023737acf295bc6afe50a1f050eea5bf7b9fb779c7fbce2fafe652e3	1	1	1	252e5c198ee31296b916b8738684a4b8f760dfaaa9b17dd91ae982a0fa959a6a	ok	rom_folder	252e5c198ee31296b916b8738684a4b8f760dfaaa9b17dd91ae982a0fa959a6a
megadrive	393	geral	Light Crusader	yes	1201834	49c2265258d41e6899ac063a43a308c306f2900e8ce2d87721c4b9af1152d16f	ok	image/png	345894	400	561	5111a5f1023737acf295bc6afe50a1f050eea5bf7b9fb779c7fbce2fafe652e3	1	1	1	252e5c198ee31296b916b8738684a4b8f760dfaaa9b17dd91ae982a0fa959a6a	ok	rom_folder	252e5c198ee31296b916b8738684a4b8f760dfaaa9b17dd91ae982a0fa959a6a
megadrive	394	geral	Lightening Force : Quest for the Darkstar	yes	729623	5563931a508f7cf4f25ae947a641dfd84c3e0d7f205770c45fb7856838a17672	ok	image/png	362913	400	561	1e13e4463c9783162969b5120115bcf5153e592c2d76c49dfb2d384d05482568	1	1	1	3dfa748a003074483245848b1a25a80c60e119b336d3d115e89440cc0c265ef4	ok	rom_folder	3dfa748a003074483245848b1a25a80c60e119b336d3d115e89440cc0c265ef4
megadrive	395	geral	Lobo	yes	1458923	7e9a146a5783480dc664b2d243a8b3c213577cc81064561264203847c0e3555c	ok	image/png	684518	768	768	539c9d73bdfdf81e04a1ba5e99e59ea0d2ca58fd19ce88abdebfd713fec5faf2	1	1	1	1cc7a8ab533a3eec1cab2aa830ab9ee1dc88b7f06360ed432707778f447fce9c	ok	rom_folder	1cc7a8ab533a3eec1cab2aa830ab9ee1dc88b7f06360ed432707778f447fce9c
megadrive	396	geral	Long	yes	71347	b9d438421e3d9d2a2c715561ccae45c7ac7312a5f1b9b3130ca122c5d86a4262	ok	image/png	190619	285	403	168d374c01b393c09144461f797348448fcf5bc2c94ad8e2893e85e7987595cc	1	1	1	01ff421eb7dcded412665733930b2dd8f69a9285672963b8d43498cdd6cdaa76	ok	rom_folder	01ff421eb7dcded412665733930b2dd8f69a9285672963b8d43498cdd6cdaa76
megadrive	397	geral	Lotus II	yes	483422	d894c99ade2449b60dddb52932dd145a0ef38499a41b803eb9a361cbc3a63b14	ok	image/png	412589	400	561	e73d6ee4a4a32e64b422a2fa9be87f2ebcecb6e800d2b4c0294ca1be8cc8ccba	1	1	1	3ac304aafa71f373282086fbbcdc2e0bf72a4d457e7e8e27a92b6412d3c6afd3	ok	rom_folder	3ac304aafa71f373282086fbbcdc2e0bf72a4d457e7e8e27a92b6412d3c6afd3
megadrive	398	geral	Lotus Turbo Challenge	yes	444603	04cb035b4542f1f4928bc294cbf5dded8f5a6046e2ecd07d845c4b252fa06df8	ok	image/png	316708	400	561	50ba23c32ab8d0b6b66dfae8985accba41724045b4904250e9a6c60886bb79c5	1	1	1	2655cb6d32eff4a3ad7c568e66061dd5913f94c0b3367a2124b9ea9d1cbaf150	ok	rom_folder	2655cb6d32eff4a3ad7c568e66061dd5913f94c0b3367a2124b9ea9d1cbaf150
megadrive	399	geral	Lufia & the Fortress of Doom	yes	38708	b6e42f2f0f69f642c0649bccfe81680f16bcae79023a0676ccd118e485936983	ok	image/jpeg	15705	194	266	7f4c3424df93426b42f3c683f9ff15b34b0df594c87650770c73b38fb2b905a0	1	1	1	7a66880df482aec0806a5a5763966c4403aaed05d22e13f2ef840b0b0a10da14	ok	rom_folder	7a66880df482aec0806a5a5763966c4403aaed05d22e13f2ef840b0b0a10da14
megadrive	400	geral	M-1 Abrams Battle Tank	yes	314594	76b560fc00038bdf0bf757a001fe6d4942bda982a546612655427004d53fc584	ok	image/png	318609	400	561	3bae92fd683997db64b6bbc83dcf3f7178e6977116f52ef7806b2d9c99d0eb4f	1	1	1	f34f496c69d25bc8d5acfed8dc9ab1979920e34edb793be5bcfc1a334a1c1c46	ok	rom_folder	f34f496c69d25bc8d5acfed8dc9ab1979920e34edb793be5bcfc1a334a1c1c46
megadrive	401	geral	Madden NFL '94	yes	927864	1bbdd06c7bdaf7402a87ca2bfa43ef8c9fb8056fc5d5956f4b769bb9cee334a5	ok	image/png	239870	400	561	7f8d663397854e832c7e7d93a9a1d710199c910ead2ef10b3733148fde163929	1	1	1	834621d21de3f17dc59cfe395e049947796f75ee96f509852eba2005b681bbe8	ok	rom_folder	834621d21de3f17dc59cfe395e049947796f75ee96f509852eba2005b681bbe8
megadrive	402	geral	Madden NFL 95	yes	943530	3f630220bdbb97c012d2884b079fce7152a357e4386f6bbab112fd58094a8659	ok	image/png	219746	400	561	83f3bf570217954d77160b10b7ccd51e5a421d987a6d643089b3105849719329	1	1	1	c7ff2e4b66eaa60a192e953a870c5928e6d70db87776bd10295a68ed4058a2ef	ok	rom_folder	c7ff2e4b66eaa60a192e953a870c5928e6d70db87776bd10295a68ed4058a2ef
megadrive	403	geral	Madden NFL 96	yes	1211860	b742d483e7ffbec58f52cc612cc36c287d4128af8ad13c1ae8bb62543d78ca7f	ok	image/png	257470	400	561	eaee04cd1944f8aa0356838425509666cf24da326432b1b93b381a59e05259ae	1	1	1	b0cc68509ad01e95a3a2662c1cfc51aca00274d8be8027665337727ba3af3cb6	ok	rom_folder	b0cc68509ad01e95a3a2662c1cfc51aca00274d8be8027665337727ba3af3cb6
megadrive	404	geral	Madden NFL 97	yes	1093817	881ef886ddf8a58994190cd28eba96c11e29f36a90cabee96c6473722c6ab3cc	ok	image/png	306388	400	561	095b5d6cff5412b38784fbded46fccc3ba1f93aa31ef41fbd33891308f8bc13c	1	1	1	e796c10f6507e2f4ebf1506f3c26a7fde4bfe80eb9d61a4be2cb30dcb64e84ab	ok	rom_folder	e796c10f6507e2f4ebf1506f3c26a7fde4bfe80eb9d61a4be2cb30dcb64e84ab
megadrive	405	geral	Madden NFL 98	yes	1076464	a045dfcf3115b8d8b80961594f8233f688e99fe001a254f6cdd6c43556d132e9	ok	image/png	305819	400	561	b2e7f92987cc9faae4145f8d138981fc34e9136dd155a0b89201079686abd61b	1	1	1	b8d1396fe177e6e2fde470124b9a50ce46e41bf567fc12a3bd4e4396253d5d1f	ok	rom_folder	b8d1396fe177e6e2fde470124b9a50ce46e41bf567fc12a3bd4e4396253d5d1f
megadrive	406	geral	Magic Bubble	yes	167091	a0e0b068a3f3780e54d913e24364b6606a52692357c7a55cbecd8da600fdb608	ok	image/jpeg	12664	158	266	9f648e61bf1143e9936cc80e0b5e57cf30cdb1f9837497495fb242918f84186f	1	1	1	18786fad623e94a7efe7eb01810d20c92af256bddae685e1eaf8fac60873a925	ok	rom_folder	18786fad623e94a7efe7eb01810d20c92af256bddae685e1eaf8fac60873a925
megadrive	407	geral	Magic Girl Featuring Ling Ling The Little Witch	yes	355955	fa615e0e788ec07502d6bd7b5906450ebcb9d37cd70ff95d75e2f91b2f27a958	ok	image/jpeg	291444	800	1131	2564a15fda02adf2bcc71ef4001fa039e50e7d9285a122716e9feaf993736fd4	1	1	1	16e7bfddd8657f415164e4fabe8cfb01cd64eda2b435170fdcc5dab6683a8b15	ok	rom_folder	16e7bfddd8657f415164e4fabe8cfb01cd64eda2b435170fdcc5dab6683a8b15
megadrive	408	geral	Magic Pockets	yes	921391	a83c807764e9ee291d24188d19b40811c5d81a4d81d0c7690fc414cbe2d13cfa	ok	image/png	1826279	817	1239	d22ddaed0f571d282e57e3deed53a722138f4e0a4a3cb3fd680dff8c139685ca	1	1	1	3abad3b8287095106f5cf2991a1728a671618eb6c8ce1ee8d3dd2a464e367699	ok	rom_folder	3abad3b8287095106f5cf2991a1728a671618eb6c8ce1ee8d3dd2a464e367699
megadrive	409	geral	Mallet Legend's Whac-a-Critter	yes	150747	57915210a6163e95af92191a73f2497154fb25d78084a2723198eeb19b49c659	ok	image/png	361494	400	561	23ed512b8399df02218e8ceaad50258d2043a7f7b8a558c04269017232cd23a5	1	1	1	7a4c47e344529ce59369f0a3ae152171789d26896eafd760c0adcecbeb662603	ok	rom_folder	7a4c47e344529ce59369f0a3ae152171789d26896eafd760c0adcecbeb662603
megadrive	410	geral	Marble Madness	yes	220986	ca8955b0ffe60758774ffce895f02fde401c67fc387ee7035cf00c63934d83d4	ok	image/png	329724	400	561	70b2d78ad804a9b90071fd2cc95e3981587ef2e2cae89a30d872c6e8d665ed82	1	1	1	c2cbb2327b4e0fddeefdd8a65889ece044492425fe1f46efd1290bc2ed9e83bf	ok	rom_folder	c2cbb2327b4e0fddeefdd8a65889ece044492425fe1f46efd1290bc2ed9e83bf
megadrive	411	geral	Mario Andretti Racing	yes	977862	eda6b140b328d0a0543bae9c827dfde2b146b670096a53c39dbec5766fcbf7a2	ok	image/png	215435	400	561	52b52cb13087f990f7b5cd7d1039001b0199ace0bae2d2b041e540aeeb34e940	1	1	1	678bfe8dbb6e36a1347abf6ab39ca2bd257cebcac33459fef471e00d438d9b55	ok	rom_folder	678bfe8dbb6e36a1347abf6ab39ca2bd257cebcac33459fef471e00d438d9b55
megadrive	412	geral	Mario Lemieux Hockey	yes	266579	0aa8623f66a28c728916a56fc7b785f1295de32d226f42fb4f8a8bf7f119096b	ok	image/png	314245	400	561	a743e73997f3ca0ae1d4cf01a2f8609f09218c23883ae1a76406359dee5d5171	1	1	1	8617971abfb76d2b13b450677291666950f8aa63d139c7b5b79f7d23f27f4304	ok	rom_folder	8617971abfb76d2b13b450677291666950f8aa63d139c7b5b79f7d23f27f4304
megadrive	413	geral	Marko	yes	820951	a59b2ad3fbd3d54bd0a952f5d263c4abf48d34d810024b4abf4a4246e4fa3b3e	ok	image/png	395010	400	561	c39796322b7beec8c42b399a1a0eebaa6549801ef07d6e067e6192f9a6856aa3	1	1	1	406b710234689acbb83bf945d51621897bd1767ca68087e5013317aa1eb75cde	ok	rom_folder	406b710234689acbb83bf945d51621897bd1767ca68087e5013317aa1eb75cde
megadrive	414	geral	Marsupilami	yes	1037111	e86bcc700a691202c1ae0092fe13ec3bbd5f334ab7571c3528f9773b866dd0d2	ok	image/png	384092	400	561	0934ec55805eade49845959aafadf3380186d95f4335f7340a9717feaa10768b	1	1	1	d56ad98c1ac134dfad18f84683ac5d4da8c424675e9effdf9e74911a8b64bd8b	ok	rom_folder	d56ad98c1ac134dfad18f84683ac5d4da8c424675e9effdf9e74911a8b64bd8b
megadrive	415	geral	Marvel Land	yes	487184	b3b838bdc28392e2af08ce288c46d85bd42e409df3f1489923da628a93956f16	ok	image/png	387054	400	561	daed8595f6bc62ef8b4399da4654460eb16d175d7fa7593364c50d7ce0eaea17	1	1	1	f9786520be729d1f8305909050afceae637ab433d4ae82d7211942176b8b1316	ok	rom_folder	f9786520be729d1f8305909050afceae637ab433d4ae82d7211942176b8b1316
megadrive	416	geral	Mary Shelley's Frankenstein	yes	926539	cf42659af0f3b013e78e56d5e13c17ddc1b95bebc5ef61227f72d5ff3d583541	ok	image/png	329053	400	561	5dcdf713cedde0733529e336d9c5d259030973ae0cd568c0475732d7d45e44f8	1	1	1	6bfb49485c4275d52350157dbfd66bed21675838f78e1a404dc63ea56be75216	ok	rom_folder	6bfb49485c4275d52350157dbfd66bed21675838f78e1a404dc63ea56be75216
megadrive	417	geral	Master of Monsters	yes	307939	f89dc510e3d111468a388853961b36f7013716845e70918a30858a50b50ffa43	ok	image/png	400304	400	561	f24da24a552e07db08bf25353ce4609c4dbba91c3333dc9156a18b7e9f90cadf	1	1	1	78df913523fd9deb0f0dc6faf5769b2bf5cb8a79b7efc3a430578d8b06c55872	ok	rom_folder	78df913523fd9deb0f0dc6faf5769b2bf5cb8a79b7efc3a430578d8b06c55872
megadrive	418	geral	Math Blaster : Episode 1	yes	493600	46f82f8a62876b498c04a0ffe174b7dfb7dd16f8d9f37d197780ce44bbaccf66	ok	image/png	365619	400	561	3c583988f082b8bfc26d5ef37cb0617d061308d6c12388a6beeaac79d701e94e	1	1	1	8850bd040a6f40b6bdf7308ce54106cc1dd0623244a9846b7303bc1a62cd4677	ok	rom_folder	8850bd040a6f40b6bdf7308ce54106cc1dd0623244a9846b7303bc1a62cd4677
megadrive	419	geral	Mazin Saga : Mutant Fighter	yes	687061	ec3b96445ecac409eda681db3d28eb1d1ff677e05984902b0e15b95b94164588	ok	image/png	416616	400	561	a9dd26a117e8567eaa2c9f44889cd51900d448a63bb3c2a5770bb64c9312823b	1	1	1	117c7c0675aaa9446a8ad0e908fded863b544bd2222c16f3a40e071caf4f4d31	ok	rom_folder	117c7c0675aaa9446a8ad0e908fded863b544bd2222c16f3a40e071caf4f4d31
megadrive	420	pt-br	McDonald's Treasure Land Adventure	yes	750659	03e7d342472590a821dee3e5a9f66d84c9d3c703f55adf685c75d4275a448618	ok	image/png	368738	400	561	720d673356a75de58a0a96f8dc96fca471b43d1f47b2f4610a721f14665757fb	1	1	1	57df00d5a493c30361ec0bb071eb6e2bfa5ec65f83fd577a9dde63b3a6f22350	ok	rom_folder	57df00d5a493c30361ec0bb071eb6e2bfa5ec65f83fd577a9dde63b3a6f22350
megadrive	421	geral	McDonald's Treasure Land Adventure	yes	749720	eef540871111d328accbfde13dec2cbfab8c54bcbad3c5d08e8306ab9a1b10af	ok	image/png	368738	400	561	720d673356a75de58a0a96f8dc96fca471b43d1f47b2f4610a721f14665757fb	1	1	1	57df00d5a493c30361ec0bb071eb6e2bfa5ec65f83fd577a9dde63b3a6f22350	ok	rom_folder	57df00d5a493c30361ec0bb071eb6e2bfa5ec65f83fd577a9dde63b3a6f22350
megadrive	422	geral	Mega Bomberman	yes	537838	f5e2549d92901b3ee4ffc6b53e08ea508ab10871df4710c8ca4c0fdab7a80814	ok	image/png	374158	400	561	6048e16331dfcc0456496db3e4403c995b0870ab7092877e834086572f97bcbb	1	1	1	49b86c321a793665e188ff7f80f5fe0b054247a7e57a387b9923335c94c309a3	ok	rom_folder	49b86c321a793665e188ff7f80f5fe0b054247a7e57a387b9923335c94c309a3
megadrive	423	geral	Mega Games 2	yes	1113050	0b3f6f6ddb2374466a795181308d8d34191c3cb69bbb6d3bf4e056d70348f35c	ok	image/png	564143	483	680	c7a71eeb485d8827a7107792b6534a776d6e07348cd0fc38b7b37ecea8283a50	1	1	1	6c0abfb08a41d47d247b261e4dbd069fd2855bf880f1523226cb4d1708fededf	ok	rom_folder	6c0abfb08a41d47d247b261e4dbd069fd2855bf880f1523226cb4d1708fededf
megadrive	424	geral	Mega Games 3	yes	1047917	509270a8d71fd46ca0416004bb9a9dd72475f7a0abcdf8c79fe7e57d2753b0e3	ok	image/png	426409	483	680	9efd0cc584bc5c08403811f2e37688a16b74f96a36cf81861e9a07e7417a9bb9	1	1	1	a8d999b33a60a8d39a1b7d8fe490c93196f2ff39c8a29ae4eee0f19a636d7cf0	ok	rom_folder	a8d999b33a60a8d39a1b7d8fe490c93196f2ff39c8a29ae4eee0f19a636d7cf0
megadrive	427	geral	Mega Games 6	yes	1613004	dc25a0214af6dc3738ed285ad0264909aba2b094ae046fbcf1522a5485e291b8	ok	image/png	404310	483	680	e904ae46115854c291df8ba15029a76b9c233bb2f112617c54f92b78e39f5724	1	1	1	ee8e90479f5a59d57cba5b3421020773646caab5a39fccc2c73a7999c06c959b	ok	rom_folder	ee8e90479f5a59d57cba5b3421020773646caab5a39fccc2c73a7999c06c959b
megadrive	425	geral	Mega Games 6 Vol. 2	yes	1549096	b9e0d449b652ef065262e6c8eaeb0b4306aa016fc09285e70a1586516766afa0	ok	image/png	417883	483	680	d97f53ed3d3941ca62f1b0c49c703bf0cfe06fa377b6773d4787c6176fb06647	1	1	1	b0401eff4ab2deb1e92a131e676110876d2b53109b960a0cf6aa9b9141738add	ok	rom_folder	b0401eff4ab2deb1e92a131e676110876d2b53109b960a0cf6aa9b9141738add
megadrive	426	geral	Mega Games 6 Vol. 3	yes	1788234	27b95c2cccb0407dacfb20f1f3b8b00b0ce113ae13af20483586cc35d49bb234	ok	image/png	773139	768	768	58c9de5316153cf226874ac3cc7d028bbd9e765f74e70e2a8cc8919b1154de01	1	1	1	b5b9cc552fe65b8a174c6794dcadd06a0d81d85dd887b7cc73766e362c43b71e	ok	rom_folder	b5b9cc552fe65b8a174c6794dcadd06a0d81d85dd887b7cc73766e362c43b71e
megadrive	428	geral	Mega Games I	yes	505547	28d48bf75b9a781d7dc2dc6fa8c8421ed098ebdb5b406a47c8d940a460680304	ok	image/png	663698	483	680	0be96a0da8cd652f2671aa111d73c8014f1b763d773ad21e4b305465e6e3b0d6	1	1	1	a56342e86ebcf4bf20120c71575e170c329a7042766f97353029a906e730431d	ok	rom_folder	a56342e86ebcf4bf20120c71575e170c329a7042766f97353029a906e730431d
megadrive	429	pt-br	Mega Man : The Wily Wars	yes	975796	2fa6b85ab12bd88b6eef7c83f13a8bdf422a8d92e35f6c7df0f670f4fa281d8e	ok	image/png	408495	400	561	36fb48bdb7679c677f3da03c601f92e6e9c622de507b5d1e2f6072b29708f9f4	1	1	1	55cbb9db4ddbf33319e07ca2d22ed9b60cadf8b6cebe141c7babeb5dd9dabade	ok	rom_folder	55cbb9db4ddbf33319e07ca2d22ed9b60cadf8b6cebe141c7babeb5dd9dabade
megadrive	430	geral	Mega Man : The Wily Wars	yes	966519	00ed3d1ad508ce5c2cc9170a939ea04dbb63bbb8a251eb1dd67bb289e7f6ac48	ok	image/png	408495	400	561	36fb48bdb7679c677f3da03c601f92e6e9c622de507b5d1e2f6072b29708f9f4	1	1	1	55cbb9db4ddbf33319e07ca2d22ed9b60cadf8b6cebe141c7babeb5dd9dabade	ok	rom_folder	55cbb9db4ddbf33319e07ca2d22ed9b60cadf8b6cebe141c7babeb5dd9dabade
megadrive	431	geral	Mega SWIV	yes	496248	2c9e8e9b826c05517682971c3dafe48c84b00699637ee60a2986d7b25c8d3c15	ok	image/png	409235	400	561	1b04e5fd3f07423ebe24abe24b0124c5ada9870cb2ba70fc8bf9cfacdd67bc39	1	1	1	63f402f304fc9316571d58725edc6c133c48621619405ea5790090f79130ab50	ok	rom_folder	63f402f304fc9316571d58725edc6c133c48621619405ea5790090f79130ab50
megadrive	432	geral	Mega Turrican	yes	589688	69f4617cb7e1b0f86192b357de37fd07ac92ea8bce5e135c5150f02e88103d4a	ok	image/png	409116	400	561	3947aefeed049085d8584884b1b117bf675fe82ac3ec4487a824a9fdec14fd25	1	1	1	76e858cd12ae18f7057851dd1ed7a35200161456d98cc7320acb68ef270ff624	ok	rom_folder	76e858cd12ae18f7057851dd1ed7a35200161456d98cc7320acb68ef270ff624
megadrive	433	geral	Menacer 6-Game Cartridge	yes	455990	4969909c5bef5a4820b79f31fa16ddd8e140c9bae500e02491ff1e09d7ece64f	ok	image/png	355057	400	561	f798f54f635de38e8e2607fcb0a574193abe88acb06161d044358a2ee24362cc	1	1	1	0e7c4fbf1fddb0f94df9b5dc97b442319fbdd85f8bdf6705bd70016ed77134fa	ok	rom_folder	0e7c4fbf1fddb0f94df9b5dc97b442319fbdd85f8bdf6705bd70016ed77134fa
megadrive	434	geral	Mercs	yes	651460	809cc39f4a1860f410c6d5b49774d5e45580a3ea47e2b14b1033eb00d80389a2	ok	image/png	528204	483	680	5e470278c8836328ba86c28d60a4846d21ce904fa23982dc18f8920f537e7530	1	1	1	df0695fde810add0711f012ff72ec232c93cca3fb5a9240f1dc9d28a2598e99c	ok	rom_folder	df0695fde810add0711f012ff72ec232c93cca3fb5a9240f1dc9d28a2598e99c
megadrive	435	pt-br	Michael Jackson's Moonwalker	yes	339534	c091965cbc6ee4f13d7ec324f66bc0e605a2c60852c07f57e23a47a6243652d2	ok	image/png	385951	400	561	85728780366b8dd6bb182189b175f08e12f6c4d8da3272726c8266d5e938f7de	1	1	1	f88ed030eb47d6302bd193b70c89c9d89b784c4776d043d17892068856e3afaa	ok	rom_folder	f88ed030eb47d6302bd193b70c89c9d89b784c4776d043d17892068856e3afaa
megadrive	436	geral	Michael Jackson's Moonwalker	yes	336389	1fda7b2a2204781c2c8b7053521ce9f26057bc707f5f34b31f9007ec751af9c8	ok	image/png	385951	400	561	85728780366b8dd6bb182189b175f08e12f6c4d8da3272726c8266d5e938f7de	1	1	1	f88ed030eb47d6302bd193b70c89c9d89b784c4776d043d17892068856e3afaa	ok	rom_folder	f88ed030eb47d6302bd193b70c89c9d89b784c4776d043d17892068856e3afaa
megadrive	437	geral	Mick & Mack as the Global Gladiators	yes	675792	5eb61c27e1297d6cdaf93652c64f49c0d5b3558db94e5efb8fc3ee581dfb7332	ok	image/png	416904	400	561	8d8843b7a0579a4481ce41ac5142e4c517edded41ff3c90a3c5821cb26210243	1	1	1	33030bc3ad6ca0a40163a7cb46abf496a1a0867aecb3eb42dc53bf72389a29e1	ok	rom_folder	33030bc3ad6ca0a40163a7cb46abf496a1a0867aecb3eb42dc53bf72389a29e1
megadrive	438	geral	Mickey Mania : The Timeless Adventures of Mickey Mouse	yes	1282150	43d6b7fdee0557cd0e9047bd6c1a399719d7ba34941118074c5bfcffd7483e21	ok	image/png	452684	400	561	603893388932f0025dcf8ee89ab7ed12fac0652426f4a06c6950ded8fcb4ac42	1	1	1	47948786e2aa2a41007b7eeec845f520a18d4d428c47240fe65ca9dab81031e7	ok	rom_folder	47948786e2aa2a41007b7eeec845f520a18d4d428c47240fe65ca9dab81031e7
megadrive	439	geral	Mickey's Ultimate Challenge	yes	440476	fb140afe1589b3f443ed4b84fddc202fc8b2491d2a635807939d17b3b520057b	ok	image/png	372158	400	561	0de7d2093af2443ea0b1fdede07d61865764ee5d3870156640ec2783a406628a	1	1	1	aa1aa3fd935fbcfb1fabdde67d951f3e053d35ab1dcd0e8126ecba5794c20408	ok	rom_folder	aa1aa3fd935fbcfb1fabdde67d951f3e053d35ab1dcd0e8126ecba5794c20408
megadrive	443	geral	Micro Machines	yes	322539	db04935be960695b47bde025fd5d6868b075e49a701f27c3ca65177a7df624b8	ok	image/png	381014	400	561	1f85e805665c00b789b1ea29d7f6704510f3f079a16479ce49938ae674ffb682	1	1	1	0e65572ce27c30fdef89bfdf5590dc62e3c625f7537120296516602f95e417c6	ok	rom_folder	0e65572ce27c30fdef89bfdf5590dc62e3c625f7537120296516602f95e417c6
megadrive	442	geral	Micro Machines 2 : Turbo Tournament	yes	867772	e3e23704e80db4065811634687960592e1ac7ea6f2a901809ba29be6f22e4d5f	ok	image/png	408869	400	561	92740f285bccf4795631c5784ce8cba2d2045848f6d555cd809665124e3cec99	1	1	1	e56fddfe5c9c56d775dacdcc5207431b5dfcc7fbce5af30636d29d37aa1729c2	ok	rom_folder	e56fddfe5c9c56d775dacdcc5207431b5dfcc7fbce5af30636d29d37aa1729c2
megadrive	440	geral	Micro Machines : Military	yes	729703	49b61acd896c1c0f06c1e10c8469b9af0cdb8855f9062373cdc7b7b6494bf7e0	ok	image/png	440884	400	561	1b63ef29790143f9f946dfdbf0893ce517e081f87e3faae42be2bd234fcace8d	1	1	1	b3a2f4ed28e501cf12e21ae897b92ba27018932c7885d5eb60aa01326d35be6a	ok	rom_folder	b3a2f4ed28e501cf12e21ae897b92ba27018932c7885d5eb60aa01326d35be6a
megadrive	441	geral	Micro Machines : Turbo Tournament 96	yes	852070	c5ca78d865b17a4e58c73d70204c071e01258eb0a8bbb79c03ac504eb908e905	ok	image/png	440884	400	561	1b63ef29790143f9f946dfdbf0893ce517e081f87e3faae42be2bd234fcace8d	1	1	1	2f542c9e25d18d1f0421d79d72f7ad3e63939e96db2a065e1e7e52906a9b074f	ok	rom_folder	2f542c9e25d18d1f0421d79d72f7ad3e63939e96db2a065e1e7e52906a9b074f
megadrive	444	geral	Midnight Resistance	yes	345538	550b47edcdb8990ce258cbcf052fa6263da2d00bbe998c6e2a5fb16c8f2b8f3a	ok	image/png	345845	400	561	b3857953641c305954dbeeff4ca219af5c182a3458bac147ff69d6c8ba3c8284	1	1	1	800920ee446cf7375523b7e8c48008f576e9591955167e77635fa7eeb57ccd54	ok	rom_folder	800920ee446cf7375523b7e8c48008f576e9591955167e77635fa7eeb57ccd54
megadrive	445	geral	MIG-29 Fighter Pilot	yes	811596	8faae9784607a974eb02d0b38942960c03aea3cf197b36e5afbddbf678e3cf95	ok	image/png	323970	400	561	674b5d7b177a0c9cd62754cbd865e7929288638283d1fcbc58199f4bfefb72b3	1	1	1	b3a3ce41a9b165b7382e13db08e236481cf95f35d57ddaa2291d013c804b3446	ok	rom_folder	b3a3ce41a9b165b7382e13db08e236481cf95f35d57ddaa2291d013c804b3446
megadrive	446	geral	Might and Magic : Gates to Another World	yes	546056	64209788c93fd53f8a19f36c034c38a615c9f9c945a135348b2fbeb4608e856e	ok	image/png	431960	400	561	120216fde4f434c8c337e1443a80a8241bad79682cf090268b3e14953a63f4ae	1	1	1	4d8e00582bfa5139c90e7c7f688cbcd7dcc6ce73fc7a8cac93aefcb480745e98	ok	rom_folder	4d8e00582bfa5139c90e7c7f688cbcd7dcc6ce73fc7a8cac93aefcb480745e98
megadrive	447	geral	Might and Magic III : Isles of Terra	yes	1235057	c0a19b10797c97b60f06f2c38251a8a9988c2d1c37e1318a39c13e649d988aa2	ok	image/jpeg	271395	748	1055	3ff1ec5570a8724c17d5ebe19643ea7b6db364d5e255f7adc7d13723a3d02440	1	1	1	a1136b3e359ef1e6e0d2a5e0fe9508ba561e29b8b04abbcd0a2af29fdcf96a13	ok	rom_folder	a1136b3e359ef1e6e0d2a5e0fe9508ba561e29b8b04abbcd0a2af29fdcf96a13
megadrive	450	geral	Mighty Morphin Power Rangers	yes	1049805	f78f37fd13b09c1fe9b2a7b8d328d18eb52696c28afd53f65b9a210c2632408e	ok	image/png	249214	400	561	419e00dbeabb8d4c3daf92019764eb815caaddfb023422f48cc69fe15ec02918	1	1	1	380fc527770b867ac5a469b07ffb650bdcd9d529fc23297b2807b95d7e6a8d25	ok	rom_folder	380fc527770b867ac5a469b07ffb650bdcd9d529fc23297b2807b95d7e6a8d25
megadrive	448	geral	Mighty Morphin Power Rangers - The Fighting Edition	yes	887282	8beb9b7b03aba728a38e37237282f889cc63ca0da2d1ab4c94c45b8678aab417	ok	image/jpeg	19071	191	266	0d8d26d9a3616531cd0d87f1140e7552ebe6a9923e252b769075ceff47ed73e1	1	1	1	93e1bdeac621f042fce0f3668c266a1d99fd3c915ac3663f64ab5969ab518577	ok	rom_folder	93e1bdeac621f042fce0f3668c266a1d99fd3c915ac3663f64ab5969ab518577
megadrive	449	geral	Mighty Morphin Power Rangers : The Movie	yes	997992	0f1860c3a0df1bb42370b79ded1b4129e555992e9ca1f117fa970816c111ed37	ok	image/png	249214	400	561	419e00dbeabb8d4c3daf92019764eb815caaddfb023422f48cc69fe15ec02918	1	1	1	860faeb061ed4e14029c01d45ad5b4e091b4a3e4fa5228800ccc491849a4c151	ok	rom_folder	860faeb061ed4e14029c01d45ad5b4e091b4a3e4fa5228800ccc491849a4c151
megadrive	451	geral	Mike Ditka Power Football	yes	549263	5aabd02b6e2484b47d40ea7693bc6db8a411090e4b9d01ea7574d490a6b6dec5	ok	image/png	287172	400	561	a14308e6776b6e6dd91e3dae0d96fffe9a2b4ee9d7307ca17a1eae47391eff14	1	1	1	493d5f9e2fa1ab7709dffb21b197524597d4ddcc23a0f91cf2755b1d66f24e0e	ok	rom_folder	493d5f9e2fa1ab7709dffb21b197524597d4ddcc23a0f91cf2755b1d66f24e0e
megadrive	452	geral	Minnesota Fats : Pool Legend	yes	502589	f1f436bcedab3801602b1adbc7e85495fcb143515efed302883d221a98d7bb75	ok	image/png	252563	400	561	7aa0d3bb153ddddf8b6ee93d984d489baa666f72ffc9e4467b53a45b9d18f2f6	1	1	1	1215bea2e4eef56d70ff7f96e6300ddc9ee56c266138e1546478ee5a33d96ad3	ok	rom_folder	1215bea2e4eef56d70ff7f96e6300ddc9ee56c266138e1546478ee5a33d96ad3
megadrive	453	geral	Mk 5 - Mortal Combat - Subzero	yes	757044	84c4cd0baaa5b7040f69def867fa296ce942e59a8d0e8ac720be864b2e938003	ok	image/png	98306	206	281	474369db208becd7304a798890cef449d7573fae90f41fac940bf8d9514ffb33	1	1	1	b8389f4ad1ed241e04f9bd4ebdc8bf1f9f612cc9cc7698dace190aed93cac46a	ok	rom_folder	b8389f4ad1ed241e04f9bd4ebdc8bf1f9f612cc9cc7698dace190aed93cac46a
megadrive	454	geral	MLBPA Baseball	yes	997268	458c4a07f6e226dd9e415cbbe2829b8e11d399c05ba1499b2bb754eaa54e74e4	ok	image/png	204218	400	561	2cdf523551ea84eee33531092802e06b3dfc8c6b8aaf54d1047b2980b8c650cd	1	1	1	70a3b5bd54544d6798d142bfb7fa428bfdddf28c4fd8ac9c33992a0171559c56	ok	rom_folder	70a3b5bd54544d6798d142bfb7fa428bfdddf28c4fd8ac9c33992a0171559c56
megadrive	455	geral	Monopoly	yes	244918	d830a648591ee0d59dad4946ffdd4ac840876e8495e54c19c282097a5d1b312f	ok	image/png	332712	400	561	eed0c815de1db170cd6d74a1991629964f8a5825a36be573d1abd167d99d1b3e	1	1	1	3b68a7a4a7f2143090f5df797f38c1400692805f55d2e070c799d01eef878de5	ok	rom_folder	3b68a7a4a7f2143090f5df797f38c1400692805f55d2e070c799d01eef878de5
megadrive	456	pt-br	Monster World IV	yes	1005903	0c37f2ee16e578ac7730203f6be66b654c14a7bcc3f1841b9a867f6012cf34fd	ok	image/png	369650	400	561	d171578c933536345fecfd5d38c10ad81d905ddb2060443d57ade5c0b622abbe	1	1	1	0d5650f5afe85b7571fc3ff68f650c3f7f4f06ebb4d8fcce3993cae03885b873	ok	rom_folder	0d5650f5afe85b7571fc3ff68f650c3f7f4f06ebb4d8fcce3993cae03885b873
megadrive	457	geral	Monster World IV	yes	1004032	939afe1ecff83d4c5868c9359376f6eae75aefb30954127302069fba7d07ebbf	ok	image/png	369650	400	561	d171578c933536345fecfd5d38c10ad81d905ddb2060443d57ade5c0b622abbe	1	1	1	0d5650f5afe85b7571fc3ff68f650c3f7f4f06ebb4d8fcce3993cae03885b873	ok	rom_folder	0d5650f5afe85b7571fc3ff68f650c3f7f4f06ebb4d8fcce3993cae03885b873
megadrive	460	pt-br	Mortal Kombat	yes	1040134	acab3f55632b844a7315fc8a6c3ece13bcacbd7206198b64c60e8871d7a272d1	ok	image/png	299310	400	561	7b49b489646789b8402b6e22374390865b48e0c40d75affa0fd782bef580f959	1	1	1	a5f1ff80be16de8393ca6234f6ec8fefb3f7b1ad8e46ccb4cd13738415b094c4	ok	rom_folder	a5f1ff80be16de8393ca6234f6ec8fefb3f7b1ad8e46ccb4cd13738415b094c4
megadrive	461	geral	Mortal Kombat	yes	1014402	29b31f764539be80591e8083ec1c5b605a2900494d3ab9496bdbd7ec552e8927	ok	image/png	299310	400	561	7b49b489646789b8402b6e22374390865b48e0c40d75affa0fd782bef580f959	1	1	1	a5f1ff80be16de8393ca6234f6ec8fefb3f7b1ad8e46ccb4cd13738415b094c4	ok	rom_folder	a5f1ff80be16de8393ca6234f6ec8fefb3f7b1ad8e46ccb4cd13738415b094c4
megadrive	458	geral	Mortal Kombat II	yes	2357036	a526735a7a8ffcd20751d114450ca11da2990c4b60a81f5d4461793262e6c7e5	ok	image/png	314383	400	561	29340f6013c18851a9c629017eddf5485fcec2fe33a898ea4883f47cfe77c7e4	1	1	1	dd0363eef7f6b1fc576e3e49407f1b3874158f54e9b65f86bf0656904be0fb29	ok	rom_folder	dd0363eef7f6b1fc576e3e49407f1b3874158f54e9b65f86bf0656904be0fb29
megadrive	459	geral	Mortal Kombat III	yes	3357831	d709763aee62c37e3642eeecf1a68b02d41f363107ff4d62aa48292dba09568e	ok	image/png	313935	400	561	872da08f0a06675ab498c29a1de468e4ab8c6c8c6b829686f8f48642bcba9ed7	1	1	1	eafe4201f6dcb24e06544b24b387752f7354cefb4513a227e2bf7522afc918ad	ok	rom_folder	eafe4201f6dcb24e06544b24b387752f7354cefb4513a227e2bf7522afc918ad
megadrive	463	geral	Mr. Nutz	yes	743775	11ccef91ada755df9f56224b2f636f888951a46c1dad972bab3ea74f5204b237	ok	image/png	336756	400	561	8eb232c437a3cc9394f3ea167cfe8807946ce922df1f29b1bfd35afc0b6c2aa3	1	1	1	eaf140998c7ad843aeab0e459dbb5089ca1856c7d4459be7d32934956aa0ae7d	ok	rom_folder	eaf140998c7ad843aeab0e459dbb5089ca1856c7d4459be7d32934956aa0ae7d
megadrive	462	geral	Mr. Nutz Hoppin' Mad	yes	757761	0cd06498da4490a12afa37ae9bc8c10b477aeccaf76a26352138c50500bb7c99	ok	image/jpeg	3546357	2693	1680	a9c072fc69de4e73c8dd85a7be68419216ef8fe579a607b15c51e25d55f102e3	1	1	1	225b552670546f38214108556581565adab2ee531133a2b0e1865d0fcef32f12	ok	rom_folder	225b552670546f38214108556581565adab2ee531133a2b0e1865d0fcef32f12
megadrive	464	geral	Ms. Pac-Man	yes	72040	b18ddd4092ae492d53c14f97ecf67268dee483e662412b8135d1ab77bd33ec41	ok	image/png	296098	400	561	7326abdc8e6777c4b25a0a857bbaf4d7bfe7b047b0fcb71ae33fc4ab49bf3176	1	1	1	8a769314ed6d141622774396cc20d76401ec1cdd7eb653f7557e2eb74d543c47	ok	rom_folder	8a769314ed6d141622774396cc20d76401ec1cdd7eb653f7557e2eb74d543c47
megadrive	465	geral	Muhammad Ali Heavyweight Boxing	yes	595493	02c03a4a622c64452db9bd0999d40412e84d0e4a85806db6bc8bca529f83d7d5	ok	image/png	369353	400	561	cde475a657cd3281d36fb74ad10bf109f997d5d6e1f989b93d228c365ba7aceb	1	1	1	dfeffcec95e979a283a9731bf784a48ab1f97253de93314a5804cf322fb3459a	ok	rom_folder	dfeffcec95e979a283a9731bf784a48ab1f97253de93314a5804cf322fb3459a
megadrive	466	pt-br	MUSHA : Metallic Uniframe Super Hybrid Armor	yes	387987	bc2e12a93737b8eaaf7b89a47fed508a7a7455fac559d593637a830468f9c9af	ok	image/png	397575	400	561	8668955be84805a1e86b1efd9b556f8021f9a0b9a99ec48f1bb334272e061dd9	1	1	1	213b9fbb692092f6ba2ee175b417adb92edb71fdc9c075b9ae7eb221f841aef3	ok	rom_folder	213b9fbb692092f6ba2ee175b417adb92edb71fdc9c075b9ae7eb221f841aef3
megadrive	467	geral	MUSHA : Metallic Uniframe Super Hybrid Armor	yes	385905	061fe456b338bcb9faad1ff891c9157ddd762b7a41d234ccfee740b4672d523e	ok	image/png	397575	400	561	8668955be84805a1e86b1efd9b556f8021f9a0b9a99ec48f1bb334272e061dd9	1	1	1	213b9fbb692092f6ba2ee175b417adb92edb71fdc9c075b9ae7eb221f841aef3	ok	rom_folder	213b9fbb692092f6ba2ee175b417adb92edb71fdc9c075b9ae7eb221f841aef3
megadrive	468	geral	Mutant League Football	yes	588724	e6d7d0b23e1632554cbc610a1e368a61d2bdd349cdf2f9d3d49bcb1ccfbc8044	ok	image/png	380335	400	561	551bbbb4785f5f34531edabb31576b398c62db2d4bc33bd1fdd091e009839fb3	1	1	1	f528af2904c7a025c76778a41bd5316eca0940f10a410b4e9710dd0e9576f6d6	ok	rom_folder	f528af2904c7a025c76778a41bd5316eca0940f10a410b4e9710dd0e9576f6d6
megadrive	469	geral	Mutant League Hockey	yes	867439	024da6401f372642296f87e07f5b0be302f17cc13238ba933c970238a8bd55ca	ok	image/png	396081	400	561	594ecf494d2376c0ed043f5e3f666e4afeb279d8627753d84ccb25eb55b58825	1	1	1	e3de9d925ed396fbb98a5f2db1f7b3519353cf75507b6463a7150301ef748d0c	ok	rom_folder	e3de9d925ed396fbb98a5f2db1f7b3519353cf75507b6463a7150301ef748d0c
megadrive	470	geral	Mystic Defender	yes	279783	55a9f745d8335664bed7e4ec24477843a83354b3d581e49dfc42cb0f116594b8	ok	image/png	375344	400	561	9b1cf18cb4fa97865b0e738013d4c204ccf1e18603d8ffa8affb9d8eb56f332c	1	1	1	76f373bd5113964bb503916040da7cf277b032b6ff35e902878282eb461dcf88	ok	rom_folder	76f373bd5113964bb503916040da7cf277b032b6ff35e902878282eb461dcf88
megadrive	471	pt-br	Mystic Defense	yes	281308	18d0012795e4f02867770da64492e1932908f8f59cbb7339cf1ae271da256026	ok	image/png	375344	400	561	9b1cf18cb4fa97865b0e738013d4c204ccf1e18603d8ffa8affb9d8eb56f332c	1	1	1	efcfeccd4f42da57aa515b1deda2756b8126b8082e930c65e7cacea49c8aa814	ok	rom_folder	efcfeccd4f42da57aa515b1deda2756b8126b8082e930c65e7cacea49c8aa814
megadrive	472	geral	Mystical Fighter	yes	205422	f66328cb97214cecf14a8a3b2ccdaa6163a2d1fb3869b7fede9e1bb33de51696	ok	image/png	462197	400	561	f37aa3ebc9340e08f871284f6b97f6c24fc122851afadfce2048504e61abeaa3	1	1	1	2b34b19d76e3a7e86046b18b3ad5a0fe1936254976adad2ccd03c635998c8039	ok	rom_folder	2b34b19d76e3a7e86046b18b3ad5a0fe1936254976adad2ccd03c635998c8039
megadrive	473	geral	NBA Action '94	yes	1003889	96b35a2a2de9a0021d4a2c78914a8fa967acf5f523d3954d22d29756c41282bc	ok	image/png	397254	400	561	48a90dd7fc001aab9833a93e1085f48626f1677e441dfedff090de994902087f	1	1	1	7ab5c219d5eac90997e439db9b2790596174f46d8cd73471ac0e66db2b339224	ok	rom_folder	7ab5c219d5eac90997e439db9b2790596174f46d8cd73471ac0e66db2b339224
megadrive	474	geral	NBA Action '95 Starring David Robinson	yes	1041596	eab76c019c9dc7b22e8551476411dc5c8192fc48db673d941ab17b620917a13d	ok	image/png	271968	400	561	05fee20cb33cc862547253998806e43b1c4fe301b643b83dacc1701382ae7a46	1	1	1	fef321cc1fc322851f080597d1eeb65353bcbcb3518403624e2942873bfdef56	ok	rom_folder	fef321cc1fc322851f080597d1eeb65353bcbcb3518403624e2942873bfdef56
megadrive	475	geral	NBA All-Star Challenge	yes	487705	e95eef81e8741f71f5fa125dbc78c860ee07ca7ce52a67526b0c6a53299fc0c6	ok	image/png	423087	400	561	ab93a959d1eede27700fd9b1249d21c19adbe57ed58de74969383b8bedf98304	1	1	1	01055eff521ebb8a3e1f889e5efb919fe4f1d469d2480b163537bef934e201f1	ok	rom_folder	01055eff521ebb8a3e1f889e5efb919fe4f1d469d2480b163537bef934e201f1
megadrive	476	geral	NBA Hang Time	yes	1682814	6a85a7c4b901dd09c3a5e04acdd3335caa0cf99b6b7ebd436e98cb2acf41c9ad	ok	image/png	413845	400	561	9defc4956e23bb500516f3ba223923ea562d455a973fb00b97e61d74a94eb9ed	1	1	1	9c89790ea0dfb4e82a7f9d99da73839c12bbff493a6f4518add1ec73cb8ca16a	ok	rom_folder	9c89790ea0dfb4e82a7f9d99da73839c12bbff493a6f4518add1ec73cb8ca16a
megadrive	478	geral	NBA Jam	yes	1169920	271e123eee95875ed8579c11c894021f0daf4ac8d323ee15361ec0cfc2fb1545	ok	image/png	313425	400	561	87c896467e3917e256bdcc6d98e5aceed9c330855b639cb0c6b16d48740d1312	1	1	1	2621e126b1fae5eb9afc2a54f3dc94b923ec68f1ee64cc3c94b8f000db6df317	ok	rom_folder	2621e126b1fae5eb9afc2a54f3dc94b923ec68f1ee64cc3c94b8f000db6df317
megadrive	477	geral	NBA Jam : Tournament Edition	yes	1834324	7ce1bb3967c6baeb7c8beed525a618238a10efb2ec2baaba9e40a8ca7371d514	ok	image/png	382014	400	561	9d1f8ed2e82128b3cc2c0f00378a9687fc583c0bf437504d663c51b9e511f155	1	1	1	5bbaca501daad1255fd3ec390c1e6b32bc25307ca603622ed52faaacbb8094ae	ok	rom_folder	5bbaca501daad1255fd3ec390c1e6b32bc25307ca603622ed52faaacbb8094ae
megadrive	479	geral	NBA Live 95	yes	1157101	7c123e36baf1e3f1cf9fff8d8e6b1357aa1a475e23c9b376e8042e68cd389e09	ok	image/png	302436	400	561	6f728fd903b823029337555fb21e2b718a98353f740d258f6ee3780a67922cd1	1	1	1	08b37546dccfdc2d42683a82756c9fd9156108f95629a64382c44af4fdf4878f	ok	rom_folder	08b37546dccfdc2d42683a82756c9fd9156108f95629a64382c44af4fdf4878f
megadrive	480	geral	NBA Live 96	yes	1149099	7cb25b44f8529de3d9b60dc35c7b8a981b6670692d7a06ca41ccb3c450a41bd3	ok	image/png	236405	400	561	cdd8b9ce53018f0150b3961e886b6e22f18587bed19539f1d610da8423a139ac	1	1	1	f1475165b575f27b9694478f09b7d29bd5ad065973ad653e3980dac095d7fa3d	ok	rom_folder	f1475165b575f27b9694478f09b7d29bd5ad065973ad653e3980dac095d7fa3d
megadrive	481	geral	NBA Live 97	yes	1084096	a3230bb0c369171ba5261e7868c3fe22fa4b3e2734676db236ffcd484fca907f	ok	image/png	295187	400	561	072c075851039584ca2cd351be5d2fef945de2366f6bb6f4b33419a2f0e72f1a	1	1	1	11e1e088f3e536191fe5233677ec0a10dbbc189d50e0ddcd919c5d7912eff9de	ok	rom_folder	11e1e088f3e536191fe5233677ec0a10dbbc189d50e0ddcd919c5d7912eff9de
megadrive	482	geral	NBA Live 98	yes	1021156	254c309e95c2db04c0d70a2807c6ab5f9f66c596df45328ae0975b8abce7cc28	ok	image/png	260666	400	561	7d985c68a382b701bd4dd58325467b7de64f0af7b70cb9c2ba159cc29322a1be	1	1	1	58f1bfc0e79529c8bf58e48ab904a5268b752084d81f8046caeaa2017c1e0369	ok	rom_folder	58f1bfc0e79529c8bf58e48ab904a5268b752084d81f8046caeaa2017c1e0369
megadrive	483	geral	NBA Showdown '94	yes	900362	65a58c2b3b652b17b25ae3c975c3986d4eb481ce5dcfc8d1c17bd4a820750f9c	ok	image/png	236185	400	561	0d7073a435624591da28622f1dc0303f9f7aa23e82d8309e3e407a5bf3e7b5dd	1	1	1	1ad2a3526ba0506ba62e045e723af8bda8b6205a350f0609cf25009c198386ce	ok	rom_folder	1ad2a3526ba0506ba62e045e723af8bda8b6205a350f0609cf25009c198386ce
megadrive	484	geral	NCAA Final Four Basketball	yes	486869	e8789eec687cfa7940384de77b112e095ea9b59781de63c1962eb076806a302a	ok	image/png	344263	400	561	8114119028d5d05bf0cee025489189593bfa1d1b214914daaa244be1d7a642e1	1	1	1	d75bd8438e45d497e1bcda2da90b614edfa0be7a3f30b9350350826f66907503	ok	rom_folder	d75bd8438e45d497e1bcda2da90b614edfa0be7a3f30b9350350826f66907503
megadrive	485	geral	NCAA Football	yes	490402	5466747fa2e757452f70c0412397ab94b6742fc5eddc3d3817f579b15c0520de	ok	image/png	395746	400	561	365eda625fca04a9254aa233e6a83315ea42d8d3003239845c566397bb4947e8	1	1	1	b664081e7be6c55c3ec3b7aac982a9b3d12a90a12d15775caba14ff3c7f9eda5	ok	rom_folder	b664081e7be6c55c3ec3b7aac982a9b3d12a90a12d15775caba14ff3c7f9eda5
megadrive	486	geral	New Horizons	yes	1013790	4d6df68f3dbc5bfac180ee011b2c21d7cd57cd909e4c3187b1764bf15ce7d320	ok	image/png	421126	400	561	e15c51b2212bf2939447986cfa2235b63968cc57ded15b27b0cfac07998041ba	1	1	1	d353b2a4c241ce94638333a18197db74d3933bc75924567451a32e19f64dcb68	ok	rom_folder	d353b2a4c241ce94638333a18197db74d3933bc75924567451a32e19f64dcb68
megadrive	487	geral	Newman-Haas IndyCar Featuring Nigel Mansell	yes	723676	0cb47c49f14977fcd7de93d19e0862362b8b18e212191f82edc178628183de21	ok	image/png	360128	400	561	433fa70f074620074863b4fa6704884feb2535106e823015f3f062cdfceb3516	1	1	1	6e25c0f9bf2cb69d7db91e442d51ce30b9e679dcb96386362b40d457c8346399	ok	rom_folder	6e25c0f9bf2cb69d7db91e442d51ce30b9e679dcb96386362b40d457c8346399
megadrive	488	geral	NFL '95	yes	908298	ee800dc5b7a9c665d1dff363067777134911921ca58555c91211da8816b5b834	ok	image/png	278232	400	561	a9390ba2b7d84a9b626ec44daa2a6452c7d14a03ff978fe366a316096502a2f9	1	1	1	cb98c999823c5358a80750bab04e3131b8aa13108d42fc2caa15b43bc0bffacb	ok	rom_folder	cb98c999823c5358a80750bab04e3131b8aa13108d42fc2caa15b43bc0bffacb
megadrive	489	geral	NFL 98	yes	1015012	2fcd71ba4d38fe45f175866b0db47592fab1fabebf8afa523defc9d2fd5bf72e	ok	image/png	323222	400	561	96a15bdea5b064c1ee7a1c0b84f451c1523a74eb7aaa8980dee18b806921e88e	1	1	1	df1314c0bcad26ca2e728719934524a083fb919f26b58d1c9b5c8b4ceef58ea0	ok	rom_folder	df1314c0bcad26ca2e728719934524a083fb919f26b58d1c9b5c8b4ceef58ea0
megadrive	490	geral	NFL Football '94 starring Joe Montana	yes	1072748	a79f27be0dcf15c71c36a93af94727ca8a8a00b72717d70fa05738478d794af3	ok	image/png	370406	400	561	92ff3f175b921f9594fa107f420aa2004ff4653e36d5b60211836f264d1c94f5	1	1	1	983dcdd74f5832b7c235df414bafd20458a708dff71eef4e7f5e3bd823c22b87	ok	rom_folder	983dcdd74f5832b7c235df414bafd20458a708dff71eef4e7f5e3bd823c22b87
megadrive	492	geral	NFL Quarterback Club	yes	1667937	06dde58c5750d47615cf33331eac4d430e02763834941ef5b3f4bb2204c76aca	ok	image/png	345238	400	561	602761f485def0e8d8c545609e1c465174dfe50c6e32cbee6a098009dace9fcd	1	1	1	2a577f526f7f6ef67179d0f6b46b05516cc6b5e4bd809b06130fc67a94b40479	ok	rom_folder	2a577f526f7f6ef67179d0f6b46b05516cc6b5e4bd809b06130fc67a94b40479
megadrive	491	geral	NFL Quarterback Club 96	yes	2009201	ff8fb81062648217a35554fe8af01d9180785013cfa5f41bdfcbb803e1939ee5	ok	image/png	377049	400	561	6b04cf4fc7fa2e85544c29f44ac878b22e28202b1daa64be7203e3e1e2fbb3f6	1	1	1	7454888912402a3ae29ab456b1e119aaf403a4e09bba0c00ca630df8ab9b2ef7	ok	rom_folder	7454888912402a3ae29ab456b1e119aaf403a4e09bba0c00ca630df8ab9b2ef7
megadrive	986	geral	NHL '94 (USA, Europe)	yes	578250	278826ab71dfd430535f3361955271c2bcaa47d3a7b0c43d27626b710f9e5f95	not_declared						1	1	1	16dcc1c298d93a7319eddfea2270ba74cc6fd92a994f9595c019de301e9b83bd	ok	rom_folder	16dcc1c298d93a7319eddfea2270ba74cc6fd92a994f9595c019de301e9b83bd
megadrive	493	geral	NHL 95	yes	940193	aca462192b4f0b4d76c726b8ac20192732a714d12a36ab535333445981422be8	ok	image/png	210440	400	561	9701e5698c675f03059792f6047587aabee6739cfec4af92559e0edbeb917fcb	1	1	1	aefb89536a4d3276f642d0653b9c0601d347d86a40c63754f1dd702257a7b90b	ok	rom_folder	aefb89536a4d3276f642d0653b9c0601d347d86a40c63754f1dd702257a7b90b
megadrive	494	geral	NHL 96	yes	942265	3e9b22486d53c018a9696aee81a900cb25af3b05217a53dce918cad749928f5d	ok	image/png	252626	400	561	302e8947ef56026b4df31d465a97272fd0e80178f29e90f0a6b0d4f7b9ca9073	1	1	1	abe40bb6a1fcb62e703b9da3c9436ea17fb06aba2adf120e51d222c824ef8f5d	ok	rom_folder	abe40bb6a1fcb62e703b9da3c9436ea17fb06aba2adf120e51d222c824ef8f5d
megadrive	495	geral	NHL 97	yes	1001447	5e8b65710216128387e25cff8295d88d2619c334c216a3b455743380f6b2a2e0	ok	image/png	326986	400	561	cd66c46150d5dbecf4b6afee67b96eef72707791770f5f66b03e98bb7c9e97e9	1	1	1	f0c3a713d22aafb2e30017c7f6323666f79c74fc628b64427168c211131045e5	ok	rom_folder	f0c3a713d22aafb2e30017c7f6323666f79c74fc628b64427168c211131045e5
megadrive	496	geral	NHL 98	yes	1000920	5ad9b97ed2e863e59e9a1e28aec282c0329b70a02e17de56ac1872ee307e25df	ok	image/png	229180	400	561	0986ee5b9ad3c1919657104e35cee4e58cf035e38c42996082c372a8ddadd901	1	1	1	371800231e3d2654a72dc318e219f7fc9cf73b60ac7b08ff7319695dfc8a23b5	ok	rom_folder	371800231e3d2654a72dc318e219f7fc9cf73b60ac7b08ff7319695dfc8a23b5
megadrive	497	geral	NHL All-Star Hockey '95	yes	967494	d034ab7eb97096f115b48f1d663ef0ca46d9f10d7fa5a98084cd3867292a3795	ok	image/png	274394	400	561	d889d484da2d4a7e562a0eea2a63bf3c20b18b133525447a938e38b242ef5ad1	1	1	1	224aa7ca1957e03ab0cc876520cadadb80a37ef2189310bcc346c1f1f7699354	ok	rom_folder	224aa7ca1957e03ab0cc876520cadadb80a37ef2189310bcc346c1f1f7699354
megadrive	498	geral	NHL Hockey	yes	279925	2617921eb696dd2357f12efaf90d5ceb359a3ff23b280f664a59257ff7823606	ok	image/png	362112	400	561	425d8b93478cc0ac5d1a262e31cfb74f4e3b67f996e75dd05ed3ef520502b358	1	1	1	55e9f08c8329c3ec1b1dd78605ddbb5a04d1cfb6794896bd7e466e99e589cf5a	ok	rom_folder	55e9f08c8329c3ec1b1dd78605ddbb5a04d1cfb6794896bd7e466e99e589cf5a
megadrive	499	geral	NHLPA Hockey 93	yes	315139	d383d6ac00e861bc6f35a2b9b9d602796012bdd0b4a2db285ef06639ff5fa954	ok	image/png	359542	400	561	cd254abf08615009ec3eb66accf2d25fe49f923955f48071ae502b3445c76142	1	1	1	ac65410ad520d09a6c83c9cae7b57f89236cf0ef970e676cd433266e655b7987	ok	rom_folder	ac65410ad520d09a6c83c9cae7b57f89236cf0ef970e676cd433266e655b7987
megadrive	500	geral	Nigel Mansell's World Championship Racing	yes	496417	12f46bdf8f390806a31570bad49e93fcd1cc089ceaafffac7cd79ca839b3a20b	ok	image/png	288400	400	561	13230d15a0d2312da16cd9a77191fda016af1008fcec04c65dca13b13678f5ae	1	1	1	50183c520f27b16ac296bf6e1b74b5767e3fd0f46a95995169726f3ef1879a31	ok	rom_folder	50183c520f27b16ac296bf6e1b74b5767e3fd0f46a95995169726f3ef1879a31
megadrive	501	pt-br	Nightmare Circus	yes	1046550	5108cfd28a53aa00470819db2cd0cc6322206171e4c1ce0ef811b25f446b6392	ok	image/png	422610	400	561	0a4335e6d59cec95fcbb65076ee54f80f51a0e01835c9fc231a05936a1e5f018	1	1	1	4af1ec5f8aebb06c548a8a6afd883d5f893da7c4a1a3608456dc38e7da0405c4	ok	rom_folder	4af1ec5f8aebb06c548a8a6afd883d5f893da7c4a1a3608456dc38e7da0405c4
megadrive	502	geral	Nightmare Circus	yes	1046550	5108cfd28a53aa00470819db2cd0cc6322206171e4c1ce0ef811b25f446b6392	ok	image/png	422610	400	561	0a4335e6d59cec95fcbb65076ee54f80f51a0e01835c9fc231a05936a1e5f018	1	1	1	4af1ec5f8aebb06c548a8a6afd883d5f893da7c4a1a3608456dc38e7da0405c4	ok	rom_folder	4af1ec5f8aebb06c548a8a6afd883d5f893da7c4a1a3608456dc38e7da0405c4
megadrive	503	geral	No Escape	yes	980992	b0b345add19ce393b4ea41315eae767664ed94748395d7a439a9a554ac9b0a70	ok	image/png	297459	400	561	f18522e61cc966ea38846a21e64476eb6b84954e37a50860b0e0981f535b703c	1	1	1	4fc36d586873af33175455755e89b6e56eca4cbc54ac18a8eb5eb845a517f063	ok	rom_folder	4fc36d586873af33175455755e89b6e56eca4cbc54ac18a8eb5eb845a517f063
megadrive	504	geral	Nobunaga's Ambition	yes	250907	9a54283c87e3aacc0285f8651534dd85482493b67be35de6aea087932d31b06c	ok	image/png	290223	400	561	cf96308ac9d69c0d68588b0e5418eac6584f409d8008df7b623e080dc510eb36	1	1	1	44a8697f58adb939d3269c673a6d71df20a321931f9386ce62b8869c8833c2d9	ok	rom_folder	44a8697f58adb939d3269c673a6d71df20a321931f9386ce62b8869c8833c2d9
megadrive	505	geral	Normy's Beach Babe-O-Rama	yes	554838	50e6d000ce8f5de0c165637d0fe9f65afdf941e1d85d13c230c2cd95ad800b1b	ok	image/png	341709	400	561	ace4aca8e5cc9d502dad616a2d3b45407e5a31c6850c0616c9e558ecff50eabd	1	1	1	b2106b0a5e19783e21c925056373efe0e4da14fb0adca50ea6cc0910484b2e6c	ok	rom_folder	b2106b0a5e19783e21c925056373efe0e4da14fb0adca50ea6cc0910484b2e6c
megadrive	506	geral	Oh Mummy Genesis	yes	302672	d13192c1d49b84480c379f268b7dd3c3684983d11da70db4babff2757c4ea3f9	ok	image/png	189551	256	360	2665c4f72fce74f388c61894849e66808dbd5f04454d0775368436a3a8942f5b	1	1	1	f3534a5c30791eacf0b7c6e6a3cbdf68e2324fa5f41fb784cd46c181c30c4528	ok	rom_folder	f3534a5c30791eacf0b7c6e6a3cbdf68e2324fa5f41fb784cd46c181c30c4528
megadrive	987	geral	Old-Towers	yes	786432	39cd650d9225785e9c93d3beb8ba95334eb16077ab930cbfe5f75d9999991576	missing						1	1	1	7a44c8c7cca4fc6b92ad4c85fa9a88520a63289314667d2ce68b37c1d26e3193	ok	rom_folder	7a44c8c7cca4fc6b92ad4c85fa9a88520a63289314667d2ce68b37c1d26e3193
megadrive	975	geral	Olympic Gold	yes	255391	e0a204b3cf4d3233993ab724ef2d362db95ddbae7af39f7aa3296cf0f5d7e9a9	ok	image/png	372441	400	561	a6e5642d47f09b42376d298f08a0a9a510bb9144844fc32799ea4b791e7220b8	1	1	1	7688cc62407ac8dff307108783c28c25ad40c3cf14448d23a21c297b09c14b95	ok	rom_folder	7688cc62407ac8dff307108783c28c25ad40c3cf14448d23a21c297b09c14b95
megadrive	507	geral	Olympic Summer Games	yes	718447	a40f9bb3065fd89ee94d097fc8667bd51f6ab9dfcaa4d8e9f4b9f5d17aae2d07	ok	image/png	316420	400	561	94b7d15cf3e8aa835f92ce5429a5144797a47dc250f5f6b441d130920c2c6c60	1	1	1	f5533cc5e7ac830978236fb4416ab6b581fa629a9c056f2ae922215621860986	ok	rom_folder	f5533cc5e7ac830978236fb4416ab6b581fa629a9c056f2ae922215621860986
megadrive	508	geral	Onslaught	yes	236177	62480d6c462b39f340cf3b0534b5ce4319f2fe1ed4e78bb44244ec9603a693cc	ok	image/png	422916	400	561	6e61aeed86ea5f06bace2df394cac3230ef9da4821ecaa52da8a45a5c185bcc2	1	1	1	5dc13a479cd9f1be2ebef305888c3fa2b52e3901e1d201b1bdc2d3797e9029ad	ok	rom_folder	5dc13a479cd9f1be2ebef305888c3fa2b52e3901e1d201b1bdc2d3797e9029ad
megadrive	509	geral	Operation Europe : Path to Victory 1939-45	yes	610994	435289bec72adef2677600b6e78e26f83fcf2a1f767b8f3d67b89531a144441b	ok	image/png	402097	400	561	4818c504bce313e9fc7198216c584774957b79b43ded0a70edf882972dddd6b9	1	1	1	907d8258bf5e173d8d43ff39771e1724646d3454896ac9a140cdf43747315b62	ok	rom_folder	907d8258bf5e173d8d43ff39771e1724646d3454896ac9a140cdf43747315b62
megadrive	510	geral	Out of this World	yes	516434	eb8aaf5a7b9d83d2280fb02c3ee9302dacf01f4aa48ffa0b7345b61b8f338e85	ok	image/png	353742	400	561	31a135df1fa770385de76760ed2bcff4640716ceec9244efffad18a83d7b3ee3	1	1	1	0227b8a77992f8365eaac76ec6fbc137e0676343f8fe2fa99180ecf22c5abef2	ok	rom_folder	0227b8a77992f8365eaac76ec6fbc137e0676343f8fe2fa99180ecf22c5abef2
megadrive	511	geral	Outlander	yes	421420	8886bef02b53a797f9a956fdcdad48cf1cdc334116eb81369da8214e189ead28	ok	image/png	392771	400	561	42f3266ffb6c640b67c1b596da24bee7c969432585b14b7f1f12fc3979e29c50	1	1	1	0578cd91fcf2cb9146d8bb2c2ac23887baba645be9ceb32b7a29eaf250668645	ok	rom_folder	0578cd91fcf2cb9146d8bb2c2ac23887baba645be9ceb32b7a29eaf250668645
megadrive	513	geral	OutRun	yes	513103	e45e98596535f8b7a877cae23a2723130be4db043208e7e574a1ec3c150257fe	ok	image/png	384085	400	561	6a6ac6ff337abc573394bb6089bd4bd92718fcbd91a0bb2a46262fcbf3670f06	1	1	1	d8560bab371ca4a4c04316f45a8954d02c5e1a777fbe5e813f3b369d2b22619a	ok	rom_folder	d8560bab371ca4a4c04316f45a8954d02c5e1a777fbe5e813f3b369d2b22619a
megadrive	512	geral	OutRun 2019	yes	543712	65613e3f8c67440551817085d33a869f2729ce6e1f0d98266b85c8cfe3e5dcef	ok	image/png	344468	400	561	0fd4f3fc581c52a758a460232e5ace411804e31bd2372571ef3cb067cd183b2c	1	1	1	5b2a5d191503f52823975a920880f5a449b45edb021bd00ebeac20b300257b0e	ok	rom_folder	5b2a5d191503f52823975a920880f5a449b45edb021bd00ebeac20b300257b0e
megadrive	514	geral	OutRunners	yes	1055502	bd3d2f3d11c13de5a7ebe4a270d8c8e382f417f8a65e2d59f1e804c88ebc9c1e	ok	image/png	396598	400	561	9003b82588ff7dde7e51afacff88167f9336a25924737103fa77542954429081	1	1	1	7c72b314370d6da79108ad09afacbf4b89238c9c848233fc0b72253ee814a13d	ok	rom_folder	7c72b314370d6da79108ad09afacbf4b89238c9c848233fc0b72253ee814a13d
megadrive	515	geral	P.T.O. : Pacific Theater of Operations	yes	506233	c8ccc0b5ee9738f8b0e5b7aa41ec4409c5bc6352616ac676f020b24c107f6e9f	ok	image/png	354951	400	561	1dfd7cbbdd194b9eb9b19c36ab45beef9b17ff568a51642dcd65830406d988df	1	1	1	d1455dee04211b1b42173275a5dae418707c82edfdba6a94b67745219fc0d2b4	ok	rom_folder	d1455dee04211b1b42173275a5dae418707c82edfdba6a94b67745219fc0d2b4
megadrive	516	geral	Pac-Attack	yes	153784	57e47f40008b299dad49b9d8613ad9c298d58e3ca30323e5db260d25524f8e30	ok	image/png	375342	400	561	f90aa073188ae55d987f6907e459a863bddf26de27a2db8f980cbc9234ef789d	1	1	1	66dedfbc2f549ec9b20b181bcfea3bdb289af6c9dd78b03e2455ca636a42db33	ok	rom_folder	66dedfbc2f549ec9b20b181bcfea3bdb289af6c9dd78b03e2455ca636a42db33
megadrive	517	geral	Pac-Man 2 : The New Adventures	yes	1049731	f6bcd9c97f876e3c4e68e003c224f78c75a21bdfc1a55d6db02840865ca90457	ok	image/png	385765	400	561	ee7228da1b731ebf62eaba3da8d2554749bcaf768faad4120ec0a594911d265d	1	1	1	156d5c1ffd33b7a5edfc684541df5f2a038ff255ddacaa55b3138b90a01ceb15	ok	rom_folder	156d5c1ffd33b7a5edfc684541df5f2a038ff255ddacaa55b3138b90a01ceb15
megadrive	518	pt-br	Pac-Mania	yes	74798	8f121e081da55219fbfdf107f7d88c60f81b7612cd698bc3a59a020e244421c0	ok	image/png	405535	400	561	ae06f970fb947e0e6fe01bf7995e2428c716b138a142555d13712d3e5af3242d	1	1	1	79101ca6263a50b999957a58d8bfe510b39a88563dad821d79503bbed3629b9e	ok	rom_folder	79101ca6263a50b999957a58d8bfe510b39a88563dad821d79503bbed3629b9e
megadrive	519	geral	Pac-Mania	yes	74784	f0b4d9a9ec921c8dd89c1f3abcd01800f0e290b4da9165018eafe71fa07a73b3	ok	image/png	405535	400	561	ae06f970fb947e0e6fe01bf7995e2428c716b138a142555d13712d3e5af3242d	1	1	1	79101ca6263a50b999957a58d8bfe510b39a88563dad821d79503bbed3629b9e	ok	rom_folder	79101ca6263a50b999957a58d8bfe510b39a88563dad821d79503bbed3629b9e
megadrive	521	pt-br	Paperboy	yes	246441	e8d2cb10ba3e56c641c0c8ab55e712fdde9babe10595e4f380eef51daca7d434	ok	image/png	389443	400	561	2d4886ecad79f3a825fff26eb0072319bebed0be1cc5c58b15544a93e7fb02f1	1	1	1	851d7db6e056095aaf48eb267f752fb6f40b0c13bce868c2f10a8eb9a8cc132d	ok	rom_folder	851d7db6e056095aaf48eb267f752fb6f40b0c13bce868c2f10a8eb9a8cc132d
megadrive	522	geral	Paperboy	yes	247574	19f4c65b26fa220cb07fb0bf559dea240ab687cfe316e46951bed05d4f7f7632	ok	image/png	389443	400	561	2d4886ecad79f3a825fff26eb0072319bebed0be1cc5c58b15544a93e7fb02f1	1	1	1	851d7db6e056095aaf48eb267f752fb6f40b0c13bce868c2f10a8eb9a8cc132d	ok	rom_folder	851d7db6e056095aaf48eb267f752fb6f40b0c13bce868c2f10a8eb9a8cc132d
megadrive	520	geral	Paperboy 2	yes	451841	06b91e78293b48267b137a4eb705f1a0816cac9e53d9c30fcb5a4a00bc541e55	ok	image/png	364846	400	561	03b82692e93cf68bbd1810dc4ad96c724420430b2ce90adf39d5563d8d62c4f6	1	1	1	988ddf032eaf3f4a79b3eff9423a63f68fd57b9cee3389a9d492a32c89f62d08	ok	rom_folder	988ddf032eaf3f4a79b3eff9423a63f68fd57b9cee3389a9d492a32c89f62d08
megadrive	523	geral	Pat Riley Basketball	yes	193886	517600342677bd271a54d14fa67b3aa4f22b5e200d5aeffccedb72e94a705086	ok	image/png	303123	400	561	08a39806cece0b0f6b89be6551e7a108c423ce306fc6e6bc6f25cd5fc83e4291	1	1	1	723fb124a7988f956af8d060eb3649180c71f1fc9d07bc4a77368527b295cc9d	ok	rom_folder	723fb124a7988f956af8d060eb3649180c71f1fc9d07bc4a77368527b295cc9d
megadrive	524	geral	Pebble Beach Golf Links	yes	656166	40db398727635a30db4447126e293b29e835711e38bf2de58e4ec9eab34f454d	ok	image/png	391072	400	561	534932357579cc32c4dbb369f61a4ba6c7455566418bba78933ecc4b6a8da848	1	1	1	f97c18503ace1b5d0be9406ab1c0867a64dc94c235aaf3c43b2a57bb0c586e3b	ok	rom_folder	f97c18503ace1b5d0be9406ab1c0867a64dc94c235aaf3c43b2a57bb0c586e3b
megadrive	525	geral	Pelé II : World Tournament Soccer	yes	731599	86c72b6ba977021c8a4287b03b50206193d04e71627e046866bf39a4b418f7be	ok	image/png	213749	400	561	86b3b7b46cc6f4c8fd56c34f9c947319d3dba6a387293557e12a37ed0ae7d0e8	1	1	1	1824c543e0d60ad5d3e535980cbe6dbefc9c9f3b4d12ed8a6222f2b4b8245cd5	ok	rom_folder	1824c543e0d60ad5d3e535980cbe6dbefc9c9f3b4d12ed8a6222f2b4b8245cd5
megadrive	526	geral	Pelé!	yes	568033	488e5fe7f4717e14b72273b5404a45a08348e73309b8029d98d0643ee730f132	ok	image/png	313129	353	498	7a3107593bb67149a18ab23135d121d946f0a5efda88b10be6382e2f2307a7c2	1	1	1	44b62925f0454550a744c6e91f0f7b4fe883ae642c2bff9dad21501651ced4ac	ok	rom_folder	44b62925f0454550a744c6e91f0f7b4fe883ae642c2bff9dad21501651ced4ac
megadrive	527	geral	Pete Sampras Tennis	yes	654411	af93d7c41cbc1f0046911d9d9372d0471512d3d4bb6aa5bbe3f00f96009cb2f5	ok	image/png	314018	400	561	8d491bf48b54ca457b649634876e01520df545f0faec8488ac6e820e4f1bdb5a	1	1	1	8ceadb61ac711ba457a3521c5d6a85a565c016d3578a3326d759a3af6ec62d3a	ok	rom_folder	8ceadb61ac711ba457a3521c5d6a85a565c016d3578a3326d759a3af6ec62d3a
megadrive	528	geral	PGA European Tour	yes	635466	3002ec9c422c3cb18755384af3de896e57d4843eb6cc6d8488c95e3b42e29c83	ok	image/png	185533	400	561	d846334eb5cfc51a7939467db65b5fbb838f5e217af117b437e9c02f88726443	1	1	1	04e6980a9a9559e3bb56762e4a5974dddb08788cbf54f1cc1e849ce6888fbe69	ok	rom_folder	04e6980a9a9559e3bb56762e4a5974dddb08788cbf54f1cc1e849ce6888fbe69
megadrive	529	geral	PGA Tour 96	yes	1160467	2860e4619343006bedd151c807c47a0f4d24808b584a3df22e2f0fb045bb33b3	ok	image/png	191011	400	561	63d711e2d9b3b2787a1c24a9514018f64603ccd0b4942e8a7393f0b07f989f3d	1	1	1	9425b252481434cccee022c954bb1f35dd21ae6ee844aaca8daa3d6789dbc263	ok	rom_folder	9425b252481434cccee022c954bb1f35dd21ae6ee844aaca8daa3d6789dbc263
megadrive	532	geral	PGA Tour Golf	yes	347791	6ef2b4fbe6cd04eaba8c76bb716d063769a1a36b726997e82e482fecee606ee0	ok	image/png	392183	400	561	5c38f5e08009cddea43152b706292b771a6fbd18b1c1716b092911b9a67603fd	1	1	1	9f514102026d33be7dd1dce9a1f837fb63e974549ac306290874bf3892ccb297	ok	rom_folder	9f514102026d33be7dd1dce9a1f837fb63e974549ac306290874bf3892ccb297
megadrive	530	geral	PGA Tour Golf II	yes	628593	90e8c974dcd73c6c59e162af322c92380b1f80301adb4fa312a24e2316238874	ok	image/png	322141	400	561	74740d3fdda7d9ce9d3e74cd4a61a083227615fa474dd4510eaa721b64d090ff	1	1	1	e79ada5e7eb2f9a512cb68be9494576a9611772d05f715541293602345364780	ok	rom_folder	e79ada5e7eb2f9a512cb68be9494576a9611772d05f715541293602345364780
megadrive	531	geral	PGA Tour Golf III	yes	1566727	c46e1307349f66f0ba9993b1fb618dc44350ef0e1c14270a8b8e893952628c31	ok	image/png	200668	400	561	7c421492a345928a84c2e4c9f8d777f835ce60728a15c0b5f844c09337cc5413	1	1	1	6854399b895729ddc34bee462201d92a407549880f04f01d48eb3ae99bdb0805	ok	rom_folder	6854399b895729ddc34bee462201d92a407549880f04f01d48eb3ae99bdb0805
megadrive	541	pt-br	Phantasy Star II	yes	517630	10f978e0c7966ec22ca556167c05b177bb80fe1508d42f860dfc757a8819960f	ok	image/png	396510	400	561	fd9b7c53ec3cdcf5e784c390c490c0287ba473ac99defb3306f80dbe7db171c2	1	1	1	b9ea2d29c0b9e6dbe17e6a5446f1ce288af765c2d42ca909ebe7ec373cef3b80	ok	rom_folder	b9ea2d29c0b9e6dbe17e6a5446f1ce288af765c2d42ca909ebe7ec373cef3b80
megadrive	542	geral	Phantasy Star II	yes	473053	d6576e467982f6479e0ee621ea391030dd0774c50ab53578b3797cb97c289bec	ok	image/png	396510	400	561	fd9b7c53ec3cdcf5e784c390c490c0287ba473ac99defb3306f80dbe7db171c2	1	1	1	b9ea2d29c0b9e6dbe17e6a5446f1ce288af765c2d42ca909ebe7ec373cef3b80	ok	rom_folder	b9ea2d29c0b9e6dbe17e6a5446f1ce288af765c2d42ca909ebe7ec373cef3b80
megadrive	533	geral	Phantasy Star II : Amia's Adventure	yes	135029	baf815fa6c6a0002c6318b18840b05920475b6df33000b9fa2803639dbf183b2	ok	image/png	259210	484	680	9af5d3aeebb474ee06bc4c8f6f2ba32dd912586ccd148595e841f6f2aa1ea834	1	1	1	0ee9bbb44108b799518e7c966288f1775a21eec94b19e1ea8086333dd12f115a	ok	rom_folder	0ee9bbb44108b799518e7c966288f1775a21eec94b19e1ea8086333dd12f115a
megadrive	534	geral	Phantasy Star II : Anne's Adventure	yes	134454	b0cb45ac876d9b1fc7d1f04ed95e861449c10181778a9d7868325552a4edfc7b	ok	image/png	193483	484	680	33906ef52cc00148414ad134dc4033b2c5f9224afe316eefea0757f733927019	1	1	1	8a137cfa9cc37067894ea25e256b94bf91e0f04bb3333ba9a7f72719571a7c04	ok	rom_folder	8a137cfa9cc37067894ea25e256b94bf91e0f04bb3333ba9a7f72719571a7c04
megadrive	535	geral	Phantasy Star II : Eusis's Adventure	yes	132550	e30804c17d0dc45a9c119b4b61ed588bd5c96be02ce7df3749dffad65b1032c4	ok	image/png	127958	484	680	724191438fbf474181773694dbeddcaf555ebd2c698dce1df221b869137e36b2	1	1	1	ce42babe4ba5ccb4c229064d58dc78dd235d219a2b0c7d446501bb7da660dbc5	ok	rom_folder	ce42babe4ba5ccb4c229064d58dc78dd235d219a2b0c7d446501bb7da660dbc5
megadrive	536	geral	Phantasy Star II : Huey's Adventure	yes	135580	6b2fe2485112bb40e0a08eea7421b90a80f14cbeb8391643678ab568d47fa337	ok	image/png	257814	484	680	f75b7483547c9c0d61d67be38e24e081afbef634a6d66469de00c78548d9e9b7	1	1	1	7fc62045fc0a817aee83906d4739b85d41c20fa17da1097cdc292b903d73287a	ok	rom_folder	7fc62045fc0a817aee83906d4739b85d41c20fa17da1097cdc292b903d73287a
megadrive	537	geral	Phantasy Star II : Kinds's Adventure	yes	135768	ee16e191c06eaa0db71c7710f0472ff493dca51aac0b875c6e258c3c769e084d	ok	image/png	213027	484	680	223632178156fc5350c7966c20eb7eb9980550e10aeb35e9e8d541c1212e3e3e	1	1	1	41fd90af302bbe58d26bdc668e4ceaaa2da2da78b23607b3fde4f6ac26c642d6	ok	rom_folder	41fd90af302bbe58d26bdc668e4ceaaa2da2da78b23607b3fde4f6ac26c642d6
megadrive	538	geral	Phantasy Star II : Nei's Adventure	yes	147108	cd73a3faff1bcf1dc636f02ff375e31051ad0410bfc6f2a82e475184b0607127	ok	image/png	207313	484	680	8562868d1e3a31883fc96db4f43c32e6b7584755ca1d5ec2ccbb517f797d9b7d	1	1	1	d466c6d95974c1ea5258583fe4a04ca4a0ef48436739f681902f328ffa4c5537	ok	rom_folder	d466c6d95974c1ea5258583fe4a04ca4a0ef48436739f681902f328ffa4c5537
megadrive	539	geral	Phantasy Star II : Rudger's Adventure	yes	133438	696fb34d452d0912fc6375181f98185f88c3b77ab19dbed080bf6fd868f2f574	ok	image/png	254037	484	680	dd765d8b86837713c17518c157a2f985a2cf05c5b5d8d6d8b8b03bd60a3ce207	1	1	1	80455f04da116f9cdcdbe85f9a31aaadbf4bf27922f93782369246e1f3f8f0de	ok	rom_folder	80455f04da116f9cdcdbe85f9a31aaadbf4bf27922f93782369246e1f3f8f0de
megadrive	540	geral	Phantasy Star II : Shilka's Adventure	yes	129627	c94e2b4a6a14558e84bd3a993378e9a77a358c9a259a1c2547e09d225669a207	ok	image/png	196615	484	680	1ae246b8a42455db0648ad3c79df8729423bef0bbcab9749d807d510ed96c490	1	1	1	3dd488af903352b5182f102519966c06a556ccaa11109339a67b24c5e6644bba	ok	rom_folder	3dd488af903352b5182f102519966c06a556ccaa11109339a67b24c5e6644bba
megadrive	543	pt-br	Phantasy Star III : Generations of Doom	yes	463852	900b70bc0f18b406d40c02fc36c41d3a968bfc22e6980173c5142d8f45191408	ok	image/png	369425	400	561	e72b978a3cc4365b3887f5513dd10996a18d023d16d179da5e7425c1b2a7e6f1	1	1	1	1b362a4dbf6039bd45fd7d8632cbe0f67187b873f03379b349d345a149fcd44d	ok	rom_folder	1b362a4dbf6039bd45fd7d8632cbe0f67187b873f03379b349d345a149fcd44d
megadrive	544	geral	Phantasy Star III : Generations of Doom	yes	451365	c5cc240bcd4a060c8e2774f15929c51afd35a9bea713d27c65aa3bf55aebdc77	ok	image/png	369425	400	561	e72b978a3cc4365b3887f5513dd10996a18d023d16d179da5e7425c1b2a7e6f1	1	1	1	1b362a4dbf6039bd45fd7d8632cbe0f67187b873f03379b349d345a149fcd44d	ok	rom_folder	1b362a4dbf6039bd45fd7d8632cbe0f67187b873f03379b349d345a149fcd44d
megadrive	545	pt-br	Phantasy Star IV	yes	2472448	781ba51fb50030de277207ac1fd9146e90113dc3be871b9bed52dd3500c3ce54	ok	image/png	369985	400	561	c6d97eaf761332ab371ef352c3dacee8a5313207ab07e7c8012e7d46f1855be9	1	1	1	6a9e799da1403046f462a2b9068fe86b062f25c5153dbd69bbf938b8bca7473b	ok	rom_folder	6a9e799da1403046f462a2b9068fe86b062f25c5153dbd69bbf938b8bca7473b
megadrive	546	geral	Phantasy Star IV	yes	2389153	c0474e38924be5dec848df957e0dd9dee69d4ff8fa7c9bd0f886ac93b4c09297	ok	image/png	369985	400	561	c6d97eaf761332ab371ef352c3dacee8a5313207ab07e7c8012e7d46f1855be9	1	1	1	6a9e799da1403046f462a2b9068fe86b062f25c5153dbd69bbf938b8bca7473b	ok	rom_folder	6a9e799da1403046f462a2b9068fe86b062f25c5153dbd69bbf938b8bca7473b
megadrive	547	geral	Phantom 2040	yes	1145506	69a70312ad0a8e9a0a99842dc19d779e4725bb7d8abc22e07c276adfeb9e0c14	ok	image/png	377358	400	561	7b9640e5db1c1bd1e4d338cf449f4198153ce9bdb446b3095266c4fc53d9e37e	1	1	1	516c6128f614e569001f1541736f73b418118482d6552772c92742efe27bcff6	ok	rom_folder	516c6128f614e569001f1541736f73b418118482d6552772c92742efe27bcff6
megadrive	548	pt-br	Phelios	yes	260474	39ef2fe4feaa9bc6af575b86e0bb112fbce94118dae400015039c236d29dc000	ok	image/png	396373	400	561	a303168819ae8868f8c26aba4db9750e14513ef33ac9ae0a6a86b9d7818757e4	1	1	1	e20e47888a803d29642efbdb641ae55057baa00548ec517878232c9bf8e83642	ok	rom_folder	e20e47888a803d29642efbdb641ae55057baa00548ec517878232c9bf8e83642
megadrive	549	geral	Phelios	yes	259714	4346d17047bc6af8edb98033b949903541ba3dec829b7fc7bb01d26ff2afad93	ok	image/png	396373	400	561	a303168819ae8868f8c26aba4db9750e14513ef33ac9ae0a6a86b9d7818757e4	1	1	1	e20e47888a803d29642efbdb641ae55057baa00548ec517878232c9bf8e83642	ok	rom_folder	e20e47888a803d29642efbdb641ae55057baa00548ec517878232c9bf8e83642
megadrive	550	geral	Pier Solar and the Great Architects	yes	4211397	53e6a6c29c9dea5b2e0adbf737f788d253bc19dc2b33c4ee71b8c8ab8c5553f3	ok	image/png	644723	512	705	c36821a58ebbcfe20a4292edc468f02cdf397202bc6f0d09774fd85414dddb2e	1	1	1	fc5a1543698efc5b9f3047d8a74c6af5bd2976c1695f33ed42c247068b1d03a3	ok	rom_folder	fc5a1543698efc5b9f3047d8a74c6af5bd2976c1695f33ed42c247068b1d03a3
megadrive	551	geral	Pink Goes to Hollywood	yes	630893	4e81b19ed3542ce7f83b2ee9ea086c3a232d0e4e15eb22cd9c1575a2f85b2887	ok	image/png	366364	400	561	617e1d53dc224da7f30d6efea0d3651ef34bc2ed3c1415c841e4d4d78328f5e0	1	1	1	247ac5d5d63ca7d0cd0904723f465f2d85ee23e999d72291767904c958b9c707	ok	rom_folder	247ac5d5d63ca7d0cd0904723f465f2d85ee23e999d72291767904c958b9c707
megadrive	552	geral	Pinocchio	yes	1451694	8aaa91bc5009c24302c0b8f05c8f9c9e4e74317cd97ff8c54cf71c2b9f37c049	ok	image/png	367546	400	561	9a887d4b863684df568864c5b1583623ded09b2fcb18362c2f3f9987a95526e1	1	1	1	800b2b7bc2ec80524807e55f77da6679da41f9d5cd91ff76db9bad6527e76f4f	ok	rom_folder	800b2b7bc2ec80524807e55f77da6679da41f9d5cd91ff76db9bad6527e76f4f
megadrive	553	geral	Pirates! Gold	yes	727246	0c6d02da7a53cf594f55b22fb165c2c8cd458ddb39e9bb056b859a14edcd16e7	ok	image/png	398538	400	561	90d07c2e8f4bdf0b4c5940865cb7042fd37b180cb15cacbae429499bc4fcb051	1	1	1	ef75db76b7abfbc9ff2884f47f3e9fe4d995b3e26b4896e4d55709782e117be1	ok	rom_folder	ef75db76b7abfbc9ff2884f47f3e9fe4d995b3e26b4896e4d55709782e117be1
megadrive	555	pt-br	Pit-Fighter	yes	649331	6100b9f3cd654f18bc2cfd5fe53026c17cc18043d44541723eb9e8630e9278cb	ok	image/png	439581	400	561	8f426ad2c349bb654a5348a88427b6b454692680c49045e3e3cfc29a9a680181	1	1	1	34f4579a5518895995821701318120f901da2ac3555e436c7ff7fbfb82f703da	ok	rom_folder	34f4579a5518895995821701318120f901da2ac3555e436c7ff7fbfb82f703da
megadrive	556	geral	Pit-Fighter	yes	644999	c778e488580e323f7ff69d53a2b699eee3f1d127b62a6cc09511b75bb43a3b6b	ok	image/png	439581	400	561	8f426ad2c349bb654a5348a88427b6b454692680c49045e3e3cfc29a9a680181	1	1	1	34f4579a5518895995821701318120f901da2ac3555e436c7ff7fbfb82f703da	ok	rom_folder	34f4579a5518895995821701318120f901da2ac3555e436c7ff7fbfb82f703da
megadrive	554	geral	Pitfall : The Mayan Adventure	yes	1346897	3a5f0d44fcfaf39e3e7268cfcf396aa835a72b68bfd54fc6039cf4ca307303a1	ok	image/png	319716	400	561	ed4e66485a72f6984a307d18db45cae1714576eddb1646b73d50c1f5320afade	1	1	1	31fff0b029a59a3e1ebe5789fd056ab9cd03f5ea502113460f2d10650c4572e3	ok	rom_folder	31fff0b029a59a3e1ebe5789fd056ab9cd03f5ea502113460f2d10650c4572e3
megadrive	557	pt-br	Pocahontas	yes	1719883	0da9000724a2c8768c11bfa2f578a9243a1f76baf4352cf579268518142d89d2	ok	image/png	335342	400	561	e31163f683d626d887b06a5851b4036c2a8c1b9412119794c0dda7b8455d74b5	1	1	1	d26eb69dc69c1eb425273f87d7e9a65570feb3cd05277bca0b6a1c365e48a6fe	ok	rom_folder	d26eb69dc69c1eb425273f87d7e9a65570feb3cd05277bca0b6a1c365e48a6fe
megadrive	558	geral	Pocahontas	yes	1700596	b2764862d7ab15d4f747c6bcf635ca8d78e35247b892be8a26c409af3265440d	ok	image/png	335342	400	561	e31163f683d626d887b06a5851b4036c2a8c1b9412119794c0dda7b8455d74b5	1	1	1	0ccd259a206391fe0a215f09d854b9c4a5659fbd1bd19dd2c4267b6a60314c4c	ok	rom_folder	0ccd259a206391fe0a215f09d854b9c4a5659fbd1bd19dd2c4267b6a60314c4c
megadrive	560	geral	Pocket Monsters	yes	920395	ce36fed107fdbac63dbebe0a3936b64b6e2dede6e9f19082fefc88df808a9d33	ok	image/jpeg	20009	199	281	528e5053407548f9cce82275bbb99b8a05f2f0738e8b2a3b815889d9920dded9	1	1	1	964105b2cea8f118f24e443b1784b709b0371dc17d1387464c79f9b571129eac	ok	rom_folder	964105b2cea8f118f24e443b1784b709b0371dc17d1387464c79f9b571129eac
megadrive	559	geral	Pocket Monsters 2	yes	745430	1ab5cea0a88fd21ce9cdcec96ff86c13ffcf8e3f58334506025407f9b352428c	ok	image/jpeg	18354	200	281	30bd1d34b91a01778723172e239aa3a20a0aed22901cf549b127a6f820a25687	1	1	1	16c21ee24088cafdcc9f1a23a24efa33a89cefe311d4eb2d0f963ccb119897dc	ok	rom_folder	16c21ee24088cafdcc9f1a23a24efa33a89cefe311d4eb2d0f963ccb119897dc
megadrive	561	geral	Populous	yes	184254	549115f57a0f7fee122ca88775b7499b06f8b946f14bc516a8b4a6883c34e7f6	ok	image/png	399029	400	561	5e9820315cbf60ad34ed6915461b8f5d1f61ff0e9ed9ce74f9c3065b839ebb8e	1	1	1	94d63c539d8b1a7978fc343750909f8f85007b73f7a0c25a7c181dd54ffa3152	ok	rom_folder	94d63c539d8b1a7978fc343750909f8f85007b73f7a0c25a7c181dd54ffa3152
megadrive	562	geral	Power Drive	yes	677252	a49171d16d9256c1684ea1b297e77403decd5a334a0f2daa6d1ea68daccb7bd6	ok	image/png	387015	400	561	95cc2410cad293412c0feae853441a4233a3a848b4e9220f24db422795e6b20d	1	1	1	fe63840fdc0afa0b4b74f0f5cafe4093087c566f0a9ace6f27877c73f4692e5e	ok	rom_folder	fe63840fdc0afa0b4b74f0f5cafe4093087c566f0a9ace6f27877c73f4692e5e
megadrive	563	geral	Power Monger	yes	325401	2facd85eca3d679120ca0e711285c6049762321518fd0f329d33ace7229be6f9	ok	image/png	411182	400	561	573e4d41d6a5685a4981fdf12f84fbbe92517c419f3e0e8ca83fbf11a6241617	1	1	1	eb3471fb6ba88286ad3a98067f50c5986bcf9e022987ba466199d203872a1b4c	ok	rom_folder	eb3471fb6ba88286ad3a98067f50c5986bcf9e022987ba466199d203872a1b4c
megadrive	564	geral	Powerball	yes	308699	7bd4a732704d87bd2470e1bd05530c50c89d3b5c70892f754b8dcda1e6405cde	ok	image/png	403863	400	561	7225ba46351287a13908041c204a25c236169b78ef49483ee4acdee1f957c5f4	1	1	1	cb455020786db2d508708ec6a7882778bac96378b3a2f3b24d794c6cd7b59abb	ok	rom_folder	cb455020786db2d508708ec6a7882778bac96378b3a2f3b24d794c6cd7b59abb
megadrive	565	geral	Predator 2	yes	492348	6ae70655e8f45dab822eba82bf8c71cc1596fb5eda3b5c5992bab43575001ad8	ok	image/png	407127	400	561	477d7d2b3880a3b308284dcff797dd5c49b08d6959913e639b1cf5695e867630	1	1	1	ca87afca4b379d3bcc9d54a433974ac4580cf038e4b46b84c72f2dc07d425aca	ok	rom_folder	ca87afca4b379d3bcc9d54a433974ac4580cf038e4b46b84c72f2dc07d425aca
megadrive	567	geral	Premier Manager	yes	392574	e628edcbf1921e9fd50a20b8dd049c1e01029dac6f619ee8adb67d60f94a4b85	ok	image/png	317689	400	561	5eaa15ead79b64d97624102624f276979f8369593ed1d359cec111e236bece8a	1	1	1	609614a4c3142d4d681b0952779fa7c07174d86b12a87b65082df203e4092495	ok	rom_folder	609614a4c3142d4d681b0952779fa7c07174d86b12a87b65082df203e4092495
megadrive	566	geral	Premier Manager 97	yes	386054	e7d0c2ae6d648450cb6d6ab1ec79589538bbadb50babbcdddd597132f22b836b	ok	image/png	408238	400	561	7e3567a98072dc981d7a339ce99d90ddf02b39b0fa2ef4e6b78184da73242f02	1	1	1	bf0da12bbff6a8003e987904798c9f635d524da571ecd96fde07e578db22dd78	ok	rom_folder	bf0da12bbff6a8003e987904798c9f635d524da571ecd96fde07e578db22dd78
megadrive	568	geral	Primal Rage	yes	2423645	0a584ba2ff8041afcf39ba4cadab6b81fa42aba26b32ae697e7ab915b47859da	ok	image/png	412974	400	561	85399edee2c0fd45aab8315bf2e0af50ef371007d1a52a094d9155aaeec667ce	1	1	1	64caea95050301ad73e20b0d6a0583d82bd107e91d2f3145e3c2e7720ec03e93	ok	rom_folder	64caea95050301ad73e20b0d6a0583d82bd107e91d2f3145e3c2e7720ec03e93
megadrive	569	geral	Prime Time NFL Starring Deion Sanders	yes	1062151	b490244d79a55ec198ee50d2a849a8c22da301b509625204edfebae743223a95	ok	image/png	235443	400	561	1ef6fbe3cb88f64e7c6bcc93bb32a77294cf8efcd031c660d4ef69ca91307930	1	1	1	050e3eccdb2fbd54db84de6d983278ac6f779e891e8ea72606d514efc3d1b3e9	ok	rom_folder	050e3eccdb2fbd54db84de6d983278ac6f779e891e8ea72606d514efc3d1b3e9
megadrive	571	geral	Prince of Persia	yes	393119	91cb639e158f97ad2b84b314a56d3bb100aa9b7ab4836d23a37479100268b6ba	ok	image/png	394913	400	561	5a2eb9407e6d4502572fed8ec7bc69f27341bf90f0da8712b04e36e5ca16f9d4	1	1	1	26174166a70b2c0fc5995ec4a92838a70834d37f94bda17e2034f7630b615e29	ok	rom_folder	26174166a70b2c0fc5995ec4a92838a70834d37f94bda17e2034f7630b615e29
megadrive	570	geral	Prince of Persia 2 : The Shadow and the Flame	yes	1321039	bd3eac8df6fb8e529a047bc2d5f7f93a676b833ab56dadc7b58f3ad2bd40667f	ok	image/png	516113	512	698	d03cce96bb2e8d248f03155cca7dcc25cec1b925979922614b40383ec2208cb1	1	1	1	f46e83218066cb03f1b004e21d186b4ce7fd638c716c8d018b8b5f29a0663602	ok	rom_folder	f46e83218066cb03f1b004e21d186b4ce7fd638c716c8d018b8b5f29a0663602
megadrive	572	geral	Pro Moves Soccer	yes	322580	90b8ff1311272f4e1b368cdf4ddc1b2bf25af314253d2af655dde2c973c23424	ok	image/png	624594	512	731	5befd8975281891431c1131ec901482200efcaea00a6ba2a10eb5c25c53f975b	1	1	1	a32581bdb50a40b15707306c1aa9fa308864ea9223aa5a1c375fa51aebd6ac9c	ok	rom_folder	a32581bdb50a40b15707306c1aa9fa308864ea9223aa5a1c375fa51aebd6ac9c
megadrive	573	geral	Pro Quarterback	yes	509557	f74ffaa64308e447b656ada0a6203315981901507f0de5489a6825e433662cd9	ok	image/png	330061	400	561	966939168ca70f0f1d09a85ff7523b96e3d51cea8afa0bba713232a71c507e50	1	1	1	21f45735637bdcda6d7c93bd1dd7ad64f61b6b3cb233446700078da507b001be	ok	rom_folder	21f45735637bdcda6d7c93bd1dd7ad64f61b6b3cb233446700078da507b001be
megadrive	575	geral	Psy-O-Blade	yes	563869	ecad72c5ca5454de3beaf7158665b7375958f7727b1e8450db789c8de6f31e67	ok	image/png	527890	483	680	3fbae5fa3d79f2bf2a0ba72256401f117768ffa8e94d172f24b49a8545fe0dd1	1	1	1	88b93a3f579d4bc3f3a891118740e8573a2ac377db31beb060a258bae3e41870	ok	rom_folder	88b93a3f579d4bc3f3a891118740e8573a2ac377db31beb060a258bae3e41870
megadrive	574	geral	Psycho Pinball	yes	758874	ef0e7c822063d4c8affab5cd85c23babfa4486f81c06301afb2b74a03fdef0a5	ok	image/png	401499	400	561	e9324866baf9f5c2ee898393810bb1cd82918a8f2687448ee94d95f0c636efa8	1	1	1	85017a3820944a497d84c3a56a397d0e602f18d428404f4e81f93acc5a61473c	ok	rom_folder	85017a3820944a497d84c3a56a397d0e602f18d428404f4e81f93acc5a61473c
megadrive	576	geral	Puggsy	yes	779118	ddcd727247167f7c1fc1664c3b14c35b1344de0f5127da8e32cf7cb674f6708c	ok	image/png	367148	400	561	429c9e7ee34b863ad96411c5a397990a62da75510d89ec96a54e529b8b49b10d	1	1	1	04d42f0cad5572ac7102c2cdae537c752406cb410d129025dbd234f720116451	ok	rom_folder	04d42f0cad5572ac7102c2cdae537c752406cb410d129025dbd234f720116451
megadrive	577	pt-br	Pulseman	yes	1278686	7cc608f8b0f4ec6c40a154ac7960f1f3b94b58d731dc51a0b4a608f7d4da242d	not_declared						1	1	1	dec6345232373c974f92702ac252e28b003ed23a908d0ffc343ebeb16173ae94	ok	rom_folder	dec6345232373c974f92702ac252e28b003ed23a908d0ffc343ebeb16173ae94
megadrive	578	geral	Pulseman	yes	1278257	dd6cb1047efe3a4f1e53dc3990e7005cf18190fb81a0d4810b8efb0246271595	not_declared						1	1	1	dec6345232373c974f92702ac252e28b003ed23a908d0ffc343ebeb16173ae94	ok	rom_folder	dec6345232373c974f92702ac252e28b003ed23a908d0ffc343ebeb16173ae94
megadrive	579	geral	Putty Squad	yes	503563	31f325a23214bfda8761d053457fa2facb394e7d1bfb9f30e1253629cc7adac5	ok	image/jpeg	17348	184	266	a9c849214b2dcef7e6576931bdece8c6a0cb3aa0a5cc99995d1cf19d23ea3da7	1	1	1	26b9cff59701c6f664c0806430bb18978cd28eb71e5857ddec9fe4b234de6f52	ok	rom_folder	26b9cff59701c6f664c0806430bb18978cd28eb71e5857ddec9fe4b234de6f52
megadrive	580	geral	QuackShot Starring Donald Duck	yes	404162	ad08995dd5a1e4013e003ef6b2596ba3987cd74a7a43a21880cee2be19650d9c	ok	image/png	752913	512	700	6de9a05b49af86a717d6996d36c03a5c8ac00f08aceae40868f3d8b649c637fd	1	1	1	6d37ca2c83d418a2deb7e0a91a6f2e569b03aacb0c56b1139b79d2c283015cf2	ok	rom_folder	6d37ca2c83d418a2deb7e0a91a6f2e569b03aacb0c56b1139b79d2c283015cf2
megadrive	581	geral	Quad Challenge	yes	257400	b4d25235a4e6b836c3d3c95eef5c52adde6ffc9c7362c4195964dfc5831fa81e	ok	image/png	421195	400	561	97c2c359d2435dd5e4a0f736e180675cf4b209652a98f9f0115a5f23d23ab727	1	1	1	d25430fee56e00caf87e6b9a18141ab0c66656c3dc09cece3509ca425435d507	ok	rom_folder	d25430fee56e00caf87e6b9a18141ab0c66656c3dc09cece3509ca425435d507
megadrive	584	geral	R.B.I. Baseball '93	yes	538227	ddcb64366ac71a1783a7c937485b3dfa9529d4e6bfc52fd41a208d0b00139639	ok	image/png	460498	400	561	269fde07f54733d9442de1338737cf6b74684ff10ba8e3b011756fa4d463edb2	1	1	1	cb87011f70e2b7a2696241a01dbfb7c459ca96e1b7bd617edc77bf93b36e5e17	ok	rom_folder	cb87011f70e2b7a2696241a01dbfb7c459ca96e1b7bd617edc77bf93b36e5e17
megadrive	585	geral	R.B.I. Baseball '94	yes	1185021	fafb237dfb9d824a5a99db5512046b35f5423bdcf9cb90e0b1bd5af486b1a580	ok	image/png	351299	400	561	9d87eeec7caa8869cd97c5e04167b5162599937bf0b51ed58a185dfa6615b407	1	1	1	0e2e999f01de11730aa113b41792eb60f0e3ffb26734443e807a0170ba1ae9ae	ok	rom_folder	0e2e999f01de11730aa113b41792eb60f0e3ffb26734443e807a0170ba1ae9ae
megadrive	582	geral	R.B.I. Baseball 3	yes	211685	e27b939a0f1ee8df378bf20dc63035b336e14a4c08fcf94288852480d5f3b4c4	ok	image/png	384838	400	561	ffd9eeb2c11aef669fed01c1612b02c1b0880b34092196a718f03058932eeef3	1	1	1	4892d08a14eec357082668e6230bb77783b5f87f2cb29bde56dcd651bc07237f	ok	rom_folder	4892d08a14eec357082668e6230bb77783b5f87f2cb29bde56dcd651bc07237f
megadrive	583	geral	R.B.I. Baseball 4	yes	522379	f75fe518d5b161ee1e655d971665c9c9302d501d40363bdcea9d0e440dee3c4e	ok	image/png	385652	400	561	784096ed0742a92155a654bd5a1e8aa4c6168d5963110acdc8136def31dd0522	1	1	1	2d6724cd618194ee12aa5059d939cfd4a8bf4f955ca32586c7d1526ec248ac7d	ok	rom_folder	2d6724cd618194ee12aa5059d939cfd4a8bf4f955ca32586c7d1526ec248ac7d
megadrive	586	geral	Race Drivin'	yes	158745	c1926c615224912cb6bc65d4152812058265a60e18ffc844b7f4942fbfe21c9a	ok	image/png	222478	400	561	2cc35872703d1dab4467dfb58d1d40dbeea5c759477617e96c5d678b9c17ab1e	1	1	1	1c9f37bc5c5ebeb10663609b11650244f83f6da050ebf5a1f87f67f889883f19	ok	rom_folder	1c9f37bc5c5ebeb10663609b11650244f83f6da050ebf5a1f87f67f889883f19
megadrive	587	geral	Radical Rex	yes	648126	0a90cb4483b41a32605b436dab0b99cddc130501523fe4ef823835f49b840c98	ok	image/png	235439	400	561	2d75cfb557017b668e233f48e5c582bf746c4319a4bc123ebf662c06386da497	1	1	1	c7e8a7ebe8a49e5745eadce28638106dc08d8dac0b701d1d9f91a8f28d8a2107	ok	rom_folder	c7e8a7ebe8a49e5745eadce28638106dc08d8dac0b701d1d9f91a8f28d8a2107
megadrive	588	geral	Rambo III	yes	190324	6edd838faaad7db5643cb37608c039b91b1de58c8d00165b8f0d452f79aaef58	ok	image/png	361208	400	561	469c7fa03220c8d3c4c597e1916284f966bc6f2d5772dec77d62fbb19db265b2	1	1	1	091a85e691ef848932a1c05a0049dbfecc0039eba95f0b0a9a7d47107f2a014f	ok	rom_folder	091a85e691ef848932a1c05a0049dbfecc0039eba95f0b0a9a7d47107f2a014f
megadrive	589	geral	Rampart	yes	281774	e436a876c11817c30401bca9a8f79a9a59aa3b85d0c5229c2a1eb1240bd76f38	ok	image/png	390194	400	561	f62aad3dbbf1f8a07adf7b0689ff9f6813900e2c43d15ef2ba130ad69aece83a	1	1	1	a0dbcefffc5bf15a39097eaedbd134e8fc7b279d65435a72be5a5104e5af91bc	ok	rom_folder	a0dbcefffc5bf15a39097eaedbd134e8fc7b279d65435a72be5a5104e5af91bc
megadrive	590	geral	Ranger X	yes	586210	e25e50cf4cc9c4a57fa593561c4921a36d9c7e0015f0e912aa71d8d4e1514d33	ok	image/png	414264	400	561	a80b6e0f3f66f13ad2eee1770aaab8df518cbf6cb51a317f74bc208e8d35efe6	1	1	1	eea5b70e455e04ba19bc11935afdfa8ffc321f128652fccc2683b2391484154a	ok	rom_folder	eea5b70e455e04ba19bc11935afdfa8ffc321f128652fccc2683b2391484154a
megadrive	591	geral	Rastan Saga II	yes	168333	09e4e76d130ced8d92b03ce40f8553c3b3638f9810ce96ea50e1bbd29dc6e0ec	ok	image/png	385948	400	561	6084be84f4a2f4c6173aad19b9c5fd9259f400a893cf84203ca4a2f66dc1beb0	1	1	1	4b04cecc55ba1e107ad411f798bec67f68cf493929b2353ac04882e0cae89532	ok	rom_folder	4b04cecc55ba1e107ad411f798bec67f68cf493929b2353ac04882e0cae89532
megadrive	592	geral	Red Zone	yes	1152744	330b8fcda37ff9ad9769b6e366fa8a2653b919202837ba16a7efb6404a201e32	ok	image/png	353572	400	561	91cd2c344e3396dcb82f6e17ba998fa3c2bf44085234421547d95d575f29ee59	1	1	1	683470f4f3a32bc6a63627ee4508de9194c24e980b1164b1c421d9c741d63026	ok	rom_folder	683470f4f3a32bc6a63627ee4508de9194c24e980b1164b1c421d9c741d63026
megadrive	593	geral	Rent a Hero	yes	839056	a9107e8ce423d6d2dab6884b1f5c10e48b4594a58aaf2cc37cc49471e9c20f9a	not_declared						1	1	1	b9226f954443e6eb53ea00fab6e707c3642cb7e2c9a6875e5829f9f5813eaee2	ok	rom_folder	b9226f954443e6eb53ea00fab6e707c3642cb7e2c9a6875e5829f9f5813eaee2
megadrive	594	geral	Resq	yes	469916	1ca67b3473c4c54bfd41814e70e345d8b4de4eb47be2f46834d333ab274b485d	ok	image/png	136207	256	351	5ec2493e129c5e62afdaa28cb4a959e2d7b87b7554992cff6476bab84b51b124	1	1	1	3c4bfed4fa5bf2ceefbc2b8bd153a12f9729901f55cc5080cdb5fd0a734633aa	ok	rom_folder	3c4bfed4fa5bf2ceefbc2b8bd153a12f9729901f55cc5080cdb5fd0a734633aa
megadrive	595	geral	Revolution X	yes	1805771	f374254ca828baec3c8b0138ed96eac3f97ee2a91d46265ebdf5058348b9c45a	ok	image/png	369698	400	561	46cbd095134347848fb35a517188bedfb3044f7f8fc0aee293b7768693d74d96	1	1	1	4f2e9a8ea1e0cca8b598ae86c3dd05a6e27aaa6f9f62d275eee9e3ffffd074c5	ok	rom_folder	4f2e9a8ea1e0cca8b598ae86c3dd05a6e27aaa6f9f62d275eee9e3ffffd074c5
megadrive	596	geral	Richard Scarry's Busytown	yes	1447412	2121f62840aca1ce64ebee490fba8dfe682d0c3c5316f3c312e2a086c71c74f8	ok	image/png	305928	400	561	b7b99c3b925a4aecd23bc860cf83d3bff17e96b471729eefe9a54aba4ae1693d	1	1	1	6a0a9e502a32d47a74b6991285347254633cdb163c4133499421f0db5c007cb0	ok	rom_folder	6a0a9e502a32d47a74b6991285347254633cdb163c4133499421f0db5c007cb0
megadrive	597	geral	Rings of Power	yes	621542	1f388c2f3afac9c29170a3dfea40a8169bad3cba57cec30479d993ceac3ef8bc	ok	image/png	349333	400	561	12aad9ff57802a9b6cfd969b4c418c2906df55fbe19d2ee3ed4a73e56370272c	1	1	1	b0830cdb045f120713d6c8a0c067ce864ce6aef924c522955fbc75fb6dcd3be3	ok	rom_folder	b0830cdb045f120713d6c8a0c067ce864ce6aef924c522955fbc75fb6dcd3be3
megadrive	598	geral	Rise of the Robots	yes	1754090	812f4b93f422f2a7631e0541c4d3163c0105857ea004920c46ae715b3da831ff	ok	image/png	307822	400	561	f2270b98924818511f3cca5cecd19b467f216a6a1784c73a2ee48576cfb9fcdb	1	1	1	b2cacc25dfc97305469b715b350a126287e0e0f4fe69c6cc91a76d03a9944a4c	ok	rom_folder	b2cacc25dfc97305469b715b350a126287e0e0f4fe69c6cc91a76d03a9944a4c
megadrive	599	geral	Risk	yes	325376	e9a3da626cb81c1e0acfdf7fbf71d2e45abc4ab008e105d2d5a1fb3a7254a662	ok	image/png	407477	400	561	9fe62df112f4023a12681894cde3fecd435cee38ad0cfeec29189f38a8d57b85	1	1	1	c14b5abffd6f1baeda2c0543e7fa3ae2e2b313ce47433a66efe626da960c2dea	ok	rom_folder	c14b5abffd6f1baeda2c0543e7fa3ae2e2b313ce47433a66efe626da960c2dea
megadrive	600	geral	Risky Woods	yes	455402	57bc0ef666640db8c5bd4407e5500827b39004471a2d6f2a4a12b13593f3100f	ok	image/png	418552	400	561	63fd0c74fa6401e8bafae5202acb199cffa5243dba20d152d1815d7df2b34370	1	1	1	2397c98a0fd70e2325c90eb7b213a88508103a874808a028800d1e8ea6357e55	ok	rom_folder	2397c98a0fd70e2325c90eb7b213a88508103a874808a028800d1e8ea6357e55
megadrive	601	pt-br	Ristar	yes	1420185	1fc2780aea6cc40174f0121164a55aa06abca381bec2af21422fd4640d1f5976	ok	image/png	388467	400	561	39bb37aee0c030f715effc29cfcfe508a7d39a9f23f6153ea6d79d67a5b8a6bd	1	1	1	257583e1ae138180c62037843f47a2b4a8a4e58ec3f3e5b20922a5c47b8f6e06	ok	rom_folder	257583e1ae138180c62037843f47a2b4a8a4e58ec3f3e5b20922a5c47b8f6e06
megadrive	602	geral	Ristar	yes	1411834	16950a92f418752251a0c32e96358d890d31f82cf856d7db007cd7839714534a	ok	image/png	388467	400	561	39bb37aee0c030f715effc29cfcfe508a7d39a9f23f6153ea6d79d67a5b8a6bd	1	1	1	257583e1ae138180c62037843f47a2b4a8a4e58ec3f3e5b20922a5c47b8f6e06	ok	rom_folder	257583e1ae138180c62037843f47a2b4a8a4e58ec3f3e5b20922a5c47b8f6e06
megadrive	605	pt-br	Road Rash	yes	405164	0eefd43046f809cb1fab32d2bee0e55cf5854c211beb2c3bbed3a731f9131c5b	ok	image/png	318398	400	561	3a4afe126dac3560f468a0ad0906e8dbec3d7ddd0610812526b1c3de19ad3f31	1	1	1	0418ac3191b463d5725adfc63cee0f21f0da420d29c1c092670f862c6be3632b	ok	rom_folder	0418ac3191b463d5725adfc63cee0f21f0da420d29c1c092670f862c6be3632b
megadrive	606	geral	Road Rash	yes	400962	2ef4db235684229542f9ad0040a37ac813bdb5025528fd570ab890c55685aa2f	ok	image/png	318398	400	561	3a4afe126dac3560f468a0ad0906e8dbec3d7ddd0610812526b1c3de19ad3f31	1	1	1	0418ac3191b463d5725adfc63cee0f21f0da420d29c1c092670f862c6be3632b	ok	rom_folder	0418ac3191b463d5725adfc63cee0f21f0da420d29c1c092670f862c6be3632b
megadrive	603	geral	Road Rash 3	yes	1197579	52aaa895f0a2dfde875fb2a27c7a9efbe6ea1864041481af4c89163e17fad1cd	ok	image/png	386421	400	561	fd44a167826d37ae73d013c4afc133a4c386e97e9c7ff7b43c5e0129bcb14ebf	1	1	1	239e6fe840a65644cf0ec708740bbdf6eddcb9cc35bfc32f70fd2eec381ec8cf	ok	rom_folder	239e6fe840a65644cf0ec708740bbdf6eddcb9cc35bfc32f70fd2eec381ec8cf
megadrive	604	geral	Road Rash II	yes	558535	cb9f3ddd49dbc4a4cf1f50b56240304945a3eab0461d36722241f5ef54e05cf7	ok	image/png	280052	400	561	cb1cf648dccc0c676febdb64426e283ea15bfbe8bbb011d55b3411f8e68fb209	1	1	1	74dea9d858e312608be07ff9151f71130e718638fc24a8ac8d9a100c9e98dc2f	ok	rom_folder	74dea9d858e312608be07ff9151f71130e718638fc24a8ac8d9a100c9e98dc2f
megadrive	607	geral	RoadBlasters	yes	244503	c452a07bd646aa607bec8cb37bc0a36fb1d7eec3031a904bc1599a7109a5368d	ok	image/png	422333	400	561	05147f252c617702d4293b0869e4cf876cc50c74f648dbe2b26aa4e491b1c27e	1	1	1	4fa7cbd4583b37f1481ac35f1e930cbd256b9ea73a159005ffacf39f7001c1e7	ok	rom_folder	4fa7cbd4583b37f1481ac35f1e930cbd256b9ea73a159005ffacf39f7001c1e7
megadrive	608	geral	RoboCop 3	yes	323624	809fbf315b5508dcb3d18140e9e19a1fdd1473e7f1054a03e6465a951aa62a54	ok	image/png	434379	400	561	2b1c4f037ab12cdfb640880e5ad68dfef024b1e30468157003b939196b8fc7dd	1	1	1	3483a73b0c75b694f2fa55e2d7b5a0328af3bd6e5d2201dab06fceaa2768dc17	ok	rom_folder	3483a73b0c75b694f2fa55e2d7b5a0328af3bd6e5d2201dab06fceaa2768dc17
megadrive	609	geral	RoboCop versus The Terminator	yes	1079513	9315a7931fc5164bcc3d1f1bf2621a343c74381e34a8984c8b11cc302bf6517a	ok	image/png	348406	400	561	22cf705f290326a8faf9ef4ef945c5b720d022f25a85481405a48758545d694c	1	1	1	652de1e4833de661259955dd815b4e413c24ca9b35d18e80eef824bc46aa6926	ok	rom_folder	652de1e4833de661259955dd815b4e413c24ca9b35d18e80eef824bc46aa6926
megadrive	610	pt-br	Robocop vs Terminator (BR)	yes	1099957	8b72eaf84876b16aa118b63588bd33490202741601cddfd7b02d09858560367e	not_declared						1	1	1	0b87f0ad310e028b5ff469701f1e766191b28dbb6e2f70938c5e57fdb6e2b6a8	ok	rom_folder	0b87f0ad310e028b5ff469701f1e766191b28dbb6e2f70938c5e57fdb6e2b6a8
megadrive	972	geral	Rock n' Roll Racing	yes	669073	468247cc31e7560d6af0bc7b26f50220d1d2e5f931c7e53d386ce567d8075118	ok	image/png	414552	400	561	b6af4e26075608aec4a6253d51ea555902bca4215be1af88aac4bc4c59ee7446	1	1	1	b379b06e5b65a6e8b2e0fc61bc4928d2d961695230f8fdeb6096ef773a0f8828	ok	rom_folder	b379b06e5b65a6e8b2e0fc61bc4928d2d961695230f8fdeb6096ef773a0f8828
megadrive	611	geral	Rocket Knight Adventures	yes	672130	ec0a4b93f633c18c5c33d4385701499a346472b437a3fbedffaedec31f1211fc	ok	image/png	405660	400	561	76c2e95bf62beb1d52ef4dea4dae281c91f5a6d73d9229a91ac52a6c2be1e12d	1	1	1	3681fd8e2b485c1c4392f2f1411b06df4693a7b435ad6fc6a9da76b46daff9db	ok	rom_folder	3681fd8e2b485c1c4392f2f1411b06df4693a7b435ad6fc6a9da76b46daff9db
megadrive	612	geral	Rockman X3	yes	538697	0c0558d8017e6816a5e86490041c1b9617e309a9101671a46baa326f34bb5c1d	ok	image/jpeg	15629	189	266	5d6275d1e46c3593a2bbfdc7a3d6b24983363275cc434409c32bbbc47eb6e2cb	1	1	1	44668bac56f9d1809a18460a1676202d223141db97ff497719c783b9adb962d6	ok	rom_folder	44668bac56f9d1809a18460a1676202d223141db97ff497719c783b9adb962d6
megadrive	613	geral	Roger Clemens' MVP Baseball	yes	464488	786d20249691b3f8f2148d543a8c0ac9d341fd42f9f1513a329d7a6853a4a918	ok	image/png	370232	400	561	094e86cf442c677d47bee28b75ef50c20ddb7ac2b3d408bcb6f3285e805d71ef	1	1	1	38640cc46a589807d61d3896547d7bab65e6c9e96eca310041820ca6993f92f5	ok	rom_folder	38640cc46a589807d61d3896547d7bab65e6c9e96eca310041820ca6993f92f5
megadrive	614	geral	Rolling Thunder 2	yes	662240	0abc967f6c3074857700d05fc037bf75e88effa100afd9b47eb3cf97be0a5951	ok	image/png	399581	400	561	d1a78923b5a873c6966ad9c93ced6e87c8206a23c7d4c8fa7c54bf4b760933ab	1	1	1	e0809897f9a9bde7bcb4f503649a2ad8d962a481c69130aec6da9df8add2a29c	ok	rom_folder	e0809897f9a9bde7bcb4f503649a2ad8d962a481c69130aec6da9df8add2a29c
megadrive	615	geral	Rolling Thunder 3	yes	728281	edf82ad608ee33d0cef877ef9dafc42d57f06b2cb8fd23149302b9e6bf1fdfe6	ok	image/png	373781	400	561	7124b0d4208d8ad331cfcf817b5091ef78930b02674689ae97294b6364faed51	1	1	1	484e556f53bdcda4172956f8345edcb6abf074ec0f4085da0232a1091a6a3fe7	ok	rom_folder	484e556f53bdcda4172956f8345edcb6abf074ec0f4085da0232a1091a6a3fe7
megadrive	616	geral	Rolo to the Rescue	yes	303111	0f2fbec5d822b26e6f3fba2314b6d7a8db5e36d0ba2cb5716a718499d352519d	ok	image/png	321659	400	561	709eebfe11b40013921d6b7692cf6b03606190a343ba87960821ae46dc8e8e1b	1	1	1	ada7dc7be95dad957d651a9cd53c203131f027810baf5a22105ef140ebebf2f8	ok	rom_folder	ada7dc7be95dad957d651a9cd53c203131f027810baf5a22105ef140ebebf2f8
megadrive	617	geral	Romance of the Three Kingdoms II	yes	448171	2579c8d422cca8e65b3dc79b44a495b402fe4e82c1568c2b8edf2625a688c071	ok	image/png	391259	400	561	0f6e8cf5f67763a1c1d5e8d1a1d2f647189934c2d2a4cb378bb26d9cafeb09b2	1	1	1	5a4b6ea1a4d449b0e49107659ea5d8b551ab5c2304af30e041a640f1760ad670	ok	rom_folder	5a4b6ea1a4d449b0e49107659ea5d8b551ab5c2304af30e041a640f1760ad670
megadrive	618	geral	Romance of the Three Kingdoms III : Dragon of Destiny	yes	714135	2550ca5c08913bcccb97c2f716fab72cb4030476c4f7ac2f0c8231d3fd7cbc09	ok	image/png	392958	400	561	6bca959503939d278535dd25b8963695e5cefc49e5664597d39f54450ab37c91	1	1	1	f188dd5e91cd40d7f17b14d9ed31d6de1cf1b35955edd82e87c7b71cd01d4685	ok	rom_folder	f188dd5e91cd40d7f17b14d9ed31d6de1cf1b35955edd82e87c7b71cd01d4685
megadrive	619	geral	Rugby World Cup 95	yes	679602	a4bee12c8e66904f516f83e7187273481dbda37a0edfd170c1820198a7032032	ok	image/png	276480	400	561	63b8b1f6de0bcce38feb0e1e32ef0eafaa032a67600575fddb32db9160990a0a	1	1	1	2bdca663f8fb9d357eb10bdfd02bd751472f6f633ef3b75e550bcfe50f83bf66	ok	rom_folder	2bdca663f8fb9d357eb10bdfd02bd751472f6f633ef3b75e550bcfe50f83bf66
megadrive	620	geral	S.S. Lucifer : Man Overboard	yes	384724	276bf959822f69b3472f6ae03afe730fe2d18c6245956fd5d46fe09a3e663f3c	ok	image/png	471228	400	561	01f8f4216581091f8240117e2c3016d4bb76897acf1c24441e2f61d437e2609d	1	1	1	785003a7b14763cbb217edc260bfc2e126b82e392c50a4b2d719ca3313d925c6	ok	rom_folder	785003a7b14763cbb217edc260bfc2e126b82e392c50a4b2d719ca3313d925c6
megadrive	621	pt-br	Sagaia	yes	433864	743dafc4712e0560ec20f86ff532ec2d429812ec4cfe9d7de6102c99a49f8207	ok	image/png	369213	400	561	2c1be5f736eaebbff32653518eb13253533ab6d8d59ddae17dde05c9943589bf	1	1	1	d213bb79de59fc54460d1f791a45753da7ab6e1d64babd151de87dcf85233a3c	ok	rom_folder	d213bb79de59fc54460d1f791a45753da7ab6e1d64babd151de87dcf85233a3c
megadrive	622	geral	Sagaia	yes	430338	38e55c5d9a82cb47afea079284cd3a861ce66e751210d5f74e141e615e5d0aad	ok	image/png	369213	400	561	2c1be5f736eaebbff32653518eb13253533ab6d8d59ddae17dde05c9943589bf	1	1	1	d213bb79de59fc54460d1f791a45753da7ab6e1d64babd151de87dcf85233a3c	ok	rom_folder	d213bb79de59fc54460d1f791a45753da7ab6e1d64babd151de87dcf85233a3c
megadrive	623	geral	Saint Sword	yes	348807	9bd8755190dd9f53b1e19b63a02af0d72f922015cddef06dcd26f8e71ad5c875	ok	image/png	471614	400	561	7b31e6e4bca1a500dc89aa7658ab02c16040535f868767f83b793309126ccab1	1	1	1	2ea5c6b2e6d78fc4a6257152a0c05f3e53e37527f19ab2e9989d900929ebae2f	ok	rom_folder	2ea5c6b2e6d78fc4a6257152a0c05f3e53e37527f19ab2e9989d900929ebae2f
megadrive	624	geral	Sampras Tennis 96	yes	1252708	ee1d5f9d5a0bb5adee1e18e29a5efdb7198a507e8311d6ef76604622789ff161	ok	image/png	280452	400	561	af136ed81fea7579027bfddd07afe0dd514c7fc9104014262ffcfe6a7b8d65d2	1	1	1	79f25299378282c8afdbdfbff514fa7f6f5f832060883c1728f5a0d6fb4d1335	ok	rom_folder	79f25299378282c8afdbdfbff514fa7f6f5f832060883c1728f5a0d6fb4d1335
megadrive	625	geral	Samurai Shodown	yes	1743249	5fe58a4718ce81ed1406fe5bc4bad9b63f08971eb760acc45d2cb3be8b32a847	ok	image/png	366353	400	561	82ef8d507fcac68c6e1516fabb08b91b4b193262c87422c38aa3838dcca48714	1	1	1	f85a601f41256f4eb851e21863668a649441727e8927019a285e369c5c553d8b	ok	rom_folder	f85a601f41256f4eb851e21863668a649441727e8927019a285e369c5c553d8b
megadrive	626	geral	Saturday Night Slammasters	yes	2481269	02b0ceca2a45e8c8276d332f8aec83804870d56e8f0ff5976cabe53078eb8d18	ok	image/png	409091	400	561	0128391c71cd8f983b267672695e752e009d3bc7ba9c1ae3bcb3dda793b39a14	1	1	1	1c6ba857f5eb6736aa52b6b83ba7a57b9eb193e2d2b94469f5096bbdeb8c2b37	ok	rom_folder	1c6ba857f5eb6736aa52b6b83ba7a57b9eb193e2d2b94469f5096bbdeb8c2b37
megadrive	627	pt-br	Scooby-Doo Mystery	yes	1267073	d0663042909c654a7a464b5309cbc5db063e0552971f59364041571c9f57b040	ok	image/png	375813	400	561	0cf6f6e687baaf6c01bdf86d6981ad55d7c0b388229d8738d140e53fe3dbc765	1	1	1	16dc182573355d81109d9a114884e3c1f1abd2423f800126a6c128cc10b454e7	ok	rom_folder	16dc182573355d81109d9a114884e3c1f1abd2423f800126a6c128cc10b454e7
megadrive	628	geral	Scooby-Doo Mystery	yes	1260869	5bd000f2fa1b174178f26d98bf99a44ef7b7107e5277dab01c712f74818288f4	ok	image/png	375813	400	561	0cf6f6e687baaf6c01bdf86d6981ad55d7c0b388229d8738d140e53fe3dbc765	1	1	1	16dc182573355d81109d9a114884e3c1f1abd2423f800126a6c128cc10b454e7	ok	rom_folder	16dc182573355d81109d9a114884e3c1f1abd2423f800126a6c128cc10b454e7
megadrive	629	geral	Scrabble	yes	561151	97e16463007bd6bf43a4eb02dbeb43e35659b529a92f5e69941f68759fc3be5a	ok	image/jpeg	90802	306	425	69dcdafe2c74623a857b59f84cdc0efde3563ea3bae1d29a082a69f761c012ce	1	1	1	8508995c648bce626f733ad96e8303de27248af24e57f4be5ee4812c748e2a57	ok	rom_folder	8508995c648bce626f733ad96e8303de27248af24e57f4be5ee4812c748e2a57
megadrive	630	geral	SeaQuest DSV	yes	1104233	02b61b01130cf70be5ad4b9c1d47aadbc12fdac195732341b586f4acc1e4825a	ok	image/png	336260	400	561	f1dd2c157327c87cdab33ffb920df5c92eda530bac57070052078d88d47ea9d5	1	1	1	8c9a3a0c915f2687b598ae4cd0b0253415ea434386b6de04e0b0c3f79717024c	ok	rom_folder	8c9a3a0c915f2687b598ae4cd0b0253415ea434386b6de04e0b0c3f79717024c
megadrive	631	geral	Second Samurai	yes	661119	3536b7dd3924e27650ffdf2f525217cfee7b62a3b9ee4f3f6a25a77906094235	ok	image/png	373926	400	561	ebf0c273a94fa0ba04fed367ac1198c57f2bc31c89d017fe4c9dac9b9cda7fc0	1	1	1	5ba81cd4e9edf022b64fc325ef76431b20646117046f87faa9bef6f07f7cd2c4	ok	rom_folder	5ba81cd4e9edf022b64fc325ef76431b20646117046f87faa9bef6f07f7cd2c4
megadrive	632	geral	Sega Sports 1	yes	1230742	954a6994f150816ce470b52c6ffd77c18278868ee7f9eb3cc7fcc12efdd15461	ok	image/png	482081	483	680	569c27c1a9191317e7e11fb97eaee87f9f4eb29d98f1d8176b8c459ae99ba12f	1	1	1	fe998565f1f368934793cbee886f5997879ba4af881bc879224bbf9e83545ac5	ok	rom_folder	fe998565f1f368934793cbee886f5997879ba4af881bc879224bbf9e83545ac5
megadrive	633	geral	Sega Top Five	yes	1225152	7c5fc642f94665acabeefa4b4e0398c0f3e4073c7539a901b804fc1ebb2f1d1d	ok	image/png	149696	256	370	3fb22cc06230745f507c8317fafcb33ed2dfabcfb8ec4d0cd7b4bdfc1bce9e5d	1	1	1	e196a8193ebcc24737589c5c6aeb4df393afe15a1265d107f77d412fe67305b7	ok	rom_folder	e196a8193ebcc24737589c5c6aeb4df393afe15a1265d107f77d412fe67305b7
megadrive	634	geral	Sensible Soccer : European Champions	yes	224795	267130f01b6578fedc35d5b222e24e03641c18eea4db358506fd05b3aca8a0a7	ok	image/png	318028	400	561	ea1663502eab3277a4239e13425936fdf2225eac1ecefceee9b724e0b7c3f211	1	1	1	7eb7465d151b5f64584507880bf8011f54b9049976fb317fbe2fb73da4eba704	ok	rom_folder	7eb7465d151b5f64584507880bf8011f54b9049976fb317fbe2fb73da4eba704
megadrive	635	geral	Sensible Soccer : International Edition	yes	224502	0cfa6ba94b10436a2966441f1737ec56cded53b7e6a9dc0b176787a91fd5d54a	ok	image/png	470433	483	680	fb4715eebd32d77aeb71ea4bfd7f46a69bed94fc091ab7a30c721f4b354a8b49	1	1	1	105c572176e67daf797a2fdb2fb75547971c78c74c13f060b7a2625f4dcc2a1b	ok	rom_folder	105c572176e67daf797a2fdb2fb75547971c78c74c13f060b7a2625f4dcc2a1b
megadrive	636	geral	Sesame Street Counting Cafe	yes	513720	f20f55059439ab0d68f2abc3b72ec9226bff79fa88d646976d43f14ab24d01e6	ok	image/png	355734	400	561	9b8dd40df8418465091402916a2b4786520fb9cfe67e2fc7c2ade09fd6903114	1	1	1	e02f7bc526000fbca22d99513df5fd743ff08c8ad2e09f24bda8e84e74ebb95d	ok	rom_folder	e02f7bc526000fbca22d99513df5fd743ff08c8ad2e09f24bda8e84e74ebb95d
megadrive	637	geral	Shadow Blasters	yes	282227	460fe5d64c219b6a35cbb096d6a5fce826cd7a9ff7783ed3793283c8a340b859	ok	image/png	391867	400	561	e0091e0e482a7b88c87a3e855477ec0857ebe6eaacd6492368980a07fb923ca3	1	1	1	e4e77c09e79d4d75f1599ffa603ed3bb405562a027c1ee89cdc716099d914d29	ok	rom_folder	e4e77c09e79d4d75f1599ffa603ed3bb405562a027c1ee89cdc716099d914d29
megadrive	638	pt-br	Shadow Dancer : The Secret of Shinobi	yes	350542	653a3161d442cef3b9266b45c975724c3e74cce1f6546102bed019cae1874e3f	ok	image/png	328954	400	561	749343ae7c4ea74c5cda51980bedd3ae69e5379e5f2e8f2e97191dd5b1b002ad	1	1	1	988b748c144449909e191113de543e35320d11c8d04aef3e148f029887f8c9e3	ok	rom_folder	988b748c144449909e191113de543e35320d11c8d04aef3e148f029887f8c9e3
megadrive	974	geral	Shadow Dancer : The Secret of Shinobi	yes	347469	0d96994a8a47b1678248c57ac6003d36bf0e321589edb19daf4e6061e146133e	ok	image/png	328954	400	561	749343ae7c4ea74c5cda51980bedd3ae69e5379e5f2e8f2e97191dd5b1b002ad	1	1	1	988b748c144449909e191113de543e35320d11c8d04aef3e148f029887f8c9e3	ok	rom_folder	988b748c144449909e191113de543e35320d11c8d04aef3e148f029887f8c9e3
megadrive	640	geral	Shadow of the Beast	yes	365066	0a11678ca955001862e3f5345b6bf1f2e3f938268cc333969a58e79594f07dca	ok	image/png	381145	400	561	3c2edb294d016e65a1b2c1c5ce36f0e9902957558fe5b017df44671ac5c96f93	1	1	1	6413b9526a06adbd3d5ba9ac0e4c7df4d776b9185d2738c11a214795c3e3cf4a	ok	rom_folder	6413b9526a06adbd3d5ba9ac0e4c7df4d776b9185d2738c11a214795c3e3cf4a
megadrive	639	geral	Shadow of the Beast II	yes	391464	65d6bdf5b8b3418cd0cdff2711faf9ac779efb66f18a3c77107919172db3d488	ok	image/png	258773	400	561	7bdcb725e78dd840a48119ec5abdd0f2e397131fca7fe2da04c9fa733f1bbd09	1	1	1	d9c7d602474a04801c74dad16b78f6be417e37ad8c521467c72a0975b84fdd56	ok	rom_folder	d9c7d602474a04801c74dad16b78f6be417e37ad8c521467c72a0975b84fdd56
megadrive	641	geral	Shadowrun	yes	1020210	db29d34cf0e3725a8c59f0bc4778b8763f8e5e063baf0eed2eba79b55fc16f36	ok	image/png	325715	400	561	025a27b18caa01f8b78a6aa76d3597aad422daf75c01113824c19f6efccf76b9	1	1	1	fe400f7fa4d2fabf8532b2ea991e925a79c79584ac3904b4d319b85e6a131aba	ok	rom_folder	fe400f7fa4d2fabf8532b2ea991e925a79c79584ac3904b4d319b85e6a131aba
megadrive	642	geral	Shane Warne Cricket	yes	543415	f8d448af0b2f3e63eddda513fd4753401060a225825bdb504e345ef4d1276eb0	ok	image/png	117072	256	351	c8546236e0b7f1ea2fedf8c2884c9f4a1b0ed993c37747ea0bf43eb633d442fc	1	1	1	f4d126399cce7e6c7d820209e31b6065df701566467efb93b2e77f44f194ab49	ok	rom_folder	f4d126399cce7e6c7d820209e31b6065df701566467efb93b2e77f44f194ab49
megadrive	643	geral	Shanghai II : Dragon's Eye	yes	552189	adccc4cdc6d0b11e08ef65d6ad484f6020787b5a5313b8b9db72a35559019ef1	ok	image/png	412942	400	561	b11ccabd083bb3102996d24524f7f047e91024259bccdc6905c4d0e51a49bd03	1	1	1	0a3a08117fbfcc3add0bf82e8301f3762da6d36d759c9fcda780713cddd7c4d3	ok	rom_folder	0a3a08117fbfcc3add0bf82e8301f3762da6d36d759c9fcda780713cddd7c4d3
megadrive	644	geral	Shaq-Fu	yes	2146101	10798bde980ea7d67277e68cccff4d35a51b7a060e3135723438b98aefcecc9b	ok	image/png	319150	400	561	edd8a0dd6f52e5bb5aaa36607d57680e5b91e0fd6e54c1d8f86033f7d5595add	1	1	1	26f522279f6a25122236e34b6619e6a25494057abd1b31ceb89264367526c9ea	ok	rom_folder	26f522279f6a25122236e34b6619e6a25494057abd1b31ceb89264367526c9ea
megadrive	647	geral	Shining Force	yes	1174691	73ecd09c906bdb8bbe4f2c2b73029b19fb86c081e4ed49c752f671d24758dd34	ok	image/png	387336	400	561	9a16be9133546ed023cea0fa5cf8209a0b813fb17374770037e44295d683a6da	1	1	1	408691ccab284a32b4e64a8d8b785fa9ad7af5cc62d173375df993edcff481e1	ok	rom_folder	408691ccab284a32b4e64a8d8b785fa9ad7af5cc62d173375df993edcff481e1
megadrive	645	pt-br	Shining Force II	yes	1510910	f1cbc981c950898daa38cebd36252bcedb40b38ebd671ecae31187d4eebdb1ac	ok	image/png	388394	400	561	1299b3f93adc542a2398ec2c688c2f1ec072da1921be43544b9d2279383de4e5	1	1	1	613c92a8d9e6fe888b1e596850d766c98975eb7b74f629479f62ef08d194847a	ok	rom_folder	613c92a8d9e6fe888b1e596850d766c98975eb7b74f629479f62ef08d194847a
megadrive	646	geral	Shining Force II	yes	1503943	9b5820fcecaae262998acc4eacfd725b0699c62a107f522fce5ed48809d97091	ok	image/png	387336	400	561	9a16be9133546ed023cea0fa5cf8209a0b813fb17374770037e44295d683a6da	1	1	1	613c92a8d9e6fe888b1e596850d766c98975eb7b74f629479f62ef08d194847a	ok	rom_folder	613c92a8d9e6fe888b1e596850d766c98975eb7b74f629479f62ef08d194847a
megadrive	648	pt-br	Shining in the Darkness	yes	632646	f53f27cd9a6e670cc98f95a85231a69bed997d6cb1f4d10a55994a5c3d2910f9	ok	image/png	376961	400	561	a0a1003e2eaf638eb63d303eba4412567231b62287706e413647772a5a4ebf45	1	1	1	f91c274b2fcc810065bc3eda47cf913bc7f0beef3382943a414391b07440dd79	ok	rom_folder	f91c274b2fcc810065bc3eda47cf913bc7f0beef3382943a414391b07440dd79
megadrive	649	geral	Shining in the Darkness	yes	628431	71699461835ebdea9181874d83a278d57b3fd42f5dea7fc6aa816226e3606fbc	ok	image/png	376961	400	561	a0a1003e2eaf638eb63d303eba4412567231b62287706e413647772a5a4ebf45	1	1	1	f91c274b2fcc810065bc3eda47cf913bc7f0beef3382943a414391b07440dd79	ok	rom_folder	f91c274b2fcc810065bc3eda47cf913bc7f0beef3382943a414391b07440dd79
megadrive	650	pt-br	Shinobi III : Return of the Ninja Master	yes	641713	34a94bab199e2f22a09f3168a9ac11dc76de071d9727cc1e75ae23b716fd18d3	ok	image/png	384530	400	561	edd4f916aa152f136d67d4fb34d23ece6025341dc9e0c29e3f4a25c80658d6b3	1	1	1	224f7fa95bb8cea01c3dcc497c476fcfb6383850612404556c31f4553347f0e7	ok	rom_folder	224f7fa95bb8cea01c3dcc497c476fcfb6383850612404556c31f4553347f0e7
megadrive	651	geral	Shinobi III : Return of the Ninja Master	yes	636707	259dfeaef36b873b85626f8ab2e5813b8f00eaceba9403b1660d4f6caa7a66e5	ok	image/png	384530	400	561	edd4f916aa152f136d67d4fb34d23ece6025341dc9e0c29e3f4a25c80658d6b3	1	1	1	224f7fa95bb8cea01c3dcc497c476fcfb6383850612404556c31f4553347f0e7	ok	rom_folder	224f7fa95bb8cea01c3dcc497c476fcfb6383850612404556c31f4553347f0e7
megadrive	652	geral	Ship	yes	29297	7bdef6763a25c4a135ae8925b781e53e90f2cc2fce73796d32aa4bc513ba77e0	ok	image/jpeg	198024	600	900	ccd066aaf109f8c6a998507ec670aa417fe6fa9c363fc9736795b240f9519f3c	1	1	1	36b71eff136f227093811c1b3a35b1da566ac08ab3261e9edec6829cf674e8f9	ok	rom_folder	36b71eff136f227093811c1b3a35b1da566ac08ab3261e9edec6829cf674e8f9
megadrive	653	pt-br	Shove It! ...The Warehouse Game	yes	48660	70b209aeb01e90d7f1ddaf350d72ac95dfc71b56c61139f0b624fdd6e4241662	ok	image/png	371693	400	561	99b718757c1f16ced875cff0eeb43fb75819d903dcd3009ac596bcd4888eec18	1	1	1	5129124f570065e2c866978c3cc9a540fe4f73c2706422ecefe4d9dd0b20d829	ok	rom_folder	5129124f570065e2c866978c3cc9a540fe4f73c2706422ecefe4d9dd0b20d829
megadrive	654	geral	Shove It! ...The Warehouse Game	yes	48772	b1c9f5b6310ca73ea3717aef02c1f4beb7c35da15132ffce64c18e95affdd290	ok	image/png	371693	400	561	99b718757c1f16ced875cff0eeb43fb75819d903dcd3009ac596bcd4888eec18	1	1	1	5129124f570065e2c866978c3cc9a540fe4f73c2706422ecefe4d9dd0b20d829	ok	rom_folder	5129124f570065e2c866978c3cc9a540fe4f73c2706422ecefe4d9dd0b20d829
megadrive	656	pt-br	Show do Milhao	yes	1274332	829c98f63004abe0337624df70f130a9e4fa1ed682ad6071d3a82fd1eea46f5b	ok	image/png	325446	400	562	a017a40fcf542348b31d9600e44cf30dbaf6d82f6c3a801cbec09312fdcf62e6	1	1	1	49e968cc483a6750fe44965e70ea779e0e21ab952c39383fe3d204fb5df134d3	ok	rom_folder	49e968cc483a6750fe44965e70ea779e0e21ab952c39383fe3d204fb5df134d3
megadrive	655	pt-br	Show do Milhao Volume 2	yes	1274442	660aa63d2cc6f50fb7f4ea69b1984debd8a45b29b9fd6a887ef4ef1e2f43f6bd	missing						1	1	1	4a1829ab41c26bbf9a72464f7d3b28e6407af91c4a0468456c268c7c17782b9e	ok	rom_folder	4a1829ab41c26bbf9a72464f7d3b28e6407af91c4a0468456c268c7c17782b9e
megadrive	657	geral	Side Pocket	yes	472414	d7ddbd78ce21d618f2ccad6d6b840c74b1158319c47cebaef52249df32ea3528	ok	image/png	383518	400	561	7a491ce87b4061b50e962e1b3ae93339112e328272cd5e34bebdc6374c1be0a3	1	1	1	81ada8eb8741218b6c68ca833f65c8c0a92e2c61826f2410d7c611af55be6e58	ok	rom_folder	81ada8eb8741218b6c68ca833f65c8c0a92e2c61826f2410d7c611af55be6e58
megadrive	658	geral	Skeleton Krew	yes	789307	260c3c81ce1cef8e481f9a7e3902ba6edceedf036b18342e24827a50a623bcab	ok	image/png	384846	400	561	c02999e5f2ef5f60c54c74cd278998dbfb6e88b353819d3fdc2a1019b5c23794	1	1	1	d0527d55e9821472e0120fca080b52a1a71303be28e5dfa505094fdf0b1bf074	ok	rom_folder	d0527d55e9821472e0120fca080b52a1a71303be28e5dfa505094fdf0b1bf074
megadrive	659	geral	Skitchin'	yes	1012860	c85c87559b22765153cf7c3fb686d3b59a1659455e39679b156ed9533ad10f75	ok	image/png	405764	400	561	3f145891d1bf695073c6a7bb6cbbca9c9c4bb7285ddde539945a635220ba22d0	1	1	1	f46f4ee4129681c275321d0b5e0e3a00ee06b16b9639af9810c422b2552561d7	ok	rom_folder	f46f4ee4129681c275321d0b5e0e3a00ee06b16b9639af9810c422b2552561d7
megadrive	660	geral	Slam : Shaq vs. the Legends	yes	973139	54ef2aa8b019045b651833e3d0c7003a82dd06dd3bb184d231c31d216d7c0e27	ok	image/jpeg	14758	192	266	ad01733e499c7c8205f71044ec2b8a6ceefde582c19a20eb98c7f0a1f6beb135	1	1	1	4b5c11b2aef6c829823a247c7a5959ee63e0ea57713836cbdfe51e0f0a796da8	ok	rom_folder	4b5c11b2aef6c829823a247c7a5959ee63e0ea57713836cbdfe51e0f0a796da8
megadrive	661	geral	Slaughter Sport	yes	352566	bb207d434fff4b44129e220e80ffb108c08e9fb283146cdf625b1ed520bcc7a7	ok	image/png	358095	400	561	f8f4ea7e3935c7bf6b04c14818ceb6871e8ff2750d658c928be86f5b0992687a	1	1	1	e01b70c83354fb1df0ec3d107293cd9ccc963c9b70f62ceddf3f8a164586bd47	ok	rom_folder	e01b70c83354fb1df0ec3d107293cd9ccc963c9b70f62ceddf3f8a164586bd47
megadrive	662	geral	Snake Rattle n Roll	yes	258599	550db9a09b2d623229e58fecfbe35e3d14d0a3f45d7b0c9af657966fc89884e6	ok	image/png	389174	400	561	e8c86a4c6ec7c8edfe3faca21fa2c59ac35f2d239d0361d5eb449c41443373d6	1	1	1	b8b3b9469c3ab641f5f3ce424aa0bcc5929925f44fe8382ec19f8e5e9811e3e3	ok	rom_folder	b8b3b9469c3ab641f5f3ce424aa0bcc5929925f44fe8382ec19f8e5e9811e3e3
megadrive	663	geral	Socket	yes	425670	0d4ae6548f7e85e395f6023e2675b93e9678f6f1d94df5b77f75f5a56ffb9fde	ok	image/png	339115	400	561	26a087f710deea037180cfe2fb1fc2e68043c730078527dd760895f6548f138a	1	1	1	36f020ffcd1e83c2f67d08b850d8f9cf712a2035a0d8388b03baff43aa75f50f	ok	rom_folder	36f020ffcd1e83c2f67d08b850d8f9cf712a2035a0d8388b03baff43aa75f50f
megadrive	664	geral	Sol-Deace	yes	371261	3fc359b8012ec339d81183a4ea0c3293f0234e35ccbd1cbfcfa8a8066528d6fa	ok	image/png	417872	400	561	bd19306f4fa119e55a23b3efd33d0428550616d0892741ce2b6bcaead1d696fd	1	1	1	e2ce0d0f14b0fe8bc95ed5e6cb8b470ed83fa600eb471dd9090e2b014e7ce26d	ok	rom_folder	e2ce0d0f14b0fe8bc95ed5e6cb8b470ed83fa600eb471dd9090e2b014e7ce26d
megadrive	665	geral	Soldiers of Fortune	yes	808136	da29954f9e31ea85c7cd9747ae733864c9f4095a7e5efd2237d6bb0a2067b2f2	ok	image/png	383554	400	561	f7b86a0b53d1ef448d063f10d8d07b3f43f1d5d00d40464ba6d2e32c6370a947	1	1	1	9461e64b69eee35b02c87976c25f176e50c094d9e52f0e476532069d9b6628aa	ok	rom_folder	9461e64b69eee35b02c87976c25f176e50c094d9e52f0e476532069d9b6628aa
megadrive	666	geral	Sonic & Knuckles	yes	1285711	a0bd3064d99fefcdb081c947e17933eaaa510b0d9090fdf30595280bb170bc65	ok	image/png	324558	400	561	a733d26b965332e0e31a44be890f43c6d5340145457f5a8adc9fce4c3a043110	1	1	1	2d92acc74e54de23d872d143a3788e100a062761df4efba9339d0fc9c4e6a62c	ok	rom_folder	2d92acc74e54de23d872d143a3788e100a062761df4efba9339d0fc9c4e6a62c
megadrive	667	geral	Sonic 3D Blast	yes	2614035	0f16d548469ab38905491fc7a3380c30a037033506e70cd773911ab411a51765	ok	image/png	517483	479	680	38ccb3631abcaedf89eb668e1829fc2cec5adf64a9cee140e633c509607cab8b	1	1	1	11c37a2ad00a8e45a1dc446668d802efa8266942f8515aeac25be565a5ade516	ok	rom_folder	11c37a2ad00a8e45a1dc446668d802efa8266942f8515aeac25be565a5ade516
megadrive	668	geral	Sonic Classics	yes	1723107	a6c97165b04b534fd54014f701b2f3fd03fbe883255c0c91f1cabb6b2d05636e	ok	image/png	178549	256	351	4dbcfa285046cacb7ca9433946e7e02588487386bc193305b46e6127672e4b1c	1	1	1	3f0cc335f4b4ccb188b12ce0e85b4db4e59333e792dd36abface4c6a89c871a5	ok	rom_folder	3f0cc335f4b4ccb188b12ce0e85b4db4e59333e792dd36abface4c6a89c871a5
megadrive	669	geral	Sonic Eraser	yes	110831	97e4e5927b8b3a82aecc249875e7b651b6d646e7d8d83758e5df8e850f145261	ok	image/png	186295	484	680	827b6d190f7d8248047a5a96efc1929faa793a8eadc86b2aff8717bebb075af9	1	1	1	dfdcb39044324a9d3ddffaef32e9089ec6b54d96695598a38785fa7c3f4b1182	ok	rom_folder	dfdcb39044324a9d3ddffaef32e9089ec6b54d96695598a38785fa7c3f4b1182
megadrive	670	pt-br	Sonic Hedgehog 3D Blast (BR)	yes	2624080	13ac02ef88c508565e1e0bced173670d9528eb77a68c365a4ca848502cf619d7	not_declared						1	1	1	1a212b7fa305232c2e141b43a88d2b3eda769f64bc04720065655f35e2d67e0a	ok	rom_folder	1a212b7fa305232c2e141b43a88d2b3eda769f64bc04720065655f35e2d67e0a
megadrive	671	geral	Sonic Jam 6	yes	337934	16ceed496936421461f10c865a35eac11e397a263ea138dd61e1032ebdef3148	ok	image/jpeg	59538	340	470	e80c51b467fbfdaa5914f29f38e2917152548be716039a2cda8483b6aaeded48	1	1	1	984530321483d102595893987d61ae50f1192eaa0e7cfeb17803e888690653a2	ok	rom_folder	984530321483d102595893987d61ae50f1192eaa0e7cfeb17803e888690653a2
megadrive	672	geral	Sonic Spinball	yes	526878	7c928c9de0f9f1d084672a234a54eebeb6eeafbcb3ae1cb86e5bc0c016da2771	ok	image/png	405664	400	561	a848f5c8a21218164c5c8248ac0f1f0ef798803cda15266aec1ece6285e036ab	1	1	1	fa2f20f690183d161ca620e64c9c2fa1e7b9c53ab070be3b88473cfd1f8ce831	ok	rom_folder	fa2f20f690183d161ca620e64c9c2fa1e7b9c53ab070be3b88473cfd1f8ce831
megadrive	674	pt-br	Sonic The Hedgehog	yes	392410	d31f290c3bae71464da1b62b16e6b614ea964054651a0b2864b63750b9678e9e	ok	image/png	328947	400	561	4757d9431f21fe7b21083dedf13bc6cdb09432ab2519f9507d7df5d6b1bffda5	1	1	1	130a003300895178c3f1a48dfe26d0dd1c4ca60b9e5f31414e17bebf6ebd465f	ok	rom_folder	130a003300895178c3f1a48dfe26d0dd1c4ca60b9e5f31414e17bebf6ebd465f
megadrive	675	geral	Sonic The Hedgehog	yes	386937	dff419180bf3d11f9d2aaac7a1682b63712d63b48bc0cf7b2c0a61ad50021b59	ok	image/png	328947	400	561	4757d9431f21fe7b21083dedf13bc6cdb09432ab2519f9507d7df5d6b1bffda5	1	1	1	130a003300895178c3f1a48dfe26d0dd1c4ca60b9e5f31414e17bebf6ebd465f	ok	rom_folder	130a003300895178c3f1a48dfe26d0dd1c4ca60b9e5f31414e17bebf6ebd465f
megadrive	673	geral	Sonic The Hedgehog 2	yes	749666	c1c3c4c1c495c147e7fa3eb2318fa9ab1bcbc5f1708d674bbfcee49662be5376	ok	image/png	401718	400	561	04608f271c3cfeb5a8d2883366cf4380180db523265a0a85f6257ec482e98b01	1	1	1	f3a2aa58f78c130f76cd2a4ec5d78a81414da72c2a789f097dee3995dc63e5fb	ok	rom_folder	f3a2aa58f78c130f76cd2a4ec5d78a81414da72c2a789f097dee3995dc63e5fb
megadrive	977	geral	Sonic The Hedgehog 3 (USA)	yes	1254617	7aee8fdc545a8c4ac805f0a0e499b6fc5af9322308577c04e59f4e0edc019355	not_declared						1	1	1	1ac0acfc27b5ad96e1e454a2ebf31a3de1664c5a981b3dbe1f334db7d7fe6233	ok	rom_folder	1ac0acfc27b5ad96e1e454a2ebf31a3de1664c5a981b3dbe1f334db7d7fe6233
megadrive	676	geral	Sorcerer's Kingdom	yes	425219	05c356642dbbea493c97854cc58e83533a54e5914992d8715e85dead9fba3c16	ok	image/png	345148	400	561	2acbb6fd0993553d6bcec3e94699529c5e14c64b2e7faa67d0736995a286a546	1	1	1	038ed9c5b9ebb24eab47878b2630114ddb1c64f5eda3c75b84ffdcd982f9b729	ok	rom_folder	038ed9c5b9ebb24eab47878b2630114ddb1c64f5eda3c75b84ffdcd982f9b729
megadrive	677	geral	Soul Blade	yes	1949183	3b8571f8bc94a7b66dabdfa3a895c97514cf89f8c9ea97cff1232a4adfea1cb3	ok	image/jpeg	14117	210	266	1facb9a04a2bfda6d0cfd045dcbb47e2d5490f9fd715ee9378769217c7246702	1	1	1	9341df2426e57c9e532ffc364f7f9a712bf02a3d73c3d35ba99682d4c7a46520	ok	rom_folder	9341df2426e57c9e532ffc364f7f9a712bf02a3d73c3d35ba99682d4c7a46520
megadrive	678	geral	Soul Edge Vs Samurai Spirits	yes	1073955	ae170d9ae535714ac39477e2408607a83085532fb16be251563a079087833b53	ok	image/png	839144	817	1239	f782fd8d5803cff30e1970155c49683249270160e5fb3855d7db5020577d5a59	1	1	1	7584c5db6e5cdbb5d60bd1596218379f02099d7845c3de4b500f080cdfb4577e	ok	rom_folder	7584c5db6e5cdbb5d60bd1596218379f02099d7845c3de4b500f080cdfb4577e
megadrive	679	geral	Space Harrier II	yes	298969	a2b2b6ff1b71950cb530a9f5c78b5f1961adb9f1bf8eb9ce1d6090051475ac1a	ok	image/png	394714	400	561	a3ef975872b78cb477eb380943908bed19452b8184ad769bd2c2da58daf2c6b6	1	1	1	d80e5d267bc9ba8ecae5f033bbce57f3a5083d28c81599df70c3c094b6acbb5c	ok	rom_folder	d80e5d267bc9ba8ecae5f033bbce57f3a5083d28c81599df70c3c094b6acbb5c
megadrive	680	geral	Space Invaders '91	yes	107039	e1e3420477f6e859a81a635a459bd955722caf5b12abf3ad8eaf37fce5db859a	ok	image/png	383909	400	561	83a269b0fd49d64b9da684b298302cb0ecb09f7953f85e1c78ccd1dc0affecfb	1	1	1	e8e68c581c09fb7f60094f57ec0e757a707b4dc90ef7541bcc685f6a2b8977ae	ok	rom_folder	e8e68c581c09fb7f60094f57ec0e757a707b4dc90ef7541bcc685f6a2b8977ae
megadrive	681	geral	Sparkster	yes	630725	05cc5487e3db532afdfc6b7331d6c592cc5e7fa59e90778425126adad866a780	ok	image/png	356171	400	561	7aa04f3a0b99b4dc522d0b06d34f1f690b10319ea2684c05ce27c611ffd2e28f	1	1	1	9f19da0d4a36d1e9b8829a9ba38583f233fc40d93d6b11836f2e571d4ce97328	ok	rom_folder	9f19da0d4a36d1e9b8829a9ba38583f233fc40d93d6b11836f2e571d4ce97328
megadrive	682	geral	Speedball 2 : Brutal Deluxe	yes	257106	291d7880bce3b8860a1ff28d7b8185181d8e3dcb542896969f1f74cdf9ec6add	ok	image/png	412035	400	561	dd47dfb9c6600e0e49d2d1d37a7164f45de9c8abe6aebf202f2b48443c314a41	1	1	1	f6e9a794ceeaa19f299fd8be0b94e25608ab83b810b848b1154581e627c51938	ok	rom_folder	f6e9a794ceeaa19f299fd8be0b94e25608ab83b810b848b1154581e627c51938
megadrive	686	pt-br	Spider-Man	yes	389141	ea53318c3c66b5cf138d4967156048e8689d918f5f4fdf58322b65bcefff42bc	ok	image/png	421177	400	561	a08b74f442264f1f34967996cd2bdff9b8d91084480277b281ba14c8870520b6	1	1	1	5aadb26697066c5fe9074254fbf42113372b0c93dcd5645e46b72de7730a91da	ok	rom_folder	5aadb26697066c5fe9074254fbf42113372b0c93dcd5645e46b72de7730a91da
megadrive	687	geral	Spider-Man	yes	1254897	bae41863856c4bbdeac534b3b075f703d625f7a191d402a17dedf7bcc57ce2de	ok	image/png	382068	400	561	eae8ab25065c1ed15ac71cf445eacc0d0573009d69cf6666bfe7cd1ccc48f02e	1	1	1	1c67a16b72485d6808e1aca6de4b8fee95fd7bbaff0f0e1643c8863c30664a07	ok	rom_folder	1c67a16b72485d6808e1aca6de4b8fee95fd7bbaff0f0e1643c8863c30664a07
megadrive	683	pt-br	Spider-Man & Venom : Maximum Carnage	yes	973901	9cf3f90a0d9fe8f2f48ad0c3d79df5346eaa549b9a82c6868ef17d0aead2f369	ok	image/png	304094	400	561	b1c1b06f72067866908a036ec3796ff465597f3931afc4af06107350f92be5ba	1	1	1	bec7bb457b474076f5058e49987db76a7ba9a0ad47dea7cec6eda9f3197c5d28	ok	rom_folder	bec7bb457b474076f5058e49987db76a7ba9a0ad47dea7cec6eda9f3197c5d28
megadrive	684	geral	Spider-Man & Venom : Maximum Carnage	yes	964358	200cb9c94958b2d8b14a949df6a9b0accc7b70350b19269c580424601f7ddc65	ok	image/png	304094	400	561	b1c1b06f72067866908a036ec3796ff465597f3931afc4af06107350f92be5ba	1	1	1	bec7bb457b474076f5058e49987db76a7ba9a0ad47dea7cec6eda9f3197c5d28	ok	rom_folder	bec7bb457b474076f5058e49987db76a7ba9a0ad47dea7cec6eda9f3197c5d28
megadrive	685	geral	Spider-Man & X-Men : Arcade's Revenge	yes	455226	34cbc475df08c23fe3b31b8372bfa64d96eb95667e913b62ca936bb85252fbfb	ok	image/png	442756	400	561	3c6f483b7042c5695a023b52da93d2be8acdd3aabb70d7f1a2f252e7a0aaf2cf	1	1	1	4dc2d7bb899ba705413444e81dc74b453ded21197838d1065fbe0d1787ab4c42	ok	rom_folder	4dc2d7bb899ba705413444e81dc74b453ded21197838d1065fbe0d1787ab4c42
megadrive	688	geral	Spiritual Warfare	yes	150536	0d2f15b6f4c5f5ab4b38974896ddebd936ca053d121d0aabb024b8a9b3d5058a	ok	image/png	316165	400	561	a81cb5ff9bbd456c8fccbf557347f11df90ab09370a0ec9956a329ce1f3ac44e	1	1	1	18cd7f62981eb2906e78ab3fca35c1928b8fb13c0bd539d06edade74c1cbf4b2	ok	rom_folder	18cd7f62981eb2906e78ab3fca35c1928b8fb13c0bd539d06edade74c1cbf4b2
megadrive	689	geral	Spirou	yes	706413	656449ab4917cb4132e272ce9e1a5b10e5beb52ca3cedd64584e2185ceafa7b3	ok	image/png	367256	400	561	8059151ecbf888c1f5157a477f377c48bc82c8ea1a55b5f526dae0c7e6587620	1	1	1	074363db8ee4dd51ece81abc9da8a50353b1d2dae70c50c8222b8a362cd3ac4d	ok	rom_folder	074363db8ee4dd51ece81abc9da8a50353b1d2dae70c50c8222b8a362cd3ac4d
megadrive	690	geral	Splatterhouse 2	yes	464666	9f4ffc89fb86ec0c5f6d8b8240cd510b7beb8c434d1cc6ebaa8e86cf08c272dc	ok	image/png	476200	400	561	2e4dcb8cd3ed56d48102102e202b0ef818d2c0ca10debcbf31c079e0d3b8abf4	1	1	1	badb14b5367c5dddf2a56906b7e047302d7a35a3c59036738b43f32aa040b121	ok	rom_folder	badb14b5367c5dddf2a56906b7e047302d7a35a3c59036738b43f32aa040b121
megadrive	691	pt-br	Splatterhouse 3	yes	1098432	1ddfd5821ac6213c8e6e760ec49bd8bd1c6217783bdbcf729ccd85363c8d690c	ok	image/png	380218	400	561	67f01e02af74bb67ef4394967138fb16552adfa53f8a00708c5ecfa93de90046	1	1	1	6c3a46e92380427f6b609917000c012cad19dcba479be325286209001de4dbae	ok	rom_folder	6c3a46e92380427f6b609917000c012cad19dcba479be325286209001de4dbae
megadrive	692	geral	Splatterhouse 3	yes	1089562	7fe3ac6ef15773fc61adbde055aa9c58aa784ff794db1fc16e3fa92d1f3017b1	ok	image/png	380218	400	561	67f01e02af74bb67ef4394967138fb16552adfa53f8a00708c5ecfa93de90046	1	1	1	6c3a46e92380427f6b609917000c012cad19dcba479be325286209001de4dbae	ok	rom_folder	6c3a46e92380427f6b609917000c012cad19dcba479be325286209001de4dbae
megadrive	693	pt-br	Sport Games	yes	1836589	cb3033f3d31b4e7d0b5278481fbfb6efee34c0b6200d6c24e5fa42ad0d81d684	ok	image/png	307602	400	561	d1c52ec8760d52c27144337c00c58f23d4dbcf934befd1395eba9ea69dab1549	1	1	1	43859d20cae10578b7760c16370f210bda3ee4e2490f40b43c8b9b308446c8ad	ok	rom_folder	43859d20cae10578b7760c16370f210bda3ee4e2490f40b43c8b9b308446c8ad
megadrive	694	geral	Sports Talk Baseball	yes	599799	1c4c30f4069c0d12ead73d22649a755d498a5610e2aaa4b3bf6afc79b40f4989	ok	image/png	333323	400	561	1df5fb4820222d6fc8ba28f1d124f071b449da806e80a71090f6be9cdb9b43f4	1	1	1	eeeda8a1c1eb23aea5f719ec836818f07a034c92df9ac97f3e4ae9ef3ea8d301	ok	rom_folder	eeeda8a1c1eb23aea5f719ec836818f07a034c92df9ac97f3e4ae9ef3ea8d301
megadrive	695	geral	Spot Goes to Hollywood	yes	1904794	412e23b613594ba0e613c77805da092468cd0d7422463ebc5ffaa473c90d2c2f	ok	image/png	325629	400	561	1dfa514f4888fae783acf61114bc04d8460fc1a7b588387d2ff17b77a9032ef4	1	1	1	c470517c951ff5f62af6b979bd7784140fe4e0047706cacf5835467b43774f2a	ok	rom_folder	c470517c951ff5f62af6b979bd7784140fe4e0047706cacf5835467b43774f2a
megadrive	696	geral	Squirrel King	yes	260381	8b47396813bfa0637e57897a8e5a4443a1c09fb0e90b38d0dfbbea29e4b071e4	ok	image/png	218865	256	371	452f1beef4b2ba358e919339c0390db68d14ee3a0efb29bbae0f1f7b7716583f	1	1	1	0303b7e5076bd0b57ea2981904989b177e5245c751d386dfec934506e126bc69	ok	rom_folder	0303b7e5076bd0b57ea2981904989b177e5245c751d386dfec934506e126bc69
megadrive	697	geral	Star Control	yes	679112	96bf4e089648d88aa5024b9007bd48238d12991adfb3d622820f7a3f46c00430	ok	image/png	372002	400	561	19b0208888a1d57c18a75bc7ab61a6803e2c5d217aefeddd530e394e77c25349	1	1	1	f66601a6e37879e226cb550b6d0e3936f2b7572eac849dab8f0cf8dc43a1b68f	ok	rom_folder	f66601a6e37879e226cb550b6d0e3936f2b7572eac849dab8f0cf8dc43a1b68f
megadrive	698	geral	Star Cruiser	yes	402368	1f84667eea1389d3f716638131d8715147a0e86d540af778e79685b4f7ae7851	ok	image/png	430986	483	680	85d3852cd91e7eb1ebabbab1ddd86f0738701d697b5485d038873e2d118a6e93	1	1	1	556a9b143ec6a5f6ab00daffe2a228e7f1380edd09cff32c559957319aace1b1	ok	rom_folder	556a9b143ec6a5f6ab00daffe2a228e7f1380edd09cff32c559957319aace1b1
megadrive	699	geral	Star Odyssey	yes	607361	a3e6806a2112c60927f089d125134cdefcda7ddcc45345cfc1369ff2389959d9	ok	image/png	152372	256	355	ceda736ba2ebfaa44d90606d39e041f563d96ec5a19352467bcde55579ac1fc8	1	1	1	926bc2aa2904987f8c8027f613fb1717101e0877c0ad5ad76f37ea5de1d7c41b	ok	rom_folder	926bc2aa2904987f8c8027f613fb1717101e0877c0ad5ad76f37ea5de1d7c41b
megadrive	700	geral	Star Trek, Deep Space Nine : Crossroads of Time	yes	610678	ec7dbffd9310093d3b71adff76e8f9c8799a09b0e394e412eb6d5d697b236b3b	ok	image/png	384200	400	561	5ab314df1a6d13dcabe02b957a39fcad5ea0b9a586bf26bd6a6b2cd90e9d6e5e	1	1	1	93994c9c8c5a08ce1ac33967dfb19b96c816cf14f69748040d1f9d2a8ccc4ffe	ok	rom_folder	93994c9c8c5a08ce1ac33967dfb19b96c816cf14f69748040d1f9d2a8ccc4ffe
megadrive	701	geral	Star Trek, The Next Generation : Echoes from the Past	yes	1102176	561f12f977b2a2f96e049914afa3857fc49ab0aa7a124f1184ddc0b0dfbdfb69	ok	image/png	328936	400	561	e2731bf7131eceef706afbd111ce220eb4c8bacfc29e5458dc708849ee1eeca0	1	1	1	6714ceca7bda3b9b9c069d6d6857e3998ff00c5839536b726a3548a65ae7ca1d	ok	rom_folder	6714ceca7bda3b9b9c069d6d6857e3998ff00c5839536b726a3548a65ae7ca1d
megadrive	702	geral	Starflight	yes	433393	5f64364c0b67d71fd8e5c7bebb909a192d85fb977bb8b46d4617532d661b52c5	ok	image/png	402497	400	561	28bcad6ade90f4e63933d058c8ea09ae844c599035b15729df81af4c1e0ed0ff	1	1	1	6c68c446e2a87cbf4d9a6efb199c0dca40001e80375d39af5e27e7fcac4f0f3f	ok	rom_folder	6c68c446e2a87cbf4d9a6efb199c0dca40001e80375d39af5e27e7fcac4f0f3f
megadrive	703	geral	Stargate	yes	1144697	1c26946f39d0a132e8bc37260d0dcfbc0afb3143db9cd24a335c5f13cbae6c43	ok	image/png	195035	400	561	85d159c70b67ba9e00c99dc299ea8449605ec6353e5d62f865080b3568bf8e17	1	1	1	b664d2824ff6d43e4d154c48b19849ee35d597913eb06901fc76de476f3bc86d	ok	rom_folder	b664d2824ff6d43e4d154c48b19849ee35d597913eb06901fc76de476f3bc86d
megadrive	704	geral	Steel Empire	yes	473122	2818b579ee04a7363b8eb790540545b5a0378285c75a552c5b82d491bc67e3ad	ok	image/png	408842	400	561	a33a7bb86c35cc56b45a246328318b1d35510a0884cfff825128ed0543043f4a	1	1	1	39992dfbf5c115ab4774ac5c2ba211999cb7ebee2e28c9b86634c1cb3a3c39b7	ok	rom_folder	39992dfbf5c115ab4774ac5c2ba211999cb7ebee2e28c9b86634c1cb3a3c39b7
megadrive	705	geral	Steel Talons	yes	249614	98014037994925f3c0b2c5ccce5f483c2992c825ec250ee4e2e17c64ff2725f5	ok	image/png	391701	400	561	0cde99eb5147387b79adfad45cdafb4ef27259e3b8ac32e2da2928af177376e1	1	1	1	128a9bfc04cced34ec78d9679716a81e47afb5c6973868cde4598e2b9ba5032d	ok	rom_folder	128a9bfc04cced34ec78d9679716a81e47afb5c6973868cde4598e2b9ba5032d
megadrive	706	geral	Stone Protectors	yes	1154230	1d5780085b356ab0eb0ff56d54193bfa27776acd064745aba76ea7fed7f0be19	ok	image/png	528967	512	701	e8502522ba6de5bff511939b699cd7cf47e53713ad1f11f9632539147b361187	1	1	1	0abd709f99af049eb361f71a17eefb0f50e2a05d615533bb53762485ef89cf11	ok	rom_folder	0abd709f99af049eb361f71a17eefb0f50e2a05d615533bb53762485ef89cf11
megadrive	707	geral	Stormlord	yes	264401	571e8939610a57e09d05b0de20d1e480d83e41781e1827eec0ac418d578816a5	ok	image/png	300877	400	551	dd04566b5b4f7a6ad121b77ae58fb9ac6d5046342f33368d4d67f5be082ee618	1	1	1	3185a701866021ee8859b8b1ec7f30f94fa1cc34a4b2bb5963203b49b2f0efbb	ok	rom_folder	3185a701866021ee8859b8b1ec7f30f94fa1cc34a4b2bb5963203b49b2f0efbb
megadrive	708	geral	Street Fighter II' : Special Champion Edition	yes	1595037	95909f6c3f2d78fb57a1677a02b60baed30563ef909c5d1ca7599b01e2ee5fae	ok	image/png	375815	400	561	f618bac4fa5b7a0befea10fe266b492d5b12865439df79a50b9dc1f2c5b226b0	1	1	1	ad09e9b3e319c07002acdc261ffa9271da8c0bd8aba7ee643157cbbcd7736409	ok	rom_folder	ad09e9b3e319c07002acdc261ffa9271da8c0bd8aba7ee643157cbbcd7736409
megadrive	709	geral	Street Racer	yes	592132	8e83f2f28386362b5f15b604db3cc2b121afb0aca890084d8625dadd862c2d12	ok	image/png	356905	400	561	159dc0bd99a2c44dc9d21ee278a3a8e9618e7f4472987487eb9910d5054f68fa	1	1	1	419ce0e017882e6947e68c7db3cebaafe4271328450d3c183aff92b5ae07551c	ok	rom_folder	419ce0e017882e6947e68c7db3cebaafe4271328450d3c183aff92b5ae07551c
megadrive	714	pt-br	Streets of Rage	yes	373142	da1b29e279c309a273f494167b96652a2e356d83f768985008d50d051f7e8ce8	ok	image/png	398608	400	561	edfe064f8337f6f519b544623df09ffcb126c4724316ff99f713656be69288b1	1	1	1	47630f5ae57f80fd8a1e5c5c0f0ac24615184dcd8cfc7eeacdb210345430610a	ok	rom_folder	47630f5ae57f80fd8a1e5c5c0f0ac24615184dcd8cfc7eeacdb210345430610a
megadrive	715	geral	Streets of Rage	yes	385704	9e8c391719ed4cca70e3d7aaab8dc8e88c57774d40790dc9d22461515b5611fd	ok	image/png	398608	400	561	edfe064f8337f6f519b544623df09ffcb126c4724316ff99f713656be69288b1	1	1	1	47630f5ae57f80fd8a1e5c5c0f0ac24615184dcd8cfc7eeacdb210345430610a	ok	rom_folder	47630f5ae57f80fd8a1e5c5c0f0ac24615184dcd8cfc7eeacdb210345430610a
megadrive	710	pt-br	Streets of Rage 2	yes	1034926	fc491234e2a17325233435e6ffe1c0372ca5473ed2b3995098de042f21334d61	ok	image/png	408879	400	561	500376e02ce64d87d6a86553542c18a0fd32e2ac23b310995173d180cb046a8f	1	1	1	40466ad3960f3d8f6ecd6fecc1f8fe7f8bddefced5ca5aed6410babdb00d076b	ok	rom_folder	40466ad3960f3d8f6ecd6fecc1f8fe7f8bddefced5ca5aed6410babdb00d076b
megadrive	711	geral	Streets of Rage 2	yes	1031009	2a0f30f0aa6bc2d4e500361d972addf1e98537b14bf8e6cb59d3202d797306c4	ok	image/png	408879	400	561	500376e02ce64d87d6a86553542c18a0fd32e2ac23b310995173d180cb046a8f	1	1	1	40466ad3960f3d8f6ecd6fecc1f8fe7f8bddefced5ca5aed6410babdb00d076b	ok	rom_folder	40466ad3960f3d8f6ecd6fecc1f8fe7f8bddefced5ca5aed6410babdb00d076b
megadrive	712	pt-br	Streets of Rage 3	yes	1692418	725edc9bda3a221937df2b28ab670b7db7ead4429c5554a192d245099bed9644	ok	image/png	398079	400	561	8282196a44ea5220b7b36276f38f58137cbd29581bd07c62eb97c9591dc6c06f	1	1	1	590319cfde5d79d475915ce088be4a7669431b655077b51e7856c9dbd070e3f7	ok	rom_folder	590319cfde5d79d475915ce088be4a7669431b655077b51e7856c9dbd070e3f7
megadrive	713	geral	Streets of Rage 3	yes	1681470	07830d9840d40635a3fbdd7dad4d98ea97e960c68e4ae6326fd3cd123b309850	ok	image/png	398079	400	561	8282196a44ea5220b7b36276f38f58137cbd29581bd07c62eb97c9591dc6c06f	1	1	1	590319cfde5d79d475915ce088be4a7669431b655077b51e7856c9dbd070e3f7	ok	rom_folder	590319cfde5d79d475915ce088be4a7669431b655077b51e7856c9dbd070e3f7
megadrive	717	pt-br	Strider	yes	680049	a71a04892cafd4dfb44bbc9142bbbb0e0378fc2102342b32ed98016b6c03a6e3	ok	image/png	372842	400	561	aa39eaeb5dd0b61b540c37417ab2836739dfadb5050e3d67f43a3ae26dd375e0	1	1	1	cc552afec5f5c15b80abb5e63ad2201eaef22d6a21416467388b25c6f11db999	ok	rom_folder	cc552afec5f5c15b80abb5e63ad2201eaef22d6a21416467388b25c6f11db999
megadrive	718	geral	Strider	yes	674345	f2ae9b84ea007f73334b621566a66f108e65a4fec4549973f3620aa4b7c68106	ok	image/png	372842	400	561	aa39eaeb5dd0b61b540c37417ab2836739dfadb5050e3d67f43a3ae26dd375e0	1	1	1	cc552afec5f5c15b80abb5e63ad2201eaef22d6a21416467388b25c6f11db999	ok	rom_folder	cc552afec5f5c15b80abb5e63ad2201eaef22d6a21416467388b25c6f11db999
megadrive	716	geral	Strider Returns : Journey from Darkness	yes	607344	3ffea9f7e4c9afe7be007ae30f6c1ef8d6e51b62a0716bf3dd741d63debeb232	ok	image/png	366374	400	561	eef09c40b25ce70fb13988853be2a36ca736d044f505b4c8eb94befad5a31f67	1	1	1	de69d9102475dc27d29819c735f59b309300c522ef40f07776f5dcca7a62c3c8	ok	rom_folder	de69d9102475dc27d29819c735f59b309300c522ef40f07776f5dcca7a62c3c8
megadrive	719	geral	Striker	yes	986700	bd46d433d7ca13f07f43693e055979a14f2ac29af4ab5777ad1f7c130ec697d1	ok	image/png	367311	400	561	39f476b0419dbc1c2a9b5ecca34bdb3ac2d0366e97b2593125fcf7c6dd264c13	1	1	1	f668a5e7c0b12d6ad68dcc21f91f1b4f8f986418b1efaa548b851ca7bad3bf7f	ok	rom_folder	f668a5e7c0b12d6ad68dcc21f91f1b4f8f986418b1efaa548b851ca7bad3bf7f
megadrive	720	geral	Sub-Terrania	yes	959212	da1a05a3a8280dde71605bfba871092600cce89c8dca654fcce84d952a52d130	ok	image/png	400953	400	561	b0ab2335ed8842ce8d424ac5d73715f47628e977665b8695ffcbaa2724960556	1	1	1	759f5c8bfad4f1ac387ab07f63967a37ba4589bd36abdcc964d3b9903d29ae60	ok	rom_folder	759f5c8bfad4f1ac387ab07f63967a37ba4589bd36abdcc964d3b9903d29ae60
megadrive	721	geral	Summer Challenge	yes	622962	30f5288af43fb73e356fc41f0b495685ad21dbc5e9af0b68fc0d1d1a89005ef3	ok	image/png	397140	400	561	d5a605f214370a6f6fdcf4c34aa4145f9e53867bba42744f136b13dc852b8b04	1	1	1	d485cc7dbb151c70aa381196422bdfe1ee7e4bd8aaf00feaa182ee95b2f48b93	ok	rom_folder	d485cc7dbb151c70aa381196422bdfe1ee7e4bd8aaf00feaa182ee95b2f48b93
megadrive	722	geral	Sunset Riders	yes	365805	f8d636b9a4ff6a448da4aa6b47f7805ec72274595387cee008c49cb7574ab5ed	ok	image/png	501077	400	561	a2e7746ed09d82eeb90b4aa9d542b9ab16250355a2895ac78235de6edb6341fe	1	1	1	91a8e2e1d07fc0e95c2e02c3822108b5a6f33389158c5ce946367bd2cfe130d8	ok	rom_folder	91a8e2e1d07fc0e95c2e02c3822108b5a6f33389158c5ce946367bd2cfe130d8
megadrive	723	geral	Super Baseball 2020	yes	1082095	daf4eb65e9b7b2c73217a11634e211e95ab15210b2f39af780cdc3d06d97ffd8	ok	image/png	332636	400	561	31b2276b795f0fc61b2f0adcf5d120dfc22bc6c9561f74eece15b2d5702fa6fb	1	1	1	ade1ea267b0145739b5ceeda15d87c0b4ef9764497597ba6af5a6cd0876721f4	ok	rom_folder	ade1ea267b0145739b5ceeda15d87c0b4ef9764497597ba6af5a6cd0876721f4
megadrive	724	geral	Super Battleship	yes	228229	d14b002487cdad964bce11a17bdee0f74f68800b9362bcd92aea8a76b307f167	ok	image/png	357300	400	561	b20512f45d607c2ec2ed110f02a466ed8f11141262410f9015a6461cff9d02f8	1	1	1	88f3aebeb58e91828eef6ed07c27996b594ff1e9dfb0b89d3cf6f10b367b2f6a	ok	rom_folder	88f3aebeb58e91828eef6ed07c27996b594ff1e9dfb0b89d3cf6f10b367b2f6a
megadrive	725	geral	Super Bubble Bobble	yes	321748	a99d718f5fc58bcc8b581d36c0c15636a6ee88c12a24686af7133e9f32d57e47	ok	image/png	631105	493	704	43e2620fbd23d32cfe97301b1e81d2ea2c59f958e2487da79a9f1d0f0cc0c585	1	1	1	0d63a1a7830957992152eb9cb744ce2eb9a8beea9910bf7b819ae53a1f03e424	ok	rom_folder	0d63a1a7830957992152eb9cb744ce2eb9a8beea9910bf7b819ae53a1f03e424
megadrive	726	geral	Super Donkey Kong 99	yes	605133	aebe8acbde716612b1669ea18b8beca3e6e9e39eec9572a97bff9971315dbbb8	ok	image/jpeg	13455	194	266	e6f369ac6526d666f1814debf18bd7329f13b6c6753547b602e97cb889b1470c	1	1	1	8cbfac1fd45eb27c2ec378932eebea8e079f970e186ca6c140a398e6f564db35	ok	rom_folder	8cbfac1fd45eb27c2ec378932eebea8e079f970e186ca6c140a398e6f564db35
megadrive	727	geral	Super Fantasy Zone	yes	439212	a0ce3b3b9a9f8599397105ef3d799cef43b0f7f980a4df506ed58d087deb224a	ok	image/png	373713	400	565	bc1e10149d1fa68e2b99999d25b0b2150967910649ce65de49b36443c73528d3	1	1	1	9d82db850d9ccf50ced753d8ca1a6a40b159092257648a296c81948cec3f8edc	ok	rom_folder	9d82db850d9ccf50ced753d8ca1a6a40b159092257648a296c81948cec3f8edc
megadrive	728	geral	Super Hang On	yes	258630	ca86aa019a09919a3bde574a7bcd8044d8c449dc02f76809b588e78f58250e85	ok	image/png	378229	400	561	16f9596ccae6b270c7e54c67710f7d94c9b38cce2b0e909640d37a9c93b524e2	1	1	1	7e533c9d370954177a70dcafd519d726b145a43385f0ab59143756d065ac54d5	ok	rom_folder	7e533c9d370954177a70dcafd519d726b145a43385f0ab59143756d065ac54d5
megadrive	729	geral	Super High Impact	yes	689859	28b7f1e3ebaaebb300fabcf969eb3407405195c2d31bc7631813f6712a255fd3	ok	image/png	385505	400	561	80b2bef845b8413eb5e9b022df13b6939833f086fae64217d49cfba396acb815	1	1	1	02b89d25da35fde771981133a81c8ecaa69cb0a19c15e1f10b080be04e28c70d	ok	rom_folder	02b89d25da35fde771981133a81c8ecaa69cb0a19c15e1f10b080be04e28c70d
megadrive	730	geral	Super Hydlide	yes	255308	e9aabc8515542b35bdafd486ec723919757221da4c495f235b8ff5c24304560d	ok	image/png	401793	400	561	d8fe78fa34b5f7d083a06005cdf44aff7ccb6a4b2faf717b28818d15a2f5d41a	1	1	1	8394c1e5ec4759304a1901db4a258cd7c9ccb49f60bafffc3b12aa6b615df460	ok	rom_folder	8394c1e5ec4759304a1901db4a258cd7c9ccb49f60bafffc3b12aa6b615df460
megadrive	731	geral	Super Kick Off	yes	283464	ee789306022c1e9e28cb143472382cdc9c3cec4b714b192673fdf43a244470cc	ok	image/png	373473	400	561	2190a53b55d8b17fd2d9c1334bdf0da672889ac1a4e76a22dc594bd9909de9b8	1	1	1	e2e5df84c2f87209d861d0e56e4ed5ec1d3645dc000c15a2bb4b9601abd0756f	ok	rom_folder	e2e5df84c2f87209d861d0e56e4ed5ec1d3645dc000c15a2bb4b9601abd0756f
megadrive	733	geral	Super Mario Bros.	yes	617216	4432a2d876dae33ac23c4bc8f70bf191cead852a9d2138cba004256d4959f6a5	ok	image/jpeg	20932	189	266	265dffb260619476133066b18e973629d45f639512d05f3c9c89e1d9caa16306	1	1	1	e2bc9b6bdb1990f842c23a2ae869d1479f4e2f34a665a3e77a01e32efbf781dc	ok	rom_folder	e2bc9b6bdb1990f842c23a2ae869d1479f4e2f34a665a3e77a01e32efbf781dc
megadrive	732	geral	Super Mario Bros. 2 1998	yes	311787	a0075b2e9ffbda56f87e0c14651a3b4f954c771f781e65a10a313ce003a5227d	ok	image/jpeg	15088	199	281	97a0b72925a6b0d0cfc46385409b2658c468bdff448c8a60d97e773458a293c2	1	1	1	5c93ed2b280948b82ef6b22afeeba8a9c57c41040e6a61be0428b694d39f5e4f	ok	rom_folder	5c93ed2b280948b82ef6b22afeeba8a9c57c41040e6a61be0428b694d39f5e4f
megadrive	735	geral	Super Mario World	yes	298336	13af09d805bc066556f508b87f420af708d387aa2cf057e137b650dccaecb1aa	ok	image/jpeg	153086	438	615	d15447d920b0fd9058ce2b0609ce0f06bb44fcdcbb73b8bcb84ebf08676ff5fa	1	1	1	35110091631f2c7929881ab332a4e6fdb2e0aa642ce42219ae4a76bb3bbb1359	ok	rom_folder	35110091631f2c7929881ab332a4e6fdb2e0aa642ce42219ae4a76bb3bbb1359
megadrive	734	geral	Super Mario World 64	yes	180304	80fdf2235b1319b95f7cb4dbe20f4b9857f8d7de824e7e33ebddddf6deb6bc8e	ok	image/jpeg	18002	190	266	799b34fec43624d38d33ee63800052434e0c3029e8199a5204407edcbe9f660a	1	1	1	01e3878557a22f05db8cf77ee778b18c74cf6c2b9604f5b96dad9192f2a3daaa	ok	rom_folder	01e3878557a22f05db8cf77ee778b18c74cf6c2b9604f5b96dad9192f2a3daaa
megadrive	736	pt-br	Super Monaco GP	yes	394582	2b8071ea0ec22564d475b45f48e05c108a095a100f5157539fe9aded0a651c39	ok	image/png	317697	400	561	0d6fb0c873ec6b24a846cc3911de3d36831777823d465dfb51f3d4470bde3098	1	1	1	889b9c085f46cfe20f104f54db8d0b32cb027abfffc333bab657e3d42d055c13	ok	rom_folder	889b9c085f46cfe20f104f54db8d0b32cb027abfffc333bab657e3d42d055c13
megadrive	737	geral	Super Monaco GP	yes	395123	449855d1ecf3cd30782fa36426397ba131057d5ed9f2c94de061689f988ca6d1	ok	image/png	317697	400	561	0d6fb0c873ec6b24a846cc3911de3d36831777823d465dfb51f3d4470bde3098	1	1	1	889b9c085f46cfe20f104f54db8d0b32cb027abfffc333bab657e3d42d055c13	ok	rom_folder	889b9c085f46cfe20f104f54db8d0b32cb027abfffc333bab657e3d42d055c13
megadrive	738	geral	Super Off Road	yes	163218	82a1f0ebb5a3e56077751ee94cc2d588cf2a51217f1c69db3bb3c02970aa4d7e	ok	image/png	417360	400	561	75aa1003abd17cb8881b9ccc85fee89fcfb5152764cfe37298d977a55a18af4e	1	1	1	acd33ba98577468ecf9531852dd2536a07d2d6e5c0ba97a7a16dea06f321602c	ok	rom_folder	acd33ba98577468ecf9531852dd2536a07d2d6e5c0ba97a7a16dea06f321602c
megadrive	739	geral	Super Skidmarks	yes	1169426	75fceb10beb02b2d2b25aa455d177bb4f7220796fd5e13d19ead585553b0c1ee	ok	image/png	404420	400	561	c3e6f8cab98676cae24630e23751c893aa78dbc3d7483cd9674b745854d9e201	1	1	1	6719b90c253f619ebbe51710594cb17b3daee5baf5f411f11ed40fbe378bf03f	ok	rom_folder	6719b90c253f619ebbe51710594cb17b3daee5baf5f411f11ed40fbe378bf03f
megadrive	740	geral	Super Smash T.V.	yes	330557	042145dc1c32781828e431411336c8a45214e768f246bf648de1c5fb4bde1756	ok	image/png	428174	400	561	cf2d8e434714bab9104d36932df0291c32f5d3483341382d29dc84622162eee4	1	1	1	34fd3a1194ed897a94fcdc80bed7bae6c4d7bd8ad9fda743c3d7504e9165c3bf	ok	rom_folder	34fd3a1194ed897a94fcdc80bed7bae6c4d7bd8ad9fda743c3d7504e9165c3bf
megadrive	741	pt-br	Super Street Fighter 2 - The New Challengers (BR)	yes	2835416	5673b7ede0dc35ecbf0085621102e20823a4877c08532111fafee55649bfa290	not_declared						1	1	1	c54b279d48806a2438ff952d3aab0859fd0aec4559af708ae163ce1242484184	ok	rom_folder	c54b279d48806a2438ff952d3aab0859fd0aec4559af708ae163ce1242484184
megadrive	742	geral	Super Street Fighter II	yes	1279425	1ec284296b55e0b4926d467640f2a8254b40d13bd0a963365bca24c39eae3945	ok	image/png	375815	400	561	f618bac4fa5b7a0befea10fe266b492d5b12865439df79a50b9dc1f2c5b226b0	1	1	1	a6c9f4b86b5ebd193cbc7101524f32abf2ca75e2419d2e84cbd85181a3b6e098	ok	rom_folder	a6c9f4b86b5ebd193cbc7101524f32abf2ca75e2419d2e84cbd85181a3b6e098
megadrive	743	geral	Super Street Fighter II	yes	2827766	79412dd99d98e9147c381e2c349b2beacc185b9c81b0e5b09e7e380a28193d7d	ok	image/png	375815	400	561	f618bac4fa5b7a0befea10fe266b492d5b12865439df79a50b9dc1f2c5b226b0	1	1	1	a6c9f4b86b5ebd193cbc7101524f32abf2ca75e2419d2e84cbd85181a3b6e098	ok	rom_folder	a6c9f4b86b5ebd193cbc7101524f32abf2ca75e2419d2e84cbd85181a3b6e098
megadrive	744	geral	Super Tank War	yes	79800	a416e8f205c90342de1a26519e75dbf582c40cf67538b27b2cd7cfd0229721a4	ok	image/jpeg	13332	189	266	144bc155e0e910cfd88afbc69a3a0e557b6b73fadbd0f28543f9f89caf95a30e	1	1	1	852d424649450ec6740ece18522db08b4b37da217bc281e88e4c6194d2881917	ok	rom_folder	852d424649450ec6740ece18522db08b4b37da217bc281e88e4c6194d2881917
megadrive	745	geral	Super Thunder Blade	yes	257473	c87a0490ad9adef018912a21527a8ab0b3652b60be5cae5c48d315477ee6047e	ok	image/png	433132	400	561	0b370517d082de5dc32fadb2a0e4bd96686f921e21bd266c5840e76d2ab2ce25	1	1	1	af4d948d472db4f8cfd3c69d20effdbde2bb2652d58471b6126bc7fd1c320edb	ok	rom_folder	af4d948d472db4f8cfd3c69d20effdbde2bb2652d58471b6126bc7fd1c320edb
megadrive	746	geral	Super Volleyball	yes	92214	87f5a617e65c865912e9c0ddc1d86457f9d8564021255219960cda0827ecc67b	ok	image/png	349765	400	561	39424355def6faa743c2f7685220370e85407b78870169ecddd864756feaccd4	1	1	1	8fbaf821b11e2da53f3b0bcb202f0eeccba8bebb9ed1f8f5c9831c04fdde3fee	ok	rom_folder	8fbaf821b11e2da53f3b0bcb202f0eeccba8bebb9ed1f8f5c9831c04fdde3fee
megadrive	747	geral	Superman	yes	402192	fcf59572de37041c624604b66eeb61c47ae674324128ec2711d56d21807c5f04	ok	image/png	431255	400	561	76232ded31031acef1354f1ed52ad7c80827ca679f3491c48d3c18b4e239d561	1	1	1	20326c98511f2427643ee960eb277391b7988d431946850802f1c6ebbf3f30fa	ok	rom_folder	20326c98511f2427643ee960eb277391b7988d431946850802f1c6ebbf3f30fa
megadrive	748	geral	Swamp Thing	yes	214336	8174a6693b87f1cde8859047278c54509d10c3b322c075620b821f8de8f98960	ok	image/png	951618	748	1055	0aef5be9a3ded2be06191870d7023a22d9f8a2f9bb9e74a9bff3ad65c0601c20	1	1	1	7198212151d3bb03891989db053e978e734d7d4e35a250dddee9a0ed9908ec64	ok	rom_folder	7198212151d3bb03891989db053e978e734d7d4e35a250dddee9a0ed9908ec64
megadrive	749	geral	Sword of Sodan	yes	392357	dcd04c2740092c2ff380c4882a4d324b26095ccf0df76397908c9feb1e816d9c	ok	image/png	353825	400	561	2e88ee01e2e253e138e0cd04dbe44fe0660dd84ef0b3e28919cad52d5831d4b6	1	1	1	194a13d7e4396edc56162540fede920588a7cd2a4a5f25f2113bb5563fb4cb31	ok	rom_folder	194a13d7e4396edc56162540fede920588a7cd2a4a5f25f2113bb5563fb4cb31
megadrive	750	geral	Sword of Vermilion	yes	382004	6fe76949689f48638cd9720f1f6830ee703eda73e8430aaf7bf3e9a3b4b2e10b	ok	image/png	390819	400	561	e43425a534cb1a546baaf1cae2c72216574921522c2f5279d5aed1bcd25c5138	1	1	1	4a320710e083fc78f0f4cb5f4f897bf0603c99de1074656329163e68988854fe	ok	rom_folder	4a320710e083fc78f0f4cb5f4f897bf0603c99de1074656329163e68988854fe
megadrive	751	pt-br	Syd of Valis	yes	289571	935239e7bf82cb66aa76f3c16d2d7826208a9135dfd504646cb325271ba8706f	ok	image/png	361895	400	561	390a5863394123d196270827616d20f30a22e91ee3a0cfc0e3c6a608f63142f7	1	1	1	0e09e2bbbbf0f41a66dc702455098a1344e721d109652f1bd70773b95e9c4815	ok	rom_folder	0e09e2bbbbf0f41a66dc702455098a1344e721d109652f1bd70773b95e9c4815
megadrive	752	geral	Syd of Valis	yes	287777	58edb242cd026e6885ff7fac6015744ed9e8620b7c989853212d508ff180a14f	ok	image/png	361895	400	561	390a5863394123d196270827616d20f30a22e91ee3a0cfc0e3c6a608f63142f7	1	1	1	0e09e2bbbbf0f41a66dc702455098a1344e721d109652f1bd70773b95e9c4815	ok	rom_folder	0e09e2bbbbf0f41a66dc702455098a1344e721d109652f1bd70773b95e9c4815
megadrive	753	geral	Sylvester & Tweety in Cagey Capers	yes	736174	f90f3e21df832ec3944cddba713b366401c962510145d92482a282715a6f32ac	ok	image/png	393213	400	561	dde8e0ccddc55f23df68b61344d4698162e366d9e89493b16772e481bfdcc741	1	1	1	92257eeafc5a8feb43c3d3f414f90b06e51bd81898657287f2cedcaa076d2cfd	ok	rom_folder	92257eeafc5a8feb43c3d3f414f90b06e51bd81898657287f2cedcaa076d2cfd
megadrive	754	geral	Syndicate	yes	1129259	62545f6d1b2fcf0c5ff98b34a1995ec56fe42a6ec947c261650730ed68074327	ok	image/png	324881	400	561	f9e526c010d2fbaefefedcf953207225c8a5b0d047e1e2b61cd0ec33da012047	1	1	1	58ea7b153d32284e4c477884c781c8fb02a31c13bd8b50aee76aee03fe1bddbe	ok	rom_folder	58ea7b153d32284e4c477884c781c8fb02a31c13bd8b50aee76aee03fe1bddbe
megadrive	755	geral	T2 : The Arcade Game	yes	485124	cc53e23057c914586220d37df9471be52bae1ddfbd2e1e0d2a2aa5cd347382f0	ok	image/png	271992	400	561	6ad18f8a4f699aae20108aed176e97cf59fe566cd5a8db4497b22004db5a56b9	1	1	1	2010334c396b2620d1c954dc805b49fa419695a446793822f339a4f0da50263b	ok	rom_folder	2010334c396b2620d1c954dc805b49fa419695a446793822f339a4f0da50263b
megadrive	756	geral	TaleSpin	yes	359165	46ab520d5b0dda7066f55e7f3ea0daa89d3a43cc109b0394c9c5cd879c7c19e7	ok	image/png	387512	400	561	d65c29de86e451de9794ce1aa723d771e043e4a333647b58883590167847c9ae	1	1	1	216b28c082d3b4f122855baa65f73b646f473989303ebebda60a2d0deff871fc	ok	rom_folder	216b28c082d3b4f122855baa65f73b646f473989303ebebda60a2d0deff871fc
megadrive	757	geral	Tanglewood	yes	1166398	7df9fd94e0a9d40310eca612fcff13c340959c81857a5828ccbf78ef8cfe5beb	ok	image/png	476494	512	734	c9e71129f6044a044fc50c37f9698e1bd7ce23452134233c6a78d25d623cdbda	1	1	1	be009b53619388224935bfa269c66ee4325d6774e0e20436791400dff7d4dc60	ok	rom_folder	be009b53619388224935bfa269c66ee4325d6774e0e20436791400dff7d4dc60
megadrive	759	geral	Target Earth	yes	271122	d86734ff49f2ae40ffec4cb6e0dfeaac6d87367ef9a5de4fdce70cb1e179d845	ok	image/png	436934	400	561	9ef1ecb1ecc55f5266d362b9b9167242d17f78ac01618147c51579b39f55ae47	1	1	1	3338789c004a1516bb16e595937f2c878ad47ae0e7d29153201cb082446f987d	ok	rom_folder	3338789c004a1516bb16e595937f2c878ad47ae0e7d29153201cb082446f987d
megadrive	760	geral	Task Force Harrier EX	yes	590425	79f4253d2e89b46a73ece843b6f5e649f4242360f05b949756d38b34df1aee24	ok	image/png	389157	400	561	0fb054942cc0b6b1ef2b832f7894e732ba63e57c469327918bca4749e261d579	1	1	1	818520a53fb112299f196924b4c07776673912fe665400ba8d5a1eec5d882ac3	ok	rom_folder	818520a53fb112299f196924b4c07776673912fe665400ba8d5a1eec5d882ac3
megadrive	761	geral	Taz in Escape from Mars	yes	1079520	c9763d99a35913b26549b001a9ee427f1436bbb8502f34febd62eba55d6f2f1e	ok	image/png	388065	400	561	b33389b2522f488627e7732c20ff141b57f850e7c269923c6ea0032c1bf6f0dc	1	1	1	533f1a9966e5a2f041c0e3cd1f255fc28d57dfc0e0a3d9cb6b37a24eeb47da01	ok	rom_folder	533f1a9966e5a2f041c0e3cd1f255fc28d57dfc0e0a3d9cb6b37a24eeb47da01
megadrive	762	pt-br	Taz-Mania	yes	341708	098a0b1e5f16d4501d8d0b8db2d423b4d31eefafa312d70682afc0674a4eab51	ok	image/png	426504	400	561	215db812814bead2b3098179845add51222346b9ea29d673e61a4659cf54e7fa	1	1	1	dcd652a7ed1552f66be38bc2f0d70e97ab292c6caa43924108aa861dee4b2672	ok	rom_folder	dcd652a7ed1552f66be38bc2f0d70e97ab292c6caa43924108aa861dee4b2672
megadrive	763	geral	Taz-Mania	yes	340631	6d61aa2989ec97b82ab668c5b0e844fa8b270eeaeb1fdc289ad9f0aaf1d7cdc6	ok	image/png	426504	400	561	215db812814bead2b3098179845add51222346b9ea29d673e61a4659cf54e7fa	1	1	1	dcd652a7ed1552f66be38bc2f0d70e97ab292c6caa43924108aa861dee4b2672	ok	rom_folder	dcd652a7ed1552f66be38bc2f0d70e97ab292c6caa43924108aa861dee4b2672
megadrive	764	geral	Team USA Basketball	yes	578746	05fd0e63529a087199a4ee547c6be97b68485d6e329fb32d33e0239542055dc1	ok	image/png	372310	400	561	2ec3569bdea7c8b7197e2087b2caa876745b47b46dbee015ab7c9167672ab112	1	1	1	eba0f5396c3ae9c8b096b82c695f9ed7cb8b1e2e90f435d5b31570d05b45e739	ok	rom_folder	eba0f5396c3ae9c8b096b82c695f9ed7cb8b1e2e90f435d5b31570d05b45e739
megadrive	765	geral	TechnoClash	yes	530430	085ae69daefd80ddfd3a6f1fb68cae1ef0dc6e161f27143bc6688ad5fddf788b	ok	image/png	342257	400	561	d23c38745da3cb173046a9630f5cfc7b869cda148dbc71f0cb92801787fc6421	1	1	1	d74c0c1aa28000928a6d4363aadf60c56e8fe5baa100c386045b0a1b79c33864	ok	rom_folder	d74c0c1aa28000928a6d4363aadf60c56e8fe5baa100c386045b0a1b79c33864
megadrive	766	geral	Technocop	yes	256008	9fbdd13dc54f96d44cdf38e6d77158f707ebbff2c16459bfb8bab0158de91f71	ok	image/png	296617	400	561	1c69183817889897fb90b338b8fa8080837957153c64e10500be340a6ee01d0b	1	1	1	4c8b2aee17374d30dd621fc134ea3d96766b54bfc65c6a4dfe8b5dbc669b0c04	ok	rom_folder	4c8b2aee17374d30dd621fc134ea3d96766b54bfc65c6a4dfe8b5dbc669b0c04
megadrive	767	geral	Tecmo Super Baseball	yes	649792	38bec5c2abe16aa7ac1b679ff61beb248ee420ea533e62e7db7b8c4560dbfe8d	ok	image/png	240899	400	561	15824f1ef5c02565d15df1b0c4ed2e5c28a2beae77d9446a68b4d9e15296defa	1	1	1	a0d136936658548115f1d9a81e3b48c74e99e2974a0f7667d92e1557495d77f2	ok	rom_folder	a0d136936658548115f1d9a81e3b48c74e99e2974a0f7667d92e1557495d77f2
megadrive	770	geral	Tecmo Super Bowl	yes	447580	b35252d75726027c08ce5ddb7bce9159a2b107d131a4b0f4fdecefcd5391cbab	ok	image/png	335791	400	561	5ed0ddbc084ba1e4561dcd55a4c796fce0ef1db9f7afff500f501dcdeed405ca	1	1	1	745169cd3880fda45adcb2cd698b0e0ea04dbad3646dbe2318a9d8c08c8765b6	ok	rom_folder	745169cd3880fda45adcb2cd698b0e0ea04dbad3646dbe2318a9d8c08c8765b6
megadrive	768	geral	Tecmo Super Bowl II : Special Edition	yes	992058	2fad4286e286e907b00f57e44101060ef635617482bb08362a394784977be531	ok	image/png	324004	400	561	d536ee43d38213c9519d4a6a4aa6221ccc715742da6f531dff4f622cf2748fd5	1	1	1	a2e49e0c63993c61aef118e4eae0d25c38f7f7aacf33a42e91fb1edfe0b2249f	ok	rom_folder	a2e49e0c63993c61aef118e4eae0d25c38f7f7aacf33a42e91fb1edfe0b2249f
megadrive	769	geral	Tecmo Super Bowl III : Final Edition	yes	892778	27c467a2bdec2fbe077f2ece78e532127c44af1734a187143e7c8bdd19d9eac2	ok	image/png	359876	400	561	74ae712852fbd2918531a5949f537f0d7e4dc5413ae49c42967ec3223134cc86	1	1	1	cf4d7cfc7b6a9d4163bf28523d8cf717a68b58957d26381df954c57c4c55de1d	ok	rom_folder	cf4d7cfc7b6a9d4163bf28523d8cf717a68b58957d26381df954c57c4c55de1d
megadrive	771	geral	Tecmo Super Hockey	yes	600102	dfa38332882c5966f897c7ca222d93a6f8a5a7e891303c035e16864bcf47c4a3	ok	image/png	265087	400	561	f9865ff716b52cfbc6aa9cf5255b70eb3df0f3596d86d47377292c67fb361b9d	1	1	1	3313794f7d72a4d4fc13adc0a03f16549b56a90d43f9ebcbe48a583f0de81a31	ok	rom_folder	3313794f7d72a4d4fc13adc0a03f16549b56a90d43f9ebcbe48a583f0de81a31
megadrive	772	geral	Tecmo Super NBA Basketball	yes	647900	7b37d6cc5893384b592ac0bfec6e9e39ad0d364caae8781187cd41c60b88dbf2	ok	image/png	361263	400	561	7f2751031d5d883fd93f6fd6e7c6806f914676731dd4dca43bb20171e4320431	1	1	1	a67e9b28e62f6b011a8b2d24ee083044c5a77398530112efe2aafcb69b972343	ok	rom_folder	a67e9b28e62f6b011a8b2d24ee083044c5a77398530112efe2aafcb69b972343
megadrive	773	geral	Tecmo World Cup	yes	162558	f0fb0f0767e8b7a2ebb0b3dba591fc5e09203dc0ea5e641cf7dde3f44c5d0614	ok	image/png	371787	400	561	f06beaf7872c9122b5041fe8e2e34590edb9b4428edbedab751f35babdb15f1b	1	1	1	4a905f9a12c52db7c389615aed184c6c3bb56538b13e78fb2f9630d650fca568	ok	rom_folder	4a905f9a12c52db7c389615aed184c6c3bb56538b13e78fb2f9630d650fca568
megadrive	774	geral	Teenage Mutant Ninja Turtles - The Legend Returns	yes	308670	1e4b5922230599568554dde6385ce9828fffd2dd0584a7aa0800fbef9d676ea8	ok	image/jpeg	18970	184	266	799f6bdccea3f68ed0684a4976390c26ed09b6b0ecd9de70b354360dadbd206a	1	1	1	b149f51c74b1da4481b2d792cd2ad69c27c8bb0bea8fcfa9419998243c3a887c	ok	rom_folder	b149f51c74b1da4481b2d792cd2ad69c27c8bb0bea8fcfa9419998243c3a887c
megadrive	775	geral	Teenage Mutant Ninja Turtles : The Hyperstone Heist	yes	665936	05dba04bc4912c2de50bebf652f9157e9102a4be2f24843d682fca01fbff78ca	ok	image/png	422728	400	561	a9aeda831dbfefb5643920c0b9224d8f4ef6fbe5b44d6a4263a4da8ad5e5a18c	1	1	1	0a47ef3d047ca24272e3623d3d75b94bb2a33fbe95c492e0970b60a66421f7c1	ok	rom_folder	0a47ef3d047ca24272e3623d3d75b94bb2a33fbe95c492e0970b60a66421f7c1
megadrive	776	geral	Teenage Mutant Ninja Turtles : Tournament Fighters	yes	1119332	7ed892def73326f6eb161ea4963362b75273d66ddeefef5d49dab750981a2da9	ok	image/png	368779	400	561	62bfc756d9373416b1af5cbb5614130ca7721017af8a2a25bd64346644478a6d	1	1	1	9a2e1f335150b1a89378fc505454d24bb9f3b0dd79379b31d7291f7f439379c2	ok	rom_folder	9a2e1f335150b1a89378fc505454d24bb9f3b0dd79379b31d7291f7f439379c2
megadrive	777	geral	Tekken 3 Special	yes	903321	51d1c2d6dc7c4a072c6ad043f4962abd07c3a6c3f24b7eb0c7a96b161b80db99	ok	image/jpeg	13561	199	281	690b48e5cf10e2ab43d6057a10425854a9c0889ed8cf23ab268a98905efcf880	1	1	1	5e7b16e926485d5ff09d5e4098ce5b4b381002f786a1b13f823a3634342cc1ba	ok	rom_folder	5e7b16e926485d5ff09d5e4098ce5b4b381002f786a1b13f823a3634342cc1ba
megadrive	778	geral	Terminator 2 : Judgment Day	yes	633858	4b0cdb7e5c3955c0237637c1d90edc9c3e2bb30c7943f0e9b22ce5f25831d9ff	ok	image/png	317943	400	561	bcff83ecb67ac0acaea42cb48937949517184ecb812b4dd200f2587b03cd369b	1	1	1	269b41cf4e04f41c1f311f4e2cb8bb9d0fb3a624403f1b620da8d907b6a02ad7	ok	rom_folder	269b41cf4e04f41c1f311f4e2cb8bb9d0fb3a624403f1b620da8d907b6a02ad7
megadrive	779	geral	Test Drive II : The Duel	yes	388900	4f48a8fbd4ddba39b6362d06e2b171fb03fd4de37a9ea675ac54b719356afc8f	ok	image/png	366131	400	561	4713c1371f464fc1a63854b2f6d1e342dcfee3e272aa891065cdeac9aea285b2	1	1	1	84e307ea14f0d092c0cabb23df878722e4acf9ddcb29788c43795275931f16d9	ok	rom_folder	84e307ea14f0d092c0cabb23df878722e4acf9ddcb29788c43795275931f16d9
megadrive	984	geral	Tetris	yes	126334	0ec4a904636d8b0e29e9ac1e078dbf362d871efc8d3e680a0e5849644883fb7f	not_declared						1	1	1	71c5e0d9aa37a515dfc46651660fad790f6b275c935387b2a62ca024300d3dbd	ok	rom_folder	71c5e0d9aa37a515dfc46651660fad790f6b275c935387b2a62ca024300d3dbd
megadrive	780	pt-br	The Addams Family	yes	614316	f32c12d15d3f71b1aaf00d91ce26392ce61ff072fc8e56c2e8a1fce1bdd1706d	ok	image/png	362602	400	561	8f585791eae45b6a401fa374d077f326a1b9b6e22ee7720147ca07b3de59ff82	1	1	1	d7466289a86551176bd69c46976a6d75d72c40dce995c11c0a4e92eafeb383e2	ok	rom_folder	d7466289a86551176bd69c46976a6d75d72c40dce995c11c0a4e92eafeb383e2
megadrive	781	geral	The Addams Family	yes	615620	92253eefba3376329db10becde0f357572b5d0d30127e1cf971c00b8a7f3efae	ok	image/png	362602	400	561	8f585791eae45b6a401fa374d077f326a1b9b6e22ee7720147ca07b3de59ff82	1	1	1	d7466289a86551176bd69c46976a6d75d72c40dce995c11c0a4e92eafeb383e2	ok	rom_folder	d7466289a86551176bd69c46976a6d75d72c40dce995c11c0a4e92eafeb383e2
megadrive	782	pt-br	The Adventures of Batman & Robin	yes	1196992	2050dd4263a9c642f3ba0af5ac666f34567c3dc6a7ebce98b8148748dea094a9	ok	image/png	422603	400	561	57882faf9b45d30da1920fb175ae5eb61224e9c16df5740459a4b68a89a91a83	1	1	1	bf758c1e39275fa570038b501de78e8952b0921655efa6316aa1eaac0d332642	ok	rom_folder	bf758c1e39275fa570038b501de78e8952b0921655efa6316aa1eaac0d332642
megadrive	783	geral	The Adventures of Batman & Robin	yes	1191650	8f6181d22fdfaa987785498669d3b88577e4d442fb8767a560e0792c0611a509	ok	image/png	422603	400	561	57882faf9b45d30da1920fb175ae5eb61224e9c16df5740459a4b68a89a91a83	1	1	1	dbb18dff2cba647a39994952a81695df75a35f5b2f9ca8e00b7f3d072ce395d4	ok	rom_folder	dbb18dff2cba647a39994952a81695df75a35f5b2f9ca8e00b7f3d072ce395d4
megadrive	784	geral	The Adventures of Mighty Max	yes	555330	b66463a02009d9460ba40cc107713d489ea06c2330f09e3fed50ec771c993757	ok	image/png	382061	400	561	b029f33bf103dd9e2d31702a718f093d252087dfb3a2b5d6347d694d599804d5	1	1	1	c4302637b054a0fd589665459b2ba3ed5cb8acb741f452289ece16b3e0f6cd13	ok	rom_folder	c4302637b054a0fd589665459b2ba3ed5cb8acb741f452289ece16b3e0f6cd13
megadrive	785	geral	The Adventures of Rocky and Bullwinkle and Friends	yes	560147	c0cd6232fd1475ef1631eecfc6bfe4d4e2cc1e01b4b1257984fcaa5a3c1f0355	ok	image/png	364411	400	561	1571ee4629b0ffddc55ac23dc7b4b0f4b98d7888cac8d485e5c34cffd7475993	1	1	1	b5d48287bffb5284939ef2723a11ef0aa7f4c3ccebc6df22faa165408682d17d	ok	rom_folder	b5d48287bffb5284939ef2723a11ef0aa7f4c3ccebc6df22faa165408682d17d
megadrive	786	geral	The Aquatic Games Starring James Pond and the Aquabats	yes	205316	64d59fbfe8702b355e168bbaa806b7a4f0f3ad0d84e0de7630d210abe295e58f	ok	image/png	395286	400	561	6f058fed98b4181bf7f5e7372e87992901068a6ab1fe2ae7a83fdc40e549736a	1	1	1	b66edff83e0ea9318ec2b16579ac1fafe1eba6c559ae3483e6f245348ce9c6e1	ok	rom_folder	b66edff83e0ea9318ec2b16579ac1fafe1eba6c559ae3483e6f245348ce9c6e1
megadrive	787	geral	The Berenstain Bears' Camping Adventure	yes	585005	91da3d0e4a9bdd04ccf8415abcc0b9eb7079f612f0d150d20b7a1af30ed0772e	ok	image/png	411185	400	561	d248f91f9f1f98228bc5da3dd0b1ba2d91a2589e32187f316a98b3cb49d73521	1	1	1	a537ab1609366e66aa4146ec20cc9b7ce51d3dee4c786d5ca2b683a37664dbb6	ok	rom_folder	a537ab1609366e66aa4146ec20cc9b7ce51d3dee4c786d5ca2b683a37664dbb6
megadrive	788	geral	The Chaos Engine 2	yes	197830	88f9c14d8f20c8064a1e782d67aeb8f72e55fdd8e37625099b8f05e143bd736e	ok	image/jpeg	15178	187	266	645cf4efb20e4a90e9376d64ca255ca1db04043768cc0a6039e7552d6264c9e7	1	1	1	30d6159303d37e296fc1de85979d6d27c3654cf3aa8a8d11d5407ec03b057f75	ok	rom_folder	30d6159303d37e296fc1de85979d6d27c3654cf3aa8a8d11d5407ec03b057f75
megadrive	789	geral	The Death and Return of Superman	yes	1111985	f9255d028864ab6a0e904f8e402e11527b6a659e37388f3df1001cf3dd889b0f	ok	image/png	352452	400	561	df487b2e120605cbed275231755d80613d4fcf0a08965930e75201dd18471740	1	1	1	d5931ed642bbfb7443d11db91dcb0c584c0bc658523ac9587b9f5c3967073757	ok	rom_folder	d5931ed642bbfb7443d11db91dcb0c584c0bc658523ac9587b9f5c3967073757
megadrive	790	geral	The Disney Collection : QuackShot + Castle of Illu	yes	802326	24ba170dc10c066dd94c987eb7ab3fe3b66e774422c086eb9395c97367fef679	ok	image/png	575772	483	680	04e2a6b0eaa83fb001b4d45aaf61e8d3e32b6f04e32fa8f01df679cfdafef879	1	1	1	6a4d41b43bf70c4f68875da2e6178b28c1ba8536cbaa5b77dcd0aac6d00c0023	ok	rom_folder	6a4d41b43bf70c4f68875da2e6178b28c1ba8536cbaa5b77dcd0aac6d00c0023
megadrive	791	geral	The Faery Tale Adventure	yes	281938	62e0bccc42f5ae668ea0c28d3e4b4c216bdbaa96b5173c2db410e89717e7cdf8	ok	image/png	340204	400	561	e3f19e0b485f448e9dbb97202b05f0f8d4d6b68f965d061ded640d50487f72ed	1	1	1	e687cdb20ed2ff443fe1468938f0ab86a87fe8942bc95c0de5ce7b33361523da	ok	rom_folder	e687cdb20ed2ff443fe1468938f0ab86a87fe8942bc95c0de5ce7b33361523da
megadrive	792	pt-br	The Flintstones	yes	328650	472b0805c0bbe87ba44e20cee5f42faddcd36d7af3e230d9d07d4480d5b13b07	ok	image/png	390161	400	561	1734856a2a6d7910a9ecfa7cbf4c5639b674a30b946336c3e2b6f181d201b58f	1	1	1	f1fc9018fcfab11c58e92b5ace0550469b5285ad1988b5703f31b2f97df0a302	ok	rom_folder	f1fc9018fcfab11c58e92b5ace0550469b5285ad1988b5703f31b2f97df0a302
megadrive	793	geral	The Flintstones	yes	326754	60e93947b2bcba4cdfe3da4eb8c00fd3f63a71ff7a4ff75114abc07bf7fe664a	ok	image/png	390161	400	561	1734856a2a6d7910a9ecfa7cbf4c5639b674a30b946336c3e2b6f181d201b58f	1	1	1	f1fc9018fcfab11c58e92b5ace0550469b5285ad1988b5703f31b2f97df0a302	ok	rom_folder	f1fc9018fcfab11c58e92b5ace0550469b5285ad1988b5703f31b2f97df0a302
megadrive	794	geral	The Great Circus Mystery Starring Mickey & Minnie	yes	817601	6f3a5cfb27c0fe01c36bddaaa8d5b04e4eea03f2ba34bfcb92389823749fe635	ok	image/png	400743	400	561	d9de3c0307cf3c15b409999141a722a37f7367bbeb5b14c7a9f34c4bac2ec389	1	1	1	72574026f93cc8fec72aaf95759cce3eb2c2d7ad942c9cc3580c889ba1ab28a3	ok	rom_folder	72574026f93cc8fec72aaf95759cce3eb2c2d7ad942c9cc3580c889ba1ab28a3
megadrive	795	geral	The Great Waldo Search	yes	315168	73ba38186df0ae0f328c68f83cbe8ffbca9b84adb25138c6418265e2fe707c65	ok	image/png	472280	400	561	b897ebd0eef01fb1902798b5484bdfd6a999418333aab48acfa82c861407c6da	1	1	1	e4bc35d6c6df6752f797b5982257b87d4f2999a4f5f7baee074a656e111deedb	ok	rom_folder	e4bc35d6c6df6752f797b5982257b87d4f2999a4f5f7baee074a656e111deedb
megadrive	796	geral	The Humans	yes	719365	04cb91c415e8348687fb340025d994ccd735e86dc4ab1f74e29ab22636756db2	ok	image/png	311551	400	561	e46a8e872b9e0c3955fb9ff0a9e5f877ac5c71f998fdf6ce69f9a39590827acf	1	1	1	aab96e7da773a896647b2a4b4b164d7ba12f2abba5ab3f3ea63ad9f6bf1a04ee	ok	rom_folder	aab96e7da773a896647b2a4b4b164d7ba12f2abba5ab3f3ea63ad9f6bf1a04ee
megadrive	797	geral	The Immortal	yes	758839	8ff37500d329a0ab7b51eb1510fe615d4d402f720ee7879a480eb5965bedcd43	ok	image/png	372261	400	561	3dc085d47bd759591db70a92b96932b9a55c93320c73306590e64e1241ae0aff	1	1	1	e502f0e251e3ab24d8e1f6384234863dc2209c0cfd94eab911ba8b640375f738	ok	rom_folder	e502f0e251e3ab24d8e1f6384234863dc2209c0cfd94eab911ba8b640375f738
megadrive	798	geral	The Incredible Crash Dummies	yes	540712	fe0c8352ea14d6255db9bc3b600a3662fcf528555c670e23fa08185d790a44c7	ok	image/png	351718	400	561	a23a7c6dd5c80e17a9f9fa0ef3760bd25a8729d1b4899cc3d8aeca78ee91a757	1	1	1	969e4448eaa41d3e5e8c638c2084d81747d81e83e68f5b9c93537d964d050023	ok	rom_folder	969e4448eaa41d3e5e8c638c2084d81747d81e83e68f5b9c93537d964d050023
megadrive	799	geral	The Incredible Hulk	yes	998475	8c599a086adb52ed058754c3d9912c9cac54d5d50f089599a89f4f93b9d11408	ok	image/png	384469	400	561	d2b7c22d666a8b41accb7976b8cd898c825874e55748f830d0f5233407e53400	1	1	1	433b6c4017a1d9e53125dfad0b5c519eacbefdb6de90b6d8afd877b709cd8d2f	ok	rom_folder	433b6c4017a1d9e53125dfad0b5c519eacbefdb6de90b6d8afd877b709cd8d2f
megadrive	800	geral	The Itchy & Scratchy Game	yes	517828	df8f1308a075d6ab3391a9dc9148079834707356b3d31957dbbe9348d2f946e7	ok	image/jpeg	13527	192	266	ee5e66c22396144c08efcf2914735b402ecdc64fd7441ad3f23dc6d1dc758811	1	1	1	3bfca3f91bf14403efbd0e45fbf06c795fa47512eef465519ce4d29869003ca7	ok	rom_folder	3bfca3f91bf14403efbd0e45fbf06c795fa47512eef465519ce4d29869003ca7
megadrive	801	geral	The Jungle Book	yes	1356289	50e86de68f3dd4f7f9ca1783b63167fd070036a1842736603cd042c04ccc2432	ok	image/png	325989	400	561	999d00b5e0a72264539486fe1b58767a2a40e5d7731a30a56b1054d2f17ec44e	1	1	1	083b579bd615202f351519bb0298c1c761d63e4589e15618ab79d9ae22cb04b1	ok	rom_folder	083b579bd615202f351519bb0298c1c761d63e4589e15618ab79d9ae22cb04b1
megadrive	802	geral	The Lawnmower Man	yes	400024	55fda043bbcb119f4d5161fb492e2885cb0601ec7568fe186c8b7c07bb55c519	ok	image/png	377035	400	561	b911d8a8acdab59b46e032cd16d0510e39f90062a29f8b2f3489d0d32630cbef	1	1	1	7b7cdb4d6e2612f68dacb6a55b3e4775a2cc41ab2a31905f8a0d9012b4a2dd61	ok	rom_folder	7b7cdb4d6e2612f68dacb6a55b3e4775a2cc41ab2a31905f8a0d9012b4a2dd61
megadrive	805	geral	The Lion King	yes	1587760	749f5b49b9934273a1f160ff078fd0b25ea792efc9da73f87a0d6e5874017870	ok	image/png	335582	400	561	8fc663a0964ffc7e5ccfe9e6311fe46c13ee4efc2400ee4fb961e0c5a353052a	1	1	1	8f224a7d8ba88bd71e0aded180403dcd68e2367e46bfb5ea635aefb34ea6f358	ok	rom_folder	8f224a7d8ba88bd71e0aded180403dcd68e2367e46bfb5ea635aefb34ea6f358
megadrive	803	geral	The Lion King 2	yes	382373	6a46c1c6462b5045f06b5c1aa65a59b3bf6c80b8385a3ef022f3d78bee6e28c1	ok	image/jpeg	12385	193	281	1d35ab20c1ad7c976168af7cd21a5a2060022f4bd628911ca7804771a94152cc	1	1	1	457fe0a98b9137eabead641b09c717d1cfcb88ef7b36ed2c9d700fdda290b3c7	ok	rom_folder	457fe0a98b9137eabead641b09c717d1cfcb88ef7b36ed2c9d700fdda290b3c7
megadrive	804	geral	The Lion King 3	yes	636291	bbb0b5d55458fb77a3494668d1bb13e69861e2b0594cffca0414ad7ea1bdf6ca	ok	image/jpeg	11647	190	266	966a44df6c7d6bb12046789229fc1eae447accf45b8ac56a660cd470400e771b	1	1	1	d92be26585dbd6fc55a8d8c29e8d137ebe18fbb2e300a3554cd060c431393cdd	ok	rom_folder	d92be26585dbd6fc55a8d8c29e8d137ebe18fbb2e300a3554cd060c431393cdd
megadrive	806	geral	The Lost Vikings	yes	700566	e092a55144d116b333273a02375f140ba8cbbeeb208ac3473ea79f146f2027a6	ok	image/png	291002	400	561	b3e9b0fee00bfe668cf100fedc7f5a3801464f2d6d5e3b089b40b72d3af838ad	1	1	1	c122730099a1faccabd25b1556b2d8cb6e1618abf38b28b1177748b20786161d	ok	rom_folder	c122730099a1faccabd25b1556b2d8cb6e1618abf38b28b1177748b20786161d
megadrive	807	geral	The Lost World : Jurassic Park	yes	2033036	d7e084596ecd1cb468c9dfb1fecc3a2f9e62664d3c3208a00e616a4400d13c97	ok	image/png	318862	400	561	6a1b593507ae6821af8f1f9fe3ec42ee472eb6d34f6212d4008e45d58b6ff936	1	1	1	8d20776f2cf65160ab961dccb19a6b52fcb3cec60d87ce52b7fe1ac2887ecd66	ok	rom_folder	8d20776f2cf65160ab961dccb19a6b52fcb3cec60d87ce52b7fe1ac2887ecd66
megadrive	808	geral	The Magic School Bus	yes	576107	a4f1c73fe8eff86f046e7b803523a714855fe58f51751c86698249c5f4d7151d	ok	image/png	447512	400	561	28d03ad8d9da6ed655a7bdf5f44d17d27dc1d0e5a6182179e679eaa159dd86c8	1	1	1	5efc575f8f71ac1db6b61875f9104f50983ccde2a2dbc87b1653e8115246e162	ok	rom_folder	5efc575f8f71ac1db6b61875f9104f50983ccde2a2dbc87b1653e8115246e162
megadrive	809	geral	The Miracle Piano Teaching System	yes	239426	b26046f68fff70d7b7a213a070e8927d68113257ab192cc9975b260acfd0fcff	ok	image/png	45450	256	114	6ff50539755606e35d75623784b77318d20982d12767625374296747f8c8eae4	1	1	1	25a690c850f137e8d5dc9669a702da8af1fb268e3d884ae2428b0a6d9b047c26	ok	rom_folder	25a690c850f137e8d5dc9669a702da8af1fb268e3d884ae2428b0a6d9b047c26
megadrive	810	geral	The Ottifants	yes	454257	82021c89a709220b6bc784fe6ab718178f549fc682a7dba13d3901b05c353e53	ok	image/png	409405	400	561	71cf1c2654af6614f09c0b32d565a0490874670dc8aed25dc5813e3e4c54be45	1	1	1	cb7bab5ea7fde309c2efd19bcd7b821ebedc3d2e4ea3cc8f1c8d45e846d3d158	ok	rom_folder	cb7bab5ea7fde309c2efd19bcd7b821ebedc3d2e4ea3cc8f1c8d45e846d3d158
megadrive	811	geral	The Pagemaster	yes	1203375	b2e54f44bd0d04bc2bb3d87f57ac85a34830279e132728d073d73790536da5f8	ok	image/png	394657	400	561	a76e834f01613186641a4c93b52055e750d01d22f665ab9afe951f7d1cfb4f5c	1	1	1	bd8a66a8bddada0f2a215b96e60de2ff6e0e2e04db629fff9b18c9a72147ed12	ok	rom_folder	bd8a66a8bddada0f2a215b96e60de2ff6e0e2e04db629fff9b18c9a72147ed12
megadrive	812	pt-br	The Pirates of Dark Water	yes	1203236	902c379a2e6e15029d40855067d84138523178250711a4e4dfa1c747df5c210a	ok	image/png	410337	400	561	4868815fd3a2421b28a911a7a0516ad267adb26c45d740fbfb215ba403943780	1	1	1	9908e7e0aba4dda43879d4f0639cbaebc7b1c681cd781ef959cafa9604311b95	ok	rom_folder	9908e7e0aba4dda43879d4f0639cbaebc7b1c681cd781ef959cafa9604311b95
megadrive	813	geral	The Pirates of Dark Water	yes	1191965	985217ae1e5759c6485b9b6e0db3c88cc7a9f4c7253c1dcb62f3d5356ac274f9	ok	image/png	410337	400	561	4868815fd3a2421b28a911a7a0516ad267adb26c45d740fbfb215ba403943780	1	1	1	9908e7e0aba4dda43879d4f0639cbaebc7b1c681cd781ef959cafa9604311b95	ok	rom_folder	9908e7e0aba4dda43879d4f0639cbaebc7b1c681cd781ef959cafa9604311b95
megadrive	814	pt-br	The Punisher	yes	1052822	52e80784702b29b145e577e2633bb8d85a260e375665f62fd8be630b351ce205	ok	image/png	401502	400	561	81193f3369ec6f2d20af8cbb86923e3e702183a5142049b8adf93611d4d34acc	1	1	1	ac8d0eb71b9936cae649d41ceb4a0b17396c193e338d3de778b0ee76c3c1f091	ok	rom_folder	ac8d0eb71b9936cae649d41ceb4a0b17396c193e338d3de778b0ee76c3c1f091
megadrive	815	geral	The Punisher	yes	1035917	2eca8adc753b1e3f86902da51dd51a90c95d103ba87ef347c5349456d64be656	ok	image/png	401502	400	561	81193f3369ec6f2d20af8cbb86923e3e702183a5142049b8adf93611d4d34acc	1	1	1	ac8d0eb71b9936cae649d41ceb4a0b17396c193e338d3de778b0ee76c3c1f091	ok	rom_folder	ac8d0eb71b9936cae649d41ceb4a0b17396c193e338d3de778b0ee76c3c1f091
megadrive	816	geral	The Ren & Stimpy Show Presents : Stimpy's Invention	yes	688003	994f1e2824eff574a7b59c3af4c2a5bc3a65a8ff6c950838b2c01095eeedfef2	ok	image/png	366376	400	561	950cd72d0463f34f8fd7874ed657602ee4472ccd326f3d411e02fc8295197169	1	1	1	ed6ecebdc88ff10c2f6d39b865e054d49b3e6d7c95267cc0bec57c75aa6b8df1	ok	rom_folder	ed6ecebdc88ff10c2f6d39b865e054d49b3e6d7c95267cc0bec57c75aa6b8df1
megadrive	817	geral	The Revenge of Shinobi	yes	366882	2a4b09ff0ff699f151ca67ec953b45421133195316913fa47f4434775c409fad	ok	image/png	358865	400	561	081f45959753cb8262766fa4bc567df3759d604360b32ee0581ff96d3f95707e	1	1	1	feea7a28801c2c1292129be3d4ca055d1cef6efc3f1e9a0937fcb8bf1a71a6c1	ok	rom_folder	feea7a28801c2c1292129be3d4ca055d1cef6efc3f1e9a0937fcb8bf1a71a6c1
megadrive	818	pt-br	The Simpsons : Bart vs. the Space Mutants	yes	203966	9f823d9bb2d260ee40975e3a71bc7a366281520447d7c80e04f21df4d45f4d0e	ok	image/png	401595	400	561	6a00169ebe4ba85c3e95eb0220696bcf7d44c6326444ef027c2c46da9a953700	1	1	1	f729bf7437ec0ee02ebc87b8f70c45e4ad87ec11ff471372180fa1176ce78fa4	ok	rom_folder	f729bf7437ec0ee02ebc87b8f70c45e4ad87ec11ff471372180fa1176ce78fa4
megadrive	819	geral	The Simpsons : Bart vs. the Space Mutants	yes	196327	e2fb1b0f269c5adef21727cd9efbab439819d61a12c9a3debde129bfb179581f	ok	image/png	401595	400	561	6a00169ebe4ba85c3e95eb0220696bcf7d44c6326444ef027c2c46da9a953700	1	1	1	208e5699bb08dad32a680dd5961ab6cfa42dac9eb4a8297aa9d236b207625f12	ok	rom_folder	208e5699bb08dad32a680dd5961ab6cfa42dac9eb4a8297aa9d236b207625f12
megadrive	820	pt-br	The Simpsons : Bart's Nightmare	yes	647320	f3598567a817ff604ac943980c690d6d839c1a70aafe38f816219146931fdbb6	ok	image/png	380381	400	561	a555210fca9b19755aa7f899eb832758e2bc51c49367abc4aab24188ef79a703	1	1	1	54ea007fc2b6ad9912534e69c6263b73d087a67c05edc0ebbd3747ce7da23010	ok	rom_folder	54ea007fc2b6ad9912534e69c6263b73d087a67c05edc0ebbd3747ce7da23010
megadrive	821	geral	The Simpsons : Bart's Nightmare	yes	644157	512698f481631fc5879a27f43c97ebffce9e4cdf1966aac4263feae63e581c5a	ok	image/png	380381	400	561	a555210fca9b19755aa7f899eb832758e2bc51c49367abc4aab24188ef79a703	1	1	1	49ad49eef544f53296a6067d2dafbcf44c05c9e1014adaa5c285e4316deaf126	ok	rom_folder	49ad49eef544f53296a6067d2dafbcf44c05c9e1014adaa5c285e4316deaf126
megadrive	823	geral	The Smurfs	yes	688827	f6c429e6cd3596bef5bdcc230bfc30e1fc9b8caeb21b43cdc10214d6ea935ca6	ok	image/png	371885	400	561	889b41046e00605d46900517ad796f503acce7f440ff67b5f1d7d9fbe5437270	1	1	1	4f6524442bca4c97e85cd4cf952a8af2d1b54b7759f7664473dcdd0bd418f561	ok	rom_folder	4f6524442bca4c97e85cd4cf952a8af2d1b54b7759f7664473dcdd0bd418f561
megadrive	822	geral	The Smurfs Travel the World	yes	807934	58b3700548868d9d03b2bafbb355473aa3d2adbb324dad8665a8af21d1ec8a8f	ok	image/png	371885	400	561	889b41046e00605d46900517ad796f503acce7f440ff67b5f1d7d9fbe5437270	1	1	1	74d98c0e54de602763882f618adda2e2c85b7e54fb368ed7373539ffdd906aac	ok	rom_folder	74d98c0e54de602763882f618adda2e2c85b7e54fb368ed7373539ffdd906aac
megadrive	824	pt-br	The Super Shinobi	yes	367903	1068bdc3ad2c3fcc8a001f120c57980b76feaf3373900659cf06b4609a7c6f28	not_declared						1	1	1	e5ce35113a22c004ca7cfe93763100c173f52a96bbe47c36606701b0250af5f0	ok	rom_folder	e5ce35113a22c004ca7cfe93763100c173f52a96bbe47c36606701b0250af5f0
megadrive	825	pt-br	The Terminator	yes	409286	e78d6af7e7194a403be81d32aa2cb35e3f15e73c8fb5739781117c80011220a0	ok	image/png	337663	400	561	abd09849112744707d1e5bbd02117d05d796f5156d6087e601a8a4a774e7b972	1	1	1	9fa5f87b377c2fe4ca844e5bec5bfac1f37c7ad234b5b69093d5a6e0e39f9bda	ok	rom_folder	9fa5f87b377c2fe4ca844e5bec5bfac1f37c7ad234b5b69093d5a6e0e39f9bda
megadrive	826	geral	The Terminator	yes	408429	c29cc3af007d5a980629af93b86ef47ffea0e50eee25e4e3a7e447e584b6ebdd	ok	image/png	337663	400	561	abd09849112744707d1e5bbd02117d05d796f5156d6087e601a8a4a774e7b972	1	1	1	9fa5f87b377c2fe4ca844e5bec5bfac1f37c7ad234b5b69093d5a6e0e39f9bda	ok	rom_folder	9fa5f87b377c2fe4ca844e5bec5bfac1f37c7ad234b5b69093d5a6e0e39f9bda
megadrive	827	geral	The Tick	yes	953289	c84379bb0ea29c792b152d8430ac8cc87c9b13c01155e52fce4ba341b88b6dfb	ok	image/png	396234	400	561	90ce259d30af8cb2d58ebff6bb1f5ae1b9d719f7b9fbc383aa547deb00a60cdd	1	1	1	0c231d684fce8e3f658f28d1d46eccf2231b837b9fe6f1793fc943e4cea827d9	ok	rom_folder	0c231d684fce8e3f658f28d1d46eccf2231b837b9fe6f1793fc943e4cea827d9
megadrive	828	geral	Theme Park	yes	744763	d6c5fa6226b96106415c70937311bb83c8cf09046c5fb75f170073dee760ce37	ok	image/png	404774	400	561	393a3caf53ba56ce8463c428f6dad1726d7843e7ca146884f956959970d43cc0	1	1	1	0267cb296d230075dff15f08c240abf454a828047b6e34b3aa36a26870d4c1af	ok	rom_folder	0267cb296d230075dff15f08c240abf454a828047b6e34b3aa36a26870d4c1af
megadrive	829	geral	Thomas the Tank Engine & Friends	yes	654372	59d334082dcad204e9f964cfd367da74c4ccc76d55f5fb21511dc0c75fef770c	ok	image/png	401700	400	561	e05382f646e1ade480bf47f53565bdbcd10a1809a31e225cb6a82f2be676c13b	1	1	1	14bcc4d3b30ed3268b3c039f5dede3faf8f43b7f46906e6940aff30a6fc9916e	ok	rom_folder	14bcc4d3b30ed3268b3c039f5dede3faf8f43b7f46906e6940aff30a6fc9916e
megadrive	830	geral	Thunder Force II	yes	381167	93ccfcd18f7d958368449ac89f57d0bd11586828c77861d84ac81b30a5e4a0cc	ok	image/png	370640	400	561	023541f8b30c8cc3aa71559b8ce263bc593b28f741ef2d7c72bd4b22e36bbab3	1	1	1	39528bf88b2e75228a473e2e06ffad29732b4683d11c849c1fc70f320ffa0275	ok	rom_folder	39528bf88b2e75228a473e2e06ffad29732b4683d11c849c1fc70f320ffa0275
megadrive	831	pt-br	Thunder Force III	yes	348424	77fc7dfb4164611770042c723d5a44ffd8745ecd6ed8e2f6dca5b7e7ded6247b	ok	image/png	409606	400	561	e1ad81290ca6fb2ddf18a8f863e80a001c4ec84559cab0e713373db9055eb6f1	1	1	1	54e2693a6487e8446a46ca19dd05fd703420ca955d1ce5b2c663cfd9e59c5854	ok	rom_folder	54e2693a6487e8446a46ca19dd05fd703420ca955d1ce5b2c663cfd9e59c5854
megadrive	832	geral	Thunder Fox	yes	577322	fe3816676a507c44d799e4ba5d645680ce6c0c14a60e94bd64be75926aebdddc	ok	image/png	401042	400	561	f22972f43e153825ec35af3258ada6c8e3a50969fc376d927cd60e0effefd8ac	1	1	1	155799b64f03a40bb544448727651521f13cbdb5deddaecf25d57a6534e9a351	ok	rom_folder	155799b64f03a40bb544448727651521f13cbdb5deddaecf25d57a6534e9a351
megadrive	833	geral	Thunderbolt 2	yes	144032	60d64c9cdfe82e545835b3b64c75594b3309d51e28e7e9284b36dbcff45b46b7	ok	image/png	148688	197	281	ff85e497391e6a26aa923a7ce844ed50386b0214160ed6e4395da441328391b7	1	1	1	6227810f02785216016b4030c93584bf73940e6ab1e70b483f0aa021e63c3bb4	ok	rom_folder	6227810f02785216016b4030c93584bf73940e6ab1e70b483f0aa021e63c3bb4
megadrive	834	geral	Time Killers	yes	1311677	f2aa4460f1c4783771b49f84182527ac84c2b9fdeda85c6119226dc53cc2cbf6	ok	image/png	374497	400	561	c1345ed053db6214189a129d2aa948aef4408aef55c35d50f38b4a27aa5bc3fa	1	1	1	3445c47fdcba70cfb34b09b0b4277cd2d2619c70a489d9f532f043bdaa08ead8	ok	rom_folder	3445c47fdcba70cfb34b09b0b4277cd2d2619c70a489d9f532f043bdaa08ead8
megadrive	835	geral	Time Trax	yes	581392	f524c5da1a62c874c91f62005a4a13a5bc13fec882e2a97f26bf60741f7c6b8d	ok	image/jpeg	15242	192	266	5006aa14c2938cadad12af3b258859d4ffc48fb1f80849890a4b0967114a2cb8	1	1	1	133848fa713619a2ca3952b3f93a2f18936eecc93c6a538770cf92197accef4b	ok	rom_folder	133848fa713619a2ca3952b3f93a2f18936eecc93c6a538770cf92197accef4b
megadrive	836	geral	TinHead	yes	488814	2f487d05956f0750f0e818cb30ef70da0eb33a5bbe70dc81ffc442317575b1a5	ok	image/png	343907	400	561	dfae979138f804141c8b1017d956bd577bce9b76a848c1d09702177ba91cee31	1	1	1	876872e14c1c29d2299457e0e15200402da7c94d3d168b4c111838a6342ec24b	ok	rom_folder	876872e14c1c29d2299457e0e15200402da7c94d3d168b4c111838a6342ec24b
megadrive	837	pt-br	Tintin in Tibet	yes	863963	9621d080f5d164688ff6171df4b45147b45e5e76bde1b9a16f3f74d8bf757bcc	ok	image/png	307830	400	561	454c5a47a4ab863e8fcf0337c3b8840170a7f2997d4e3dd56de2e9382976e366	1	1	1	bad4cbe782c7a1da367f260c6e0e62d43a8e94e381cbb88f7ac3c36c2a27367b	ok	rom_folder	bad4cbe782c7a1da367f260c6e0e62d43a8e94e381cbb88f7ac3c36c2a27367b
megadrive	838	geral	Tintin in Tibet	yes	861726	c11b2a6ba848fb62b7d957e217b496e749f1d601432a8415fbc04c511ebe5f4e	ok	image/png	307830	400	561	454c5a47a4ab863e8fcf0337c3b8840170a7f2997d4e3dd56de2e9382976e366	1	1	1	bad4cbe782c7a1da367f260c6e0e62d43a8e94e381cbb88f7ac3c36c2a27367b	ok	rom_folder	bad4cbe782c7a1da367f260c6e0e62d43a8e94e381cbb88f7ac3c36c2a27367b
megadrive	841	geral	Tiny Toon Adventures 3	yes	241610	53ed2316599c72ed37c4d2ddf1f141966152b890cb0ae1f5b732e642736f72fb	ok	image/jpeg	16154	185	266	f53d191416d67403b7afb14d073592ef0f7617320353ce5c13107a9002d29621	1	1	1	054a5c5fceaea1a0a7df09ab5e2f974086603a4c0f0bbcecc8c95e40d2bc5215	ok	rom_folder	054a5c5fceaea1a0a7df09ab5e2f974086603a4c0f0bbcecc8c95e40d2bc5215
megadrive	839	geral	Tiny Toon Adventures : Acme All-Stars	yes	578572	cda88f0e40e707678b2294f9a62ab4433cfe1432a659972a6957f643c40aa3ea	ok	image/png	359506	400	561	38aeeb85565cddb441c2379ebc50a55b15fb0938e7adb8e6f9c8c54a7c5c248c	1	1	1	043c43ae00f7aa3063acf6f1d4cedbf21adbe8344f27cf08c053431527c4469e	ok	rom_folder	043c43ae00f7aa3063acf6f1d4cedbf21adbe8344f27cf08c053431527c4469e
megadrive	840	geral	Tiny Toon Adventures : Buster's Hidden Treasure	yes	366914	88ddd74c83f18b8848e301974328f813cb13b9f07ddf7d252870c710ab13888f	ok	image/png	360926	400	561	448ef6dc623a84eb5653a00ffcddbca6a6ef132f30c318fec1667137f223af6f	1	1	1	547a71198b6e697de80541ab2f6484d28b030b4a183cf6129835a4037464e5e0	ok	rom_folder	547a71198b6e697de80541ab2f6484d28b030b4a183cf6129835a4037464e5e0
megadrive	842	geral	TNN Bass Tournament of Champions	yes	740799	0ed9b05ca5664c6e438a1112f08c3dc711e5005f4171773b33678304ac7351c0	ok	image/png	675343	512	731	d56722d25746b07d96557ef3e432bfdd62129a013a1ac6fd11a7e47c1913f469	1	1	1	118af5aba4ebfa91df774141f275b5b5cc36278b6208872570fe670998369f69	ok	rom_folder	118af5aba4ebfa91df774141f275b5b5cc36278b6208872570fe670998369f69
megadrive	843	geral	TNN Outdoors Bass Tournament '96	yes	560441	638c3583a4b39a174528df777126c63b7ad626913edfe0385960cb0cd2c29e5f	ok	image/png	396452	400	561	f1d3b87f840b24b05658a468df4e94e1cc655c4106cf7a64bafb0776db61f0a6	1	1	1	cfee92121ccf96ae4fd6de1969d7a8e801bc47114df7349f229ecde168302362	ok	rom_folder	cfee92121ccf96ae4fd6de1969d7a8e801bc47114df7349f229ecde168302362
megadrive	844	geral	Todd's Adventures in Slime World	yes	218969	7a9b75ab5424b0ac6ff0714c86875af007d1f97ff3934a07ea14f3dd053c7136	ok	image/png	408154	400	561	f95e7de9bd5a6feafc550c4d6c62430d6882faeea15ca4e32721d5c4af4a0663	1	1	1	0458c523cbc5cefb2942472bcca98fe4f8175f1728e7d0c077b79129f4b9d7f1	ok	rom_folder	0458c523cbc5cefb2942472bcca98fe4f8175f1728e7d0c077b79129f4b9d7f1
megadrive	846	pt-br	ToeJam & Earl	yes	620614	2b7eddcce1a5bb483b348f27e0d8fab62adab669a3ea0744939e79fb5b4c21e0	ok	image/png	380085	400	561	e01eb1a0be8a94e05c84cafe8733589e518dc721180c6c7379642868d2121fe8	1	1	1	fa92b0b22ebe8b11035c98b4eee26377c628ed3c2ec1f7937414c5270ec5502a	ok	rom_folder	fa92b0b22ebe8b11035c98b4eee26377c628ed3c2ec1f7937414c5270ec5502a
megadrive	847	geral	ToeJam & Earl	yes	618273	93b86c4c8a8908bfa66c8a2fa2e337d5e848b56b864b1dbf94b456b3d81f3333	ok	image/png	380085	400	561	e01eb1a0be8a94e05c84cafe8733589e518dc721180c6c7379642868d2121fe8	1	1	1	fa92b0b22ebe8b11035c98b4eee26377c628ed3c2ec1f7937414c5270ec5502a	ok	rom_folder	fa92b0b22ebe8b11035c98b4eee26377c628ed3c2ec1f7937414c5270ec5502a
megadrive	845	geral	ToeJam & Earl in Panic on Funkotron	yes	1346655	be2b2e064be88a3368b799e1de3f26ecc50beaa96d5d1d54f980471b0e7b8dfc	ok	image/png	395382	400	561	f6001a36fe492835b59cdfea8d485ef7858fa604e9ce7cf5cc3df6e02dcc2f60	1	1	1	b3b075ba9221a906b4f8820ffaf944cbcd27f76fca3e871c6abb82c193f19b29	ok	rom_folder	b3b075ba9221a906b4f8820ffaf944cbcd27f76fca3e871c6abb82c193f19b29
megadrive	848	geral	Toki : Going Ape Spit	yes	280853	cdfd83a258e77949e5dbd96d9246a3f21e654fa22c07fee1af4a36b70e1166c3	ok	image/png	440459	400	561	4d22cea736993c585812bf2bd99ed3caed62d31311d98b5e9948840d2c19c497	1	1	1	e2f9f46a81513d018cb02ba52b9473b080626d2069eb71050bfcd6bdae0bfbfe	ok	rom_folder	e2f9f46a81513d018cb02ba52b9473b080626d2069eb71050bfcd6bdae0bfbfe
megadrive	849	geral	Tom and Jerry : Frantic Antics	yes	509541	7cb3b0a7eb8f055e514564844581da0ddfa8ebf44a5a605c700cd3348bfd7eb9	ok	image/png	324649	400	561	b78d2147d398c388ff06a839685207e82cad939aba8e677cf68d0c423f7c037f	1	1	1	4597e5ac3e06a92611023e59182461928d3ecb73e05b2117e3ea2c1055371df0	ok	rom_folder	4597e5ac3e06a92611023e59182461928d3ecb73e05b2117e3ea2c1055371df0
megadrive	850	geral	Tom Clown	yes	121636	5f0f3f80333b005f3a600c745c4500aa69495f8ad53499d10c7384ae90069fb1	ok	image/jpeg	17971	192	266	a9adc9fb9d4aade851fc0bc071d85837e859f30c564bbdafbbca25b21c9873bb	1	1	1	99176a2fa4adb5d11fca8d3005dad209be34b0394b0845146c918ee15c1a8265	ok	rom_folder	99176a2fa4adb5d11fca8d3005dad209be34b0394b0845146c918ee15c1a8265
megadrive	851	geral	Tom Mason's Dinosaurs for Hire	yes	629385	6cb975e4d28a7406fc2795e63a4247f6a845f46b3dcb9e808c5f6a394ce1be23	ok	image/png	735042	512	731	e2be6a7e6789c6d3cb98a96685b93fe84adf2b29f5138b91f2e6495c7f1d92f4	1	1	1	0790d33151e3fc1f14dbb2a4d1cb20ec076ce74adddb7802cdebdc38c72cf996	ok	rom_folder	0790d33151e3fc1f14dbb2a4d1cb20ec076ce74adddb7802cdebdc38c72cf996
megadrive	852	geral	Tommy Lasorda Baseball	yes	283525	30bc2f94d40899a2bdc4f4d546a831c6fbc10adced67a6eb664ed50da6014462	ok	image/png	357738	400	561	75b70a9d08b183d2d9c1b147265b281c38de90894e9faebe7256e961954cc230	1	1	1	78c1d16a65daec491ee5cfa1f31205f6b6cfbf4534b5bfbef4d47cc98568e96b	ok	rom_folder	78c1d16a65daec491ee5cfa1f31205f6b6cfbf4534b5bfbef4d47cc98568e96b
megadrive	853	geral	Tony La Russa Baseball	yes	476935	7468e16706745f9fb9c4f8a561e00809bcda4797d00ed6bd3124b45d41f6e1fe	ok	image/png	321274	400	561	ab1465d78604c0839dd86dfc043a899b1ddf9388b0622be70d202ce5861ffb72	1	1	1	baf7c9d9e08a163ef77c290ba80169d63065cf43c15fd1ba1a5e0dcca6b4f480	ok	rom_folder	baf7c9d9e08a163ef77c290ba80169d63065cf43c15fd1ba1a5e0dcca6b4f480
megadrive	854	geral	Top Fighter 2000 MK VIII	yes	1104536	5f4ef6a19a05f57d4e567da0469a17e34d047b0beaa1e98d3b4f7ee116ffc2c0	ok	image/jpeg	13622	186	266	43b8c57c107d5eb97a71d5cffbad7614945498e5865058af2bc08edf1d31c30d	1	1	1	f0bca6587e75168806c9cd0076d1a03d48f44bf421feb058779b8de12ea8e664	ok	rom_folder	f0bca6587e75168806c9cd0076d1a03d48f44bf421feb058779b8de12ea8e664
megadrive	855	geral	Top Gear 2	yes	444945	d9ae0b12aed67d340a968ed24504c19ba20208f9129a1ff26f7f7300ae1bfdfd	ok	image/png	362708	400	561	ce41cf45ec408ee55d5e1eebd1e9de018f446209eb97b99073a27882ad635683	1	1	1	8d10e446e5ccff27b1c90f71d969e357c56127cf8bcd56b462d55876c143bb44	ok	rom_folder	8d10e446e5ccff27b1c90f71d969e357c56127cf8bcd56b462d55876c143bb44
megadrive	856	geral	Total Football	yes	751298	93b083b65e5039b313b697c76d8560ddd29e6d662e6c15fe9259e4d0f401b42e	ok	image/png	356791	400	561	66b23c3945d07ef4bea560b577863f52b365a4803b9ae89e59f8c7dffd2ebd7d	1	1	1	35c4a21d73ce83b64e01e39db7cff0e1bf23c97807c1c81682bd27b3077992df	ok	rom_folder	35c4a21d73ce83b64e01e39db7cff0e1bf23c97807c1c81682bd27b3077992df
megadrive	857	geral	Toughman Contest	yes	2844693	48c241c4dd17b13cb79e6e9d947471e520b5e00c71c871bb95819e2cb2e4c68c	ok	image/png	360395	400	561	7324d25a23a9f59f0c4869b85278f9473f24f3927057562f1480a8da67914402	1	1	1	c1be11a47aad96c56c9a6f3712ecf94a3be2752062651c10c56ba4f15898a010	ok	rom_folder	c1be11a47aad96c56c9a6f3712ecf94a3be2752062651c10c56ba4f15898a010
megadrive	858	geral	Tougiou King Colossus	yes	640450	b341e64854012b41155e4123adf079fa3f8b406440f428f889bbf7247b99c352	ok	image/png	492380	483	680	d3eccb6d0cd55ca7fea92b01347afefc690a80119df7db91d3cb38a73bec20a2	1	1	1	9c9d3f4aa204dc6c1e2fd2cd4c5aab9456668df2c0afdce120d54fbdf8a52d66	ok	rom_folder	9c9d3f4aa204dc6c1e2fd2cd4c5aab9456668df2c0afdce120d54fbdf8a52d66
megadrive	859	geral	Toxic Crusaders	yes	356560	c971ebe494dcb0b24e14aff35b4f71bc80f1b97a2bb2b3d3279a142d9f221795	ok	image/png	353003	400	561	bce0e4e8971863865c6a27e1364b6a33e35f09f7d7439a7431a66b78dad229e1	1	1	1	000defad355fc4c091cf9f5806a87717c8e46fdeb292b66a898e5d5e67a4a187	ok	rom_folder	000defad355fc4c091cf9f5806a87717c8e46fdeb292b66a898e5d5e67a4a187
megadrive	860	geral	Toy Story	yes	2679620	1f8f793bca14632cceedce9cb7eefd8b7b9d420b87c010cdfada93fcc955cd6c	ok	image/png	362996	400	561	6fc09f0a5dbc8a2422f0656d220923e877c7f0136cdeec5556da62a6563e055a	1	1	1	8dfb4fb58078e70c0c5797fb3d6d401c4cea9ff95e35e65a1747a32e5818ffcd	ok	rom_folder	8dfb4fb58078e70c0c5797fb3d6d401c4cea9ff95e35e65a1747a32e5818ffcd
megadrive	861	geral	Toys	yes	420194	921bac934b577a33f8b654d2002ee11a1640beaa4f70318448637c4cdf404c76	ok	image/png	282922	400	561	44b84be879c38dc9055dcbdb76101425d8453e13010f93c741ccb194c3e02b7e	1	1	1	1458b66703d989eeed68458a037784b896b1628964405d742b9508c05e6e4949	ok	rom_folder	1458b66703d989eeed68458a037784b896b1628964405d742b9508c05e6e4949
megadrive	862	geral	Trampoline Terror!	yes	161840	c71b81f160069d7486c648c05f7d18585241e699bde9b6210ad0019b0d6812be	ok	image/png	371884	400	561	a98dc050c10c579dc0137c7442238384fe823a8103c67ba16556dfb7fd5f1e76	1	1	1	48b3c27455c54dd6b3104fb47c6c55b74815fd87156f3e5edf51cd034b8b0d97	ok	rom_folder	48b3c27455c54dd6b3104fb47c6c55b74815fd87156f3e5edf51cd034b8b0d97
megadrive	863	geral	Traysia	yes	593312	54f80f6c8d14a92375f0f102d1e043695d1b2e22577caf8fa02c1f6478c27dcd	ok	image/png	442990	400	561	1523da82e7717e68cc796598411e40bd50cd9cbd4087ba4be356b3da64033993	1	1	1	84a164d9aff416311458dab73a8bdf2b8d6a4cf9d390e8b0f17bc97fc56595b0	ok	rom_folder	84a164d9aff416311458dab73a8bdf2b8d6a4cf9d390e8b0f17bc97fc56595b0
megadrive	865	geral	Triple Play 96	yes	2282620	1ac1cc576e99f5ab7cb35fd723233ff1885c76b2a99c05effd890e1c7c171716	ok	image/png	203295	400	561	66e97aab620b781adb827af55d4d01602c81f843b13198028583f6d67d7781fb	1	1	1	0d9c1ab49ced8eebca5d4568d159cd86b562d8d9d6b8045cdf69aa22f839d83b	ok	rom_folder	0d9c1ab49ced8eebca5d4568d159cd86b562d8d9d6b8045cdf69aa22f839d83b
megadrive	864	geral	Triple Play : Gold Edition	yes	2076662	b60ec64322128cbc22b38bd29ad23a0f539d124eaa29f4939004df70f5125047	ok	image/png	345736	400	561	93a780a096df872e800039531edd15c5773d7d833101640f314e1fc9f4238a44	1	1	1	17e9f6648e221cfb11cf99c0354bb073251e24a8af1276c82a88c1254e085b44	ok	rom_folder	17e9f6648e221cfb11cf99c0354bb073251e24a8af1276c82a88c1254e085b44
megadrive	866	geral	Trouble Shooter	yes	304620	a164742f1442c2409f52dc1de613f4dfdaca27e7709f7a7dcb0efc139228fbb8	ok	image/png	454055	400	561	b5e2d98977af6b888648a6f3fddd9c4bad01d4f24c587649b0ad1f91222aa214	1	1	1	dbd39f7a8ce7c3b2425c21e17c7a35803a9a773cee7078979f46541d38540c69	ok	rom_folder	dbd39f7a8ce7c3b2425c21e17c7a35803a9a773cee7078979f46541d38540c69
megadrive	867	geral	Troy Aikman NFL Football	yes	898190	aa36874b4e3eea059a0e9bdc274feea4b5c824fd066668212dee5f744071a9c7	ok	image/png	337604	400	561	125bce547e018a90219aff24153b1f396c07d3c6eda5b0d8f951b8d4a0caa209	1	1	1	29fd3f4fa30741116814bd19282a607aeaba6f1dbc7c9d035c7c5e49b04e58f4	ok	rom_folder	29fd3f4fa30741116814bd19282a607aeaba6f1dbc7c9d035c7c5e49b04e58f4
megadrive	868	geral	True Lies	yes	1246827	7a18ff9fec647be91e655bf368ca6faf29e879b9cebd001d99d39d9b82d37e90	ok	image/png	382846	400	561	efc2912ecdcd38e2a5db16dea143b881917655420e8adfb862b059e933d8b4ea	1	1	1	9c1306120a5223bdaff024d3763c84f5bf54b7f5725bebb2a66ecb87ba88f97a	ok	rom_folder	9c1306120a5223bdaff024d3763c84f5bf54b7f5725bebb2a66ecb87ba88f97a
megadrive	869	pt-br	Truxton	yes	231890	263272b306a4f3fa5d8f42c2c917c7dece4d92e23cc62c997e1913bd03656ee5	ok	image/png	411230	400	561	562735088ffb9a9a3b66fb1e5aa2103063f4d138039a759d5897c80a8a9d728d	1	1	1	29e2d174dc54709da957c1a3bac7ebfd8f15592cdfc5800eeaac13e0ad0e90a3	ok	rom_folder	29e2d174dc54709da957c1a3bac7ebfd8f15592cdfc5800eeaac13e0ad0e90a3
megadrive	870	geral	Truxton	yes	230417	7f5f08b5d21a412a7368b9196eb4f39bf8c3ec44db474d72a660664752c2ce01	ok	image/png	411230	400	561	562735088ffb9a9a3b66fb1e5aa2103063f4d138039a759d5897c80a8a9d728d	1	1	1	29e2d174dc54709da957c1a3bac7ebfd8f15592cdfc5800eeaac13e0ad0e90a3	ok	rom_folder	29e2d174dc54709da957c1a3bac7ebfd8f15592cdfc5800eeaac13e0ad0e90a3
megadrive	871	pt-br	Turma da Mônica na Terra dos Monstros	yes	563397	a057e42254fc88eaa467edaebea283b7543f1a629b3d79e1eedf7fef5f816f96	ok	image/png	331761	400	561	dc4f44b54c9c0b5835e5839e8d0f5a516494685b6a90e8d47fd02126478d72ab	1	1	1	375f77294354c21a19d079248b69d349ba36ec1646c2b4e6a46c1d3b9b4cee38	ok	rom_folder	375f77294354c21a19d079248b69d349ba36ec1646c2b4e6a46c1d3b9b4cee38
megadrive	872	geral	Turrican	yes	299781	147a083050ac68e224c5921345d8b286dcc527527ae890bb63ac29607be164c9	ok	image/png	359281	400	561	9bf5ad367aa88b7f1879fe9979bef203945f51351eb1603fb82487a91a6b3914	1	1	1	6043e98a3c0d97bc6e1e8c2b2ee961ea0d32dbaef4723e0e50f3de1e5cc995d6	ok	rom_folder	6043e98a3c0d97bc6e1e8c2b2ee961ea0d32dbaef4723e0e50f3de1e5cc995d6
megadrive	873	geral	Twin Cobra : Desert Attack Helicopter	yes	353064	f16c5d85a412029d13f73e877123426d58fef2e43a7c4c294ee3742817633aac	ok	image/png	434765	400	561	bf9c3ab29feb6ebc3a8cf132d144ebc310710884df337c20b0c424dd1d5c3ccf	1	1	1	3556283134c963325c8c9e61e1ee3c35e5b042f785eed04dfb36b06cd83045b0	ok	rom_folder	3556283134c963325c8c9e61e1ee3c35e5b042f785eed04dfb36b06cd83045b0
megadrive	874	geral	Twinkle Tale	yes	546242	7e54926344f1e1bf0cda66900e2400ee2892911b5ba8d5a02fe87f77ea9e4fb0	not_declared						1	1	1	929c610bfefc89bbf56724ef4958b2cad4bcbf83ecd3020e377c4089f6f27c05	ok	rom_folder	929c610bfefc89bbf56724ef4958b2cad4bcbf83ecd3020e377c4089f6f27c05
megadrive	875	geral	Two Crude Dudes	yes	545215	9864841e0be1cc3e370282fcd706d40d42c41e13460b68537b5179072d9ed4d3	ok	image/png	394359	400	561	af20614ed197d9f6da3a98c8bf4f7b734fa8fd451b05249f245c9d605ed1f1c5	1	1	1	eba5be3967115ef1bcf28274c3b2ed2fc5383b36743231ea55cbd41cabdc393e	ok	rom_folder	eba5be3967115ef1bcf28274c3b2ed2fc5383b36743231ea55cbd41cabdc393e
megadrive	876	geral	Two Tribes : Populous II	yes	467458	9bfa1f15880c79c8a816c518c93d739a82933677b4e1624f2fe900b9616b5796	ok	image/png	417002	400	561	522ddbd3e75ba0fa16d797fceb7af4c8698a7a877d6c27416f875d55de128e49	1	1	1	246b901c0b3f0517d3747fe895d0fa7dd74cac215edeb6b2a0e23229038f60d5	ok	rom_folder	246b901c0b3f0517d3747fe895d0fa7dd74cac215edeb6b2a0e23229038f60d5
megadrive	877	geral	Tyrants : Fight through Time	yes	553026	2ae9b7a09da7f59da877fdf17d4c864f2b9195f021873f17aa2b82303e3e09c8	ok	image/png	403809	400	561	be9476e07639dfc6d58e8808d19d9fe447acaa0a50faa637c9be10aa236887bf	1	1	1	1e02f4ad3aac7b7ef045415dd08764fa14cdded1f4dfde54fcf134d72e16754d	ok	rom_folder	1e02f4ad3aac7b7ef045415dd08764fa14cdded1f4dfde54fcf134d72e16754d
megadrive	758	geral	Tänzer	yes	922475	30a696285d0effba4f65e9f34d5c7c6c264f074a500731e0ba3ced8a411ac23b	ok	image/png	513245	512	699	ee7b783ec2dcdd1433a7512cf5f993200054bf587b12f6d465abd5f6c89dc031	1	1	1	2f0028bfd64063dd9b33e4321ec42103189124a675552484ae57be2af3623147	ok	rom_folder	2f0028bfd64063dd9b33e4321ec42103189124a675552484ae57be2af3623147
megadrive	985	geral	Ultimate Mortal Kombat 3 (USA)	yes	3325557	792e5f13cc849babeee0b94b2f7f7f215d9e0b234aaad6939cb33e216f323d43	not_declared						1	1	1	b10c1c54cdb735ca00140bc5cbfb74b0557f3010f6401731c8f46e4044b6eb26	ok	rom_folder	b10c1c54cdb735ca00140bc5cbfb74b0557f3010f6401731c8f46e4044b6eb26
megadrive	878	geral	Ultimate QIX	yes	137831	f46d614561d6a81e27835560be4644d41a3de0960646559e0e307309fa017c81	ok	image/png	423388	400	561	86654449131d417fa584d28d2c8749b73ad9ad3b906a56b508af8c97418b5340	1	1	1	93df616adde0816eb5207af14143d0023c38b8b325ba99fd2fcfd4209029f53f	ok	rom_folder	93df616adde0816eb5207af14143d0023c38b8b325ba99fd2fcfd4209029f53f
megadrive	879	geral	Ultimate Soccer	yes	321122	de68ab90e2c06351150938caeea3fbd10684719b2ba5b0bb67606d03cab8c905	ok	image/png	360665	400	561	e24f86739e50a4f695f66b2d575ef87332aab149155ee8316d7d4fe40ed8b884	1	1	1	d7c7ccecb1ea7c13caea52b74ed7809304af9cf7724a1ddd7f7895ee27bf911c	ok	rom_folder	d7c7ccecb1ea7c13caea52b74ed7809304af9cf7724a1ddd7f7895ee27bf911c
megadrive	880	geral	Ultracore	yes	707669	ad1ac57f08106ec53ac54491b7c46294d7a33456c872a4bfe48c91e43b7dfbb3	ok	image/png	625505	512	705	be6ab342cdd45ffb4f6f9fd08f47b42a36109a348f5cb0cae1a9de70bc7fd773	1	1	1	fd440f8818e0e7a2d8aaf1bf5a1d49ac6d0e501fec744c6fe6a420983073beee	ok	rom_folder	fd440f8818e0e7a2d8aaf1bf5a1d49ac6d0e501fec744c6fe6a420983073beee
megadrive	881	geral	Uncharted Waters	yes	386586	aeab18aa3964efc6199e2a98712d3222fe7a7a2d97ee24e13322ae1b08a9a551	ok	image/png	346697	400	561	ec012ed0a7100ac8bffe0c9a6d087b603ed52668dd98f1d5269ec91c32fa72db	1	1	1	fc1eb33e5cd25da38ab04320c7ade1cc60813c120aa6b28767c4b90d370a358e	ok	rom_folder	fc1eb33e5cd25da38ab04320c7ade1cc60813c120aa6b28767c4b90d370a358e
megadrive	882	geral	Undead Line	yes	441859	2c9f5ac1cb0e79711bb08f3b16204c3813f22ae23df3d1f96f8618b6908d8e04	not_declared						1	1	1	3b6214f69c978aadcbad48d47d5f72b94b9cf73670dc2aa154718fb2be30cd11	ok	rom_folder	3b6214f69c978aadcbad48d47d5f72b94b9cf73670dc2aa154718fb2be30cd11
megadrive	883	geral	Universal Soldier	yes	447021	bfce5c96c9d515dd9d17103b0f95f003da264335b53f838902b9266efb1a578e	ok	image/png	205842	400	561	893eab9138800b39932b2809292ae3ff153fb85ac9258a4366a10a86e4601745	1	1	1	7e13d1f91912f84b8e2d969bf8055dc34b771284150bbc9369c8e48c6ee57fa4	ok	rom_folder	7e13d1f91912f84b8e2d969bf8055dc34b771284150bbc9369c8e48c6ee57fa4
megadrive	884	geral	Unnecessary Roughness '95	yes	766509	937da840631d68aacad33a5867d2f61ac953797d858261cfc33d0b8ab9beaa4d	ok	image/png	379880	400	561	29ed6f760d6fa229f3c72e8f0f66c294b73b11825573b2590c6d5291bc36850c	1	1	1	7224552d2b733f52446faa6d831c06aa5c5f925e7a918eca56b6c800789c7e23	ok	rom_folder	7224552d2b733f52446faa6d831c06aa5c5f925e7a918eca56b6c800789c7e23
megadrive	885	geral	Urban Strike	yes	1046861	dae50b307725df0742088b01b851bd8d5d6dbe0c88168b56c547cb1d415d14e5	ok	image/png	364812	400	561	67d7a2f3d6b2f6e287f0de87b00290397b9105f7c86c8a699ee27ef7296c691b	1	1	1	8b5226812f45021f978988df778b3e5cccc5a35c743843afd247bea498d21f90	ok	rom_folder	8b5226812f45021f978988df778b3e5cccc5a35c743843afd247bea498d21f90
megadrive	886	geral	Uzu Keobukseon	yes	291042	5182580dcde9953c4b8279dcbc852db0127b504869d4f82e2736f499fa2cc911	ok	image/png	142920	256	363	1a0346141e21417e9755b5167376d3cf12458d82cede288f98f1391555b5e047	1	1	1	76f07d03d57587525cd8efd99fc09da707eec849f5fad3b4cf36a6520ba9a7c6	ok	rom_folder	76f07d03d57587525cd8efd99fc09da707eec849f5fad3b4cf36a6520ba9a7c6
megadrive	889	pt-br	Valis	yes	755939	91bf939b6cffae602f1cc2dad3693e356a62672213b174d5d8c5bde080843948	ok	image/png	446741	400	561	45e1339595aeb81acdd9c0ba5436a58398eb7492cf8681c3cec9355214bbc535	1	1	1	114f06fd1e00d04fe5213d1e82c92f117f2de4a5746b5e238873cbdaee69d921	ok	rom_folder	114f06fd1e00d04fe5213d1e82c92f117f2de4a5746b5e238873cbdaee69d921
megadrive	890	geral	Valis	yes	750954	77763f335f15f28a788ebf6af16f0cb2509969f32c83e42b6f180b61cad7fb00	ok	image/png	446741	400	561	45e1339595aeb81acdd9c0ba5436a58398eb7492cf8681c3cec9355214bbc535	1	1	1	114f06fd1e00d04fe5213d1e82c92f117f2de4a5746b5e238873cbdaee69d921	ok	rom_folder	114f06fd1e00d04fe5213d1e82c92f117f2de4a5746b5e238873cbdaee69d921
megadrive	887	pt-br	Valis III	yes	782738	885d01b8bf45a181c4bca12b5a51d53c09a2f4cfe4a1d5616cc742e1ff7eb775	ok	image/png	390128	400	561	c3045206fc12b573d9fe12bc28949eb4ec87ef5bdbba8c1cfb090c486320ff44	1	1	1	e1d03256818b314468d2d2d4c7ee13a642422cb5c7ae1efb393ef0e593807ee6	ok	rom_folder	e1d03256818b314468d2d2d4c7ee13a642422cb5c7ae1efb393ef0e593807ee6
megadrive	888	geral	Valis III	yes	780955	fa5ef8a52bc8d3356298b1db8b3a0a94a30af89b0514d782f7001d05ddf774b5	ok	image/png	390128	400	561	c3045206fc12b573d9fe12bc28949eb4ec87ef5bdbba8c1cfb090c486320ff44	1	1	1	e1d03256818b314468d2d2d4c7ee13a642422cb5c7ae1efb393ef0e593807ee6	ok	rom_folder	e1d03256818b314468d2d2d4c7ee13a642422cb5c7ae1efb393ef0e593807ee6
megadrive	891	geral	Vapor Trail	yes	443340	5ebf6d05027aa0456959b2545300aa71a250e3a1b55165eb33f27f569f8aa3c7	ok	image/png	351066	400	561	6c4f53e61471e9384f32e773695f2bce990b50ac336de8a9f97dc2049ade7df3	1	1	1	49ba2236c19d2d564ec92200c838ea1a2c8b31394c1cb361f378426701a4477c	ok	rom_folder	49ba2236c19d2d564ec92200c838ea1a2c8b31394c1cb361f378426701a4477c
megadrive	894	geral	Vectorman	yes	1049869	f1ef23cc76b5e9270d7df9db6f1116699ef765118b10d41795ed2c717d74813e	ok	image/png	361338	400	561	bfad9a66198ea3991dde2fe4d93f52d1da14e939b1834d36fd837587075637f7	1	1	1	72ef7b1fc80514ab25c003e3cadcbf1c11b4197695232c739caa10d0d92bab13	ok	rom_folder	72ef7b1fc80514ab25c003e3cadcbf1c11b4197695232c739caa10d0d92bab13
megadrive	892	pt-br	Vectorman 2	yes	1380080	65db5e947b9926c581d5b9649632c8cdc6803c1c67ede4a39df1c4e1b0353bd9	ok	image/png	382440	400	561	947a46cd5cd52da34ee0a851456e65e9093ef721145e95bfb7ce3c8615e67917	1	1	1	04a4c16a79dc8a6da3fb76f8e767fc9eb9db9d318246f1b570b4fdbe6ba5048c	ok	rom_folder	04a4c16a79dc8a6da3fb76f8e767fc9eb9db9d318246f1b570b4fdbe6ba5048c
megadrive	893	geral	Vectorman 2	yes	1374240	5a44da3385b4a8a47d7cdae40b6ef41d1fd4eced8ac1c9e4e39af2362a9a9b64	ok	image/png	382440	400	561	947a46cd5cd52da34ee0a851456e65e9093ef721145e95bfb7ce3c8615e67917	1	1	1	04a4c16a79dc8a6da3fb76f8e767fc9eb9db9d318246f1b570b4fdbe6ba5048c	ok	rom_folder	04a4c16a79dc8a6da3fb76f8e767fc9eb9db9d318246f1b570b4fdbe6ba5048c
megadrive	895	geral	Venom & Spider-Man : Separation Anxiety	yes	1114059	62280e46aa7f10f0006dc62a7036f9a3b0084b4588cef7b1c7d132ea3da7b7ad	ok	image/png	507092	479	680	4e0e4e2872e89993a5d918f3225679836af0242974d3bba71e010d0f0e6e0eae	1	1	1	271adbc8a94ae5249d1f439d983e1e67b6f0e6eb7e03e0315a136e9a836d6ab4	ok	rom_folder	271adbc8a94ae5249d1f439d983e1e67b6f0e6eb7e03e0315a136e9a836d6ab4
megadrive	896	geral	Viewpoint	yes	611909	5c3aea45c434d0659b8c9b269cf9ede7d4e43949360eeafffed44f0d7b5eef05	ok	image/png	341603	400	561	22f65421ef4701e8a81b54e3ae07481a7286ce2e3718727df3b0c3654bfb1a12	1	1	1	376d6b76531a3608ce6fae4eaecf988035cbef771d46686ba97b8162718c5c66	ok	rom_folder	376d6b76531a3608ce6fae4eaecf988035cbef771d46686ba97b8162718c5c66
megadrive	898	geral	Virtua Fighter 2	yes	2002267	0b128db4cf4420dc686066bf8193e40103c3b5759b003c3e3b7fd83c2862a1e7	ok	image/png	366695	400	561	299689c031c46681ac7282574effc6b14065b9e2130cce7562407a3055940a57	1	1	1	5c0bc893ac11c525a656620c066d0bbd7d7491b904ee09cd454266c6f12c77d4	ok	rom_folder	5c0bc893ac11c525a656620c066d0bbd7d7491b904ee09cd454266c6f12c77d4
megadrive	897	geral	Virtua Fighter 2 vs. Tekken 2	yes	940282	b278b9a1004a1a106855cdc4f5a0d3d6fbddbcef0873a9ea78dee597831b5b7a	ok	image/jpeg	16110	196	266	115a11181513ac987b3df01c551ce25cc6a2d8a895c1d51068dcbc9ce9730d7d	1	1	1	5fa3f66afa4e5518ff81171373130ba0395ca680a8c7ab7f6209edd3a95d8860	ok	rom_folder	5fa3f66afa4e5518ff81171373130ba0395ca680a8c7ab7f6209edd3a95d8860
megadrive	899	geral	Virtua Racing	yes	703870	d880e29afd4882b6042abb5b11f73cc15c7ac66baa4e585a473aceb2783acfd8	ok	image/png	334900	400	561	ea3bea368c7c6a3740d59378363575d4cc883343dc4cb0fca71988e358eb31e7	1	1	1	a0bf0d4784a0751c595467e8edccb12502defbd17c41115f7720bc0be21806e3	ok	rom_folder	a0bf0d4784a0751c595467e8edccb12502defbd17c41115f7720bc0be21806e3
megadrive	900	geral	Virtual Bart	yes	1392837	8f2351dbef4286fbbd120acc7bff67a12ce327e71e204a69dfc4adca839fcae5	ok	image/png	370045	400	561	199e7368638c6fb6c723f7e740d001126740ad7cfa81a252398a1534c244b23e	1	1	1	47316409ddfde4ecf0fca51132b052438e6c003d2160153d521c33559b452c38	ok	rom_folder	47316409ddfde4ecf0fca51132b052438e6c003d2160153d521c33559b452c38
megadrive	901	geral	Virtual Pinball	yes	293112	289a98d3731630b3b98237ebde79fe37e92e28d6087093398fc241c238d3ca22	ok	image/png	335943	400	561	b72a754d0ae8ee15c52753cc2b83b19d1803ae62bbe656292a07615e4c6ba209	1	1	1	678c8ff73fbc763cc7ddbfd2d8f5b9577d94436a4f1d502c3b1c3dfd8d33b68c	ok	rom_folder	678c8ff73fbc763cc7ddbfd2d8f5b9577d94436a4f1d502c3b1c3dfd8d33b68c
megadrive	902	geral	Vixen 357	yes	702627	f1f5493bd3069ddb40b402b925413f7ab168dea7251f3812b5d2cf5f8cff9105	not_declared						1	1	1	5a612c61d535c3f9ce4ed2e6cd499c86fb40ffdfde6ffa7a2bf4047567ca87da	ok	rom_folder	5a612c61d535c3f9ce4ed2e6cd499c86fb40ffdfde6ffa7a2bf4047567ca87da
megadrive	903	geral	VR Troopers	yes	1127769	19adf71cb2c1b8c2d7c18715cafa4f0080071f0ae41a6b4241b8d61053354c86	ok	image/png	347163	400	561	d979953a61c1f7c9d56dcbf5545cdd7056ce814dbe849fb92af8e146496f23ff	1	1	1	1d037ab698b1c16ad938d9b41e8766596ab77f19938e91c97d527c6dd919a111	ok	rom_folder	1d037ab698b1c16ad938d9b41e8766596ab77f19938e91c97d527c6dd919a111
megadrive	904	geral	Wacky Races	yes	974336	6132dd55a623204be72fc1e3efe766fd6045c07af026e8b2bbe29de2f6b90b08	ok	image/jpeg	15804	189	266	fdfbc65cee1abac66fafec437ab8f9127c3297eb59585098f2f603732bc57c76	1	1	1	2ea16c484649fc1ad47a8ee3a812abdcc39cf5868b1d4ec3049d1928116e127b	ok	rom_folder	2ea16c484649fc1ad47a8ee3a812abdcc39cf5868b1d4ec3049d1928116e127b
megadrive	905	geral	Wacky Worlds Creativity Studio	yes	410987	e3f83125c8a8aa581a7ec063eaa4d7906bf4d3512993ceb3c7ed187ddadf583e	ok	image/png	379564	400	561	39f312ee1528618ac513c59135cf3f8dddeaf5fcb7dc9fd9789e0bc323147a87	1	1	1	981be2676bff2fde7575c6649cb7d0dda3ba9007cdbf78d272765ba98aca2eb3	ok	rom_folder	981be2676bff2fde7575c6649cb7d0dda3ba9007cdbf78d272765ba98aca2eb3
megadrive	906	geral	Wardner	yes	228512	810fe0a18ab86df6ab632443c1158f9b2b7079bf2226435dd800a4e3e752cc41	ok	image/png	279643	400	561	7b2157d0ea35840d9c5f5e956ff48b51e683e95de2a4c4ee0fdab903848a8ed0	1	1	1	a29a35be28b82f81607a6eec9acae53e423425d47289313071f47708c85848d9	ok	rom_folder	a29a35be28b82f81607a6eec9acae53e423425d47289313071f47708c85848d9
megadrive	907	geral	Warlock	yes	985320	e645ea06b8ae353f78012bc84a73c967177b40ace5e3f311962c7290b245947d	ok	image/png	315566	400	561	3a2f1ea341d33797c08cdb79bf562e23b607d100d5052bbee923214cd13243fc	1	1	1	2e536528ce2556f6e962431a3a0af570163f4b62c081a9fc1c48878a9c119171	ok	rom_folder	2e536528ce2556f6e962431a3a0af570163f4b62c081a9fc1c48878a9c119171
megadrive	908	geral	WarpSpeed	yes	768990	d40669d271acb21fc720cc23495cb5a0e328a8345643e069bba67447b674fc21	ok	image/png	385022	400	561	a3104b87734a42b46ffe9960f18c3d3e2f7633ac8b821b29df4915ad08e5e9f2	1	1	1	e2fa9f7e7c5ebc1051cc32fb87bcbe0fe1a55d60bf0a19d649992508ac1c7c39	ok	rom_folder	e2fa9f7e7c5ebc1051cc32fb87bcbe0fe1a55d60bf0a19d649992508ac1c7c39
megadrive	910	geral	Warrior of Rome	yes	342708	0161e7fd8e99b90aa5670dd272b109233a7623135905d6ec8f8dd2ac76585844	ok	image/png	375771	400	561	65e9e02fcae5ededff482973d07d351b072e3047529b8a2406abe569b81ac92a	1	1	1	17e94f546002d75cbb59923555d5396f879a6624918c4b1d55ed8961784d1a64	ok	rom_folder	17e94f546002d75cbb59923555d5396f879a6624918c4b1d55ed8961784d1a64
megadrive	909	geral	Warrior of Rome II	yes	365212	cb735f559768d0703e896279b233386cfb917aa82e3a116543545b9cb6baf7e4	ok	image/png	342977	400	561	579f299184588a2dfb3427edad091e309af5e59fa3cf623abc88e2ebd93792e3	1	1	1	bc7dcefadc56df10e2ac3f7f9daad424104726fb8cfa654589b5754f0c23c1af	ok	rom_folder	bc7dcefadc56df10e2ac3f7f9daad424104726fb8cfa654589b5754f0c23c1af
megadrive	911	pt-br	Warsong	yes	290417	6db1f7e735dc0df2a6df98a5ecb2f2a12e38d27b07630aab5e8e91bd95cebee7	ok	image/png	406940	400	561	329c9be066842591228f6b265f85093f283af6ec3f2c1670e8236abd17dce52a	1	1	1	311bbec880ca2c8b0742a38fc4658383d84369b0dbf19fbfe91e4a2e6510ce2f	ok	rom_folder	311bbec880ca2c8b0742a38fc4658383d84369b0dbf19fbfe91e4a2e6510ce2f
megadrive	912	geral	Warsong	yes	289706	f2b556fa64dbaa625b9253c1335b220626a4de0b12b41f8662172e16f171116e	ok	image/png	406940	400	561	329c9be066842591228f6b265f85093f283af6ec3f2c1670e8236abd17dce52a	1	1	1	311bbec880ca2c8b0742a38fc4658383d84369b0dbf19fbfe91e4a2e6510ce2f	ok	rom_folder	311bbec880ca2c8b0742a38fc4658383d84369b0dbf19fbfe91e4a2e6510ce2f
megadrive	913	pt-br	Water Margin : The Tales of Clouds and Winds	yes	924852	3b6477daed023cb5903265b20983ebed53e4f7527f33ec8aaf8139c08b86c3c5	missing						1	1	1	b996c557263a8df18bcdf04f656f4b01e032b270b96863cea4d6e5daf581deea	ok	rom_folder	b996c557263a8df18bcdf04f656f4b01e032b270b96863cea4d6e5daf581deea
megadrive	914	geral	Water Margin : The Tales of Clouds and Winds	yes	918075	46e069c6d2fef41450b938d19095bab98b566437c9d3bbf95d2e78886c0af78d	ok	image/png	650945	512	724	41817a8048c018b618689de230ac5cf20891282c05f420dda5d26d6761429cb8	1	1	1	b996c557263a8df18bcdf04f656f4b01e032b270b96863cea4d6e5daf581deea	ok	rom_folder	b996c557263a8df18bcdf04f656f4b01e032b270b96863cea4d6e5daf581deea
megadrive	915	geral	Waterworld	yes	822620	cb88fc3010b1b59203c93dd87de05f04c2f3ac9e11c64ad028f46f23c47baa94	ok	image/png	141500	256	356	6feb3b44e13a0a96c4189f0e0c441333b9e972563385980b04eba69d5e7f2a18	1	1	1	70a86874dc4c048aa54f29b1ae7b0f879619046158c89ba8807a50ab78e10f05	ok	rom_folder	70a86874dc4c048aa54f29b1ae7b0f879619046158c89ba8807a50ab78e10f05
megadrive	916	geral	Wayne Gretzky and the NHLPA All-Stars	yes	1222639	8457badeff2f698d719b5eda728612ef8b61a27884613529b706e24568fcf319	ok	image/png	372735	400	561	23845b52a9daccc7571b94731fbc358c62b1ef4be1cc939ec39b80287071d600	1	1	1	9ad4a91387aa3d0f27c66b20e06aeeb0c65e54bc2e1460be5e9c4ada3fa3bcf5	ok	rom_folder	9ad4a91387aa3d0f27c66b20e06aeeb0c65e54bc2e1460be5e9c4ada3fa3bcf5
megadrive	917	geral	Wayne's World	yes	673321	75dc0f621f42304094091d0a4afd15b6d589dc315914d2df91e9464361c75359	ok	image/png	368187	400	561	cb1f02274633e9e4ac83562bda201cb5aaf7dc6790d8642e0b2319ac0b4dda88	1	1	1	7dd7c1b70c36bfd5f5eb1a15ee7402819fbb784dfb0e9d41f3eda6aaaccd2129	ok	rom_folder	7dd7c1b70c36bfd5f5eb1a15ee7402819fbb784dfb0e9d41f3eda6aaaccd2129
megadrive	918	geral	WeaponLord	yes	2040524	65a97b817bb06e5d6cf9edf82bedcf9e00614cbf8576bf8c9f9e684e14750900	ok	image/png	414873	400	561	3c53f9e708cda5287acda984a6d32c4fadabed81c49346b43c69d21e1567849d	1	1	1	503bf7d5b92e86d3d639221058a90dd842e98bcbade571c0a0ea2b530b4d4d1a	ok	rom_folder	503bf7d5b92e86d3d639221058a90dd842e98bcbade571c0a0ea2b530b4d4d1a
megadrive	919	geral	Wheel of Fortune	yes	278219	5a37519fd9266365df2c41de7a532ba91bd3810c2d09abfb3716636703f1d691	ok	image/png	386468	400	561	45ca7fdddd04ed689c73b1ee00a55f5b0724599033ff74af733372756dd00bd7	1	1	1	d1e6a9e0ccf597444e8cc8567d18389ddd1b2e76e99cdc292d834ea3033bc060	ok	rom_folder	d1e6a9e0ccf597444e8cc8567d18389ddd1b2e76e99cdc292d834ea3033bc060
megadrive	920	pt-br	Where in the World is Carmen Sandiego?	yes	741228	021b53c57b14e2262b9aa225f31bd8864a4b54d1a7fc4c5df44c462fdaa66a0c	ok	image/png	286839	400	561	7a36f505c2bf213152667b3fb4a5ccdee2005daafa5fa2935875bbbd79b67593	1	1	1	7b590d275655f25bbf177335a59ca8179c27b77328b5fdd3664891d59924efc6	ok	rom_folder	7b590d275655f25bbf177335a59ca8179c27b77328b5fdd3664891d59924efc6
megadrive	921	geral	Where in the World is Carmen Sandiego?	yes	730348	5f3f0d9c6c40dc3addb63aeae35b50d89075b2e2c4ce48310e5ba897938a8c87	ok	image/png	286839	400	561	7a36f505c2bf213152667b3fb4a5ccdee2005daafa5fa2935875bbbd79b67593	1	1	1	7b590d275655f25bbf177335a59ca8179c27b77328b5fdd3664891d59924efc6	ok	rom_folder	7b590d275655f25bbf177335a59ca8179c27b77328b5fdd3664891d59924efc6
megadrive	922	pt-br	Where in Time is Carmen Sandiego?	yes	654994	c51b06b2208cb31feffbe9953334137d67377a7cf296bda6defcb9875919f1d9	ok	image/png	357197	400	561	b45e2f0b5bb726c186eaf0eb522de995efbb4021352e941114461d4368ed779c	1	1	1	ed6f99bf5aebefad2c4d82e6e0591a3ab4527d6bdc01db2babf0057c4a741e77	ok	rom_folder	ed6f99bf5aebefad2c4d82e6e0591a3ab4527d6bdc01db2babf0057c4a741e77
megadrive	923	geral	Where in Time is Carmen Sandiego?	yes	721088	76fdfe6d9f511208575a5568c63b707a85e9211c69d9369ec3dcde6ef89ff66b	ok	image/png	357197	400	561	b45e2f0b5bb726c186eaf0eb522de995efbb4021352e941114461d4368ed779c	1	1	1	ed6f99bf5aebefad2c4d82e6e0591a3ab4527d6bdc01db2babf0057c4a741e77	ok	rom_folder	ed6f99bf5aebefad2c4d82e6e0591a3ab4527d6bdc01db2babf0057c4a741e77
megadrive	924	geral	Whip Rush	yes	216981	42f00f1343759f0474f06cf00899c641ead2f5d004306a3894a8e4ec34764b7c	ok	image/png	393121	400	561	3167ce81e4099538bc6d10cfbb9bfcc1436c58f9d64e0bd864222932fedfcae0	1	1	1	e8d1102f66636f87c08bb8daa3b63b159ff279ba579c17bac7ee0667c5e6f83e	ok	rom_folder	e8d1102f66636f87c08bb8daa3b63b159ff279ba579c17bac7ee0667c5e6f83e
megadrive	925	geral	Wild Snake	yes	179201	f8c6ce7bcb6738911761bd261086bcf1a91394bb4579e20082edc8fd45e4ac3e	ok	image/jpeg	74255	363	498	124e95e77943ac525d61e5c7188889bf1c45e6e85a93cf6978ba6e5a1244d959	1	1	1	f4d6679e91e60550ae47315aed202fb84ba962ee6fd11b4dc11187c56f3eb3ab	ok	rom_folder	f4d6679e91e60550ae47315aed202fb84ba962ee6fd11b4dc11187c56f3eb3ab
megadrive	926	geral	Williams Arcade's Greatest Hits	yes	272483	822eaa0dc6aacc3031cad88146fae14be1c8dd43243110597cb93ce29553b5f5	ok	image/png	252094	400	561	d5e926c5125910b2fe121feecddcedd506f067dc679da1633b138dbf1a181619	1	1	1	e2824818313920eb8da7e6c532cb0dcec8b011efdc6af306ed1547455bb2960f	ok	rom_folder	e2824818313920eb8da7e6c532cb0dcec8b011efdc6af306ed1547455bb2960f
megadrive	927	geral	Wimbledon Championship Tennis	yes	525038	d2aa8444705f3a04cca485fb405a0c8a1d7e2378c2d8e1fdfdad2733010efd99	ok	image/png	419541	400	561	f288e7d1a94bc7b9fc4c2e488a774577e0384fa37df61b706dac985763d14422	1	1	1	8dd2dd033e693f35d30f4546f6fda98d5e4787378e47305bf292bba7170f834e	ok	rom_folder	8dd2dd033e693f35d30f4546f6fda98d5e4787378e47305bf292bba7170f834e
megadrive	928	geral	Wings of Wor	yes	288196	77c643f7ad31e84e3ee8cea00738feb10fd70ac505c4e79e0f2dba19d0d0bfec	ok	image/png	361732	400	561	3f76cbe5e7f8374b33b9b337e5a0aba0b7775e761ef6b80fc471144346f62f30	1	1	1	2566fea9f82f29d5fdb78b7fe2cf5a989003d7bcc334dd10b5528b0666655a63	ok	rom_folder	2566fea9f82f29d5fdb78b7fe2cf5a989003d7bcc334dd10b5528b0666655a63
megadrive	929	geral	Winter Challenge	yes	462159	ad09f374feb8f8cb82c1d1a5c698cfaee2ebaad83545f536fff0395158fa544b	ok	image/png	395332	400	561	61fbd2e82cf6afc5a08e2f55bb7a6a40954930ec8bc2595439156c5fd5505b78	1	1	1	29c3812ee10faffadc0c7c0fda0a4cd37dc8af26dfff7ac5a5e64d90865416cf	ok	rom_folder	29c3812ee10faffadc0c7c0fda0a4cd37dc8af26dfff7ac5a5e64d90865416cf
megadrive	930	geral	Winter Olympic Games	yes	790338	33776ad57f837d71d1c167f964bed4eb3a527b979a642201f0034e8cc853aa30	ok	image/png	412540	400	561	a7cd121397b25d9085a173ad4da360f25fe953a3564c02d859a5bf1765ba3e59	1	1	1	24f5d8211db6306fdbc538276d187e63d966c902b5902849d84e7f59af960d81	ok	rom_folder	24f5d8211db6306fdbc538276d187e63d966c902b5902849d84e7f59af960d81
megadrive	931	geral	Wiz'n'Liz	yes	687939	73636ade6542faf08c53c2cf5e4510109f3f4fc0af3b9581e7ee1395f8958995	ok	image/png	352565	400	561	c554a169821fd4803319c81201952d5fc8f8bb49a15fad805ee99962bf601a18	1	1	1	5638e089e46f41dcdd826644be1bf3c8d5dd0c20d9bd85fda1fabd782da986df	ok	rom_folder	5638e089e46f41dcdd826644be1bf3c8d5dd0c20d9bd85fda1fabd782da986df
megadrive	932	geral	Wolfchild	yes	361133	89d29cbf2849b4659067af79d686189e555be54a8b7240e86ff2afc16ee6c8d3	ok	image/png	464575	400	561	325fd379f222830be7055e79789d7b02e4400ab626078335c8d731d6dbcb4ed6	1	1	1	274bc5393934cb8cce13d2caa4f52d45611b1ba8a61f5af0ed2c7e9916f42980	ok	rom_folder	274bc5393934cb8cce13d2caa4f52d45611b1ba8a61f5af0ed2c7e9916f42980
megadrive	933	geral	Wolverine : Adamantium Rage	yes	1258627	e13beb01728472517aeabe5e34208837ceb42f6734aacdcdc72a09803a830223	ok	image/png	395848	400	561	7e02b2a8af39d5c35ef5b78b67c3dd1f36b052a84ba3a7d6416d1c52e3b12dde	1	1	1	f0c3f865467604abcb6cf228c8443cac1ec52debdcd80527140fb52ea045a311	ok	rom_folder	f0c3f865467604abcb6cf228c8443cac1ec52debdcd80527140fb52ea045a311
megadrive	934	pt-br	Wonder Boy in Monster World	yes	563056	f39ea81e8d2dea551901b544c38d27c0d9d24c596ff94c529879a0a8251c41dd	ok	image/png	296268	400	561	2eedbdb1a72d6be1df456a7f009a6a70ae11b363102ef3ab489a2cd20eb2267d	1	1	1	dfffa64bb02da1fe641ade22c64408b20fa278ccede7821f909a79bdf0436c35	ok	rom_folder	dfffa64bb02da1fe641ade22c64408b20fa278ccede7821f909a79bdf0436c35
megadrive	935	geral	Wonder Boy in Monster World	yes	529227	d9a2e86f4b13eb1a68f0956fe35fabd7b8936f252389e3dc23115d129f887338	ok	image/png	296268	400	561	2eedbdb1a72d6be1df456a7f009a6a70ae11b363102ef3ab489a2cd20eb2267d	1	1	1	dfffa64bb02da1fe641ade22c64408b20fa278ccede7821f909a79bdf0436c35	ok	rom_folder	dfffa64bb02da1fe641ade22c64408b20fa278ccede7821f909a79bdf0436c35
megadrive	936	geral	World Championship Soccer II	yes	498353	8f5ac6b56d03af555dc7509dfee8dc2209db44009d051dbae5a00e5605f79bb8	ok	image/png	406946	400	561	f34e93331efece701c2ebb49fe166c2210e6dd695349ad2d1d37817fdcd1b620	1	1	1	f3ddd2f290b2f81772c71c7b2289d2cc9fb3019d895a20d67402e3160c6e9ab9	ok	rom_folder	f3ddd2f290b2f81772c71c7b2289d2cc9fb3019d895a20d67402e3160c6e9ab9
megadrive	937	geral	World Class Leaderboard Golf	yes	271410	02476a8db11edf61cab86bfc6a34f8d5828dd9a9aaa49bba3c0cc45b5c62dc63	ok	image/png	334061	400	561	14e608cc192ec5b876369b7616ab1091fa3cd16122bed7a0c2965fd8727ceb30	1	1	1	566196947265dc35b5ae6cff82bd9f0499503deb57e3f6ef1c90d154aba2b93f	ok	rom_folder	566196947265dc35b5ae6cff82bd9f0499503deb57e3f6ef1c90d154aba2b93f
megadrive	938	geral	World Cup USA 94	yes	430275	8dccb557e2cb90e8819aa4af0364c8de9a8f815106d03d0510d388c5b41a912e	ok	image/png	386683	479	680	c44d786f6dbc3ce6a28bb2a7266ac5bb33437571bb4e8fc9426960f37181ea91	1	1	1	5f09dda3697b61f861179176bb0ffc542b059549b2352ce53629c8fc377b44b9	ok	rom_folder	5f09dda3697b61f861179176bb0ffc542b059549b2352ce53629c8fc377b44b9
megadrive	939	geral	World Heroes	yes	1417688	ef88ac68c54cff593119a85f1f8cd6a6197d38294c24330eb6c585df71efb8c6	ok	image/png	356259	400	561	c809901bfbd24f6144a4b6ba197b076ae5eddb0724e9845fe3451d56a92fa93d	1	1	1	a33251f2016d27a3c6face9a9456ef63dd3707ba63edb65dad9382d387276075	ok	rom_folder	a33251f2016d27a3c6face9a9456ef63dd3707ba63edb65dad9382d387276075
megadrive	940	geral	World of Illusion Starring Mickey Mouse and Donald Duck	yes	773069	71502fa46fc8812a3e9cfc089da98862963b790f51d49f6ab2895f5cdb4efe23	ok	image/png	398693	400	561	f19bbbfdfa0e8124f168df34735132c03e838dacaf46a237880abde593ed3c81	1	1	1	30701f146717f65f5f33670e0ccd72db570dba7113cd329c5de788fdadb70e26	ok	rom_folder	30701f146717f65f5f33670e0ccd72db570dba7113cd329c5de788fdadb70e26
megadrive	944	geral	World Series Baseball	yes	1202366	80626c114946baf566e03c82b5c92b0504786a77391f85aefd4ec791d5d68fc2	ok	image/png	360229	400	561	9ad422d1ba77c9c44d5224438b87eb49c80ec1f9edf6e50046edee33f8c2fdf4	1	1	1	b32e3fccf986f7b0d086ea2dfa6f4652080d57b622509d1f2958dc459afaa116	ok	rom_folder	b32e3fccf986f7b0d086ea2dfa6f4652080d57b622509d1f2958dc459afaa116
megadrive	941	geral	World Series Baseball '95	yes	1546201	fce205d53eddd6b1813813d1efa2963e1b36c44c0d58cc31a777470607cf91b2	ok	image/png	244369	400	561	44e081082c59dcaa577ba45418c7c371c9ee4df07d1b4d0064c823465cf69bee	1	1	1	e61527adc8ba8ca191f033c994772a82b5ec8b4be06bccfc6383672c89e056c6	ok	rom_folder	e61527adc8ba8ca191f033c994772a82b5ec8b4be06bccfc6383672c89e056c6
megadrive	942	geral	World Series Baseball '96	yes	1544608	e84594d8dcfa211720886ec3f91064b3f0947457aac7b31201b28760b77dbba3	ok	image/png	223402	400	561	7be2aa6e44e3bc5f34cab57df66a333e8268c14f923745a14e0204ecef3995d7	1	1	1	755eabf0a6f0fa1f6fc1f579eff352b4049e411e9f1534308aec69bf0e2ad1cf	ok	rom_folder	755eabf0a6f0fa1f6fc1f579eff352b4049e411e9f1534308aec69bf0e2ad1cf
megadrive	943	geral	World Series Baseball 98	yes	1570086	0276f4887a33d4cfb7e06e0703711a6c47ae5b1435c107058804c8ffa0701a52	ok	image/png	296132	400	561	8e34f4a1c60b380507fe4901041eae90fbb731be7b551076f2e8bbc894fd429c	1	1	1	8de696049c02710b8707c280b029beb7990c11bbcb8e5a6d950f5fddcb4be378	ok	rom_folder	8de696049c02710b8707c280b029beb7990c11bbcb8e5a6d950f5fddcb4be378
megadrive	945	geral	World Trophy Soccer	yes	233715	e1a8680405370d7095a326e8eeb03280f163ad88e00499fdf5557acd9e75138a	ok	image/png	365089	400	561	6dc433cc1fcc050d21010e775703c6b7a2154e177b653aab1a3bd1a71526eb67	1	1	1	efb906df8cf591e8a4fa3173a029b180e36636145fc9743804d52ee1dd174184	ok	rom_folder	efb906df8cf591e8a4fa3173a029b180e36636145fc9743804d52ee1dd174184
megadrive	946	geral	Worms	yes	843480	75ffb66203339f7e58d9564f87a324059e00c49d8647755e4933b978e391469e	ok	image/png	382767	400	561	d37eccf46ff43e58dc11839186b8012c5a095c80a3e61afe8fe7b4f14922f605	1	1	1	6a80d50cbd30624d25bcdb37d011c3c522d21bdc0e5cd5fc9134d56f90f0b026	ok	rom_folder	6a80d50cbd30624d25bcdb37d011c3c522d21bdc0e5cd5fc9134d56f90f0b026
megadrive	947	geral	WWF Raw	yes	2184786	456a2460858efac3ea288a7f626fe3e952cd0c946da5da2dcdb5c0e26de06260	ok	image/png	283509	400	561	9a66bb62defe164b801c636769454033146567350a89d5379cd4c05305ec0821	1	1	1	f2b43686c0547f0204ec0ea1131ec8e6b15ae6607edb26eda131544af2e9d7f3	ok	rom_folder	f2b43686c0547f0204ec0ea1131ec8e6b15ae6607edb26eda131544af2e9d7f3
megadrive	948	geral	WWF Royal Rumble	yes	1405917	434271272894dd057bdccc35737ec87d04fb0e946e20d8d38673ed2b376b3101	ok	image/png	368496	400	561	dcb8578d6f13bc36377450c535dad8b682c930e9c2e2c48d49e68d14aa261cbe	1	1	1	21577123722690ee69ea7c6c7fad0a3c57a633ef32ada14234a8686dfce7c020	ok	rom_folder	21577123722690ee69ea7c6c7fad0a3c57a633ef32ada14234a8686dfce7c020
megadrive	949	geral	WWF Super WrestleMania	yes	629629	3acbdcd67fd57ca9f9b0dc9106540b2bddd899a3025d74de960aa778fbb642fa	ok	image/png	421290	400	561	a0bc1cdda61d7d0f2ca56f7ec62361e323e335d97f7f8189435a918ff7dbe82f	1	1	1	5470f89ab04fe871322b0d799502fdf11ef1d162b989759cde987590692de568	ok	rom_folder	5470f89ab04fe871322b0d799502fdf11ef1d162b989759cde987590692de568
megadrive	950	geral	WWF WrestleMania : The Arcade Game	yes	3291933	c01e43d90d19e1b84d71bdd60318a03f34295f7b10806820584e1e7dd61a05e5	ok	image/png	361139	400	561	009bbd99feb9cb3d20347bf35d3eb04ef11dac27128f701a9846df8b340ad3f6	1	1	1	a72c9836760adf26029fa98e33857cf5a9bce033b9716819cf75ea21f236b268	ok	rom_folder	a72c9836760adf26029fa98e33857cf5a9bce033b9716819cf75ea21f236b268
megadrive	954	geral	X-Men	yes	744554	37f1874b93a1f3a561019cc4cb0420be1d52661865a2575a5dea2e1b9e549e64	ok	image/png	428752	400	561	9cacd36887d6ab9e57d3746840113b942fe7412254ccc01ce0269e2ce279db8d	1	1	1	79fc4172e320bf6a6895ddd08b6c505d68b3065a46bc31319f6af7b14fe335a0	ok	rom_folder	79fc4172e320bf6a6895ddd08b6c505d68b3065a46bc31319f6af7b14fe335a0
megadrive	980	pt-br	X-Men 2 - Clone Wars (BR)	yes	1176199	611cf3fd1402972ad364c39bae8703e72b06aa62d6f543f2854e734717decc46	not_declared						1	1	1	7fc7aafa639dc73b314581353468343c871cb4d8c9e62c3eda521f6acf48a566	ok	rom_folder	7fc7aafa639dc73b314581353468343c871cb4d8c9e62c3eda521f6acf48a566
megadrive	953	geral	X-Men 2 : Clone Wars	yes	1169528	835054a068732943df0eaf957df87b8e3e70dd1900ac66226264de69286b8f94	ok	image/png	399806	400	561	d140c2e7703c8f791b68e61ccf5c24d265254e90bedd4ceb643193307ba8189b	1	1	1	325ae65b6232bb5e9153bbd90fd6d2723494029bd80f3b988d2b9ea1101d95df	ok	rom_folder	325ae65b6232bb5e9153bbd90fd6d2723494029bd80f3b988d2b9ea1101d95df
megadrive	955	geral	X-Perts	yes	2557189	f137452060e0d6d9f6437010fb5aa0cd3f16beadacfc032ab3221440bdd96381	ok	image/png	306495	400	561	41c087692948dd62d59551f146b2436d119352d2dcc9f44cc16cf322540b678e	1	1	1	ae971c659e4e06e641fbdbc5873133356ee76805605dcfb6195af63c15168a8a	ok	rom_folder	ae971c659e4e06e641fbdbc5873133356ee76805605dcfb6195af63c15168a8a
megadrive	951	geral	Xeno Crisis	yes	1969088	029754040ac860af1f6430cb92667371123273de8d3b3f7e2e0dddece5fd5c8b	ok	image/png	597387	512	721	f07cf1c708f2c85717efa5a91c72aac188d2335c5662706421ef115ca2fafa63	1	1	1	669b0af117309016497b9981b895a65081cd03ecc8ce12217f44c1fff2c3abbf	ok	rom_folder	669b0af117309016497b9981b895a65081cd03ecc8ce12217f44c1fff2c3abbf
megadrive	952	geral	Xenon 2 : Megablast	yes	260043	c3a1ee5175577b9ce36020f7c11ae1ca0661626a224219c13310d61ceef28488	ok	image/png	446200	400	561	fb5bb5199b31d6134f9048b582ee8f27436eab39977c6f5fdd17611cec81f436	1	1	1	a613226f1c4942bf043bb3ac03f86d0c15a766882823321159c7cebcfbe4b3b1	ok	rom_folder	a613226f1c4942bf043bb3ac03f86d0c15a766882823321159c7cebcfbe4b3b1
megadrive	956	geral	Yogi Bear : Cartoon Capers	yes	504794	f9152d76ba7b1eb9e9c10244624f6c29c8b0c56743ecf1fe41e98e663e17e481	ok	image/png	346939	400	561	d66168aac304f3df66678bf7ee78acf2cb5419a7082296213a2dad7a2259d7f4	1	1	1	f0f678533c1f36f9bb52247f72ccd46aff96c01f8a6d15756b7ba03143f64357	ok	rom_folder	f0f678533c1f36f9bb52247f72ccd46aff96c01f8a6d15756b7ba03143f64357
megadrive	957	geral	Ys III	yes	726180	34217d6bb738004a78c314c5e460763090240991d300c03fcb9ca4c8cab01356	ok	image/png	487901	400	561	a52200da2005e79e5b5b85fd4a40ba016c97326f8f682482cfb2d222d119c189	1	1	1	0c00dfacaff733636e9462b0a93c9b3a5c67a55cfda42271a76c13f7cd82f94e	ok	rom_folder	0c00dfacaff733636e9462b0a93c9b3a5c67a55cfda42271a76c13f7cd82f94e
megadrive	958	pt-br	Yu Yu Hakusho : Makyou Toitsusen	yes	1247817	b88a064638850883d63d909dc0ab4757318ce4a2f66a5b71761f6c18d1743fff	ok	image/png	417565	400	561	50656e031c17ed00a8974f31827f268b4be75d230cd8095abc8cb727c2e96174	1	1	1	712e8ebe132f0e7f6bcd6949a71ebca17522065baca68979da9e214e7e23e072	ok	rom_folder	712e8ebe132f0e7f6bcd6949a71ebca17522065baca68979da9e214e7e23e072
megadrive	959	geral	Yu Yu Hakusho : Makyou Toitsusen	yes	1239876	887ff635a1e2258fe6fab53870320cb60811ebc2679326b011e358cdeab62b09	ok	image/png	417565	400	561	50656e031c17ed00a8974f31827f268b4be75d230cd8095abc8cb727c2e96174	1	1	1	712e8ebe132f0e7f6bcd6949a71ebca17522065baca68979da9e214e7e23e072	ok	rom_folder	712e8ebe132f0e7f6bcd6949a71ebca17522065baca68979da9e214e7e23e072
megadrive	960	geral	Zany Golf	yes	314709	f9f2dd8bd186bcb74ff16f6ba26bae23a08cda4c29b43ce890ceb721bfa4d3c4	ok	image/png	343942	400	561	ccb5787604cacae54db803d2422b708f6b86eb6b4fba2d013abbbecbb60b07b0	1	1	1	1981ac0babe1c4d02cd58fb87dd951015d5e9e3b10f7eb98f78eb676384f5c95	ok	rom_folder	1981ac0babe1c4d02cd58fb87dd951015d5e9e3b10f7eb98f78eb676384f5c95
megadrive	961	geral	Zero the Kamikaze Squirrel	yes	1158139	8904a2e9c17b120196d98f0628df8d0e94c4aac51b12fc95b224884e794619f5	ok	image/png	339777	400	561	404fb763b9450b47fd2139b02f56f52b36a6e2c9a53822a6f40bb7e00e35ebea	1	1	1	07d828691145ed190f2b67959d842421e6a24b03348048741b2863f9b4d6be81	ok	rom_folder	07d828691145ed190f2b67959d842421e6a24b03348048741b2863f9b4d6be81
megadrive	962	geral	Zero Tolerance	yes	738636	1d80c4137d3332b8e33ee207dd58d53082c267d4199365665b437209c2285211	ok	image/png	303803	400	561	b5209dbb9c739264f5799126cfcee2aea5bbeee1b5d2a89c204be254660b5d1f	1	1	1	322cc5a73e77bb3d4102c2a1045eca4e23df23663e1517a030457028e84ea02f	ok	rom_folder	322cc5a73e77bb3d4102c2a1045eca4e23df23663e1517a030457028e84ea02f
megadrive	963	geral	Zero Wing	yes	366692	ccf60c80dacce90bd0586ff71e104528e05c5ff663bbdfc1cb1d5d12d69783a4	ok	image/png	380449	400	561	74fdf2df65fee9b734a00b8f53a295dd8c5d7a8ef67b050d5acb405b46f92b73	1	1	1	ce46fbecff5eea383c970df571a63219b40417a38d61b3bd7a74becb0d23828e	ok	rom_folder	ce46fbecff5eea383c970df571a63219b40417a38d61b3bd7a74becb0d23828e
megadrive	964	geral	Zombie High	yes	400885	16a93df3bc7f944f64a5fa5bc44aa817588f561397b5c75ebe93536a0fc3078f	ok	image/jpeg	869828	1530	2100	6c11717f6afd52718870def334a2149ee039405604134950e0f99684ed5b4e44	1	1	1	621d4d734bf64eccfcc22a197ff5611b123b6c3bd9caf6f5a647f96e4ff9089d	ok	rom_folder	621d4d734bf64eccfcc22a197ff5611b123b6c3bd9caf6f5a647f96e4ff9089d
megadrive	965	geral	Zombies Ate My Neighbors	yes	536797	63b7bcd6db8f61bad94d3b2e5064d6925782fab9c420f509f6054b56a3f1ff9e	ok	image/png	537303	400	561	422099ff92a605bdc4ce420b7ca72b2a51ea0403897ffb5799b39836d10dd3ea	1	1	1	d325ebea62eea15d2ea5694c71360bf8818df6195834f9439addd6653f5ef222	ok	rom_folder	d325ebea62eea15d2ea5694c71360bf8818df6195834f9439addd6653f5ef222
megadrive	966	pt-br	Zool : Ninja of the 'Nth' Dimension	yes	557921	8d2699896dac891d38109d9630a5ece96a0fc7d70cbed25ba31e95707b5250ab	ok	image/png	299698	400	561	c81acdf4b73557c907c8e4cb3b33d0f52508b9146cf9af698f59f9ad1566489b	1	1	1	f248c6da93168a5b75ae467c6cb72de54b76827485759c751ca86145f6099406	ok	rom_folder	f248c6da93168a5b75ae467c6cb72de54b76827485759c751ca86145f6099406
megadrive	967	geral	Zool : Ninja of the 'Nth' Dimension	yes	534917	260b46c6dd61bd24dadb0d417287c2f11e44bb134d238eb5bde93f9a944a86a7	ok	image/png	299698	400	561	c81acdf4b73557c907c8e4cb3b33d0f52508b9146cf9af698f59f9ad1566489b	1	1	1	f248c6da93168a5b75ae467c6cb72de54b76827485759c751ca86145f6099406	ok	rom_folder	f248c6da93168a5b75ae467c6cb72de54b76827485759c751ca86145f6099406
megadrive	968	geral	Zoom!	yes	157776	ea88fd6ee175f17c0f5aa35de756c7045e8f9461cfa82f84cdc3571633611d51	ok	image/png	375498	400	561	704ae52bb80f28fabe5d63443ae344aee051883d7f09aaa320cc14b77c195bfd	1	1	1	b15034b3679d5bedb7539cdfdda49ad883d08a94135e75159acad1ff317ad228	ok	rom_folder	b15034b3679d5bedb7539cdfdda49ad883d08a94135e75159acad1ff317ad228
megadrive	969	geral	Zoop	yes	104514	a39b217edcacee5b5a43eda2b678a028b33b29834a60fecb59462dfef9abc651	ok	image/png	129722	400	561	f553ecaa95d5c29c3236e9be24733270e83bef1008ab524a7296d53d97418e65	1	1	1	c679634b321a7cf42545a5ddfa2baee86a171a379dd25549796f118a39560a52	ok	rom_folder	c679634b321a7cf42545a5ddfa2baee86a171a379dd25549796f118a39560a52
snes	811	pt-br	3 Ninjas Kick Back	yes	2097664	c7dda76a5366beb0af03ae47eb11788c00ce93cd18c339a2ebd975d8344995d2	ok	image/png	953194	800	584	642311aa6efcf9d99d4167154b1282960c179aedcb12547744dd75002f25df89	2	2	1	30e94c8078bdfa1cfb99d01cda8bd80413c3614397ae10c828010b8de444be7c;30e94c8078bdfa1cfb99d01cda8bd80413c3614397ae10c828010b8de444be7c	ok	rom_folder	30e94c8078bdfa1cfb99d01cda8bd80413c3614397ae10c828010b8de444be7c
snes	822	geral	90 Minutes : European Prime Goal	yes	2097152	28726275ad99c6eecb08861ac06962d0bda8be6464272162d1ff458e8d76c9f7	ok	image/png	726889	800	584	2e214d60132f1fa50b77da6b9874957d41b3236e5e8180fb77517644f4f0db87	1	1	1	28708a747e3c1b661ed50d5d7fb07e6c0105ff5f0bf0a7b4de218007883e7e91	ok	rom_folder	28708a747e3c1b661ed50d5d7fb07e6c0105ff5f0bf0a7b4de218007883e7e91
snes	827	pt-br	A Lenda De Zelda: Um Elo Com O Passado	yes	1049088	14c0ac07327b5d676c53451fdcd83f0533ff05727f6d0db6fa681fafb7a8a769	ok	image/png	850916	800	584	93561b1debb762fdc8ff1903d38bbdb0936cda65fdee3f32a2cb398e11e06a6b	2	2	1	df86d87de0bec0d276ca585a92d080f21c9af6682c48525d2d245ff02cbb699e;df86d87de0bec0d276ca585a92d080f21c9af6682c48525d2d245ff02cbb699e	ok	rom_folder	df86d87de0bec0d276ca585a92d080f21c9af6682c48525d2d245ff02cbb699e
snes	821	geral	A.S.P. : Air Strike Patrol	yes	1048576	69c5805ad0494703e7d636d3d40d615d33e79bebef9d2cdb4a23b73d44c7b6f9	ok	image/png	1048118	800	584	30792388e15327ae4019f6b7c30d7bbf5f98896dc7cf988a92979831ce681d14	1	1	1	771c729daa5c018f53d96af1ded1f59db4d18d3a18112c0c308e27d2a6330ad3	ok	rom_folder	771c729daa5c018f53d96af1ded1f59db4d18d3a18112c0c308e27d2a6330ad3
snes	813	pt-br	Aaahh!!! Real Monsters	yes	2097152	3187af30b18c0ef1517725d2c791c8cff5796fb657e02fd390e6190dbdfdae04	ok	image/png	773356	800	588	91104cf36c53ddba5000176cfa1dfaa5d1208c1ebd9a59ca7c1d9fcf9563a929	2	2	1	4f19d2d2db985c8523f097b6efb71c8afd4334060b05f3d319101197a4a07f79;4f19d2d2db985c8523f097b6efb71c8afd4334060b05f3d319101197a4a07f79	ok	rom_folder	4f19d2d2db985c8523f097b6efb71c8afd4334060b05f3d319101197a4a07f79
snes	826	geral	ABC Monday Night Football	yes	1048576	bb83f982961c33b81fefc1f545e18ab572d1c43cf6c241948544f05a1a71f2ba	ok	image/png	942766	800	584	10bef6a023a271b65f62e349b9b84e1b97eb7fa08db69258aa38b2a0f978567a	1	1	1	046887c5c5810ed1d5b60285879f406f50e0ddc9c892f9410917913d7c94aa69	ok	rom_folder	046887c5c5810ed1d5b60285879f406f50e0ddc9c892f9410917913d7c94aa69
snes	1	geral	ACME Animation Factory	yes	1048576	d07e8802a6d9c777247874e05ec08fce7e0fa1bf122cc1ab9913f7d828e4072b	ok	image/png	936959	800	584	b6d320da903e476fd66db5f5236b8f7d785e23c03e4805b997aed612ea830480	1	1	1	acce2967c2702162c7ca6481be52333649a07b544d35a534ef1e00b130f0f660	ok	rom_folder	acce2967c2702162c7ca6481be52333649a07b544d35a534ef1e00b130f0f660
snes	3	pt-br	ActRaiser	yes	2097152	e4ee366dbdc42ea1f877faa8c7b80d628852a3bf7ec0b711f08c6516988b7bdb	ok	image/png	867285	800	584	afe25c9b12a0470b070446139b2f20efed661ef87704a4138987c50985b1b8c5	2	2	1	9002d53b9afaa4d39fa2188d35b29825c781b81127111b05f934f05f73ce85f9;9002d53b9afaa4d39fa2188d35b29825c781b81127111b05f934f05f73ce85f9	ok	rom_folder	9002d53b9afaa4d39fa2188d35b29825c781b81127111b05f934f05f73ce85f9
snes	2	pt-br	ActRaiser 2	yes	1572864	bb5fbe284afab7be2d01475e88675cde3f1d3bf59f923879ce909f2d31d7da0e	ok	image/png	941397	800	584	160d17e84393c9be43b5fcc16a3f7e45e33efc4f1b7e2fb35b3db35041f21e76	2	2	1	94deca484c73c9d772eb292d0f13d665ce3d07cfef1c66abb7c2b2724f1a63c6;94deca484c73c9d772eb292d0f13d665ce3d07cfef1c66abb7c2b2724f1a63c6	ok	rom_folder	94deca484c73c9d772eb292d0f13d665ce3d07cfef1c66abb7c2b2724f1a63c6
snes	4	geral	Addams Family Values	yes	2097152	f59a0a8ed11ea2ba6217b1640e74bab8d8d8161a4585f5ae4a02edd7958ad9a3	ok	image/png	1052380	800	584	d13e2db43aa4e334f1b9a8576817873995fb83bd45626508e5847fa26744c342	1	1	1	cf13b859e98459b4a58885b4e601b6cd7e91360f3b760a9b1c29709f209d4aa2	ok	rom_folder	cf13b859e98459b4a58885b4e601b6cd7e91360f3b760a9b1c29709f209d4aa2
snes	830	geral	Adventures of Yogi Bear	yes	1048576	8049175767eddbc3e21ca5b94ee23fc225f834ccfab4ded30d2e981b0ef73ab6	ok	image/png	1042036	800	557	5e09061b2107934330f495a69a0fdf0718a60d8b42d2b3bf2f91c0b6691c43be	1	1	1	633d96e44d51437f5545064cd89e1c4cc19019c8a0a2aff0e6f2d070164f45b5	ok	rom_folder	633d96e44d51437f5545064cd89e1c4cc19019c8a0a2aff0e6f2d070164f45b5
snes	814	pt-br	Aero Fighters	yes	1310720	598375658a0c64f02075b9ba436c55024005a2bb690558d40e3adc4488a63207	ok	image/png	760484	800	584	68673150000a5fb7c958ed32264c854662f2636370b367381ee61104e875f2e7	2	2	1	896e73de809b1aeb80e2526629b221d08d0c3453113ee4419202b64d3beca08b;896e73de809b1aeb80e2526629b221d08d0c3453113ee4419202b64d3beca08b	ok	rom_folder	896e73de809b1aeb80e2526629b221d08d0c3453113ee4419202b64d3beca08b
snes	6	geral	Aero the Acro-Bat	yes	1048576	18a553dafd4980cc2869180b05f9fdf6e980bf092cc683e498ec6373c9701c6e	ok	image/png	855425	800	584	2094087b9563674651490cd4b6aca7dd9168fb5957b408c0d15159dc356c17eb	1	1	1	00bd522e28d3c13a0ac9d647d3cd2e3644fb414d2f2880690fb8ee6c2a113055	ok	rom_folder	00bd522e28d3c13a0ac9d647d3cd2e3644fb414d2f2880690fb8ee6c2a113055
snes	5	geral	Aero the Acro-Bat 2	yes	2097152	fc5df5db0a96d39d3df651f63993adf0f5cb5a6b92a36211f3a05d460d92c72d	ok	image/png	1092501	800	584	4c4982582d94a9c05eb5fec166ee979f29d937a2f7f005fba38b36d8729356a3	1	1	1	58d8f18927dcc800a1ff9b7afa1a5f0ac84e3c0dd5174af77420456028258579	ok	rom_folder	58d8f18927dcc800a1ff9b7afa1a5f0ac84e3c0dd5174af77420456028258579
snes	8	pt-br	Aerobiz	yes	1048576	f008ed0595e5a171f79e46aa787276556b9d98d5c1103a76a0ce27a25957efad	ok	image/png	158431	400	292	7ffb2588a70696b77e24487580436d868ffdb3b887b00f27e2c2f4eace5b5cf5	2	2	1	8465746a38da44a1b7d6777e4c5b5eac6ac8cb4c97b31bf2facb2ab5a2329460;8465746a38da44a1b7d6777e4c5b5eac6ac8cb4c97b31bf2facb2ab5a2329460	ok	rom_folder	8465746a38da44a1b7d6777e4c5b5eac6ac8cb4c97b31bf2facb2ab5a2329460
snes	7	geral	Aerobiz Supersonic	yes	1048576	6b6921d7aba9ba353e96e39c8d79d24eef1b84eb5c7fa54edaa83d2447dcd954	ok	image/png	946671	800	584	cc73d55bc8891d90397c1a7fe5720cc64a26dd9bdba66715c6f55f5c72b74ce8	1	1	1	664dbeb76968c06556a829bb4c7c38265289e40c932d5e79c4aae3ca89d65901	ok	rom_folder	664dbeb76968c06556a829bb4c7c38265289e40c932d5e79c4aae3ca89d65901
snes	9	pt-br	Air Cavalry	yes	1048576	ad18dd0180a70d46ad253aa182b614a8c2aa93253802f27df28c9a8f2d5ced72	ok	image/png	621351	800	584	386645add74024d6a1b494a7c9606de6d8acbf75c41ab5b3d77cc567d4cd99ac	2	2	1	8b46c6c3bc3c41e08814f1ddc45873d22605113676e6869f0ad193317ad0e456;8b46c6c3bc3c41e08814f1ddc45873d22605113676e6869f0ad193317ad0e456	ok	rom_folder	8b46c6c3bc3c41e08814f1ddc45873d22605113676e6869f0ad193317ad0e456
snes	10	geral	Al Unser Jr.'s Road to the Top	yes	1048576	0099bdb56e4190f81440c8c29395ecc15d78eeabfc38a93dca4773817d6f720f	ok	image/png	947353	800	584	e8ae7a1bd951f41047721893da47689aa5df3ddfd3002cfed9e25d6f167f93e4	1	1	1	0892d555169228e4379101a9dfe41febd837cc2241ad898551174a887e114ba1	ok	rom_folder	0892d555169228e4379101a9dfe41febd837cc2241ad898551174a887e114ba1
snes	11	pt-br	Alien 3	yes	1049088	bd1b306243d3b0e998242181f29bf317fe1c2094b24e04179e990cf96d2ee4b5	ok	image/png	363783	800	584	104dc1f0e9f91a7fc9c6850a96d6be3764ea295db60fc9ef2c36a2a95beaaf7a	2	2	1	9d58af051db20585d8bb2bd1e0c268e84ec01a162b10eaec1877dba0ea164f02;9d58af051db20585d8bb2bd1e0c268e84ec01a162b10eaec1877dba0ea164f02	ok	rom_folder	9d58af051db20585d8bb2bd1e0c268e84ec01a162b10eaec1877dba0ea164f02
snes	12	pt-br	Alien Versus Predator	yes	1049088	55c763724b8de7c15d7097688a09453a92e5c6013d0efa3765006dc22c20515a	ok	image/png	1047653	800	584	e4a9502331363370684c9756c42b681560c1e1fb120841d0f7f7cb40b788d0de	2	2	1	02d2e71e8ad8efe56dc68b75eef33bd6604248d876224f396380519758ec0d68;02d2e71e8ad8efe56dc68b75eef33bd6604248d876224f396380519758ec0d68	ok	rom_folder	02d2e71e8ad8efe56dc68b75eef33bd6604248d876224f396380519758ec0d68
snes	13	geral	American Gladiators	yes	1048576	dc9cefb4dd50dce2e9d626ac71d4a06306516cba4bc784c90e4a30fe4e7ff4ef	ok	image/png	1028132	800	584	b70d86faf62ebf8388ae0ad31a88b3d36c87449c139a66b807160c73ff546cf8	1	1	1	a14ac5895a2b9601789450b6df289c0b18cffd3f6f41bd407750d18d4a6fbf57	ok	rom_folder	a14ac5895a2b9601789450b6df289c0b18cffd3f6f41bd407750d18d4a6fbf57
snes	14	geral	An American Tail : Fievel Goes West	yes	1048576	6931a3eacb7ab3c2f2fb57ba7d59c6da56fe6c7d60484cebec9332e6caca3ae9	ok	image/png	914305	800	584	d2eecbfae18a2c9bf1fce5d211d9ba19815c745a22315c57f04ab8c703b27cb4	1	1	1	9fcb56a9bf2f72d10c6336537281c94a81f413384315d31baad8ccc139ad3496	ok	rom_folder	9fcb56a9bf2f72d10c6336537281c94a81f413384315d31baad8ccc139ad3496
snes	15	geral	Andre Agassi Tennis	yes	524288	9abb426bac62e03e4437f5a9a8455c3000042f339125cc60ae29382ae89d8493	ok	image/png	913713	800	584	f85ed578a9ba23471f20713de453ac6e0a6225720c2a6038a4e11ba3e3d8e388	1	1	1	fd2f69184ff066bc5072200f8d77298cd501b510428d4c2fe7fd08a236d5c34f	ok	rom_folder	fd2f69184ff066bc5072200f8d77298cd501b510428d4c2fe7fd08a236d5c34f
snes	16	pt-br	Animaniacs	yes	1049088	25c094fa5d37b16d6bb32d5925eaa31601e174ce56ac151d25fdda554ffe229e	ok	image/png	827932	800	584	96d0f97eabce769b56b53b122b050a9d02355b5c34b4e93b255f24a7b8debcb0	2	2	1	a7e4b7c5ac73dccad04c800b2648268b48faa2d39a830798aae6e24f18dfd1ec;a7e4b7c5ac73dccad04c800b2648268b48faa2d39a830798aae6e24f18dfd1ec	ok	rom_folder	a7e4b7c5ac73dccad04c800b2648268b48faa2d39a830798aae6e24f18dfd1ec
snes	17	geral	Arcade's Greatest Hits : The Atari Collection 1	yes	524288	31569bef662bc438194726967970bf19f504101060763cbd649350362fb6ef2f	ok	image/png	500405	800	588	646e4b85d1a29d105228ff469e11ac77806af22db3f1237affc5d2fa7df4a379	1	1	1	f5916f9e2a7baf19276442f585911324789e4a6950b3536302cfd2cd58799a38	ok	rom_folder	f5916f9e2a7baf19276442f585911324789e4a6950b3536302cfd2cd58799a38
snes	18	pt-br	Arcana	yes	1049088	f95474ccdc22dbaab09d8eeebb8dc83137a04554f006a07a0cc910e53291a7d2	ok	image/png	990693	800	584	eb2748ee8d91b6535d7356bbd91fe9323ee980148c923f5df637663135e061e3	2	2	1	be6ebf7ae882972d5c9ae5f54d4f9a937d02bbf28bcb6e13e0d69ecb8253932c;be6ebf7ae882972d5c9ae5f54d4f9a937d02bbf28bcb6e13e0d69ecb8253932c	ok	rom_folder	be6ebf7ae882972d5c9ae5f54d4f9a937d02bbf28bcb6e13e0d69ecb8253932c
snes	19	geral	Archer MacLean's Super Dropzone	yes	1048576	41084f83e269d46b9d589f11c802a15e84fede57d604c7986053f2858f757adc	ok	image/png	810253	800	584	e0baa94d13820a1104e04b087e0e76eefd855e6d8ea5c4c9897b5d6ae45a82fa	1	1	1	c1fd9afed894e79f74b0b48a73434e49c4dbab9e56993729c6d428e5eea22198	ok	rom_folder	c1fd9afed894e79f74b0b48a73434e49c4dbab9e56993729c6d428e5eea22198
snes	20	geral	Ardy Lightfoot	yes	1048576	0f474dafe5a26f3dea491d18073dd490d2f1f91313a7e91086565510d38d9a09	ok	image/png	798332	800	584	d191cc0fc95875dbb679a75688e794b9c0e71318170a41120d94f812fec94b0d	1	1	1	660fae054590f54d75256cf17f8512e7e2cad5454b4cad6b45d00787a9b4dbf5	ok	rom_folder	660fae054590f54d75256cf17f8512e7e2cad5454b4cad6b45d00787a9b4dbf5
snes	21	pt-br	Arkanoid : Doh It Again	yes	524800	f055d627928dabc7bd069112ceb2e4a4d5664f4de5a6335c5005e36b940c4d4b	ok	image/png	835807	800	584	f1ebe3e1b4675196ce36cf5c7e04562240f03de84b760a41597a1a6bef4fc0a3	2	2	1	d5a076cf27d0938ce3e05eeafb275f07c4cfe3271d083ee13801c5966b7f0fa6;d5a076cf27d0938ce3e05eeafb275f07c4cfe3271d083ee13801c5966b7f0fa6	ok	rom_folder	d5a076cf27d0938ce3e05eeafb275f07c4cfe3271d083ee13801c5966b7f0fa6
snes	22	geral	Art of Fighting	yes	2097152	55e57c5e012583ff0fafd1aee16b3f8269ee2b34fe10f10b93ba0dde72f2b78d	ok	image/png	980247	800	584	b62c4151e031c2eaba7d7c61b2c01cec2ea5c59b4b57f92d30b1d225eaca75f5	1	1	1	dd8edb237f10c5d1aecefdbed676eba18bd49ceea83a0e5c8458e423b912bf1e	ok	rom_folder	dd8edb237f10c5d1aecefdbed676eba18bd49ceea83a0e5c8458e423b912bf1e
snes	24	geral	Astérix	yes	524288	d54d2703e474d7f469766d2d095ffcbbcab893e3fe58bbbcc57e24082a44bb40	ok	image/png	592607	800	584	34b933b61a966db1b08715fef1e986a5b0799734c62e3239fc9c6a447ef1b5f6	1	1	1	9b847845ed93e7ebe39e583a6463138ee27962b6edb8a27a93832268948b67ba	ok	rom_folder	9b847845ed93e7ebe39e583a6463138ee27962b6edb8a27a93832268948b67ba
snes	23	geral	Astérix & Obélix	yes	1572864	d9127808fb02c47dd74fd22f39582c69f19936a794a8efc153cc0e51a0d4d782	ok	image/png	703818	800	584	4f157765baa9c0a3794df56e6647df6b4d310592dbf12be2caccb10831543753	1	1	1	32b9ec2d965590803e04d84236d31c5425e7d4810ec09c90e485c44b0b576b28	ok	rom_folder	32b9ec2d965590803e04d84236d31c5425e7d4810ec09c90e485c44b0b576b28
snes	25	geral	Axelay	yes	1048576	2431f8dc067ba27c6c3a846929f3deac6a45aa53a9a9ac20ede8ec5ca6854ea2	ok	image/png	1059833	800	584	34d4d52c5e28f96f788de631ba47fb6e0b57f47ba09159744e5f9c4f16867131	1	1	1	f3a984e4dcc643dc7e4845ebdc3c18028a25097a6d7955be9133353f7985a7ec	ok	rom_folder	f3a984e4dcc643dc7e4845ebdc3c18028a25097a6d7955be9133353f7985a7ec
snes	26	geral	B.O.B.	yes	1048576	9e6ebebcf14609c2a38a5f4409d0c8c859949cded70c5b6fd16fd15d9983d9d3	ok	image/png	887720	800	584	936072b3b37076dbca767f32d778935d3ccc22207d2d6d7aa513c35af62d8e2c	1	1	1	964df89a5bb25690b4c5ce3c2aacf7120434f648b06a1129858893cc65e0990b	ok	rom_folder	964df89a5bb25690b4c5ce3c2aacf7120434f648b06a1129858893cc65e0990b
snes	27	geral	Ballz 3D	yes	1048576	e25d052d25264a14c4904aebc383482577bb5d2bb135f3ece88b1b7b0456a6bc	ok	image/png	806566	800	584	95fbc5a15543956b6c430926b9190d61f8a5b98fa0219eba2db1439a46cfbb9a	1	1	1	c1917dfbfc2e20079da9a77261c063492030958cefc4ddf5b805bc0bcd839d3d	ok	rom_folder	c1917dfbfc2e20079da9a77261c063492030958cefc4ddf5b805bc0bcd839d3d
snes	28	geral	Barbie : Super Model	yes	1048576	865919b25a9d241c907bcda18b380e3c704f33f4997ad44559046f0f08c4968b	ok	image/png	643567	800	584	acbae842c778acfc7d962683c893f10c9877c3bf6cf6ec03bb4d6687257143a3	1	1	1	29ca4fdbba5fd622cc0c9494635de0ff9ce3d3d994eb78ec586a207bced188a6	ok	rom_folder	29ca4fdbba5fd622cc0c9494635de0ff9ce3d3d994eb78ec586a207bced188a6
snes	29	geral	Barbie Vacation Adventure	yes	1048576	a3f06aba1279367d4dc93334c0008d6a58e9ff52901dcb739af148e5fa7c1a54	ok	image/png	625591	800	584	5ad0c6cd9ea1715b13b28810a0d96eb798c32f197f0acf42bfb67ad72a6e046f	1	1	1	3f13be654e7385860b9df1ad73bedaada26c163c4c1f7fcfcdbef22c16566c6f	ok	rom_folder	3f13be654e7385860b9df1ad73bedaada26c163c4c1f7fcfcdbef22c16566c6f
snes	30	geral	Barkley : Shut Up and Jam!	yes	1572864	fe1ad128313b2b9a47f89cf0d95d4c0cc2cb35a817ac5d915ee6c4d98d47d675	ok	image/png	1094030	800	584	44d1cfe48b615480baaf7d3c36dd1ba9753aa38991d314970625d742cad4a5c7	1	1	1	2e25fb77efbefe2d09f33dece3a51a4966db1762a8500e30669439dc49e3efaf	ok	rom_folder	2e25fb77efbefe2d09f33dece3a51a4966db1762a8500e30669439dc49e3efaf
snes	32	geral	Bass Masters Classic	yes	1572864	c670e16c076f6d92ba581b78769b604e79ad567c04c647dac557f45a48c3448f	ok	image/png	1049402	800	584	1b9508929ce0919ab689bc65604dd7b4d9f23f3fe37335726a00c69e75a64254	1	1	1	80782b556c5b4ed5b7641973488d432b542234fb73544de3e58fafe65842a930	ok	rom_folder	80782b556c5b4ed5b7641973488d432b542234fb73544de3e58fafe65842a930
snes	31	geral	Bass Masters Classic : Pro Edition	yes	2097152	db1ac03cc8b7daaa812da239029bcf999b30b2afe1c03d51f7ae849a796617ea	ok	image/png	816406	800	584	216418d5b0cbde66c43af320e911a02c57069f4adaf4dd2931fbf79ac5874e80	1	1	1	8a7c8c122a9dfc90a8f25f64dd65331d5a78939135cd27c157283d83aa11ba17	ok	rom_folder	8a7c8c122a9dfc90a8f25f64dd65331d5a78939135cd27c157283d83aa11ba17
snes	33	geral	Bassin's Black Bass	yes	2097152	e2be173c77bd1957787be36d13334f655e14d32dad99cacb0fd5e5fc65d96fa1	ok	image/png	1005233	800	584	1d153da540e5099190a49f5455be1d3910f7a6a245178e3ce7d8c5c7e8a7e2bf	1	1	1	eed1bae6550acaad3ebc7058d0b32e162a4a92c7cfc6a5e4f1a73772cab99f20	ok	rom_folder	eed1bae6550acaad3ebc7058d0b32e162a4a92c7cfc6a5e4f1a73772cab99f20
snes	34	geral	Batman : Revenge of the Joker	yes	448963	ee32f08372d1e17ace4d82330b243178a14745e9b6114b1296f84fb8839a8656	ok	image/png	698952	800	588	236fed04dc7e8974eddc51d86177deaf7c12ed82a77f84c3bc9e2df300bcb539	1	1	1	d41e93b79de09034ad989d0e813e6b5e8b394421173364c1f54be3a812b4bd3a	ok	rom_folder	d41e93b79de09034ad989d0e813e6b5e8b394421173364c1f54be3a812b4bd3a
snes	35	geral	Batman Forever	yes	3145728	e36aaba64be016cabc33a2dcf88913341e2edacc722e2a1ebe04eccda2a5d6e7	ok	image/png	798409	800	588	8f7485e915798c784450e8f7bcb20ec6531d48b52341902acd38330c042def17	1	1	1	0152cb9f2c4a7296431d7521eaa3402d897c035e7d26bf4e35f6fcf25e9e5872	ok	rom_folder	0152cb9f2c4a7296431d7521eaa3402d897c035e7d26bf4e35f6fcf25e9e5872
snes	36	geral	Batman Returns	yes	1048576	f8d5c51f74df33edc827fbf8df7aab70160770ab0a896db6e59438ad9208cc6e	ok	image/png	762542	800	588	36f17aacd17e2067688cdc1f2166dfbbbb6b9451f04eab1da7b1a28d059d9d2d	1	1	1	8409a2bf8b45d7380c3bea9d47edb6778d5c45e55c82ed9d0da0c2fce09a6287	ok	rom_folder	8409a2bf8b45d7380c3bea9d47edb6778d5c45e55c82ed9d0da0c2fce09a6287
snes	37	geral	Battle Blaze	yes	1048576	983022203546e031773db0d1af7552c489187954882843f13ff123f09064c1d3	ok	image/png	1073687	800	584	e563ddddd490db916f57c8c00499170dde3d5cd7fbfea3a3285bbd5613dd09ee	1	1	1	30ab78913288a95b8c317aee0a213925c13f5119a3280b2a8e8f3a3d2158127a	ok	rom_folder	30ab78913288a95b8c317aee0a213925c13f5119a3280b2a8e8f3a3d2158127a
snes	38	pt-br	Battle Cars	yes	1048576	88d42cc126c5584b48d772b6599d257e8f5a9b5825bed2920dbf40b48629edf1	ok	image/png	828823	800	584	a1b7a1d423f0d6b304f264198af3564fa21bfeb3762f614c959e390366944068	2	2	1	725dbc9db7d7a27b198e09eec8ebdb516048f281ed7fa5aa84a6a9f315b854a3;725dbc9db7d7a27b198e09eec8ebdb516048f281ed7fa5aa84a6a9f315b854a3	ok	rom_folder	725dbc9db7d7a27b198e09eec8ebdb516048f281ed7fa5aa84a6a9f315b854a3
snes	39	geral	Battle Clash	yes	1048576	32f42fda0667d9435a2de84c7ce7b067bcbab1164f8f6d837992ad6cfac4f8de	ok	image/png	1042180	800	584	54fd05327980e4a88dbf85ffcc1993e504aaa00bf6426c2a9de164b1a42169b3	1	1	1	38161fd0892ce1789e18029646c42c682037d86d919cfd4d000a178d4af65545	ok	rom_folder	38161fd0892ce1789e18029646c42c682037d86d919cfd4d000a178d4af65545
snes	40	geral	Battle Grand Prix	yes	1048576	6e436020d967d35a0f7ce43e38e83a616b70696ae7d35b37cd56601cfb3822ba	ok	image/png	1063353	800	584	79b436750420e09715d5bcaa5335c4c80abdd5600180d1f331808f5dc33fbf20	1	1	1	fc809655ff53f5312432b16d84544726e4cf762502b5a604514a501b781f0c32	ok	rom_folder	fc809655ff53f5312432b16d84544726e4cf762502b5a604514a501b781f0c32
snes	41	pt-br	Battletoads & Double Dragon	yes	1049088	e8da38630c010d49c0c8ab1583725d63bf8f31790c9d8729b6a5f80569ab6eca	ok	image/png	1004399	800	584	29879277dbe309b6af5827fa5c109ccbf2d3b92758818be24f9bc5fcc3892a2e	2	2	1	01d7739682384f2c2b760f477971f17ef1630010958277333429a356bc4f4c22;01d7739682384f2c2b760f477971f17ef1630010958277333429a356bc4f4c22	ok	rom_folder	01d7739682384f2c2b760f477971f17ef1630010958277333429a356bc4f4c22
snes	42	pt-br	Battletoads in Battlemaniacs	yes	1049088	05f82bc40155293779a3fbe7c377d894f1d124bee5a973d58ab515ac1f7db01d	ok	image/png	1110359	800	584	075fb7076bb7ad661dfc8045135e15fc7fa3e10e6549e4d8ff5981c30fecee0d	2	2	1	afd689677c1f3cbddbfe770c057c7e40c38abffa3c97f94dac59a62f7fc21e20;afd689677c1f3cbddbfe770c057c7e40c38abffa3c97f94dac59a62f7fc21e20	ok	rom_folder	afd689677c1f3cbddbfe770c057c7e40c38abffa3c97f94dac59a62f7fc21e20
snes	835	geral	Battletoads in Battlemaniacs (USA)	yes	670452	cd3a1292fdb5953ca414dd6a74ac0aa1886b2d132fce4c804e79d5e25ea029f6	not_declared						2	2	1	afd689677c1f3cbddbfe770c057c7e40c38abffa3c97f94dac59a62f7fc21e20;afd689677c1f3cbddbfe770c057c7e40c38abffa3c97f94dac59a62f7fc21e20	ok	rom_folder	afd689677c1f3cbddbfe770c057c7e40c38abffa3c97f94dac59a62f7fc21e20
snes	43	geral	Bazooka Blitzkrieg	yes	524288	0b0f991da7ce4b3c2974d6adf62191ec554db9793c5def14cdfb62b7ae28cc98	ok	image/png	1010178	800	584	93fb13a7cf9f1c01505db0635ac78bcb46be27f2413883a23550383a95bb33b8	1	1	1	eb5820fbcabe5ce12bb97b476e78143e1f78cedf407077f06ed9417e81274df0	ok	rom_folder	eb5820fbcabe5ce12bb97b476e78143e1f78cedf407077f06ed9417e81274df0
snes	44	geral	Beauty and the Beast	yes	1048576	d7271ca08400bbf5ae165b0aaa6e8a8a1b266f72e6e0ae10aae529732a472f7c	ok	image/png	1156977	800	584	020bf1b6357f3e99bf8942de55cd908d2027410e8fb8a1b8127da04f0883f537	1	1	1	0641798430e7459d421e222a50c4cb7bc963f5ce605a506fa7e6e8d374949cdb	ok	rom_folder	0641798430e7459d421e222a50c4cb7bc963f5ce605a506fa7e6e8d374949cdb
snes	45	geral	Beavis and Butt-Head	yes	1572864	15d4fc90cb202a9391718cd40b9f0384165aef03018ed932540e8f7c18b397dd	ok	image/png	631825	800	588	3c7ca463722a1389524312f047e96b9e83d66062cd1af51bf33fb31c79a46307	1	1	1	fb45e4c78e0168a002bccaf08b02bf7dc94b28b4fc1594eec3a8d5b11190e32d	ok	rom_folder	fb45e4c78e0168a002bccaf08b02bf7dc94b28b4fc1594eec3a8d5b11190e32d
snes	46	geral	Bebe's Kids	yes	1048576	4958eda26f2419f473449017c64121caee5e49c480ffa205422e7dd45cd23e31	ok	image/png	1058984	800	584	316dafb0d51758cde18e1c38e80f1eef851ed9ae33213bade907b34e11d41081	1	1	1	8103f62781f75779dbb56b2f14d0c47485e62b9dadb19f5bef8e11b999cdffce	ok	rom_folder	8103f62781f75779dbb56b2f14d0c47485e62b9dadb19f5bef8e11b999cdffce
snes	47	geral	Beethoven : The Ultimate Canine Caper!	yes	524288	4d22279e534848012e0f1595468687742ae18cabc3fe44eeef938bc3a4dd08bf	ok	image/png	729243	800	588	f5b1f32c0477a3f5cccde06a17fd8d7b1f0f490cfc90f14fb04f7b4c3ad53025	1	1	1	c94e9a5e324a4bdbf937d77700bb39e9f357128e7457dafe4b7ac3c02f0e1a09	ok	rom_folder	c94e9a5e324a4bdbf937d77700bb39e9f357128e7457dafe4b7ac3c02f0e1a09
snes	48	geral	Best of the Best : Championship Karate	yes	1048576	e4e9beaeeb3e968af772d1c4c9e4c1b4dfdba4e47c0205b458e1ab3a62a96060	ok	image/png	769443	800	584	370dc2dc42837673267c84849acff3ef260317ff90f39c6890d56d9d9344c614	1	1	1	f2817145fcfecb03b5925091a63c4d7ef5864a4293da6721600761663901bb65	ok	rom_folder	f2817145fcfecb03b5925091a63c4d7ef5864a4293da6721600761663901bb65
snes	49	geral	Big Sky Trooper	yes	1048576	4cb601168c91fa0608c16a8cf2f292d991c6a5615d51861dee2f9b91c8d6bb19	ok	image/png	763498	800	584	bb91654a416a502e931aca5ab580a115c382a57923392fe3e0445f27773ee357	1	1	1	ffc77cf3d8e2399897b120f387000a80280643e9ff5fec84a209127f28c17bc0	ok	rom_folder	ffc77cf3d8e2399897b120f387000a80280643e9ff5fec84a209127f28c17bc0
snes	50	pt-br	Biker Mice from Mars	yes	1180160	a81ee075fe695a8c0c4ec0855486aeb3ce79d96aa2cb4cbf002d38a71134014d	ok	image/png	1093495	800	584	46d082a9fa70a981982280313e850807fe75dcff65c4427797f17d18d76ac411	2	2	1	fe8470d57a04befa973d5c29fad4db0c738f889e5ea53811e8dbec468a26d5a3;fe8470d57a04befa973d5c29fad4db0c738f889e5ea53811e8dbec468a26d5a3	ok	rom_folder	fe8470d57a04befa973d5c29fad4db0c738f889e5ea53811e8dbec468a26d5a3
snes	51	geral	Bill Laimbeer's Combat Basketball	yes	524288	6fa6b8a8804ff6544bdedf94339a86ba64ce0b6dbf059605abb1cd6f102d3483	ok	image/png	1021954	800	584	f79a55e6d454ec66169f862d9c35b3e108cef9e4767a98b59865aa48d79bd17e	1	1	1	f9a6f6115c23918a902ad9d3cd2e3c2b66130002c04cb053ff4428e6d03c40b9	ok	rom_folder	f9a6f6115c23918a902ad9d3cd2e3c2b66130002c04cb053ff4428e6d03c40b9
snes	52	geral	Bill Walsh College Football	yes	1048576	ec2d91e238c26a5ddf7067d104b3b3e2eaee89255377e1eb6c4df8f301300e64	ok	image/png	803046	800	584	e094dcaa3407e483d7ea2881c769304168d90c5c1b953c35a2e02b222adad871	1	1	1	0c36d182d751d9b2561dff43dfb92e08f2a679a6f92af609ac971752c2fd5da9	ok	rom_folder	0c36d182d751d9b2561dff43dfb92e08f2a679a6f92af609ac971752c2fd5da9
snes	53	pt-br	BioMetal	yes	1048576	519dd1d5836cf2bdd925788c31ef916399bfe360cf958e26ea690c8fff479a9c	ok	image/png	984960	800	584	f2b3231e15f3f52d92727d42c70b68e731fa96075b2fb48141ca468664e625f6	2	2	1	5afbfc295dbea94f17a2a9e2a137c4a66cf4ca788ec39ae7a887f7cd25087bb2;5afbfc295dbea94f17a2a9e2a137c4a66cf4ca788ec39ae7a887f7cd25087bb2	ok	rom_folder	5afbfc295dbea94f17a2a9e2a137c4a66cf4ca788ec39ae7a887f7cd25087bb2
snes	54	pt-br	Blackthorne	yes	1049088	0c3d62cf311605ba73e400ba02fdc3c41ab6770be2e64818476974ad7f05d3cc	ok	image/png	1017819	800	584	2704ad87253853cda2056a077ec81b4b0f59356fd1937c0668207f6c6874de9a	2	2	1	f9cc90b666ccabed2de662a18986bc8f9d4a7fc1e13dc466b8adeb93d86a00bf;f9cc90b666ccabed2de662a18986bc8f9d4a7fc1e13dc466b8adeb93d86a00bf	ok	rom_folder	f9cc90b666ccabed2de662a18986bc8f9d4a7fc1e13dc466b8adeb93d86a00bf
snes	55	geral	BlaZeon : The Bio-Cyborg Challenge	yes	1048576	0d4e0d134396bd1c7254cdc1da356eb944ca14910b6690f484a75a9c3a8106e7	ok	image/png	966641	800	584	c821ff4b467f3dd6bf2e237fb88bd4cfdf3cd0d1a3eef87ee7cf889b7cc7e9d7	1	1	1	bd03d8b26dd4159aa26f57a91cff33a580e537de3742e58535cced65c6bcd585	ok	rom_folder	bd03d8b26dd4159aa26f57a91cff33a580e537de3742e58535cced65c6bcd585
snes	56	pt-br	Bobby's World	yes	1049088	2221af8c99334be131a25e7126a7bbe666af637f518af8bf5fea817cacfbf78b	ok	image/png	457130	800	588	294a6d2f734688a322e42589c4b6ea69374270796249b8715d876043b3754082	2	2	1	cdeae74becde0dd32a9b304405fcc5d256fba985135d6ea1b8f2654ec7730327;cdeae74becde0dd32a9b304405fcc5d256fba985135d6ea1b8f2654ec7730327	ok	rom_folder	cdeae74becde0dd32a9b304405fcc5d256fba985135d6ea1b8f2654ec7730327
snes	57	pt-br	Bonkers	yes	1048576	06422a4fb5073690b5203688f4141dcf09cfeb4dac647d1e9a2ba843c6e15168	ok	image/png	1053188	800	584	c57e25126e5543fbd5dc17c20f982e461b6e02151deb2f4461baed6dedd83bd7	2	2	1	4927ce4b5d7d1276d457ddf188b53f1cf3ff5bc688bd191342026a9e2f31f299;4927ce4b5d7d1276d457ddf188b53f1cf3ff5bc688bd191342026a9e2f31f299	ok	rom_folder	4927ce4b5d7d1276d457ddf188b53f1cf3ff5bc688bd191342026a9e2f31f299
snes	784	geral	Boogerman - A Pick and Flick Adventure	yes	1968506	8522df555f105399193d6fa567fedeac723c150e502a2ec9d0954d68026f944c	ok	image/png	158613	400	294	25b8e9660b7afa6e9c39c9dd00c30cd5323953a631b33d20af11cecb7d215820	1	1	1	67ab4ec89726ff3489d836a7fc348b6f6ed9c7a6b10670533597eca50cd3d833	ok	rom_folder	67ab4ec89726ff3489d836a7fc348b6f6ed9c7a6b10670533597eca50cd3d833
snes	58	geral	Boxing Legends of the Ring	yes	1048576	e67940a2106c1507f3a8d38790f263bbbf814578ebf3dbc4e3eb6007d310793c	ok	image/png	180271	400	294	8337bda955a96a1f9b3772ef951e672fb18ff2d156317d3f50dd285d9410a465	1	1	1	7c0da19b43670866626d6427f2e78a7b29ef5f000e5c361e069e541741ed8aa8	ok	rom_folder	7c0da19b43670866626d6427f2e78a7b29ef5f000e5c361e069e541741ed8aa8
snes	60	pt-br	Brain Lord	yes	1573376	3a8f072bd33096f101f63d4738b5edf651a3a23fd8cf2b2e05399ee954256eca	ok	image/png	961147	800	584	9b7e832078be8440bb4f488ea83fa0d902abf8e37e62d3fbe317d3ee9e19979f	2	2	1	6f88e7da1f5ea43de8e58934b226b78be2418a683f18706b362bb0e4569664d9;6f88e7da1f5ea43de8e58934b226b78be2418a683f18706b362bb0e4569664d9	ok	rom_folder	6f88e7da1f5ea43de8e58934b226b78be2418a683f18706b362bb0e4569664d9
snes	61	geral	Bram Stoker's Dracula	yes	1048576	bbde8b46c7262f9d4a5b3926a00850cb00b4f7711f6421f0adf4e2b0c847a5d6	ok	image/png	817718	800	588	ba1457fb91e0c3d8e0a5d4a3f0ad84cb68ff40d77e2babef460101602f5a1c88	1	1	1	4ef81a754461fc6132f23bc98b1f2cc8890b126bac921372c1a4fe6d162bc79e	ok	rom_folder	4ef81a754461fc6132f23bc98b1f2cc8890b126bac921372c1a4fe6d162bc79e
snes	62	pt-br	Brandish	yes	1573376	7796fa6adb1f7af9198620fa8f9ce2062374e33b4c3864a483c364b320660105	ok	image/png	1022882	800	584	8d27b2b1eb30d203ed329ec1452e0447d478a755741031efafeb283090143c48	2	2	1	f6e947321501e0793d978f26dabc9702f2a0694c0475dc5f446930a5cecead63;f6e947321501e0793d978f26dabc9702f2a0694c0475dc5f446930a5cecead63	ok	rom_folder	f6e947321501e0793d978f26dabc9702f2a0694c0475dc5f446930a5cecead63
snes	63	geral	Brawl Brothers	yes	1572864	044b61613ed66eae08abd5fa5dcd13b24aab11a942e3309cdff624d198c47440	ok	image/png	1029555	800	584	c67cbf8520a30123bcb03c7c67e0fdf47a82123a9b94a87f44535409fa0f46dc	1	1	1	24cf85c12a73f88ae2b3bc8680c537c8006fd669040ca2b4cb158208d58db8f0	ok	rom_folder	24cf85c12a73f88ae2b3bc8680c537c8006fd669040ca2b4cb158208d58db8f0
snes	64	geral	BreakThru!	yes	524288	aad8c9be1b7a9662256b0c3d76f5b7a273bcd497aa838232d307e9f2e80cf699	ok	image/png	784488	800	584	f16287eebdae964cba0f433209879b8108af398956be49c84b56a5bcf6599b17	1	1	1	e5885723499a209a3ba0acd222f3fa895c3b674ee10057b9383cf0669d38ca78	ok	rom_folder	e5885723499a209a3ba0acd222f3fa895c3b674ee10057b9383cf0669d38ca78
snes	66	pt-br	Breath of Fire	yes	1573376	73a065f136c0275282592f8b3a330b00a1f696195ce4b5bf1bd2cc44233b34b5	ok	image/png	929048	800	584	45839808b2225dead76a272e26dc3127255e160fa6ecc046ddd92b780247f856	2	2	1	563afd161906d58b357b31ddd29651653007f0a4356afe7b8a0765ec20098a3e;563afd161906d58b357b31ddd29651653007f0a4356afe7b8a0765ec20098a3e	ok	rom_folder	563afd161906d58b357b31ddd29651653007f0a4356afe7b8a0765ec20098a3e
snes	65	pt-br	Breath of Fire II	yes	3146240	bb1b6718c491f43a74ee924db539b77cad744008ffd5e223da8d9c37cd924ae1	ok	image/png	1041753	800	584	928d401166d0e20c14bcd2896012b6a6768ccd6dff7f2c9a08ad36eaf80ed026	2	2	1	076d967742e1c10b95cc1cc07b4fce02fb641dad29a99c9cbeaf5a9410368fbf;076d967742e1c10b95cc1cc07b4fce02fb641dad29a99c9cbeaf5a9410368fbf	ok	rom_folder	076d967742e1c10b95cc1cc07b4fce02fb641dad29a99c9cbeaf5a9410368fbf
snes	68	geral	Brett Hull Hockey	yes	2097152	99450b45ccc70a1ed387f968c8f863a3c7f6a4b86809e841c25a71e1e904ac61	ok	image/png	612375	800	584	a3c542e8c0eeccf5de926525815cf11b06e0cf6f53c6fb8fee8dc0cff67a4de6	1	1	1	b472cb8961fbb4175c12fbdf885bb8003556a16ddd3e1c12689d1839b544180d	ok	rom_folder	b472cb8961fbb4175c12fbdf885bb8003556a16ddd3e1c12689d1839b544180d
snes	67	geral	Brett Hull Hockey 95	yes	2097152	a427db4860cb5140935f263ba872fe14949c3548db644fed46b2edf3dff3d4a8	ok	image/png	660094	800	584	3d3333ea61ddb58c0ac3128bd01f3cf6045e2f72b0f4f10874c97661fb9b5c37	1	1	1	5d462c70fb34b5d0d91f9a4e0d66d8e6e3b0e43f84159dc835d6baa1aedbcb27	ok	rom_folder	5d462c70fb34b5d0d91f9a4e0d66d8e6e3b0e43f84159dc835d6baa1aedbcb27
snes	69	geral	Bronkie the Bronchiasaurus	yes	1048576	f2bc4cb460dfc5d5288065a2f529190b72e69d4e02634246086244c20f30521c	ok	image/png	1166624	800	584	f59de5e507e586961cbe7e758e4916c4bd1fa8a157899225c16b507bec05bcad	1	1	1	463eb3b74cc5b372ad00bbf4b44f37815ddb82e84b3610b2df94399561bd6976	ok	rom_folder	463eb3b74cc5b372ad00bbf4b44f37815ddb82e84b3610b2df94399561bd6976
snes	70	geral	Brunswick World Tournament of Champions	yes	2097152	ee00c57ddfa9b967d1857acb518df039ba73055bdebe78db014de0f5da262fd9	ok	image/png	767603	800	584	ccab62db021d361a9fd53c06dd64080bb3f62f54ea6e9db8f9646bfd6887c816	1	1	1	033412bbf680ad964f168babe1eff1da52b4571e7dc79ded298b7dd373d39eae	ok	rom_folder	033412bbf680ad964f168babe1eff1da52b4571e7dc79ded298b7dd373d39eae
snes	71	geral	Brutal : Paws of Fury	yes	2097152	9e3ad5e521e759a2e2260ea8072eb3314b6fcf67a3b7247357a5de9bcb24eeaa	ok	image/png	1022643	800	588	4aab2ff7706da37a4a0f09ab778ed5e6f8bd0c7c4ed53d7794bb6b69d662e82f	1	1	1	393c7c658acbed3274339de3a322f08655c64e62dcfbfe2edd56f4951c89dce4	ok	rom_folder	393c7c658acbed3274339de3a322f08655c64e62dcfbfe2edd56f4951c89dce4
snes	72	pt-br	Bubsy II	yes	2097664	89baae16c10b3b2d26b988b7e0a2948089f26840d498d18323d6f3a449e447e6	ok	image/png	895727	800	588	c2a2c862e973e255eac79f7e0358a199c37f25f7900115fbd2ee2bd63ebb25d9	2	2	1	ae0ed4295264da451a8e6acce856cff5974cb00dca96251231b74782c51ecdcc;ae0ed4295264da451a8e6acce856cff5974cb00dca96251231b74782c51ecdcc	ok	rom_folder	ae0ed4295264da451a8e6acce856cff5974cb00dca96251231b74782c51ecdcc
snes	73	pt-br	Bubsy in : Claws Encounters of the Furred Kind	yes	2097152	01b78b75292cb44049d35cff7b524dfbf35f13e60c528b97dc5541f2385dc8e4	ok	image/png	966495	800	584	a8cf65cb6bb8abd6e791fe824055e683d94626fcbe70fcbc00cb2548fcf9c82f	2	2	1	6199e7abe9b4cd469020a3d235e53f1554ef93e7684070132ba2c527a85336e0;6199e7abe9b4cd469020a3d235e53f1554ef93e7684070132ba2c527a85336e0	ok	rom_folder	6199e7abe9b4cd469020a3d235e53f1554ef93e7684070132ba2c527a85336e0
snes	74	pt-br	Bugs Bunny : Rabbit Rampage	yes	1572864	6a7bb279e8433ee8213346344535027c3949f8dd92fb3b014acc68b75e54bcfd	ok	image/png	744158	800	588	423170ce76caac149cd3b3c7a8e1a943f6f3cdbabbcf68ae92da997f3ad4eaf3	2	2	1	034ee4920db7d6132ecf36b8aa85f611875f8e47c850665e27f5026b4228db56;034ee4920db7d6132ecf36b8aa85f611875f8e47c850665e27f5026b4228db56	ok	rom_folder	034ee4920db7d6132ecf36b8aa85f611875f8e47c850665e27f5026b4228db56
snes	75	geral	Bulls vs Blazers and the NBA Playoffs	yes	1048576	d8b3d9267470adb8ef2d197ade44476e504c0823f8fe9d2cf2883a03aa75bd49	ok	image/png	866530	800	588	09be2ccbb0968a9b9deb698efe3573e7ca1fa9b103f72e4360092da08872e01d	1	1	1	1c80e27c905a00d530e05345f6dc3cf51af5cc56bda5f901e2a0214914183935	ok	rom_folder	1c80e27c905a00d530e05345f6dc3cf51af5cc56bda5f901e2a0214914183935
snes	76	geral	Bust-A-Move	yes	524288	d6f6c30732dae8d00cd83628c3156acbdf26f99df701f779522e21de74dae5fe	ok	image/png	829954	800	588	601ca80212d70e665faefa006e0fe37144057d8100a9a35d906cc521580746c5	1	1	1	882e61f97739a89eabb409c7e253a4ea4648e3c495c1137a0d277243bf53c267	ok	rom_folder	882e61f97739a89eabb409c7e253a4ea4648e3c495c1137a0d277243bf53c267
snes	77	geral	Cacoma Knight in Bizyland	yes	524288	a8294d449bbb8370816efe0374704e8af20dbbde9c19afe969d898528bc293d0	ok	image/png	976446	800	584	16ec2d6b99034c9d0b4a768b10c8cd4f60a4914201aa0e8165f61ce96bcd72e9	1	1	1	e87f5b833f95fa5e7b6ce88cbaace170e19ba91ccebaa3cd2a886ab5f6d75ded	ok	rom_folder	e87f5b833f95fa5e7b6ce88cbaace170e19ba91ccebaa3cd2a886ab5f6d75ded
snes	78	geral	Cal Ripken Jr. Baseball	yes	1048576	75993076c8773e7c7d555ef290be10590def40ca7b83307b8dc86556b04a6565	ok	image/png	781448	800	588	ddd1fee89a6c1a162e3cee6242fa0770dd220bce9c157b7028cb78234981a246	1	1	1	3b3d1111168965c2c55da5ddd8a29d473e142cf64c3b7ff0f7647ff485871c04	ok	rom_folder	3b3d1111168965c2c55da5ddd8a29d473e142cf64c3b7ff0f7647ff485871c04
snes	79	geral	California Games II	yes	1048576	19f4a1f08aa55ff3cc8ff7ae60ffe03f0e436e8d8901455f1311f2276497a492	ok	image/png	995211	800	584	36c2a72fc3cf15279a60b36f8801b10c0824b64312940eaf297756a41a456573	1	1	1	252211cf7802161aeb7975326458e5aee883d7c5ae74054b8099e574e082551b	ok	rom_folder	252211cf7802161aeb7975326458e5aee883d7c5ae74054b8099e574e082551b
snes	80	geral	Cannon Fodder	yes	1572864	3545306505c463c627bc4ced91ff4413481c945a658860ddc1f6e8e7b4cc6144	ok	image/png	862746	800	584	ba5423495447a7b06565bd89c55dc02f83c415f24abc12579f2dcbce803c705e	1	1	1	6f49678b2509556207d4aa2fa524c1b3e184bf149251948092ab808bd5c3be20	ok	rom_folder	6f49678b2509556207d4aa2fa524c1b3e184bf149251948092ab808bd5c3be20
snes	81	geral	Cannondale Cup	yes	1572864	6cdec3cb9c91aa23feb13005f874bda580c2f548302874491a31951031c9dbbd	ok	image/png	1085765	800	584	609f598fcb89ce6fb69952fc5b666515c6a2d62e64063990883ff95ddf193ced	1	1	1	704c88861655a3a3afe8f2dd9a899f1207be7c944526f4aa9312558c30ac8096	ok	rom_folder	704c88861655a3a3afe8f2dd9a899f1207be7c944526f4aa9312558c30ac8096
snes	82	geral	Capcom's MVP Football	yes	1048576	9590110a990e90f525d5c8d70fc2a3da10879378003173b6761afb8bf042ee0d	ok	image/png	883331	800	584	a967d861a8c4905f530fbc8187901fea240006062b7f3bc53ac9a56c0e8efc78	1	1	1	a50b2997a0398ef7a1ca728c88150a5bd04ff4ec672640f77563444743a16d8e	ok	rom_folder	a50b2997a0398ef7a1ca728c88150a5bd04ff4ec672640f77563444743a16d8e
snes	83	geral	Capcom's Soccer Shootout	yes	1572864	fd5761f9dd1f2b87ad11df6085046d0dfcdc3a79139263e47b0cff707966ba51	ok	image/png	1068616	800	552	cf65da9db26cea029dfaccaf3b0de9e0acc7ee40fb651958804e5e56d4ccea4e	1	1	1	254d8cce01d21a169a22662aedf2fdb68c5896009f4912b3901b3dd6279faf37	ok	rom_folder	254d8cce01d21a169a22662aedf2fdb68c5896009f4912b3901b3dd6279faf37
snes	84	pt-br	Captain America and the Avengers	yes	1048576	5dabd0d31f33bcb2102ebd0fc8873a8e5b6815d28a5dc3d24a6f32bbcf0b38cc	ok	image/png	1029168	800	584	97eb8423817c675fb5561ec0eaeaf9a8bfa13e3dafacd1e82197a7b4b5a56f0e	2	2	1	19ad4aa56f067681b4ff605fc4d3ddc992005bbc5f187d422666f1ff68567312;19ad4aa56f067681b4ff605fc4d3ddc992005bbc5f187d422666f1ff68567312	ok	rom_folder	19ad4aa56f067681b4ff605fc4d3ddc992005bbc5f187d422666f1ff68567312
snes	85	pt-br	Captain Commando	yes	2097664	7a1387148a576b69bf1e3545007d860ee9864a009997a7eff1385c8ab0b245c7	ok	image/png	1134885	800	574	e9e07c0fdc396fb74984d04199caf27b6617ae7633f70ad1d5581d9fa49553f3	2	2	1	b27636906c58c34d1f8b3c36eddb61b77ae9313384ba035f7f6dc6b22df80dc2;b27636906c58c34d1f8b3c36eddb61b77ae9313384ba035f7f6dc6b22df80dc2	ok	rom_folder	b27636906c58c34d1f8b3c36eddb61b77ae9313384ba035f7f6dc6b22df80dc2
snes	86	geral	Captain Novolin	yes	524288	8784614896e2b3e8d98c8166613ca5d2329643795a4dc107791c58c6c51e1268	ok	image/png	751047	800	584	fb37dd738dda9d9170e224ad9f3eedf58b619db7142e429cf05f0d396a5df4d2	1	1	1	3d6444c8827e7a4e561016bf75576d284ef05a9eb90eea537a51bd0603d0c078	ok	rom_folder	3d6444c8827e7a4e561016bf75576d284ef05a9eb90eea537a51bd0603d0c078
snes	87	geral	Carrier Aces	yes	2097152	ee5fc27dd19a2ecb3c3c7c73d558a18ffd5ff365710c18b88150e277f08d587e	ok	image/png	834268	800	584	727a55ba778c9a3fb91679f29e6a5f631d553fe69c75b9f220153ff8a54b78ae	1	1	1	8e53d4d96827037c5b018b09781686f4f06af7d5b0a62cb7fd378b80b8c80dae	ok	rom_folder	8e53d4d96827037c5b018b09781686f4f06af7d5b0a62cb7fd378b80b8c80dae
snes	88	geral	Casper	yes	1048576	b9b982cd8f91c51089d49b550f11882b1ee785ebddcb7355cfc465916d61a042	ok	image/png	832873	800	588	0882ccb9aded7902414c8b99600fc574fe845aee611f3279e6a9003758a4ed9c	1	1	1	ed65711322665f9d6eb6e39f1e46b949219100765594e6a3906394ffdb5a295a	ok	rom_folder	ed65711322665f9d6eb6e39f1e46b949219100765594e6a3906394ffdb5a295a
snes	89	geral	Castlevania : Dracula X	yes	2097152	367725a149a471411e4f72ad77603b61fb101c9cab4521be5647e13708cc97ba	ok	image/png	889398	800	588	66280c1b698e83a6c8b93c4b7a000bf7369442d6503a197c725973e85899beb4	1	1	1	5d870b8c03d01ee2cc8186f7c50e3414ebcaaf95fb16fa05a5c2aad0e4c4c27a	ok	rom_folder	5d870b8c03d01ee2cc8186f7c50e3414ebcaaf95fb16fa05a5c2aad0e4c4c27a
snes	90	geral	Champions : World Class Soccer	yes	1048576	32008c429eafe7eb59aff7a89f77e1a267f02f9061ff8830ade7b99081e27f7c	ok	image/png	852943	800	584	bb770702490763d4c71154ca676619901bcb63730180d0ecadfe5e55f0c331d7	1	1	1	ff108c2621f5da56e83aa49fd01586f71fb07fbadddfb4e88cdab8f38ed8b04f	ok	rom_folder	ff108c2621f5da56e83aa49fd01586f71fb07fbadddfb4e88cdab8f38ed8b04f
snes	91	geral	Championship Pool	yes	1048576	e6c4f468b39f2dea3436b63758db8ac9b29731357b982ec373334a36f202623f	ok	image/png	899877	800	584	a37fa386d7c9e185a5f93fe5727e951bab859e38746b42f2bb449794d9310d13	1	1	1	a7c7a5ac2f978d03b8176316f187d9efb8fb58d060284bbf54fcda0c5da811e1	ok	rom_folder	a7c7a5ac2f978d03b8176316f187d9efb8fb58d060284bbf54fcda0c5da811e1
snes	92	geral	Championship Soccer '94	yes	524288	fdd763dffc6fb38975d4c6d6e3123f9738122781b7d13e1fc7f9820464cbaeb5	ok	image/png	884711	800	588	f0fdb683548a6bff13408e64fec993418f75127ad4e11e6963c4b4e274623942	1	1	1	104e43ecaef16f54ab6053b31be1c06134ac0d058850f80e6a561ba2dd2e0d56	ok	rom_folder	104e43ecaef16f54ab6053b31be1c06134ac0d058850f80e6a561ba2dd2e0d56
snes	454	geral	Chavez	yes	524288	aa69d4e19c2eb206fe88eba65994c830256c220e5506f59824aefa0a75dd44d5	ok	image/png	570125	800	584	fae13b0f31b51b10921880e0135c30a8b74a4b2c8034866efd216591fa683470	1	1	1	100d7c85be3c4f08158d9e2468b12fd8244613031c0a28fd22e016fb562de1a1	ok	rom_folder	100d7c85be3c4f08158d9e2468b12fd8244613031c0a28fd22e016fb562de1a1
snes	59	geral	Chavez II	yes	1048576	39de64101cf7f25863ce55e03a27d13422ea572ee996746578b5936fea80228b	ok	image/png	949802	800	584	aead5681e4d3e0f94b456235e83d6e37d9bf4315795ad5d11d3c73a9e3258170	1	1	1	45c3a91a8bdcb4c0b43ba4883b00bf665442713d776326df9734879a24589a74	ok	rom_folder	45c3a91a8bdcb4c0b43ba4883b00bf665442713d776326df9734879a24589a74
snes	93	geral	Chester Cheetah : Too Cool to Fool	yes	1048576	c7e7df8932bf0056aa530f3dc3c913c1171a359af4c197094c2b972946dc6051	ok	image/png	820364	800	584	2d844e5e80a8996846120455a94bd35970469a5c3235ee087f644b3f4f1f99c5	1	1	1	181cc11ba3d8614d94cafc18a83adf60fadafc099f0062310e2048aed7826e5c	ok	rom_folder	181cc11ba3d8614d94cafc18a83adf60fadafc099f0062310e2048aed7826e5c
snes	94	geral	Chester Cheetah : Wild Wild Quest	yes	1310720	21a2aa488cb8140ca318f7d1f513103d14e758181aa336a594097d32ba0a7587	ok	image/png	776877	800	584	72b13eb36dbf56d92435ea7c5dc479f1a9c5398b08f2905d8d444eb2ea263a1b	1	1	1	e76581d03a05fd0d9e11eeffd75a90c81388d5d443a92a8ba2a10713adbc9ec9	ok	rom_folder	e76581d03a05fd0d9e11eeffd75a90c81388d5d443a92a8ba2a10713adbc9ec9
snes	95	pt-br	Choplifter III	yes	524288	e9ccaa5c4171a6656169db24ebc1b42b6362142f2a7c079ec8dbb014773c833f	ok	image/png	777924	800	588	47ebaa2d53f93cfa5943266d93a026c6899f7ee5c3ca6b35888d2b1ee7f0e8f8	2	2	1	5fd7b406d8fcb56a983b3232d43ac7b7b00cd3f178b3f8be5f4b9a6cb9d9a127;5fd7b406d8fcb56a983b3232d43ac7b7b00cd3f178b3f8be5f4b9a6cb9d9a127	ok	rom_folder	5fd7b406d8fcb56a983b3232d43ac7b7b00cd3f178b3f8be5f4b9a6cb9d9a127
snes	96	pt-br	Chrono Trigger	yes	4194816	1571b11ed16792b44c2bcf900a8b57d9d299759092df31df2661ee7cecb89dcc	ok	image/png	825476	800	584	92a6bafbb802ab0c8d33a2223f8f80ee3b7f0c88ea225de4c5191cd43a4a0d99	2	2	1	b6d5f03a8176889d94082cfa6406714293003178b4b4ca98b9acdc728ab20f1c;b6d5f03a8176889d94082cfa6406714293003178b4b4ca98b9acdc728ab20f1c	ok	rom_folder	b6d5f03a8176889d94082cfa6406714293003178b4b4ca98b9acdc728ab20f1c
snes	97	geral	Chuck Rock	yes	1048576	63ab79e86ea13e2cf9bb67aec971febb68450db9865b00b5f412610653822393	ok	image/png	1175863	800	584	45ae0ddd280aaa19df55816e3f23c0a84136036559f4fc3a7f7120a3c2993ceb	1	1	1	62a7f8a2734ea36d7deca1968b44f1bdc322f37f170fe5291616b2b212a10607	ok	rom_folder	62a7f8a2734ea36d7deca1968b44f1bdc322f37f170fe5291616b2b212a10607
snes	98	geral	Classic Kong	yes	262144	6d97c40cd9be68dcc2e52a8ab5f31e5d9cae8064422e7183ae174d8464e29f9c	ok	image/png	402212	800	584	0e7400c358310cca0a14b2f9bd679f4c3bffbad43577cc84eefb9a41f10b70ab	1	1	1	f8bade4aeeacec4df8edc3b424dbfeda8df0b5bca256b25863f805acbeca3830	ok	rom_folder	f8bade4aeeacec4df8edc3b424dbfeda8df0b5bca256b25863f805acbeca3830
snes	786	geral	Clay Fighter	yes	1724357	68d110e43a07e83a1c1e99df68e6ad98988601cd1a72ace990417373d9ea4779	ok	image/png	173625	400	292	522b12042625b3917550521d3d3973dc7223cdf2407c7aca19263883f42ee7de	1	1	1	b6897399559c30e1d6e6f3cf8e329bbe8fe1b798612d8ab15cde0122912dfcdd	ok	rom_folder	b6897399559c30e1d6e6f3cf8e329bbe8fe1b798612d8ab15cde0122912dfcdd
snes	785	geral	Clay Fighter - Tournament Edition	yes	2194331	545b77d383cb96c8c275f6a161a196601e4d0b5a2afae8ba489fea93d3793bc3	ok	image/png	157673	400	294	3900d400b5169e9cfa10b184e71b9d6f5fc3bd17ee644487d128a70ebdb2bbf7	1	1	1	bbe3f76f64e129fbdba89dd8c2da344a3f9c8ce7f388e64fa00eed1ec4a58091	ok	rom_folder	bbe3f76f64e129fbdba89dd8c2da344a3f9c8ce7f388e64fa00eed1ec4a58091
snes	787	geral	Clay Fighter 2 - Judgment Clay	yes	2191741	014f55d87d232577a95d2c89059566187ea92021447f039de32bfe5173642188	ok	image/png	167257	400	292	9b5978cad5a4160670cf931cca764cd77ac1d5731fcd16a55cd5b44ae3cb96d2	1	1	1	1b6db8fe261585c97b978fc2a77f805a960f0556096124f2a3815ecee4799bcf	ok	rom_folder	1b6db8fe261585c97b978fc2a77f805a960f0556096124f2a3815ecee4799bcf
snes	99	pt-br	Claymates	yes	1048576	815160c18b0996de183b510cce06dbdb1ccd650d16532f3ddacd58afd4541494	ok	image/png	861451	800	584	3267b41cd8382a6c23281fd3bb09ff4859e8d8175781af0125b895c204c77c67	2	2	1	07254718dafb0191b17ccfe0c9fe0c3481bf32262c0a3ff966ee6b62402dec14;07254718dafb0191b17ccfe0c9fe0c3481bf32262c0a3ff966ee6b62402dec14	ok	rom_folder	07254718dafb0191b17ccfe0c9fe0c3481bf32262c0a3ff966ee6b62402dec14
snes	100	pt-br	Cliffhanger	yes	1048576	4346425fbb0031d545ceee5702298b2f734029954030c1915460d5c0382249d6	ok	image/png	758039	800	584	6c1534236b1a7e4a153aabe852872e5a6068224edf370753e3bfcf940864a3f0	2	2	1	4bdf6167b289cf662f746fd11176486b99e3461238cb88e65cc4b125a54ebf40;4bdf6167b289cf662f746fd11176486b99e3461238cb88e65cc4b125a54ebf40	ok	rom_folder	4bdf6167b289cf662f746fd11176486b99e3461238cb88e65cc4b125a54ebf40
snes	101	geral	Clue	yes	524288	03f6c69aef92d36b5ea25a6023368da0e1da9fa160e8316ebd533d4f358ffacf	ok	image/png	967102	800	584	f0308e8bd57c409ae10d318cdae933a0a257246b6009808ab437c96b540576c1	1	1	1	55aeed0047d0777bbdfd13ad8b9d3a0347fab184f0e94dec4466ae7c6429f27c	ok	rom_folder	55aeed0047d0777bbdfd13ad8b9d3a0347fab184f0e94dec4466ae7c6429f27c
snes	102	geral	College Football USA 97	yes	2097152	5536cea2da39f2572abe3b0fcf71f8fcd981376b470b174969772aae4a7a1845	ok	image/png	434237	800	584	5272e73574b0f68a67079065ece878af8d7f99b0ecd6779e905bc984fe4b25c5	1	1	1	d92755135c1c430ea231274640ab627d9a8ed4d8f3363ad0548d05972dc80e29	ok	rom_folder	d92755135c1c430ea231274640ab627d9a8ed4d8f3363ad0548d05972dc80e29
snes	103	geral	College Slam	yes	3145728	b0be35a0d5e500f4fffca5f2940e0ec52c81ce99dacd773c3ca9cf92f592d943	ok	image/png	1086504	800	584	ba5c8245e44ff3684f59177eb954556c90070dc9f5966e35d78d07979f2a5bb8	1	1	1	68b56eec327f0d9f45bf3c1b047c373b24507799afdbaab8fd9ad0db2f695fcc	ok	rom_folder	68b56eec327f0d9f45bf3c1b047c373b24507799afdbaab8fd9ad0db2f695fcc
snes	104	geral	Congo's Caper	yes	524288	26e09f5bc2bde28d57aeca0bf5be7f7fb8e3b3887af975bcbf2e6f29b07df56f	ok	image/png	1149401	800	584	378407d7c8fe88f7a89f3e8adce0d63f8a9e6951020d86895732391e20e4bada	1	1	1	b89693d25839a89cd91dc3db8d14711847be167f41d1cea8226ed59d0a7d6ab9	ok	rom_folder	b89693d25839a89cd91dc3db8d14711847be167f41d1cea8226ed59d0a7d6ab9
snes	106	geral	Contra III : The Alien Wars	yes	753415	90ca7fdccc08bf25d7ec662ad7c420a39ff9c95b9607871dd589734dee3cff88	ok	image/png	180709	400	292	c61ccefc724a2c252e12fbd547dbe35040147dd57f140486f70d11cb0a7d77c7	1	1	1	12b04bc9ffa2143683f57c93e9f68686029fd2ac98a529af15ce413585ee622f	ok	rom_folder	12b04bc9ffa2143683f57c93e9f68686029fd2ac98a529af15ce413585ee622f
snes	105	pt-br	Contra III : The Alien Wars (PT-BR)	yes	1048576	3dfb641621d5ce8d66f804fad714e9c3b1f8ffbca9a528d7172c7684c5fdd4b9	ok	image/png	1020557	800	584	c0282fe5f4410aefede18789b534e198e1c19c9b87fa6af013aabfa6025f79b3	2	2	1	12b04bc9ffa2143683f57c93e9f68686029fd2ac98a529af15ce413585ee622f;12b04bc9ffa2143683f57c93e9f68686029fd2ac98a529af15ce413585ee622f	ok	rom_folder	12b04bc9ffa2143683f57c93e9f68686029fd2ac98a529af15ce413585ee622f
snes	107	pt-br	Cool Spot	yes	1048576	a7ecc6ce8fbbeaeded9ea51d0f2ea6528553c431928a841cd4ce92860c2c07c5	ok	image/png	870313	800	584	6e0f6815f62aaac69d53ccd3cd5d5b07431a17ba26c38badd1f3a30e647cf02f	2	2	1	3ef7dd841424c370e729c92ab3fa2d82d4fe35c235d5b7a850b9ac3bfffc3436;3ef7dd841424c370e729c92ab3fa2d82d4fe35c235d5b7a850b9ac3bfffc3436	ok	rom_folder	3ef7dd841424c370e729c92ab3fa2d82d4fe35c235d5b7a850b9ac3bfffc3436
snes	108	geral	Cool World	yes	1048576	9674cc269d89a52d1719a487b44acf004fb777cbd58d76b19a2cd25749728215	ok	image/png	918784	800	584	93e94bda11d607b6ce59466c7fed9fd4dbaca53592a650f2bbf8f638d2395d02	1	1	1	d07cd7abdf7c8e9d01aa0474dae77305ca1b4e740d45aa608c77815f8fa2e4eb	ok	rom_folder	d07cd7abdf7c8e9d01aa0474dae77305ca1b4e740d45aa608c77815f8fa2e4eb
snes	109	pt-br	Cutthroat Island	yes	2097152	0453df6ccc5c33eac240ca46681277f64d1c7979e02f167d211c47e9531d6e38	ok	image/png	971068	800	588	eece10b22a8dd1ea4bedc974a6717d12d5900b55d47d33dd69e63b93970062ea	2	2	1	c00636e3f1314cce0aecba27e722a7040ddd6d6776d8cbc6c999cad6df97aeee;c00636e3f1314cce0aecba27e722a7040ddd6d6776d8cbc6c999cad6df97aeee	ok	rom_folder	c00636e3f1314cce0aecba27e722a7040ddd6d6776d8cbc6c999cad6df97aeee
snes	110	geral	Cyber Spin	yes	524288	c4ae2797fac2586b8640064be6398f2b4f2b3158a07f26c66912b29f7fd197de	ok	image/png	997456	800	584	171b372cea122d8011b3ba60390e27c64c964c1717fda1d9e279bcd6bda025dc	1	1	1	b06b858ab79a65b72b3d2435d440e3c7014d2ff995620ef2af5e31eba066b860	ok	rom_folder	b06b858ab79a65b72b3d2435d440e3c7014d2ff995620ef2af5e31eba066b860
snes	111	pt-br	Cybernator	yes	1049088	143ebe776246bf7b9f310592523b4dc7f039704a5bc7ce7b8cc28ef43f046ad5	ok	image/png	993008	800	584	6b67e20a668818c80c70a5b3ab2e81b604f0610bd61567494ef171ee4985ce67	2	2	1	97cedd11c34dde5083d31e065ad224f1b19ed39c7b92961f5b11115575a2bd88;97cedd11c34dde5083d31e065ad224f1b19ed39c7b92961f5b11115575a2bd88	ok	rom_folder	97cedd11c34dde5083d31e065ad224f1b19ed39c7b92961f5b11115575a2bd88
snes	120	geral	D-Force	yes	1048576	337e643d3e63915de06429992f306e8d2b73aed6849b795f9c855c2d03c18180	ok	image/png	872940	800	584	594d4e8f29f3bb4716db1fca8bce3bb18315a412d1bbbdee3b2fbdbad78b3e2e	1	1	1	172fa59400fcfb1eb810848ed77679d1f12a571ef4dc0ea8c84816dc646b098b	ok	rom_folder	172fa59400fcfb1eb810848ed77679d1f12a571ef4dc0ea8c84816dc646b098b
snes	112	pt-br	Daffy Duck : The Marvin Missions	yes	1049088	3c0d1e3e4e15cd4a5568fa33632d540b21036efda62fec3a2cbfc3b5dd74690a	ok	image/png	937403	800	588	aba4cc662b7e9c04b8c8be90b75e9d5dc928409da617f2d0d6a408388b4e4989	2	2	1	76a71c7d593c80091c02fdbfe72c5c69481fb4f12c7854a033d218464bb384ad;76a71c7d593c80091c02fdbfe72c5c69481fb4f12c7854a033d218464bb384ad	ok	rom_folder	76a71c7d593c80091c02fdbfe72c5c69481fb4f12c7854a033d218464bb384ad
snes	113	geral	Darius Twin	yes	1048576	ceb470157576eac3b8b8c16e8ab6b59672409681ffb4232e4ec39dd0cb37ef91	ok	image/png	974787	800	588	4e6f553cc418a6d349e2ffa08be517781dfb905cdfbfd6d3708f86c6fc1d2b03	1	1	1	41284f0d51ae97f94214828f05d4f1e42e4f7c473e52af66a9a561491417f04b	ok	rom_folder	41284f0d51ae97f94214828f05d4f1e42e4f7c473e52af66a9a561491417f04b
snes	114	geral	David Crane's Amazing Tennis	yes	1048576	e6efb6361af04963f22c772f879a466543f56b3b6a084204fef2dcb4659d82d9	ok	image/png	1037364	800	584	d5b6ee970cd9bc218e94010bd90954b09369507eaf90e7bb9845e29d915a70c1	1	1	1	16937a6b0a1fed72bf72b84a183ceb4396d1e5aea35d81a94d048277312ab547	ok	rom_folder	16937a6b0a1fed72bf72b84a183ceb4396d1e5aea35d81a94d048277312ab547
snes	115	pt-br	Daze Before Christmas	yes	2097152	e53d7e1f4b0423230e5954d1d9f3604899df491bf09b91a94130aebd6884f40b	ok	image/png	931403	800	584	9d2ea3c3da9ed5b1bddcfab9f18b5a73f0baf3acca74b9cd0a3fb856ba73bfad	2	2	1	417534cfd873dae83ae39db243e8ceea8fa699fb5d032beb89939e91e0d87b3f;417534cfd873dae83ae39db243e8ceea8fa699fb5d032beb89939e91e0d87b3f	ok	rom_folder	417534cfd873dae83ae39db243e8ceea8fa699fb5d032beb89939e91e0d87b3f
snes	116	pt-br	Demolition Man	yes	2097152	4e30d1b4e1a6b7000a9cc364c7de51e9ee56c4b3a5566376e18b92877c9bcf24	ok	image/png	668444	800	588	04ff5b1a2f83f4a36d05d9948c6092bc6700b325b3dcd7246826292e9b7a23d1	2	2	1	ae9faac1dbba20b4829c2357f1319c89a15a7e70b4727673d0e5d2c29f641d17;ae9faac1dbba20b4829c2357f1319c89a15a7e70b4727673d0e5d2c29f641d17	ok	rom_folder	ae9faac1dbba20b4829c2357f1319c89a15a7e70b4727673d0e5d2c29f641d17
snes	117	pt-br	Demon's Crest	yes	2097664	d48d002539bc6d78c7c572a4d57e4cb7251572df0c420f02fd8cfbaadf7bd566	ok	image/png	971976	800	584	c0ac3402c4602bba487986b963a983861e462aa2b921aeea2b2af2b3f3b69857	2	2	1	28b4ced87b9c719b9b32dca06e8ab15fbcbc1d5af107ce0d5712076feae488dc;28b4ced87b9c719b9b32dca06e8ab15fbcbc1d5af107ce0d5712076feae488dc	ok	rom_folder	28b4ced87b9c719b9b32dca06e8ab15fbcbc1d5af107ce0d5712076feae488dc
snes	118	geral	Dennis the Menace	yes	1048576	a362033d0d7e754d79202b255679186ad799b9e784719614b913ec8c9857ae33	ok	image/png	1079565	800	584	a1c8a7925a9970c1a6a26e80f00a41925697af5744040863e74c0b578b090374	1	1	1	06c208d5df45c6e916626ba67f50bff7162071eac100a27665a678f03242636a	ok	rom_folder	06c208d5df45c6e916626ba67f50bff7162071eac100a27665a678f03242636a
snes	119	geral	Desert Strike : Return to the Gulf	yes	1048576	606abf536440173ae36466db360c7db6b474beb7a105c8a62bc74a54cbe1c38b	ok	image/png	915407	800	584	1d352db53ffdd0cbddccf5ee0e689a6206b1124a4ae1b91d461db0fdf2794e8f	1	1	1	1589bd725a4e540eff6ed452487ee5e8f33243ab4c98715ae81b797912c52d81	ok	rom_folder	1589bd725a4e540eff6ed452487ee5e8f33243ab4c98715ae81b797912c52d81
snes	121	geral	Dig & Spike Volleyball	yes	1048576	9c4721339a197185d61e0697ea0149db143a27ddb2f57ebd398f18bcf4d7724b	ok	image/png	1067277	800	584	7bd43433e5f5c3c7991187bdccc17124ea34f2377ee82595c94275d7d91130dc	1	1	1	1c24d6f79b411992f0de0dbf50da26f49cc3942dcf53a011af6de98ad65a759d	ok	rom_folder	1c24d6f79b411992f0de0dbf50da26f49cc3942dcf53a011af6de98ad65a759d
snes	122	geral	Dino Dini's Soccer!	yes	1048576	a2dc5ffc82e8d055d030c3f021d8df3ae8b08571c8301cdd1d7652248d6f9b55	ok	image/png	901264	800	584	ab7ec79c81dd1396378f68231dab63249c433b278d748317e18dd41e9028f218	1	1	1	bbcf2b3797ceb5e4394ec0e5388feb53873cfd96134e11537742221c0b19568d	ok	rom_folder	bbcf2b3797ceb5e4394ec0e5388feb53873cfd96134e11537742221c0b19568d
snes	123	geral	Dinocity	yes	1048576	7dbfc44d28a46e6d399628e43086aa9fd0b2abeda4c108751a5ad91c102c3aaf	ok	image/png	956942	800	588	28bcd9c2b60c06fc3267600ad3d9e1e982546a88598f4843f85f36ddef15775f	1	1	1	898c8dd4721aec492da957784a0c7c54504ac63b02fd815d564e3ff49199da1b	ok	rom_folder	898c8dd4721aec492da957784a0c7c54504ac63b02fd815d564e3ff49199da1b
snes	124	geral	Dirt Racer	yes	524288	3994e7dc9f86d2dd06bc0bb431567d3e7c83eff1d89e2f10bb0cc5a400e762b0	ok	image/png	821745	800	584	6c3d62efec3563de80bc64b74100999d0cf3733d4761667050ae620cf4287b6e	1	1	1	a8999ec6133597333d6ae0882e226978b124c81caaa580c1e8c71dc66171fc99	ok	rom_folder	a8999ec6133597333d6ae0882e226978b124c81caaa580c1e8c71dc66171fc99
snes	125	geral	Dirt Trax FX	yes	524288	c5474de3592e2a99aac0e5511516658f9f0b50167c754a018409842ec35bcd45	ok	image/png	824812	800	584	025f7b168e6de66b1540c212935b37d5fa57664106fdc28478ef41c2d263710b	1	1	1	4106bbd73f57e179fe90cb053e939c940d96115fbc219c3b42067161df90f7d3	ok	rom_folder	4106bbd73f57e179fe90cb053e939c940d96115fbc219c3b42067161df90f7d3
snes	126	pt-br	Disney's Aladdin	yes	1311232	82b8b0961b635c91bdd852c9dd871b473b63ea027834f9e15bb93ae21b15f035	ok	image/png	911788	800	588	9a94c12b1a1eef39b84fe03d6fd67d916d5b6952ebd4ef2676cbbf6c684016d9	2	2	1	17ab12fbc626d5b18d9a29e83cc60dcc12718f1001492aee60f52629115b3ee1;17ab12fbc626d5b18d9a29e83cc60dcc12718f1001492aee60f52629115b3ee1	ok	rom_folder	17ab12fbc626d5b18d9a29e83cc60dcc12718f1001492aee60f52629115b3ee1
snes	809	geral	Donkey Kong Country	yes	2544888	6161bdae9b75c6181b82239b1e35d8a97acbfafc0a55694460f21756b6275eef	ok	image/png	1409190	800	584	7b17e95b535ab489d71a478db4a6f0a34082a42007153d586f697e5ddcd2812e	2	2	1	1010aa1ea4d4ff2178e52b4ead5e81a95baa5cd50582f367ae9e381b5451c2ab;1010aa1ea4d4ff2178e52b4ead5e81a95baa5cd50582f367ae9e381b5451c2ab	ok	rom_folder	1010aa1ea4d4ff2178e52b4ead5e81a95baa5cd50582f367ae9e381b5451c2ab
snes	130	pt-br	Donkey Kong Country (PT-BR)	yes	4194816	cdd94033448d9d60253c16ec400a24b6ea90ee46414e6d666ee1bcf40d30a0a7	ok	image/png	1030297	800	584	de0a4d933fbb5463ab06efec4e9c58858395f20e6fc39135d4118caa83ce1a8d	2	2	1	1010aa1ea4d4ff2178e52b4ead5e81a95baa5cd50582f367ae9e381b5451c2ab;1010aa1ea4d4ff2178e52b4ead5e81a95baa5cd50582f367ae9e381b5451c2ab	ok	rom_folder	1010aa1ea4d4ff2178e52b4ead5e81a95baa5cd50582f367ae9e381b5451c2ab
snes	810	geral	Donkey Kong Country 2 : Diddy's Kong Quest	yes	4194304	b79c2bb86f6fc76e1fc61c62fc16d51c664c381e58bc2933be643bbc4d8b610c	ok	image/png	1041954	800	588	ab5692fb1005aeb47cff7fb522a5de9cd4b37d2b9b97562325c1381128e2e1a5	2	2	1	550fb9bcbfe1ce9501dec9ba79c8a0233c8302d2e1036dcc5dbb79a336671688;550fb9bcbfe1ce9501dec9ba79c8a0233c8302d2e1036dcc5dbb79a336671688	ok	rom_folder	550fb9bcbfe1ce9501dec9ba79c8a0233c8302d2e1036dcc5dbb79a336671688
snes	127	pt-br	Donkey Kong Country 2 : Diddy's Kong Quest (PT-BR)	yes	6291456	27427bbd1741684d1c82b69a6be71870892032300c3470448db6aa4744aca99f	ok	image/png	903016	800	584	7b300a7bdcbaba8d6673350ca1f78ef6142ecb3cef4cdc4a70f968922bf9d9af	2	2	1	550fb9bcbfe1ce9501dec9ba79c8a0233c8302d2e1036dcc5dbb79a336671688;550fb9bcbfe1ce9501dec9ba79c8a0233c8302d2e1036dcc5dbb79a336671688	ok	rom_folder	550fb9bcbfe1ce9501dec9ba79c8a0233c8302d2e1036dcc5dbb79a336671688
snes	129	geral	Donkey Kong Country 3 : Dixie Kong's Double Trouble!	yes	4194304	2277a2d8dddb01fe5cb0ae9a0fa225d42b3a11adccaeafa18e3c339b3794a32b	ok	image/png	951931	800	588	718b1cf3ad4b7e785ea8e05bb2d6ce80adb987ec04aadd9414b5f1b02a81bed8	3	3	1	63f69fc29a98f7e49d1999b9aa8ecf1ea2c3f9fd57263fa59e39f4490b468991;63f69fc29a98f7e49d1999b9aa8ecf1ea2c3f9fd57263fa59e39f4490b468991;63f69fc29a98f7e49d1999b9aa8ecf1ea2c3f9fd57263fa59e39f4490b468991	ok	rom_folder	63f69fc29a98f7e49d1999b9aa8ecf1ea2c3f9fd57263fa59e39f4490b468991
snes	128	pt-br	Donkey Kong Country 3 : Dixie Kong's Double Trouble! (PT-BR)	yes	4194816	0855823797e91cf358d1be0c8d4dbf280cafa9c3ccc4825e8b17203449e828ca	ok	image/png	951931	800	588	718b1cf3ad4b7e785ea8e05bb2d6ce80adb987ec04aadd9414b5f1b02a81bed8	3	3	1	63f69fc29a98f7e49d1999b9aa8ecf1ea2c3f9fd57263fa59e39f4490b468991;63f69fc29a98f7e49d1999b9aa8ecf1ea2c3f9fd57263fa59e39f4490b468991;63f69fc29a98f7e49d1999b9aa8ecf1ea2c3f9fd57263fa59e39f4490b468991	ok	rom_folder	63f69fc29a98f7e49d1999b9aa8ecf1ea2c3f9fd57263fa59e39f4490b468991
snes	132	geral	Doom	yes	2097152	d45e26eb10c323ecd480e5f2326b223e29264c3adde67f48f0d2791128e519e8	ok	image/png	1075860	800	584	6445d99aa8b171e7df61910e4d2129d7ead8b33c4b451bacbe9774838b9c53b9	1	1	1	1251eb8d97d2881f1bc9d8553a1983fea437cb972a08f580cb68dffbd3a16e2b	ok	rom_folder	1251eb8d97d2881f1bc9d8553a1983fea437cb972a08f580cb68dffbd3a16e2b
snes	131	geral	Doom Troopers : Mutant Chronicles	yes	2097152	8d4ada4f98464d176ae7f0fb8a20032056680f3241637a0f903f23f31f41ff36	ok	image/png	964777	800	584	f2be8df1b171c9921b5d12398db677b2455771c0b60ae3c5a6380896aca0be4c	1	1	1	dabd2c02d938db8c8276a684457d29146bb00c9f2538fb0ecccf7e1d54349e7c	ok	rom_folder	dabd2c02d938db8c8276a684457d29146bb00c9f2538fb0ecccf7e1d54349e7c
snes	133	geral	Doomsday Warrior	yes	1048576	bb915b286b33842e39e9022366169233a4041515c7ecc60ac428420b28e48dd5	ok	image/png	1138914	800	584	70bffb6c7bc07e7332d38771c7754c26ee3756646af9c4681353dd580c331d05	1	1	1	1e751494cfc63aa41739baeed7ecc4e32365626575ad01ebb5153afd43822a64	ok	rom_folder	1e751494cfc63aa41739baeed7ecc4e32365626575ad01ebb5153afd43822a64
snes	788	geral	Double Dragon V - The Shadow Falls	yes	1900231	0125f5360616d41dc6e52e56ccf8ab02a61eacd2c0c89795ae3bdf2856e7e780	ok	image/png	167849	400	294	77aa38833d93fb140627f1193e1930b1c6d17ab7ef5b286913d1e6596e5b13bf	1	1	1	c92b50284c02633b137c6981331cf90e32d3d7fb69cd0d80fa00a093ef5b2340	ok	rom_folder	c92b50284c02633b137c6981331cf90e32d3d7fb69cd0d80fa00a093ef5b2340
snes	134	pt-br	Dragon : The Bruce Lee Story	yes	2097664	9e774417c26dd3e8b9bdbb8c0daf243cfd7d7a1a27e580e4402a11cc52cd3fd6	ok	image/png	741756	800	584	85ec9d5b570a2f775243c9be917518659ddb5e59282b34186a49fafeef8e2e7d	2	2	1	6ffb79100084ba2e1b60bf12d5f8dda0439f9af4dddb2b23f776e398a5574fde;6ffb79100084ba2e1b60bf12d5f8dda0439f9af4dddb2b23f776e398a5574fde	ok	rom_folder	6ffb79100084ba2e1b60bf12d5f8dda0439f9af4dddb2b23f776e398a5574fde
snes	135	geral	Dragon Ball Z : La Légende Saien	yes	2097152	dd920a8f29dde8712a246a56d28ac0825d15c041d7f77f97dbeb37680751ce68	ok	image/png	630979	800	584	5bdffaf60676342489c1e3c211820fe84bb3a2187a450bee290994f8e659cafe	1	1	1	b7b98e866fa2204daaa68ab5e9bf03070d9ac395497ec3ec826880cbc6ee66c5	ok	rom_folder	b7b98e866fa2204daaa68ab5e9bf03070d9ac395497ec3ec826880cbc6ee66c5
snes	136	pt-br	Dragon Ball Z : Super Butouden	yes	2097664	1999b98b86ac9c29363778799e9f368a4da3a656e002f31a4c6a7f87583a429f	ok	image/png	565972	331	600	c0a47f3fcc8263535f6d6ec6735f1635825ac4c1a29e052df12adc09c54727ee	2	2	1	08aac0236bc765eb6e770957636666bef2d7b1a7f43c438df5b0f6fa444f90e9;08aac0236bc765eb6e770957636666bef2d7b1a7f43c438df5b0f6fa444f90e9	ok	rom_folder	08aac0236bc765eb6e770957636666bef2d7b1a7f43c438df5b0f6fa444f90e9
snes	137	geral	Dragon Ball Z : Ultime Menace	yes	2097152	663116d015cad3398644608ca6f2506071ab23d38b03b4890e1a6caecb1a55aa	ok	image/png	574981	800	584	e83a59cf54fd1a90e3658bd3cfd5cb7c51a9e40b239862bf05d3a11db3ce2edb	1	1	1	cb457c038e728b3091fe1fa961c7a07092d45e2049cca14119bcfdcb80a72995	ok	rom_folder	cb457c038e728b3091fe1fa961c7a07092d45e2049cca14119bcfdcb80a72995
snes	138	geral	Dragon View	yes	2097152	a3b1cae3fe55fe52c035ab122e7f850640b0935524496d45b1915ca3c8a934f4	ok	image/png	899248	800	584	1de4c45a3ced5e8e24f62ce30fba6af326e9a3be7bf1760e7a4061772c125a06	1	1	1	ecbda23a108eacae960c58991c9200cf83931968b19472104c7de50738229d72	ok	rom_folder	ecbda23a108eacae960c58991c9200cf83931968b19472104c7de50738229d72
snes	139	pt-br	Dragon's Lair	yes	524288	c9d0314cfb983a14ca0bb75b5ed5b127bab6baa17b382d635755ccd59bba1a19	ok	image/png	1002416	800	584	be4498d89eeb1ba1ba023f47299480115264bbd136d062143c84a43cadf6a643	2	2	1	1dbd9101902d3290c0255e05f7608d209f2d6289b3f3feda6ac587ba79c2e4e7;1dbd9101902d3290c0255e05f7608d209f2d6289b3f3feda6ac587ba79c2e4e7	ok	rom_folder	1dbd9101902d3290c0255e05f7608d209f2d6289b3f3feda6ac587ba79c2e4e7
snes	140	geral	Drakkhen	yes	1048576	74910ce01d19d25cb97a243a51f21c3d522f02fb116682f60440da3292bb14f7	ok	image/png	991758	800	584	2ecb1f0b67699baeb0d71b1e8dc2a4ea3222cdbe29bad817cfd7e36cd43e19bc	1	1	1	1d17431f43938232422746d5287af9ae064f9e3d240dbc8eadfa39a3e53be905	ok	rom_folder	1d17431f43938232422746d5287af9ae064f9e3d240dbc8eadfa39a3e53be905
snes	141	geral	Dream T.V.	yes	524288	1a79d51a2ad7dd4848205a07ff8e5d873b155dc420de5e52158c9bab935e05c3	ok	image/png	883275	800	584	eb3d8358102b1295fd2e43b6584468e1b595a5a755326572c304bc56eb7e555b	1	1	1	434a25bd468d22121f054656b1d91312727bf2cfa61c5cdab281e0ea31abb3c1	ok	rom_folder	434a25bd468d22121f054656b1d91312727bf2cfa61c5cdab281e0ea31abb3c1
snes	142	geral	Dungeon Master	yes	1048576	2dfc2e037679a62a960dab9682bca6d1b2737f603edd336c8b2fdf05db10cc07	ok	image/png	958863	800	584	1ce06fc57884b42771fe2a5edb468d5013d9a0af08e878deb4b32f4a7edeca2d	1	1	1	30b7711c862af180b73299c0f897f140458d98761e8b26d83b763df6fead9813	ok	rom_folder	30b7711c862af180b73299c0f897f140458d98761e8b26d83b763df6fead9813
snes	143	pt-br	E.V.O. : Search for Eden	yes	1573376	629d542706bce82fbee03c96f8e8404d8cf033164b9435ed0aed09d89545a6e3	ok	image/png	1103754	800	584	fedb694e06c316582339aadb1e8ee665fbf80ebf870726da402ef89ccb340d11	2	2	1	8841e63248e60cafd443b55c991eb73dd99fc676d22330f28634880b20fd3638;8841e63248e60cafd443b55c991eb73dd99fc676d22330f28634880b20fd3638	ok	rom_folder	8841e63248e60cafd443b55c991eb73dd99fc676d22330f28634880b20fd3638
snes	144	geral	Earth Defense Force	yes	1048576	0408e3d9f2259044344a3bfbd7a7ca3c3427f82108fbecd6e5c4c41e80cd303b	ok	image/png	951458	800	584	1221afda34a520499d45b3848b6159002424ad195ecdd7f2f927aa210096db85	1	1	1	083e35a3091700ec46161586a9ccb4b63cee4905b4c904114afea7118e8059af	ok	rom_folder	083e35a3091700ec46161586a9ccb4b63cee4905b4c904114afea7118e8059af
snes	145	pt-br	EarthBound	yes	4194304	85bf2f6b423b783c69f027ff7807134728901ba4893d29409de97ffb02cd60ed	ok	image/png	999249	800	584	b6f414cae368bc4608fc705cf5c05c6875cd3f31e931c0f4c05c4c30cf8a9392	1	1	1	5b49560715cafbf6c1c6783374d5ac60a5667f5877788538334a67305cf444fa	ok	revista_root	5b49560715cafbf6c1c6783374d5ac60a5667f5877788538334a67305cf444fa
snes	147	geral	Earthworm Jim	yes	3145728	4579e437279f79eedd6b9cf648a814df2ab2c83d937a1bcec1578d28965fb9a0	ok	image/png	953800	800	584	deee686d69a6c12f810ba615f9f678a6b99ddf9da02a008c5a8d66b741fccb33	1	1	1	96ec4395f7aad9757f0c92475a007304aed1ac8d4b299acee00238f490455f44	ok	rom_folder	96ec4395f7aad9757f0c92475a007304aed1ac8d4b299acee00238f490455f44
snes	146	pt-br	Earthworm Jim 2	yes	3145728	da55823d4d60079b7d3db950cf082e52cb27e4ed3affb469253cbb4be9fdfaff	ok	image/png	973038	800	584	ca9135d7dd11e6c14c959833c7b0ee9b6cb42520d6cdb93d9d1fb98249ab8f0f	2	2	1	7ff2bff80cd545138485ac383629b601fb378d7c5ec8c3f9931ffc033a41fd1b;7ff2bff80cd545138485ac383629b601fb378d7c5ec8c3f9931ffc033a41fd1b	ok	rom_folder	7ff2bff80cd545138485ac383629b601fb378d7c5ec8c3f9931ffc033a41fd1b
snes	148	geral	Eek! The Cat	yes	1048576	5d658b63d35e2e0baf48ae3bb04ea5e1553855b34bb39fc2c7ca41fbd3894d52	ok	image/png	807135	800	588	2fdf7229e3f4d71ce0734a3de33bc19f5ad5a66e9347253a3cfe2d48607b1d2a	1	1	1	78236ef89cf0aa251ce67dc514717a9bcafa0d5fa3cae1cd0e61ce8450e38376	ok	rom_folder	78236ef89cf0aa251ce67dc514717a9bcafa0d5fa3cae1cd0e61ce8450e38376
snes	149	geral	Elite Soccer	yes	1048576	b296054effb1948039635044bc905fdf8ff53e7a73038fd5d8436a913ea5ad8a	ok	image/png	871050	800	584	e1e2488c86d992aeced88e502469ae34055aed668f77b7c8abd36ae746edda97	1	1	1	2815852a6aa7dfb40fc62b1a8c134aa01dee8b8dfc50a30ae3496129edf899a8	ok	rom_folder	2815852a6aa7dfb40fc62b1a8c134aa01dee8b8dfc50a30ae3496129edf899a8
snes	150	geral	Emmitt Smith Football	yes	1048576	f14e30ee452ec930a6d08094094b287d0c40c8108f2017c418015242987649b3	ok	image/png	910551	800	584	6564599d7b59279628cfed2b627c5dc571aa46c0a03c312ead122c8ea9630239	1	1	1	729eb44c978aa1f9df9c02b10a5c6798aae89b09c173db8166289e397b7c304d	ok	rom_folder	729eb44c978aa1f9df9c02b10a5c6798aae89b09c173db8166289e397b7c304d
snes	151	geral	Equinox	yes	1048576	cfd666f0bbabec59613d9fe189db7d0a060a78047bc084c0c365840769047bf2	ok	image/png	848357	800	588	edc958356556da5b1d2fe50eda1294c04ec10853c54b6c0a94a0acdad3f2c22f	1	1	1	2c6137c8d8a54a39315fee29b9bf09d6158f2dff32e3894043ea8833a1a4e2c3	ok	rom_folder	2c6137c8d8a54a39315fee29b9bf09d6158f2dff32e3894043ea8833a1a4e2c3
snes	152	geral	ESPN Baseball Tonight	yes	2097152	c702c3860e9dffdaa1917d013ecbcefdd2c47f89726992f7f810d879772dcc4d	ok	image/png	961429	800	584	d61a0d28e78bd307532f8f1ad3f9241d6cb5b80b640b7e9a3184ce34ae18a3a0	1	1	1	4dd002ba3898960e1e57edaf4d2eaa3f9ee288c3f2666a8435d7e84ab7eb3bd9	ok	rom_folder	4dd002ba3898960e1e57edaf4d2eaa3f9ee288c3f2666a8435d7e84ab7eb3bd9
snes	153	geral	ESPN National Hockey Night	yes	2097152	3326061160ad12c7aef5176544ec1c8ef2f534a51960ca882dbc7fcb9b1a7384	ok	image/png	829975	800	584	8b5dbfa027e1fdb891662c1caf61879e89a4713ef4b3278c27b92d4af408a498	1	1	1	f4a26e0ae07f8be5126f9ff2dea7e9c526057902437e78b4a138ef568047e56f	ok	rom_folder	f4a26e0ae07f8be5126f9ff2dea7e9c526057902437e78b4a138ef568047e56f
snes	154	geral	ESPN Speedworld	yes	2097152	7b2fdab972e393395f5379d7fb13e40464db152f6acf58b2d2a6a18f81cefecb	ok	image/png	949118	800	584	e885f390481d5022346cf6e93da3bf575c7f193d7973f8f147867d423b3c25d0	1	1	1	975cf7619bf343b433ddec337f99d7e21410a6dca0658c32f03b5e66abbb73fc	ok	rom_folder	975cf7619bf343b433ddec337f99d7e21410a6dca0658c32f03b5e66abbb73fc
snes	155	geral	ESPN Sunday Night NFL	yes	2097152	faf595b4671f005fa9367ba3fcd30dbff371bc7a9ca8bbfbc0ebfcc5826b60f8	ok	image/png	889846	800	584	cc22ebc669e58f0524596e3f331bdc254ffdee0d00b2ab801ec00aed88186e46	1	1	1	e6f897fc9e3194ed4c4960a0b75579347e467669442e5c4a4944f9553ff035ab	ok	rom_folder	e6f897fc9e3194ed4c4960a0b75579347e467669442e5c4a4944f9553ff035ab
snes	789	geral	Exertainment Mountain Bike Rally	yes	1082977	a4bd4d4b4d1810cbd1e42d793916807d0d2b3a7b4980bbd998c75d7f4bbd201a	ok	image/png	224964	400	292	1b0994bf11c367fdc67b2058ccddfd520e9d9ac9564c98c475b7eb9b8fe295f7	1	1	1	e47492bdc88faec319cbc4da0ffc867149c83930a43bd4f89a6197010ffa78a2	ok	rom_folder	e47492bdc88faec319cbc4da0ffc867149c83930a43bd4f89a6197010ffa78a2
snes	156	geral	Extra Innings	yes	1048576	1576066e0cb771a91caf79e7d4f6dc00eb0daa47f0786f1604b32537429a7f45	ok	image/png	908365	800	584	0f84183461f7833afdc7e745ecbef32757a1aba2fc272d0981d25caa776b8920	1	1	1	358bed583de8fa269c85c6b1d90f7c3f1a268d8d893bfe3efadb0dea558f04f8	ok	rom_folder	358bed583de8fa269c85c6b1d90f7c3f1a268d8d893bfe3efadb0dea558f04f8
snes	157	geral	Eye of the Beholder	yes	1048576	0a8cd5101f849ccd4e40d55fdc4edce914b2825b69eb76ec31cf53b59719e79e	ok	image/png	993801	800	584	029104d8fec0b74bcba391da33ed16aa83d913f13a6fdb49c4bc3089f8dfb2ef	1	1	1	49060885bd744a8ee18c92409032578bc86a392c1d0ff38893d2f8c32ff1adea	ok	rom_folder	49060885bd744a8ee18c92409032578bc86a392c1d0ff38893d2f8c32ff1adea
snes	190	pt-br	F-Zero	yes	524288	2e085ce95b91d99296e80d8a86c779b6a9e4cd7551e1c805d20f9696ddb8e773	ok	image/png	911932	800	584	7c3a9c563d01264ade5f6aa317db6208e23cd1aed8fca653abf3a6c33d11fee0	2	2	1	9dea9a4d9f39522671ccf8a1faef021625b451e110414edcec9fc76c103e9268;9dea9a4d9f39522671ccf8a1faef021625b451e110414edcec9fc76c103e9268	ok	rom_folder	9dea9a4d9f39522671ccf8a1faef021625b451e110414edcec9fc76c103e9268
snes	159	geral	F1 Pole Position	yes	1048576	55c33efb514568c9946c4b866c160ed190fe436faee265ee2fb107f7fe94d524	ok	image/png	905673	800	588	45d70df18c36d10a1a1d32429da2651ea88f39f5a1caeb0f7f37318649d979c2	1	1	1	0422782c5d18494ce0692fcdc7de19d6db37591da0e4f5df7f44e258982a91c3	ok	rom_folder	0422782c5d18494ce0692fcdc7de19d6db37591da0e4f5df7f44e258982a91c3
snes	158	geral	F1 Pole Position 2	yes	1048576	96c44107a3d16e777592ed287e7acaa49eee82e6cc85a49c6707e09286275380	ok	image/png	863577	800	584	ced189b4ce27b86e0f0d0393180808beaa1e21d21cdd105a75f79eb776f4e41e	1	1	1	ad5fde3af523c077e4118adc0086a5bb614464485cb65bea3d60bbb9457d53b7	ok	rom_folder	ad5fde3af523c077e4118adc0086a5bb614464485cb65bea3d60bbb9457d53b7
snes	160	geral	F1 ROC : Race of Champions	yes	1048576	1d38e3af9e3a6409e93f4705b68c42558f558c68f3e83ef2a40e46cf560b26cc	ok	image/png	910322	800	584	e87c4350356208216e9190d4f9729a6397744b745deaea1a566ef1e11d1b3018	1	1	1	9c98d1f1fbd2f4eb47d0877184af3c0ae8ad950b743e68580a6ed4fd184eaa42	ok	rom_folder	9c98d1f1fbd2f4eb47d0877184af3c0ae8ad950b743e68580a6ed4fd184eaa42
snes	161	geral	F1 ROC II: Race of Champions	yes	1048576	405c33f64701faf40963a4e6a2d0d69420e6751caf436387ddd3e145b25ed46c	ok	image/png	845136	800	584	a3040f20ac5da446ed999dddba06431fb11c42a40951d0088897e5127cdd48ac	1	1	1	21c32d5e7a52f975f44e355e3949bb89e25286f3b0c7bc4b369e7bc943291a27	ok	rom_folder	21c32d5e7a52f975f44e355e3949bb89e25286f3b0c7bc4b369e7bc943291a27
snes	162	geral	F1 World Championship Edition	yes	2097152	1aadabd64087bfbca5d8bbdf77bbe8949b7a494313ed3175a7e3511dfd398517	ok	image/png	719264	800	584	c326c3ddc32da6b662b5ac07b6db5f2b8932218f59b1c3f58893a9ecbcb2580a	1	1	1	410babe372beb2b7d72bc407b0eff9d50922e514cf77929fff5b5bc0f215c332	ok	rom_folder	410babe372beb2b7d72bc407b0eff9d50922e514cf77929fff5b5bc0f215c332
snes	163	geral	Faceball 2000	yes	524288	d689392884df91c2bb84b1411a96f3919b6c9cc8a583dff901a98f0d86d31c30	ok	image/png	788228	800	584	82cdc12b95445a220826241458b9edd06785dc0377b540033d2e14419333017b	1	1	1	225301733377e863f9ce2f0d9f681b5b2f752c5b7d74cb3f1ddf56bc574ac1e8	ok	rom_folder	225301733377e863f9ce2f0d9f681b5b2f752c5b7d74cb3f1ddf56bc574ac1e8
snes	164	geral	Family Dog	yes	1048576	2891f1eab285133364ecc379a5c9e1d0026d60f425f1a458d149014f386cfa50	ok	image/png	846674	800	588	aec4a7a81a4e90ad9ce7c5e3bf2b387df5ead83a2920c6313349907ed32b1f76	1	1	1	b856972cb82e723b7f2f91c0d43a93332a866c745bc84fca46c10e1d2d2fd67b	ok	rom_folder	b856972cb82e723b7f2f91c0d43a93332a866c745bc84fca46c10e1d2d2fd67b
snes	165	geral	Family Feud	yes	524288	d5c651d726dd957b80d03ab6fdbed4cdd26a3cccf5ec9d91af67251b3ec26a3c	ok	image/png	678181	800	584	da9d0fe3393f38cc4720ca75581459d8bead2aee1517844a789a4901a138fafe	1	1	1	55631e685f2b028db27762f9689ce583dc9cbea2ad577c99b5fcf42d372a61cf	ok	rom_folder	55631e685f2b028db27762f9689ce583dc9cbea2ad577c99b5fcf42d372a61cf
snes	166	geral	Fatal Fury	yes	1572864	c92f389d25870aada3002775838ec9f69a988120c0238af885fd08d46bd94930	ok	image/png	847980	800	584	37d8450b7f526723f49ce23b9aed2c343d54ada860d8ebb17f0eab6519987fd5	1	1	1	347abad0ec2700b0f77c6f8511e3214aff7dcaf4503696e1ecd1bc2d05ea5961	ok	rom_folder	347abad0ec2700b0f77c6f8511e3214aff7dcaf4503696e1ecd1bc2d05ea5961
snes	790	geral	Fatal Fury 2	yes	1998166	9da8812d0326b330b035761baee9c431a7552be0e0bbb0139b575998661c1775	ok	image/png	182310	400	292	d1ea8d78405642fe49854b44d1b8a6b0a21062a03c21047217fc96383ad02741	1	1	1	07ee7fb383dbbc3ed51f824c78b28b34cfb45c452fe2f41025ba360d5a9e0264	ok	rom_folder	07ee7fb383dbbc3ed51f824c78b28b34cfb45c452fe2f41025ba360d5a9e0264
snes	791	geral	Fatal Fury Special	yes	3042582	e695d2d15fca36a63c76799207f06d12c5c79121c3ac7a11293d38161423fcfe	ok	image/png	498022	640	468	b833012819c32384fd32b467ecf092d50fb5c7cadda9c97d4088010e08de0d5b	1	1	1	932053114bdec3cabf0ae324023c3e892cf307c2fa2c133683f3396565bc69b9	ok	rom_folder	932053114bdec3cabf0ae324023c3e892cf307c2fa2c133683f3396565bc69b9
snes	167	pt-br	FIFA - Road to World Cup 98	yes	2097152	10b3b2d1caa0dd270e3703325fe2768f9825777a1e0820bea424218241bad90b	ok	image/png	517570	800	584	449712b2381cc512edc27a0337f1463d36a3dc382d1e34221ee9a8a347e764ad	2	2	1	85bfe91751b65ce8e75e913814cdc0c6764943e33fa525ab338d55670cfb7251;85bfe91751b65ce8e75e913814cdc0c6764943e33fa525ab338d55670cfb7251	ok	rom_folder	85bfe91751b65ce8e75e913814cdc0c6764943e33fa525ab338d55670cfb7251
snes	168	geral	FIFA : Road to World Cup 98	yes	2097152	067a3e51acbc477aaa40540009280f7e0c21ca2e769dd5201f897e3eab94ac12	ok	image/png	91554	400	292	3552c5bdd60f969bfc2b1524080e1e0a935f7e00e45a709fe87f83a760868ff3	1	1	1	85bfe91751b65ce8e75e913814cdc0c6764943e33fa525ab338d55670cfb7251	ok	rom_folder	85bfe91751b65ce8e75e913814cdc0c6764943e33fa525ab338d55670cfb7251
snes	169	pt-br	FIFA International Soccer	yes	1048576	30d41acadb034e4c36c9b31034eec32bec7d62cb732d398ff72354bef4a4ab1a	ok	image/png	846493	800	584	250eb7ee4d56fa4d185e1674a046d7996fecb6acb65deda1ef99b7ea4a58cd7b	2	2	1	c2f74b8d18abf44fb125bf8aa36af5d11227d501b7e856c8f105326f8385f336;c2f74b8d18abf44fb125bf8aa36af5d11227d501b7e856c8f105326f8385f336	ok	rom_folder	c2f74b8d18abf44fb125bf8aa36af5d11227d501b7e856c8f105326f8385f336
snes	170	geral	FIFA Soccer 96	yes	1572864	26ff143c2f1a4a16ca838cc4b5555e39bbe7208515dca8f1c4b1a00dec61cf09	ok	image/png	572786	800	584	e5386d4eea3c29ade261d9f4993c6020fba1393e95b150b721624b9f3af8991d	1	1	1	c20cd06725718f33a8956a938fe6cfdb598a0eb7a5f84bbc26c202a89db33d80	ok	rom_folder	c20cd06725718f33a8956a938fe6cfdb598a0eb7a5f84bbc26c202a89db33d80
snes	171	geral	FIFA Soccer 97	yes	1966080	c514f855ad377242582952eee95513a2152ebbf6bb5b06bdf9f031fc5ac748ab	ok	image/png	681303	800	584	c89881378e1fdf436f4b2e37c44d24f0e0379c7807fffb8fd15b702abb5f5779	1	1	1	7ddc4520675bc4f3e19cb6897b5621ed8f23d000a40a8e4786e384336d877a23	ok	rom_folder	7ddc4520675bc4f3e19cb6897b5621ed8f23d000a40a8e4786e384336d877a23
snes	792	geral	Fighter's History	yes	1846750	cbb256a2aa76164dfbdc659820e3e35dba19673c61197aa0b28da00ebed7407e	ok	image/png	168622	400	292	4baa68fd7afeea817c0581d7161d4f29c4fd6f3e9548dbc1d5165c272749ae5a	1	1	1	ef0a4f88ea94ff987c2dc10331e670a3b7090f19aa8066dcd8ea0afb16e2dd0a	ok	rom_folder	ef0a4f88ea94ff987c2dc10331e670a3b7090f19aa8066dcd8ea0afb16e2dd0a
snes	172	geral	Final Fantasy : Mystic Quest	yes	357551	c3ab9ca2b74db9816d86ba339d1d7da1df4abe589c4743cdf77e44c166a80d2d	ok	image/png	1215328	800	584	d3008b68f584646317fc85d5f2c9d5ec7e6ecdb190f22f3dde1a858bd49b2786	1	1	1	39ae6212ec412cc046d3d1920c8144577e31a4b6c9f80e26b30a12b650b3e936	ok	rom_folder	39ae6212ec412cc046d3d1920c8144577e31a4b6c9f80e26b30a12b650b3e936
snes	173	pt-br	Final Fantasy III	yes	3146240	649244b881707cf80c90e058774e7f93c292832ed50ab6314a040d1abe8ca221	ok	image/png	1019742	800	584	979dec8f3414c6d833d2135dfbf968cd8566b7dbf2977d4f4e31fc9e9573204f	2	2	1	c5f1a7497474f48df052831f9280bf10c6a9baeb1749aba003dc38d3786ba526;c5f1a7497474f48df052831f9280bf10c6a9baeb1749aba003dc38d3786ba526	ok	rom_folder	c5f1a7497474f48df052831f9280bf10c6a9baeb1749aba003dc38d3786ba526
snes	174	pt-br	Final Fantasy IV	yes	1049088	0faa00f7dda473ae268ab854736dc88c8936dbaffc71d8d0a3bd72cc86e7abd3	ok	image/png	250422	331	600	beb04d9d2c94c972f69c37e4dbdae9d2fb9347e87e11640905680c30883a4b38	2	2	1	c6138786998d4147e69f18b77c28d489804364b8aad44ac0b4ca2f129cd20dcc;c6138786998d4147e69f18b77c28d489804364b8aad44ac0b4ca2f129cd20dcc	ok	rom_folder	c6138786998d4147e69f18b77c28d489804364b8aad44ac0b4ca2f129cd20dcc
snes	820	geral	Final Fight	yes	644295	a841db8563c9e68559a88f5893f466393ce87a98d4c613c44f83fe50dbce308b	ok	image/png	1056860	800	584	c23efe862ac572e7be520e701bb5a201a9cd961eec63ca3e32bec2bcf50dfa0a	3	3	1	be58a9639e5dfa34ae1f1824c74ca1085ec8c0320988e71ac388080698490ef4;be58a9639e5dfa34ae1f1824c74ca1085ec8c0320988e71ac388080698490ef4;be58a9639e5dfa34ae1f1824c74ca1085ec8c0320988e71ac388080698490ef4	ok	rom_folder	be58a9639e5dfa34ae1f1824c74ca1085ec8c0320988e71ac388080698490ef4
snes	179	pt-br	Final Fight (PT-BR)	yes	1049088	830f26504f99311db9242c8427c25cb74adee79248f922d302eaeda62f48c838	ok	image/png	1056860	800	584	c23efe862ac572e7be520e701bb5a201a9cd961eec63ca3e32bec2bcf50dfa0a	3	3	1	be58a9639e5dfa34ae1f1824c74ca1085ec8c0320988e71ac388080698490ef4;be58a9639e5dfa34ae1f1824c74ca1085ec8c0320988e71ac388080698490ef4;be58a9639e5dfa34ae1f1824c74ca1085ec8c0320988e71ac388080698490ef4	ok	rom_folder	be58a9639e5dfa34ae1f1824c74ca1085ec8c0320988e71ac388080698490ef4
snes	176	geral	Final Fight 2	yes	801540	c5cc5390b895b1d790da64845f654423b2adfe04c1158a114cb21fd7d338b007	ok	image/png	1044636	800	588	e21f2800fef97e18b1d069520a868b1be921784d36eedda5d6d189b1bdc13780	3	3	1	314a55192ae1fd44422bb39be475d5b7172a50ebabbd727bdd2865504ea76b6d;314a55192ae1fd44422bb39be475d5b7172a50ebabbd727bdd2865504ea76b6d;314a55192ae1fd44422bb39be475d5b7172a50ebabbd727bdd2865504ea76b6d	ok	rom_folder	314a55192ae1fd44422bb39be475d5b7172a50ebabbd727bdd2865504ea76b6d
snes	175	pt-br	Final Fight 2 (PT-BR)	yes	1310720	a37cbb30e886bcba9d0bb0356405d610d8b42e406c87806fd6d08e8cfa091362	ok	image/png	1044636	800	588	e21f2800fef97e18b1d069520a868b1be921784d36eedda5d6d189b1bdc13780	3	3	1	314a55192ae1fd44422bb39be475d5b7172a50ebabbd727bdd2865504ea76b6d;314a55192ae1fd44422bb39be475d5b7172a50ebabbd727bdd2865504ea76b6d;314a55192ae1fd44422bb39be475d5b7172a50ebabbd727bdd2865504ea76b6d	ok	rom_folder	314a55192ae1fd44422bb39be475d5b7172a50ebabbd727bdd2865504ea76b6d
snes	177	geral	Final Fight 3	yes	1833541	feeff1a4f48e17dece04751772b47310e53557628f5ca28d2dd620c347af0b26	ok	image/png	1093421	800	584	f731134f3ed3e4c7ec6a8e25d05fde4f189a0e82036667875e8c2ab20fba3f72	2	2	1	db9c6d2bc076402da5db8b62e856790be5af02523ffce8a98c8b6e51f66b83f5;db9c6d2bc076402da5db8b62e856790be5af02523ffce8a98c8b6e51f66b83f5	ok	rom_folder	db9c6d2bc076402da5db8b62e856790be5af02523ffce8a98c8b6e51f66b83f5
snes	178	pt-br	Final Fight Guy	yes	1049088	d568cd3f5c0715336b597b9349dc68638ea3706304dde99e503c1d2361598587	ok	image/png	723610	800	584	5ee5b0ba96aa62f48a7d5ceb0307759a71c746935fb2635b952659b3c9d8d56b	2	2	1	f89a4c98d49426e2bee59bfca4cab4238753182fb0f6e1d467a6555f461fb984;f89a4c98d49426e2bee59bfca4cab4238753182fb0f6e1d467a6555f461fb984	ok	rom_folder	f89a4c98d49426e2bee59bfca4cab4238753182fb0f6e1d467a6555f461fb984
snes	180	pt-br	Firepower 2000	yes	1048576	ddc8634dd7dc77f373f8baba0399cebf276d242ae41793b925ac565305ce5695	ok	image/png	998485	800	584	419f8216e6472ee5269476c40969bbdd0081775e828cc101d4b4151191fe5b64	2	2	1	562abf4cbe4f1667d61d2d5e671a5f0414c4e4b2e83c1f7c5c32d0cbb1d24247;562abf4cbe4f1667d61d2d5e671a5f0414c4e4b2e83c1f7c5c32d0cbb1d24247	ok	rom_folder	562abf4cbe4f1667d61d2d5e671a5f0414c4e4b2e83c1f7c5c32d0cbb1d24247
snes	181	pt-br	FireStriker	yes	1048576	2bd135bf13072c663aa70f8ec168a0a53dc1779394d22205ab4e723eec0eb8ab	ok	image/png	1003034	800	588	849231b9058389fac554a8e7ed5af8fe3bc0d0302c406d5327620ea007399211	2	2	1	b2e128c69f334502979dab497350c6f96725355787c758f46cef06fc9876f62e;b2e128c69f334502979dab497350c6f96725355787c758f46cef06fc9876f62e	ok	rom_folder	b2e128c69f334502979dab497350c6f96725355787c758f46cef06fc9876f62e
snes	182	geral	First Samurai	yes	524288	4c1354337efa788169387458fa6bdbcf4be0c98369920af2bd876ad98d29070f	ok	image/png	990960	800	584	3a3779adbbfbb9ef9be918e917a8b3ed1a62b9ce368ad2b10912bc931fdc2a37	1	1	1	228446183b9e6b7263eaed0d1f88960d6f316be61ba2c92026bb0c199393a6aa	ok	rom_folder	228446183b9e6b7263eaed0d1f88960d6f316be61ba2c92026bb0c199393a6aa
snes	183	pt-br	Flashback : The Quest for Identity	yes	2097664	211b5b021277969fd8bd5320a578369447e3361f88319b0e3392b45340999b7c	ok	image/png	697068	800	584	6cc871c15e3c1b11fa8e18e086e735a93a9199ffc6f49036cad0f6530b6e2363	2	2	1	77bb1b7f08e803b6cba95c950c3573e814de456ffc65e8a21704ab409e80b1d2;77bb1b7f08e803b6cba95c950c3573e814de456ffc65e8a21704ab409e80b1d2	ok	rom_folder	77bb1b7f08e803b6cba95c950c3573e814de456ffc65e8a21704ab409e80b1d2
snes	184	geral	Football Fury	yes	1048576	40b55ee44bc6f1c83daac3e1806dcf7ecd5b35280cdb6a63c7a5e52fbd2115e6	ok	image/png	1069223	800	584	b9ae7cc0c6d7e1539ed4605f86cfb9bbd8811f5fc50093ad0cb601da326043e6	1	1	1	4b2b72b8999f8830d1f325bf3ecef0dc65330d524e5e32cb57023c4be76584c4	ok	rom_folder	4b2b72b8999f8830d1f325bf3ecef0dc65330d524e5e32cb57023c4be76584c4
snes	185	geral	Foreman for Real	yes	3145728	bc6b0344a434644c391ac69a53c7720c51e2d3c5c082b8d78598ae4df100c464	ok	image/png	753037	800	584	18dd1137bb0c1fee6b61d8a1819c7d67813ea49895ef5fa2eae4a8818cd5aba3	1	1	1	6dedf2e783a499d30c521e283b55e50cde46913a2ef49306a2bd70a7faff4797	ok	rom_folder	6dedf2e783a499d30c521e283b55e50cde46913a2ef49306a2bd70a7faff4797
snes	793	geral	Frank Thomas Big Hurt Baseball	yes	1980387	5e8f7fdb658985d03a4e40b40a5963de88c2248899fcdb25be2dd64db6047a85	ok	image/png	167492	400	292	68e59e33926b932e5c002174bdc2486a8e544e363809a8a3e91f87fe823f06ad	1	1	1	d5f01c5eca3004154419458a68f30ca270a31280a534765994e4c11ccb67f81b	ok	rom_folder	d5f01c5eca3004154419458a68f30ca270a31280a534765994e4c11ccb67f81b
snes	186	geral	Frantic Flea	yes	2097152	25b380f529f5a9295df7c0adcc5213d67f131f552d078a3d8f545f988047c90a	ok	image/png	1094825	800	588	ca357ef886d1814e1d14d86078c6e6b58712a56c071028c73196dec296a91549	1	1	1	98970959310f89f5c4ab05f3118fcd796b6380d35cc86e833d172028f92b076f	ok	rom_folder	98970959310f89f5c4ab05f3118fcd796b6380d35cc86e833d172028f92b076f
snes	187	geral	Frogger	yes	524288	1ce72767795f41049a1f4d2829e837a8885eb91e1c14faf1ca62d05839ebe3c9	ok	image/png	731450	800	584	d96f8b372d06b43261d93e10326a0a0f17d426fc80f0d454081f984689f0c770	1	1	1	b82a84d4e5fdbe814658552b916adda7d98dadb09dc5d014aeb58102f8909d69	ok	rom_folder	b82a84d4e5fdbe814658552b916adda7d98dadb09dc5d014aeb58102f8909d69
snes	188	geral	Full Throttle : All-American Racing	yes	2097152	3db8a496a49d47b1ac2a893feaf682722765b2cde63c22af3aa68212dcfa975f	ok	image/png	825695	800	584	92119ed265899ac9245627f31f141656fec34047315390cceb569efe7c24f09e	1	1	1	585cb6f87bdc8d015937baf3bf455ee04169a3a7de2a34a407ed0834e314af53	ok	rom_folder	585cb6f87bdc8d015937baf3bf455ee04169a3a7de2a34a407ed0834e314af53
snes	189	geral	Fun 'n Games	yes	1048576	dcceb5be536c9b91bf34f65e7fcec4b55a78af0192323cf86f3b9555072037ee	ok	image/png	506641	800	588	6956bfb9ce4c690f7b1dc35f04727d1f4a1909fe8db6da13cb3e800ddf41fead	1	1	1	1593f1a43cf40f48c966b644d23d26ae4873c3a0d155341583b4fa403fdc81d2	ok	rom_folder	1593f1a43cf40f48c966b644d23d26ae4873c3a0d155341583b4fa403fdc81d2
snes	229	pt-br	Futebol Brasileiro '96	yes	2097152	1ba757806c40daa996e93649e6e25f0e8b772566713771ece132620986521c7a	ok	image/png	206521	400	292	95ed88db4069f862c373ea35ea3aeeaa453ad0881afe2899d5928fb65342f3da	2	2	1	9f98d24d3e4d274ab69f97b225875212dbfd9395ca2ed7234442bca5be2e1b77;9f98d24d3e4d274ab69f97b225875212dbfd9395ca2ed7234442bca5be2e1b77	ok	rom_folder	9f98d24d3e4d274ab69f97b225875212dbfd9395ca2ed7234442bca5be2e1b77
snes	230	pt-br	Futebol Brasileiro 2007	yes	2295552	8d173a5954f811fb7d222115140c53f819c279d3f9aa88fe4dca1a676248bf0e	ok	image/png	1191309	800	584	48bf071b52cbc79b574fdb740611e64febd228f1c91c1b09e06c20b9c762fdbc	2	2	1	9f98d24d3e4d274ab69f97b225875212dbfd9395ca2ed7234442bca5be2e1b77;9f98d24d3e4d274ab69f97b225875212dbfd9395ca2ed7234442bca5be2e1b77	ok	rom_folder	9f98d24d3e4d274ab69f97b225875212dbfd9395ca2ed7234442bca5be2e1b77
snes	231	pt-br	Futebol Brasileiro 2008	yes	2295552	e6366a499b681f1d7319856301c39b7272d08bd345696935c98049d4197db26e	ok	image/png	206521	400	292	95ed88db4069f862c373ea35ea3aeeaa453ad0881afe2899d5928fb65342f3da	2	2	1	9f98d24d3e4d274ab69f97b225875212dbfd9395ca2ed7234442bca5be2e1b77;9f98d24d3e4d274ab69f97b225875212dbfd9395ca2ed7234442bca5be2e1b77	ok	rom_folder	9f98d24d3e4d274ab69f97b225875212dbfd9395ca2ed7234442bca5be2e1b77
snes	191	geral	Garry Kitchen's Super Battletank : War in the Gulf	yes	524288	1735f790ebcfa1bed2430aecde3abaf24c88ff99aa0186736f8f36b674bc9350	ok	image/png	706509	800	588	36a5ed214d1307f7dfda78dc280587e1807945051d91caee6187995216ed0ccd	1	1	1	f997aeb32befdc834e7419d114078db75b1035bd08ec448fca3e8a5048b2617f	ok	rom_folder	f997aeb32befdc834e7419d114078db75b1035bd08ec448fca3e8a5048b2617f
snes	192	geral	Gemfire	yes	1048576	78e2b8210d8dd8776ee23153eb3dce2cbf7d8ddc3e8a5d25b580428f59d98bdb	ok	image/png	1060779	800	584	6ec91891cc00f020bb4fd752f0ec05fd89500ce6acd7d5c6fe75e6c5aea49f07	1	1	1	e871f20f6e3652e18ec0b3df882918e8379435ca04376c718afb156d1b4a3742	ok	rom_folder	e871f20f6e3652e18ec0b3df882918e8379435ca04376c718afb156d1b4a3742
snes	193	geral	Genghis Khan II : Clan of the Gray Wolf	yes	1048576	05e9404bfe0689e484a34991f22712c9da718cf000b0f748378af5758b654a3d	ok	image/png	1009319	800	584	236589edfd683d83747163a5c1e2374148048c80f435a1db85ebcc4e1e6e0f66	1	1	1	d5a7bd937ac64aa65102d745f06b7f62748313e2187bb189061661c4ac5a5275	ok	rom_folder	d5a7bd937ac64aa65102d745f06b7f62748313e2187bb189061661c4ac5a5275
snes	194	geral	George Foreman's KO Boxing	yes	1048576	fdafaa77f01a9a692411e27b3fb6045b247e5d625679b941d317a7b105f437d2	ok	image/png	824039	800	588	13549826a869a1f65e1ed34e9db8c4ca9867064ddbbea2b6e9b5185510fa28e8	1	1	1	350efad44af08ee480ef460ab80f271affdbd0bdfd16fb447ab35c0bb6356cb2	ok	rom_folder	350efad44af08ee480ef460ab80f271affdbd0bdfd16fb447ab35c0bb6356cb2
snes	195	pt-br	Ghoul Patrol	yes	1048576	1230f72a7e27d68bde3226ef03585f24ad6eab8626336ec7c75d359295712797	ok	image/png	895072	800	584	00ab5fc59969ecc57fe3bba5219f90ed42e8552a7db9a918d940b1282799f0db	2	2	1	5e7ad73c144bcdbb4ee76fc4c7dbe70bb0f2d45a806f4dca7aec2dce365f68f0;5e7ad73c144bcdbb4ee76fc4c7dbe70bb0f2d45a806f4dca7aec2dce365f68f0	ok	rom_folder	5e7ad73c144bcdbb4ee76fc4c7dbe70bb0f2d45a806f4dca7aec2dce365f68f0
snes	196	geral	Goal!	yes	1048576	feff03cfa195512ad87dc876012d70520cf192e2874c518b6dbdf3d876ea60c4	ok	image/png	573773	800	584	a46e66d6e5666f4947dd443bc807a510de645cc2466050c7e9c4a0d1d3d6811c	1	1	1	efb1e88aed5f50b93f555d54bd40819ba5cfe763e98f52b33a2a81d206975ce7	ok	rom_folder	efb1e88aed5f50b93f555d54bd40819ba5cfe763e98f52b33a2a81d206975ce7
snes	197	geral	Gods	yes	1048576	8796ca4de3aeffd3a494fe28e7d7e2aeb220ca652b43684f29e2cc94f02c20c4	ok	image/png	947875	800	584	fc05f35103be76c911374917d8ee8f562d83f762d92ef4cf23496b4f235a4d3e	1	1	1	e3116e87ad5c41018db81922e26acf49827e2584ba4cdf36a65435e4d376e788	ok	rom_folder	e3116e87ad5c41018db81922e26acf49827e2584ba4cdf36a65435e4d376e788
snes	198	pt-br	Goof Troop	yes	524800	ba4cfaedebde0a8a73f91ee2536b722b7e20094bf85feb231b9421234e7e4b98	ok	image/png	912955	800	588	160d069092ff85fd89b94f626901054fef7005b197330cb37c2d8ccafaecb12a	2	2	1	9e8b368862794b4ce8384f8d63e9421815e3f72e239a9b703e7378796b24dca9;9e8b368862794b4ce8384f8d63e9421815e3f72e239a9b703e7378796b24dca9	ok	rom_folder	9e8b368862794b4ce8384f8d63e9421815e3f72e239a9b703e7378796b24dca9
snes	200	geral	GP-1	yes	1048576	342ddf438aec3f0696de8f2cd74bb7f48a956f488f1246eeccaff5ef246ca50b	ok	image/png	817213	800	588	16817191733d564a8e470a1ca7171cfdcfdafbacfecfe12db08bdf0dc240051c	1	1	1	ac85018086d3a7abf908bf6e26543b38452c6d8f1f29bd27a97a53983ec47236	ok	rom_folder	ac85018086d3a7abf908bf6e26543b38452c6d8f1f29bd27a97a53983ec47236
snes	199	pt-br	GP-1 Part II	yes	1572864	11eebbe2207891be119e90ab7167e217bf36dfc6fa47fe924c66b9cc87a6095d	ok	image/png	984639	800	584	c00e192ec373f7f4273656d3d6cf35f5f1d7def436fece6e4bae9785e02f8368	2	2	1	05e0be04e758fd5221d293a0425c639767bc77b949b43cba08e25943581ebc36;05e0be04e758fd5221d293a0425c639767bc77b949b43cba08e25943581ebc36	ok	rom_folder	05e0be04e758fd5221d293a0425c639767bc77b949b43cba08e25943581ebc36
snes	201	pt-br	Gradius III	yes	524288	075ca8e0a97847be219d5c470346eb2fe889c312e23bfbdafa85d11ec4ffecf4	ok	image/png	956634	800	584	4c70dbca6d8090dfd204e4f97a91bd77c718181c4181f90da7872b45e9417484	2	2	1	ca21a76fc587cc4e7a99993bd33543b6482b9192102bcd9bd63af83a8965fd4f;ca21a76fc587cc4e7a99993bd33543b6482b9192102bcd9bd63af83a8965fd4f	ok	rom_folder	ca21a76fc587cc4e7a99993bd33543b6482b9192102bcd9bd63af83a8965fd4f
snes	202	geral	GunForce	yes	524288	f921297c361f16ad3f1257e91829638fc795f9323172015d7237ed648c8f7515	ok	image/png	960012	800	584	000a452bf0a8379240482c32add28d6ce5d357b0fb420e61a96b62e11a7e0692	1	1	1	3bd6bb6c9e51580fa6d6966e7d6a008294498e758211cfc3b0c8c6e55e37fc2c	ok	rom_folder	3bd6bb6c9e51580fa6d6966e7d6a008294498e758211cfc3b0c8c6e55e37fc2c
snes	203	geral	Hagane : The Final Conflict	yes	2097152	5a6deb5617e86a9f4b981031e939510e30c5c8ad047f5f012e40442113fd28c2	ok	image/png	1123656	800	584	ffbf653064c59f5f19fa78f908ab85661cdfde2311857be8088eaf2d53592a18	1	1	1	c1d2d3cde1b08597031b358654809f336098e70c2f229fd0fdc22c7376a256de	ok	rom_folder	c1d2d3cde1b08597031b358654809f336098e70c2f229fd0fdc22c7376a256de
snes	204	geral	HAL's Hole in One Golf	yes	1048576	de1cf1512e48473b03adb87b7504f394e8b330b346bac24044f833d83609799a	ok	image/png	943134	800	584	cac76c497e5bffdffeefc6e7165f6063a9db1b1f2dab55529d160a65bc748fc6	1	1	1	973c45b33a70494b8974066f28f599b0a9556bc1b17d500559594600ccd48fce	ok	rom_folder	973c45b33a70494b8974066f28f599b0a9556bc1b17d500559594600ccd48fce
snes	205	pt-br	Hameln no Violin Hiki	yes	1572864	1ca6b7f8b5ef8ea7bd1e4a73c104e352d2b8634bda4995d4f881db7474300e5e	ok	image/png	609474	331	600	1f1e31bee63371f97eadd21428ff7ddb04675a258f14e09374fb4a4eeff9e241	2	2	1	5e802dd1d1c311179ba1abed4152217c35370851b726a03c839c5f309cc1c131;5e802dd1d1c311179ba1abed4152217c35370851b726a03c839c5f309cc1c131	ok	rom_folder	5e802dd1d1c311179ba1abed4152217c35370851b726a03c839c5f309cc1c131
snes	206	geral	HammerLock Wrestling	yes	2097152	21cd6d749674c55342f5f1a895642d4b58b9bd7eb211f5df3a35dc6c2f5d4501	ok	image/png	825369	800	584	c569a3893d0942d07d5334f21468b5d119d63edeca1a85201983785a4bf8cc18	1	1	1	2cdac8facc770a38d8b46217c82d3371b0f75bda4d802087a2fd275fd8ec127f	ok	rom_folder	2cdac8facc770a38d8b46217c82d3371b0f75bda4d802087a2fd275fd8ec127f
snes	207	geral	HardBall III	yes	2097152	4fb9b010e4b1dc166ab7995a6f9491114063b68aac344004b1edfc555951d959	ok	image/png	1030997	800	584	5bf8342d5099380b46337a9b05b16fd579e59969731c4a6f4633a2270c0f4e23	1	1	1	8b4fef04a603fc5eef0759b23e95cb4558538d4ab044538682b207a0628ce762	ok	rom_folder	8b4fef04a603fc5eef0759b23e95cb4558538d4ab044538682b207a0628ce762
snes	208	pt-br	Harley's Humongous Adventure	yes	524288	d6aba994a90cbdc76dfe8daa57b5364305eeab7e41cf9647a6d40485baffc4aa	ok	image/png	899172	800	584	3e3f611c5726292736397f852befd318feaa4bce884c9ebe23783f0ed53d0ca5	2	2	1	f420784274686114416903a731ca307d9aa9a5bcf3b2a0617da57df65e8f5eaa;f420784274686114416903a731ca307d9aa9a5bcf3b2a0617da57df65e8f5eaa	ok	rom_folder	f420784274686114416903a731ca307d9aa9a5bcf3b2a0617da57df65e8f5eaa
snes	209	pt-br	Harvest Moon	yes	2097664	23247f59718ff0013ce1da491ae9ed9dbabb3dcdf0d7bd1304d9598388b3b302	ok	image/png	983673	800	588	71b3072bef105da6a4597f4dd62dbb0b2046e9c8b1c9949a3d65380b357d2dbe	2	2	1	e84ca118771297d60e046ab1ee460a87adac86cc43eed96183119968e605c697;e84ca118771297d60e046ab1ee460a87adac86cc43eed96183119968e605c697	ok	rom_folder	e84ca118771297d60e046ab1ee460a87adac86cc43eed96183119968e605c697
snes	210	geral	Head-On Soccer	yes	2097152	9ff6bbcce7dc1f3bded96860a86698cab161d13ee167c57b5b114ac646eea0ea	ok	image/png	1035838	800	584	bcc32845f20d06e49ba03ccc96f58d355b3fc4b80d874148cc88752b5e25a313	1	1	1	a53a01b332561414dead62eacd1c68d7bc30edb2ea84882ccfc95f5c0bb6f0ca	ok	rom_folder	a53a01b332561414dead62eacd1c68d7bc30edb2ea84882ccfc95f5c0bb6f0ca
snes	211	geral	Hebereke's Popoitto	yes	524288	37714fb2bebe871bee8b45a9d7cb84762028b77985ab7474adaeacaf0d139910	ok	image/png	849437	800	584	6b3a2b4a87fe66c9a87a0ac01073a6e3d0066052fc69ccb2c4ec7215ded6f792	1	1	1	bce5ee021b6d5a11ad4a217cc29685385462b13075d40332352240568885f5f1	ok	rom_folder	bce5ee021b6d5a11ad4a217cc29685385462b13075d40332352240568885f5f1
snes	212	geral	Hebereke's Popoon	yes	1048576	3953097477cf8ec87589d3830586e98eb799a1383d40f5161f203a7561fcb939	ok	image/png	631499	800	584	2e6a4b8f12260fd3ca8a7dd5c236acdfc3420e81504b94e2a02a62302ad6608b	1	1	1	ddde02fabd47a899df89ebbfe183f4393f17536a79bd8b269ecf293bf9b780e6	ok	rom_folder	ddde02fabd47a899df89ebbfe183f4393f17536a79bd8b269ecf293bf9b780e6
snes	213	geral	Hit the Ice : The Video Hockey League	yes	524288	fa418618787145291201b3d9247048b2d7dfba37f6556dcb1d40db499124dd60	ok	image/png	993794	800	584	b4fcfa0b597ada5d845f68e48585e73db227aa5deb587a33e95e256d7a045863	1	1	1	fb6272b7a9ac4aa7100bd1e764237f693cff4554274aad86c640883398eed6ef	ok	rom_folder	fb6272b7a9ac4aa7100bd1e764237f693cff4554274aad86c640883398eed6ef
snes	215	geral	Home Alone	yes	524288	7c34908526db2a634216fab0276c42a8e4e22d59c728cd586200142a12dd2c2c	ok	image/png	503271	800	588	e54e42ce7b01f9782827e2c0987d162eaa47696d12627d78d3db42f3ee51b784	1	1	1	435cf1e93618b60cd2521cbad3149079dbc5a5b73d6538a85cba43941fcbb366	ok	rom_folder	435cf1e93618b60cd2521cbad3149079dbc5a5b73d6538a85cba43941fcbb366
snes	214	geral	Home Alone 2 : Lost in New York	yes	524288	27eaccb4eea93832639565a664bf3561ed5a11ac025d377a3f33262d851c1b2b	ok	image/png	758121	800	584	28d4fd61aa72994147a89659cfa88ce3d03aa003b0e226ce711855bf5841c062	1	1	1	ff91e6be3431968b66f8a879369d2ce081fd01209751e3259b8fdbb2a383bb28	ok	rom_folder	ff91e6be3431968b66f8a879369d2ce081fd01209751e3259b8fdbb2a383bb28
snes	216	geral	Home Improvement	yes	1572864	48a3ac52e2c9128abc2dc60e07817a51898e8a93be0d51d6f541a8635263a089	ok	image/png	1008938	800	584	a231ad0e46fefed0cff4e555e41c912b27fce9917259c3c625cd68ad2ab65445	1	1	1	f5c74a76f81cf84ab87e2da93b87d88457e802424d21e7d649cc17d2fd162470	ok	rom_folder	f5c74a76f81cf84ab87e2da93b87d88457e802424d21e7d649cc17d2fd162470
snes	217	geral	Hook	yes	1048576	acad4c594f156e0f30dec2532b35fcb3bab800e08263377634e2d96dfd055f3e	ok	image/png	1070245	800	584	8b975a0e56ed78d41fb3141d606c6d539b002932c8de52927500d48df21b581e	1	1	1	f4f192e650471734155597564fb55927cff8e9479cb53d4afd795c0868f3c1c9	ok	rom_folder	f4f192e650471734155597564fb55927cff8e9479cb53d4afd795c0868f3c1c9
snes	218	geral	Hungry Dinosaurs	yes	262144	0f6fc06bab813b9654de97fafd4f140368714c58e79130d15046a5a955fc3083	ok	image/png	834661	800	584	9e74435746bc01575e0fe18f54e6553706a52f866ad89f2ba1dcb74369627512	1	1	1	1c040e919abded0a2062aacd63a85ce6c763b677576aaba950c868c25b8fcad4	ok	rom_folder	1c040e919abded0a2062aacd63a85ce6c763b677576aaba950c868c25b8fcad4
snes	219	geral	Hurricanes	yes	1048576	41cc900d2461a8dc4706640e493885ddf85db04d8dffceebf7a0ed89cc983d8d	ok	image/png	596909	800	584	b965c2728b55eedc079006e75a354104cbc6ebbb4c52065d146deac3fd57fb12	1	1	1	b04a1e9b49a0c7fcbe184cd2cd61e40cef1854ffa6c934640a858e70cb1c9256	ok	rom_folder	b04a1e9b49a0c7fcbe184cd2cd61e40cef1854ffa6c934640a858e70cb1c9256
snes	220	geral	Hyper Street Kart	yes	1048576	dbfd93e36a86379e5e5ae9231752e6905180f55226273589b110382df3cf35f3	ok	image/png	765295	800	584	28040289e4de667d342abd9355002c21c3f33b90ee3785624e6622d8b35ae4fb	1	1	1	51008790cfedf4d1425a544f56908768abedb61e32a5cb335429f91efdc5e107	ok	rom_folder	51008790cfedf4d1425a544f56908768abedb61e32a5cb335429f91efdc5e107
snes	221	pt-br	Hyper V-Ball	yes	1049088	a7f7bcd0b3e2a4eb6229af80541aa609f75c0816e5c3180a7047edb32a7ed3c8	ok	image/png	747506	800	584	2facd516e74769cf33d4d477ecff05dc7b82ff5a0b4e5e2050053e34cfeb0b4a	2	2	1	84d4f08a84fd90212f1ec2083d762f752fbfeceabdc7e728b72073af808817fa;84d4f08a84fd90212f1ec2083d762f752fbfeceabdc7e728b72073af808817fa	ok	rom_folder	84d4f08a84fd90212f1ec2083d762f752fbfeceabdc7e728b72073af808817fa
snes	222	geral	HyperZone	yes	524288	f57c49cc3e4c5e34929e12658db0de8794265c517e42f3c518bb1466ba46f14a	ok	image/png	1086147	800	584	c3b2feee0c8c0789930b09e5d47de1bbe944fe601366f9f55ccabf5b2b2a0739	1	1	1	6846de7615c2c25d474349c2c8dcac922888ae7c5af82942d9aa215a57bacd97	ok	rom_folder	6846de7615c2c25d474349c2c8dcac922888ae7c5af82942d9aa215a57bacd97
snes	223	pt-br	Illusion of Gaia	yes	2097152	653945df492c7e628397677c594b47b0aac709f02c6e5d02d395396ffb18be66	ok	image/png	935015	800	584	605e2793f1754b3dd7f34b9735f8237ea7cc5fb1cef66194a0286a3c36b87f08	2	2	1	88b4f6d68fac8f29ac63194442c01ced7b447dbef416d2271be2544a0642def8;88b4f6d68fac8f29ac63194442c01ced7b447dbef416d2271be2544a0642def8	ok	rom_folder	88b4f6d68fac8f29ac63194442c01ced7b447dbef416d2271be2544a0642def8
snes	224	geral	Imperium	yes	1048576	4dc2b5de98e9109583d9b61b38d26a8216af4dba246ef71350122213630562d0	ok	image/png	1049770	800	584	919cdb09f1f8381adaa43c29bc6ab78e8afb3dfe5e1b48bcede229bbdca5d482	1	1	1	9172c311f825e58a86c577f20f49257a1e55cc0d1ca9aa7c39d6ae354552dcee	ok	rom_folder	9172c311f825e58a86c577f20f49257a1e55cc0d1ca9aa7c39d6ae354552dcee
snes	225	geral	Incantation	yes	524288	c41150c0e84055801377fb7cb273cc51ca442b269ca6287cadf514f553e34750	ok	image/png	966489	800	584	8bff13a53885d6e679c5fc6824a40b84643754143745a454a8f6ef24c4da0c7a	1	1	1	cacc2c8879ed6411f4f813ce733231dc493b34344e5aa16e59790bdce85ed587	ok	rom_folder	cacc2c8879ed6411f4f813ce733231dc493b34344e5aa16e59790bdce85ed587
snes	226	geral	Indiana Jones' Greatest Adventures	yes	2097152	cf611b40f9570e8fcfdc21db623965da62561e8ca82ded59e432ba6fb0bfb562	ok	image/png	914526	800	588	bf5aceac28b9af1345b70e452e6e2eaac5aef4761b412644e6ea76535a1a93ef	1	1	1	a54fdd0c80e7e04d1d792a07be2f6224663c6662e4ab21716a10cb83b24aaa90	ok	rom_folder	a54fdd0c80e7e04d1d792a07be2f6224663c6662e4ab21716a10cb83b24aaa90
snes	227	pt-br	Inindo : Way of the Ninja	yes	1048576	1db608add3eb584bbda4a348dd4a1b47f802453dfe1bf297c4202daaac62d9f0	ok	image/png	195672	400	292	676b1bf26a31fc2e67ecfca30af9db0021c51b0474edff605ff4874d70cce53a	2	2	1	4056d0e176ea025dab7d3436a890ba9ae3e188aeae3242e3649ad4d3a886a3da;4056d0e176ea025dab7d3436a890ba9ae3e188aeae3242e3649ad4d3a886a3da	ok	rom_folder	4056d0e176ea025dab7d3436a890ba9ae3e188aeae3242e3649ad4d3a886a3da
snes	228	pt-br	Inspector Gadget	yes	1048576	c7b1706a0ee96f3e0d65cd043c05966bfe3d5c57d08bbd2df3118817424adf82	ok	image/png	945992	800	584	e74e6c3f2d7988f622737ce971fe92a909ddb61d91bc5519984ee4e4ca84890a	2	2	1	3dc0a01fed6c4be423272856079171e14d9104ae3e86ab218bca732422c6ceee;3dc0a01fed6c4be423272856079171e14d9104ae3e86ab218bca732422c6ceee	ok	rom_folder	3dc0a01fed6c4be423272856079171e14d9104ae3e86ab218bca732422c6ceee
snes	235	geral	International Superstar Soccer	yes	1048576	6fe482f91a59a71992e14014a0a4e23fb866cf4e870c10d57c81b0c20ae6688e	ok	image/png	929681	800	584	2701c99d30288ca5a2e56ff1cd2bde44feaee27f57d940bfd1bdd5d363306307	1	1	1	ad55df56c3368331d782feb3b2d4b5f6e2da489706c9547caf36fc53dd00946e	ok	rom_folder	ad55df56c3368331d782feb3b2d4b5f6e2da489706c9547caf36fc53dd00946e
snes	233	geral	International Superstar Soccer Deluxe	yes	2097152	d2fe66c1ce66c65ce14e478c94be2e616f9e2cad374b5783a6a64d3c1a99cfa9	ok	image/png	206521	400	292	95ed88db4069f862c373ea35ea3aeeaa453ad0881afe2899d5928fb65342f3da	1	1	1	9f98d24d3e4d274ab69f97b225875212dbfd9395ca2ed7234442bca5be2e1b77	ok	rom_folder	9f98d24d3e4d274ab69f97b225875212dbfd9395ca2ed7234442bca5be2e1b77
snes	236	geral	International Tennis Tour	yes	1048576	4e8044b1e7a779685d6751351eef2391272ac8b2bd909edeecfc3d3c5a594bef	ok	image/png	890285	800	588	f3dd856f8e4309a9f4c866e8fd4036d6ae3dba4b049143c94ab2dfeef2bbdbe8	1	1	1	a535d5777b72a0363ec6728b025a530fe866b19b25316ce30bd726034f12daf2	ok	rom_folder	a535d5777b72a0363ec6728b025a530fe866b19b25316ce30bd726034f12daf2
snes	237	geral	Izzy's Quest for the Olympic Rings	yes	2097152	183af7d642b55d52cd594786ec2f031d033cc6c8c1a2a84a834e4ada04301b26	ok	image/png	969025	800	584	8b769d46ac9f4726eb1efd20ec01c7a0922bc79e5abf765338c03ecace6eb135	1	1	1	07b5ec7ffe88e4f38cdc5edeb86217d2634872d275bd44112d0b16fa67be8489	ok	rom_folder	07b5ec7ffe88e4f38cdc5edeb86217d2634872d275bd44112d0b16fa67be8489
snes	239	geral	J.R.R. Tolkien's The Lord of the Rings : Volume 1	yes	1048576	62557ee2a3fc3b5a3f59431f966eb61bb380ba983ef6c7742cb55cf075f15f6c	ok	image/png	149323	400	294	b1e0d17eb6dda736d53afc273dbae4b042c0e70e0f25f25e596facbc71f6153f	1	1	1	2045a9597b1e52b92bcd1fded7c802bbe04bcab5457e7d70c0ae487ccf5034f9	ok	rom_folder	2045a9597b1e52b92bcd1fded7c802bbe04bcab5457e7d70c0ae487ccf5034f9
snes	238	pt-br	J.R.R. Tolkien's The Lord of the Rings : Volume 1 (PT-BR)	yes	1048576	60917fd769be66ccb41d1bbbc332439628b527d1706c71f91467834bacdc95bc	ok	image/png	752428	800	588	b32eb0abee6483d7e753b33260cd83fa462ec8f60a8c3e2a4cf1f73f18cc1859	2	2	1	2045a9597b1e52b92bcd1fded7c802bbe04bcab5457e7d70c0ae487ccf5034f9;2045a9597b1e52b92bcd1fded7c802bbe04bcab5457e7d70c0ae487ccf5034f9	ok	rom_folder	2045a9597b1e52b92bcd1fded7c802bbe04bcab5457e7d70c0ae487ccf5034f9
snes	240	geral	Jack Nicklaus Golf	yes	524288	3ffbb6e0ccf8e9f5e4c72d9fe526a16371e562b71a91d6430e562bf358a5126b	ok	image/png	816640	800	588	77a711b4bf5463711a52e90395922b55b1a368fcc218d9ab90eeafc88bf1e1cb	1	1	1	fcd41656e3b4f93cb873d1bcfb39d8c7baa97fb5f4925521f1993380c8e0173b	ok	rom_folder	fcd41656e3b4f93cb873d1bcfb39d8c7baa97fb5f4925521f1993380c8e0173b
snes	241	geral	James Bond Jr	yes	524288	9cf82dd9a851cdc38bf2afc286c077ff18a0a5d3bb301eba606cc52db62f8965	ok	image/png	656533	800	588	4d419f6f56fce8cf39384fa34b13e931cd0318aef16924d51dc279c253c6b326	1	1	1	871f39c6b01a4563fbac885b813bc9b2a37b52a71a385414809c4453ba7b4912	ok	rom_folder	871f39c6b01a4563fbac885b813bc9b2a37b52a71a385414809c4453ba7b4912
snes	242	pt-br	Jelly Boy	yes	1573376	f44078ad04653ea0a2634f95f80e461e80589d95dd064a2dfafde2ad0991eba2	ok	image/png	721608	800	584	7c765beb3a13a9d12fb46e7b06a0d06944b3fa7831aa44a30cc9b7fc7b29602b	2	2	1	c6cb5705a37defe5477754789ee7ebf9c67964babeec367f3946f2004cdc14e2;c6cb5705a37defe5477754789ee7ebf9c67964babeec367f3946f2004cdc14e2	ok	rom_folder	c6cb5705a37defe5477754789ee7ebf9c67964babeec367f3946f2004cdc14e2
snes	245	geral	Jeopardy!	yes	524288	85e5f6fedc420925557092d728e1dc6b4e2042368fb78bf93c0df447f8c9c0c0	ok	image/png	691460	800	584	935907aad0f945b148a168026a53c61821ce8a9e835e8597622c1f4cd9580f1f	1	1	1	133942417ec76e81a2cb49c74dbbd7237ee29deb4ed4f68f3a2f4cddbc1f3b0d	ok	rom_folder	133942417ec76e81a2cb49c74dbbd7237ee29deb4ed4f68f3a2f4cddbc1f3b0d
snes	243	geral	Jeopardy! : Deluxe Edition	yes	524288	76d760da59aa7fc2fd4426c1d1aec57412703ab901b9df60ac2be16ede80b0e7	ok	image/png	997984	800	584	60923786e52e5c5fab7e46913ed09eb68729d4ec4296e59dd4757657ff09c73b	1	1	1	8c41c9c888cd55121691dfb600206752df6ae874fcf15750f7f60b23f9e91968	ok	rom_folder	8c41c9c888cd55121691dfb600206752df6ae874fcf15750f7f60b23f9e91968
snes	244	geral	Jeopardy! : Sports Edition	yes	524288	d7110ddc0b34aa4ecd5e55f7b846657edb982db82cf0ba340fe0464daf0ca9be	ok	image/png	791793	800	584	4ae31adb0593c4135b2580cf65d49f25b265a4637b13595a1c092374e1b03952	1	1	1	b0865b06cd159bb392f50b18bd81c5b41376fc48d556f01d7ef0b790039d1612	ok	rom_folder	b0865b06cd159bb392f50b18bd81c5b41376fc48d556f01d7ef0b790039d1612
snes	246	geral	Jim Lee's WildC.A.T.S : Covert-Action-Teams	yes	2097152	a314583b11d594b8245b5177aa64a4d3b7497d096edabbea7c1842c57aa2ad2b	ok	image/png	764852	800	584	4eced117ec4f4215f5bd8c5666954a4f5d807e85a78cae65296723a7125ae8b0	1	1	1	e52e37822f4b6da09166e68b9805b85bce320f3ac50362a97908bacab19f47f8	ok	rom_folder	e52e37822f4b6da09166e68b9805b85bce320f3ac50362a97908bacab19f47f8
snes	247	geral	Jim Power : The Lost Dimension in 3D	yes	1048576	6f0bec87ece503b0fbe108cd159ed6f5fa7711b1c4fe31e982af41ad5c638093	ok	image/png	880564	800	584	8419c1e2110323b0b2a9c9a4caeb3eaedc9fc8b5d3eb7a4f80a555d1f4cf35ce	1	1	1	add51de26fac030336d813de6e07c2fd63584b25a95f3f5991af68eff686ae94	ok	rom_folder	add51de26fac030336d813de6e07c2fd63584b25a95f3f5991af68eff686ae94
snes	248	geral	Jimmy Connors Pro Tennis Tour	yes	524288	205890f94e27e7c1b381124cc35c866351bafa906383e507cd17ccb9d1b68ffd	ok	image/png	944490	800	560	b084cefd577464760ba8b9c8c39442b8ba2abc5e3aebee187c4df89bde2e7873	1	1	1	42fbc5662dbc91735441d5d80cf21a15674ac1247df79e3c622a442e1f32e4bc	ok	rom_folder	42fbc5662dbc91735441d5d80cf21a15674ac1247df79e3c622a442e1f32e4bc
snes	249	geral	Jimmy Houston's Bass Tournament U.S.A.	yes	1572864	6abe908b4005a68d1f6e9a54339c94a33db41801890d8c058ce974fdab3d0bcd	ok	image/png	953651	800	584	09cbf68538560cefb0020c45b307d02a28cb2c37a655862b3e075d4eadc2b3e7	1	1	1	5f628ed800dba1c7ac051aebf058542597e5670cac559fe6dc773fffabfd3e99	ok	rom_folder	5f628ed800dba1c7ac051aebf058542597e5670cac559fe6dc773fffabfd3e99
snes	251	geral	Joe & Mac	yes	1048576	3b2b8b813b58049a4a86ce1c42d2a651f19fd9bbab2407a494e20cf343d3c1a4	ok	image/png	841189	800	588	0743af10fdad7eab0747dab24fef1517bfe353dff44adb72918035ba873eee1e	1	1	1	bc4fa9521cb4dd052e5ed45f3b3d2f1aaf4866198b96c73fb5e51f9ba29db763	ok	rom_folder	bc4fa9521cb4dd052e5ed45f3b3d2f1aaf4866198b96c73fb5e51f9ba29db763
snes	250	pt-br	Joe & Mac 2 : Lost in the Tropics	yes	1048576	fe42f1e3bf2ec483d0ebeadffc3e4a06582a50261eece45dd8ba4644912125a3	ok	image/png	1172997	800	584	e1701265a78eb3b3c4bdf3dc623cd76ba8e08b78272b41c4067d80d507ff6b72	2	2	1	4f7836894b769727396988e39557b717440638e255e2aa144a64147ed191f6ee;4f7836894b769727396988e39557b717440638e255e2aa144a64147ed191f6ee	ok	rom_folder	4f7836894b769727396988e39557b717440638e255e2aa144a64147ed191f6ee
snes	253	geral	John Madden Football	yes	524288	5a76347672ea7d27bb334b1e30bbc73e06f92373883bed499245377327a8f0cf	ok	image/png	769348	800	584	175325f46144f91e479d12b1eca1f6dd13d9979e2745c2d2cb2b0cba837fc775	1	1	1	19ca369c6abe4be3198bd8aaafb0955bbeaa44c3f55df355abbd70c41560a2eb	ok	rom_folder	19ca369c6abe4be3198bd8aaafb0955bbeaa44c3f55df355abbd70c41560a2eb
snes	252	geral	John Madden Football '93	yes	1048576	deb4e1cae7d1a3d83d4eff009ea70d3438ecc0db040e11d4250ce1adc3e52f03	ok	image/png	865593	800	588	0f8475a681148051d13461612e8ed079d2389fa1cf672db6e5752e06538a31b5	1	1	1	ec3f44d2569d749ad390e8679560911c71d06549c69cd46e538ab963c86e33ab	ok	rom_folder	ec3f44d2569d749ad390e8679560911c71d06549c69cd46e538ab963c86e33ab
snes	254	geral	Judge Dredd	yes	2097152	67fa7115eb6bf292c024c3a8b06ce9bd457c4d46de182a06a573afff968cc0f1	ok	image/png	764398	800	588	61c25a08ea0d27f6bf7e96a5b12639862702ff74d15f82feccd1b05bbed1332d	1	1	1	b4c65151104a27297e3c57114643395c9f307084cd6f93575313658d7f2d2185	ok	rom_folder	b4c65151104a27297e3c57114643395c9f307084cd6f93575313658d7f2d2185
snes	255	geral	Jungle Strike	yes	2097152	8d812ea4fa897274116f7f43bc689e110f1cfbd3f7eb3a1737c2a85d36369159	ok	image/png	987271	800	584	b315ddd3ed8fe61847d63444fd60c4878d8c8ed0428ba6648c3c1326c5ffa484	1	1	1	35d6fbe09c313b43781b380d21d85a27e4e0107eca6669f4e48c6c601f504710	ok	rom_folder	35d6fbe09c313b43781b380d21d85a27e4e0107eca6669f4e48c6c601f504710
snes	257	geral	Jurassic Park	yes	2097152	0a4e9d6fa2ac16aa51da5538d93280734de480e44c430173ed14826c84553c7d	ok	image/png	464271	800	588	db85bb357b07853b68668f54d681772b41262e6ea67511e376eb9d3a89c65752	1	1	1	32a362d282a46184949f714bcac83ecaa6e3db46ed6589ebda923fb12e7e0754	ok	rom_folder	32a362d282a46184949f714bcac83ecaa6e3db46ed6589ebda923fb12e7e0754
snes	256	pt-br	Jurassic Park Part 2 : The Chaos Continues	yes	2097664	f993c5e2f497e069c1ee2f59bec42385b87d4c96d03551188805c3bb88fd5e23	ok	image/png	421437	800	588	b17de6bb3c7441b3780ce449ac815d8b76ad4650a6e32096f8f7d63683082dda	2	2	1	45168e76ea3c1b4450f67fe89f5c9a6288d0f77ed9066e71fdafc11ca85bac80;45168e76ea3c1b4450f67fe89f5c9a6288d0f77ed9066e71fdafc11ca85bac80	ok	rom_folder	45168e76ea3c1b4450f67fe89f5c9a6288d0f77ed9066e71fdafc11ca85bac80
snes	258	geral	Justice League Task Force	yes	2621440	7f05959f423bc656091ea3bddfbc89c877ae243dca346f63233e27973f34e0eb	ok	image/png	972117	800	584	b38e29f54feb023d5917268a8972a76ab6d872bcb7cf37067bffbda6cf18a98a	1	1	1	c7a02ac1851c3483ba5717ca2c0ee94a31ac2dc7fa9ffa9eb44648170b0be112	ok	rom_folder	c7a02ac1851c3483ba5717ca2c0ee94a31ac2dc7fa9ffa9eb44648170b0be112
snes	259	geral	Ka-blooey	yes	524288	05152bcf9bf086e7bcdbfa7dd8edfe2085f1339c4d7e193e0071c49a10471ef4	ok	image/png	556537	800	584	cc3ed384e3b57ffb19dc8033d55391ed3096f6c8655faf55dcbb8729e335689b	1	1	1	da7496ae02eaa29c3719e75f73541f231426cfcc87d38f56459130606e6309d8	ok	rom_folder	da7496ae02eaa29c3719e75f73541f231426cfcc87d38f56459130606e6309d8
snes	260	geral	Kawasaki Caribbean Challenge	yes	1572864	7cc3693cc5e1e834d57795f04b048fab27864a898a9507e7ca383771e2035414	ok	image/png	738119	800	584	25a385b76935efa4a5ccba45d3b2eceefdcdadd703a704cca90279b4258171d5	1	1	1	477363d4653352de65e905a0663825d604c9e77de169f1aaf903d2d5a77bdd5e	ok	rom_folder	477363d4653352de65e905a0663825d604c9e77de169f1aaf903d2d5a77bdd5e
snes	261	geral	Kawasaki Superbike Challenge	yes	1048576	fec6dd097e378e795dd164be658b10b1c60672b2351a7f4a7722d1fe5736410e	ok	image/png	921692	800	584	9265d41f3b0ff8e7c55a3cbac3246c9bc208c94530737c6f488d459ac62ea403	1	1	1	758bd74b8d1467d4e9746a7177019de359401f27c7e15e8149d3570fc7c5855f	ok	rom_folder	758bd74b8d1467d4e9746a7177019de359401f27c7e15e8149d3570fc7c5855f
snes	262	geral	Ken Griffey Jr. Presents Major League Baseball	yes	2097152	3104d6c06c8909c56f6adb2faecf1b4382f2490370798b605631da926c5306d8	ok	image/png	984668	800	584	0919e6ef725b6e1d99833a0b152a910b0ad0dde977ef610253eaacb3bb0d181a	1	1	1	c039fe573574b4352cd9b37271b103de289ebb899be1bdfaacb41681b2a1a4e3	ok	rom_folder	c039fe573574b4352cd9b37271b103de289ebb899be1bdfaacb41681b2a1a4e3
snes	263	geral	Ken Griffey Jr.'s Winning Run	yes	4194304	18b5276be764c06531219c1757d40214aeec06fae68f4ce3ec78b58ee750a43e	ok	image/png	1014013	800	584	b42717edd6221731c15851cd4e0f14ffb6598b67623199074083bfbe1bf0bcc7	1	1	1	21e0330bd9b34ce7bbc35b087218a7faed3a818cf64216711b6d6e28fd333c71	ok	rom_folder	21e0330bd9b34ce7bbc35b087218a7faed3a818cf64216711b6d6e28fd333c71
snes	264	pt-br	Kendo Rage	yes	1048576	5842f0ee449d7dc23939ef041270e8b8bdd81877ea23453c63ee3b43635d590b	ok	image/png	863876	800	584	599cc2f489a47b47b34838df3df023ad913fe9706f5c019d8e58555b8b4e67c2	2	2	1	a39136646ef52cc926fe5b7eebd9e170253e26379cf7eecae08c0f1febf5fa17;a39136646ef52cc926fe5b7eebd9e170253e26379cf7eecae08c0f1febf5fa17	ok	rom_folder	a39136646ef52cc926fe5b7eebd9e170253e26379cf7eecae08c0f1febf5fa17
snes	265	geral	Kevin Keegan's Player Manager	yes	524288	047530fff116108b8e50b7ebe82f51b4dfe05acda6618c71efb9b4d6d5c25a07	ok	image/png	1009396	800	584	39b500a305cf41559cfaa1eaa8b61a7513e44bc0d0be60004042f9f7b080f49c	1	1	1	b15835b99a93f25798eb954187b3f9125b0141575f6fc5ec6b6e01f8612e9fc8	ok	rom_folder	b15835b99a93f25798eb954187b3f9125b0141575f6fc5ec6b6e01f8612e9fc8
snes	267	geral	Kick Off	yes	524288	648ae729bc4bf12ecf178fa31699ca380b7a372fa30b335e0a6d3209d30dd05a	ok	image/png	987549	800	584	a76e8704afbf354fb206d8a6eab598e0b82436bee5bec82cb31842ef1f7480e9	1	1	1	6bd8a9d3e531d55b3afedf7c7b704f583a9fb45adcc05a77c76a15c52d71aa66	ok	rom_folder	6bd8a9d3e531d55b3afedf7c7b704f583a9fb45adcc05a77c76a15c52d71aa66
snes	266	geral	Kick Off 3 : European Challenge	yes	1048576	038299aa0a636769d5e4f553039c710031ae73113867aad8f9f96b642bac2f25	ok	image/png	566407	800	584	83be2d605cd631d668534a96eb169e3d0b67422f6b96f3cda9a74e00ce6a3091	1	1	1	bb01ac86e73ae5bd7e7430f26aea01d9cfd6cd7af6c8b56ed30ae637946bbbeb	ok	rom_folder	bb01ac86e73ae5bd7e7430f26aea01d9cfd6cd7af6c8b56ed30ae637946bbbeb
snes	268	geral	Kid Klown in Crazy Chase	yes	1048576	914652f72d6ceb83b8b43414d6c42581ec12e9b3f45259b8b2768d26b8d4f073	ok	image/png	876205	800	584	ea3892690e3b06889b0187bfbf49e0d5fbffd1025ca2cf13a54701b22181cac4	1	1	1	ef55a717062cd8691d2c4f9650b227c33506eb7c7f57b7dd2b4be20b3d89582c	ok	rom_folder	ef55a717062cd8691d2c4f9650b227c33506eb7c7f57b7dd2b4be20b3d89582c
snes	269	pt-br	Killer Instinct	yes	4194304	23e1faf4eacb71359abb98bba07e7a97a676b9d9cfa2577ef1c8a04c8f257140	ok	image/png	1025736	800	584	c947ec5f0042ff25464a0a744d20f0992033c9bd093ed26ee28667e3271bffcc	2	2	1	e22b579e1dff8835e4264b30d1b94c4c7c0bde3b43d988936ed190b854a2797e;e22b579e1dff8835e4264b30d1b94c4c7c0bde3b43d988936ed190b854a2797e	ok	rom_folder	e22b579e1dff8835e4264b30d1b94c4c7c0bde3b43d988936ed190b854a2797e
snes	270	geral	King Arthur & The Knights of Justice	yes	2621440	1b58d0aed4510811c73d267244a7e915aa0b334c86e68f3fa5883f5cb534e4d7	ok	image/png	985052	800	584	aab396c8c1799209a03dee5c6ce3ce2e2169efe9260fe24cd7ea33c39cb28607	1	1	1	370172c23e6cd74a0f62f4bee5dda393b8f1fc6ef67c26023bde4d5cf2f77016	ok	rom_folder	370172c23e6cd74a0f62f4bee5dda393b8f1fc6ef67c26023bde4d5cf2f77016
snes	271	pt-br	King Arthur's World	yes	524800	a4d9aaa755a36ee2537bfc9703de84d0631f539dde7f218dc06e2056fffa75bf	ok	image/png	819594	800	584	16bb7051d9f6b838263986a9aba9cf47bf1dba561876f355ce2b264190c4d6ea	2	2	1	db8c795493a5fd3c1a130575b53e3d8104cfa345f9a6c5d6a174c62dea9524eb;db8c795493a5fd3c1a130575b53e3d8104cfa345f9a6c5d6a174c62dea9524eb	ok	rom_folder	db8c795493a5fd3c1a130575b53e3d8104cfa345f9a6c5d6a174c62dea9524eb
snes	273	geral	King of Dragons	yes	2097152	6638b5541059814d4c34574e5e277ef613aebf81c91d3def557a7642fb5840e1	ok	image/png	970098	800	584	7496c4352071e73f7365e65d2c7a664bbb97ff97cdf19d8c6420ff6f6dba63b7	1	1	1	0b2b3618272c45ce238e8999f66dd0550476fb5595e85fa35e7b04b867ac5e8b	ok	rom_folder	0b2b3618272c45ce238e8999f66dd0550476fb5595e85fa35e7b04b867ac5e8b
snes	272	pt-br	King of Dragons (PT-BR)	yes	2097152	4e28014c462ac852e40e5efde03456d0a872646f40dd52f85f360e2c30e936f8	ok	image/png	846731	800	584	6f81c5c0c519d95fe4016449db3a0101300b58e2dd31d56e733583cfc95de859	2	2	1	0b2b3618272c45ce238e8999f66dd0550476fb5595e85fa35e7b04b867ac5e8b;0b2b3618272c45ce238e8999f66dd0550476fb5595e85fa35e7b04b867ac5e8b	ok	rom_folder	0b2b3618272c45ce238e8999f66dd0550476fb5595e85fa35e7b04b867ac5e8b
snes	275	geral	King of the Monsters	yes	1048576	1135858a1ce686a0a163bb0e6f3a4d7cd71c0cd56efbc79677372f2624cf2306	ok	image/png	966561	800	588	81183e418c81840bb661ad5896b47bb5492b70c194fb2afaddab57b92378ed4c	1	1	1	8b8e2b8c0c7fca03243f095ec6c46b1f0b9d2555947472a8c778ad97ad17c063	ok	rom_folder	8b8e2b8c0c7fca03243f095ec6c46b1f0b9d2555947472a8c778ad97ad17c063
snes	274	geral	King of the Monsters 2	yes	2097152	a9729d049ce580839bbfef1836a13dc16f2fc934d203ebf7390e0b1c47ea9a2d	ok	image/png	947152	800	584	9785a919b48d76596a5b681299ec59f1f38e92259eb54466685f25948014695c	1	1	1	c9242ca27504dd22fe6edf4163a8d5f79415977bce8b8c1bdf9620f626b350c9	ok	rom_folder	c9242ca27504dd22fe6edf4163a8d5f79415977bce8b8c1bdf9620f626b350c9
snes	276	geral	Kirby Super Star	yes	4194304	4e095fbbdec4a16b075d7140385ff68b259870ca9e3357f076dfff7f3d1c4a62	ok	image/png	690303	800	588	bfa387c6cd24144f08c0a77a4cd721a764447ad649967b33dcb874590118bea4	1	1	1	904c0178c96b7d3e2c9fbedb9510495f037c571a887520c8b379d85b7f441855	ok	rom_folder	904c0178c96b7d3e2c9fbedb9510495f037c571a887520c8b379d85b7f441855
snes	277	geral	Kirby's Avalanche	yes	1048576	67937dd7a29a93b1aaabb6df89f0748369ff47f3f6c655a402c00d5657973140	ok	image/png	816562	800	588	50f3cd3c983f82309c656243d58a337a11c7ac77283336d00d13528632cdfbfb	1	1	1	1b6fa807b56d20a43dc24683b091ea3ac31f1e1bbdbd5d11c76bf3db211b99ff	ok	rom_folder	1b6fa807b56d20a43dc24683b091ea3ac31f1e1bbdbd5d11c76bf3db211b99ff
snes	278	geral	Kirby's Dream Course	yes	1048576	0f984dc5fe8293f75e3b8fad98b0cb564706d9b1e3902b56415aa399c2d4df2b	ok	image/png	819489	800	588	46d5f12a049fa4fc25bc17c99be63f139cea58c158a8953793a075d468475cb0	1	1	1	324dcb4498cedcf0e5de095b81b93b2e3d491516e7e4c23b47833899880d8e80	ok	rom_folder	324dcb4498cedcf0e5de095b81b93b2e3d491516e7e4c23b47833899880d8e80
snes	279	geral	Kirby's Dream Land 3	yes	4194304	b50bf9d95485e8aeb7a6730e9f9f9c9c4ec23a85b336a4fb2e3b63034531e36f	ok	image/png	835017	800	584	e6bb7d66c66555ed58d776cc1bb90b41a944acb25ec7307a065a64b5d973981b	1	1	1	c41dc22be06d436fe40abea74e635496daa0870dbf6389405e60315ca796fd55	ok	rom_folder	c41dc22be06d436fe40abea74e635496daa0870dbf6389405e60315ca796fd55
snes	280	pt-br	Knights of the Round	yes	2097151	1216c3589fa9f3d39fe4050f8370afc562a644f68fab1455d59f82ad94442ea3	ok	image/png	874187	800	588	7f5ab8b4d7318f752ac9b30d0191df93824b29107e97d06e35d7f178dac725f5	2	2	1	38467217cb75617a70f4a2ea30e59d1baaf1767b3ee98b5dc21f4743e02579ae;38467217cb75617a70f4a2ea30e59d1baaf1767b3ee98b5dc21f4743e02579ae	ok	rom_folder	38467217cb75617a70f4a2ea30e59d1baaf1767b3ee98b5dc21f4743e02579ae
snes	281	geral	Krusty's Super Fun House	yes	524288	e36322697c48baae6492db91e6cbf3844a420f6e0cc8a75f3a73556026ddbbb8	ok	image/png	866702	800	588	3bd1cb7350adb914f7a618b2d982f5d60a1b117e20b6791eabb2ca24289e6ce4	1	1	1	6e39029d86a9da753d892fb4284e77892a259d822fb22676aa31d96579c843c6	ok	rom_folder	6e39029d86a9da753d892fb4284e77892a259d822fb22676aa31d96579c843c6
snes	794	geral	Kyle Petty's No Fear Racing	yes	1936375	4ab1c2bf5dce43eb3ea0a67a7b694212fe1718a8b1a2ff71b09e794815a5f03a	ok	image/png	181437	400	292	82acd190572ca0ba493348d89a18c9c534b35cd0c303fc5b6119c39ff6e30c9e	1	1	1	27153f2eb98b129525e3714693c1d320e83173b116e5294787deeebc76e41030	ok	rom_folder	27153f2eb98b129525e3714693c1d320e83173b116e5294787deeebc76e41030
snes	282	geral	Lagoon	yes	1048576	46c811f0cacffe8f20e1d63072d25d7c47e9bb3fd5124851fd05aca9884d21fb	ok	image/png	962743	800	584	c66686458fb7f145fb143be0ce1ca4149901719de681be77b7d4ea44dd1391d8	1	1	1	498ca4e24d2578a05d84cf2ca55cc70d1472ecc9316d98393387b2080ae1ade4	ok	rom_folder	498ca4e24d2578a05d84cf2ca55cc70d1472ecc9316d98393387b2080ae1ade4
snes	283	pt-br	Lamborghini American Challenge	yes	524288	8b93d2a90a223dd2563a0dc00930f873c5d795ab51dcc923d3a744089fe703ff	ok	image/png	874180	800	584	2eb4596734822193431b4991b4ad26d4aa3fe7e163497ce05986794d057eb451	2	2	1	0f88b8aecc1e8597db1221d732e45b958318082c2f9d317b57ae78b218d8400f;0f88b8aecc1e8597db1221d732e45b958318082c2f9d317b57ae78b218d8400f	ok	rom_folder	0f88b8aecc1e8597db1221d732e45b958318082c2f9d317b57ae78b218d8400f
snes	284	pt-br	Last Action Hero	yes	1048576	4d7436b1c66903ad65f07859606f775946de9d6b208ff249b8244a5b3de89198	ok	image/png	801423	800	584	123e6f455ed9e2b8c4828db9a17a4fc030fb340e92643b1586110f4e242b75a9	2	2	1	33a5dc71b5b37288a6b722220a9060e7037721120ac8e8271f3c0e041b84fc99;33a5dc71b5b37288a6b722220a9060e7037721120ac8e8271f3c0e041b84fc99	ok	rom_folder	33a5dc71b5b37288a6b722220a9060e7037721120ac8e8271f3c0e041b84fc99
snes	285	pt-br	Legend	yes	1048576	3ffc2ae60fc1fa16c3861fa1db7515ef3041e17cda7055d61bd25238de03d37c	ok	image/png	796584	800	584	8edc09b063078659cb2f240ad106b8d516d670040ebc54b01523055898d6180d	2	2	1	ad5211f0ea089c33d7f63220d8221a07b69f90046729e0d2eb59ba7f8a78e190;ad5211f0ea089c33d7f63220d8221a07b69f90046729e0d2eb59ba7f8a78e190	ok	rom_folder	ad5211f0ea089c33d7f63220d8221a07b69f90046729e0d2eb59ba7f8a78e190
snes	287	pt-br	Lemmings	yes	1048576	6f16723a281fe913ddc9587a1f42dea585b165b119e54f4692cbfffb238c885c	ok	image/png	880727	800	588	7e09d5f03056a5ea59a09138daa72e6b21730654a56a38be57eeec368e812d66	2	2	1	3273c474c0dbbc29c5d427c8100983c1a9d207c173aca8a6278b22eb7b35d26c;3273c474c0dbbc29c5d427c8100983c1a9d207c173aca8a6278b22eb7b35d26c	ok	rom_folder	3273c474c0dbbc29c5d427c8100983c1a9d207c173aca8a6278b22eb7b35d26c
snes	286	geral	Lemmings 2 : The Tribes	yes	2097152	63ecdca7f89b2432ccd57bdb81c0875f6336353f5897f756ef162ab2ec2ee707	ok	image/png	932750	800	588	a85e61e81f1a13fc37739c8f9ff1964404af7fa511eed67248a15136034cc238	1	1	1	19ff6df1d26165791a52951840b4985fb33b85886b1458f4e9d3a8bf85fa0a98	ok	rom_folder	19ff6df1d26165791a52951840b4985fb33b85886b1458f4e9d3a8bf85fa0a98
snes	288	geral	Lester the Unlikely	yes	1048576	a2c1970670e2831e47e24ced01bf4ba5aba05cac3773bf524c62d689c35687e1	ok	image/png	1024032	800	584	3841530bde18a72181cfb7e8a1b57b2f628d9de584cd1d60c0d30003288888c0	1	1	1	8197295c4ff5b967058f99b6c467ece1c60ae6d68bfadd65624884952ac3d7d4	ok	rom_folder	8197295c4ff5b967058f99b6c467ece1c60ae6d68bfadd65624884952ac3d7d4
snes	289	geral	Lethal Enforcers	yes	2097152	3bc5f296c3dbee012e93a5cf25568f9288ce87b34d74085401a560350eaca03f	ok	image/png	998076	800	584	af7158656b978c0e69dba890ae022cc3961712490129aff23be7b7139bc534c3	1	1	1	5854c152a009ca11ff341f0c4ebeb7698a061c1752ef77e6467665529e6c2d97	ok	rom_folder	5854c152a009ca11ff341f0c4ebeb7698a061c1752ef77e6467665529e6c2d97
snes	290	geral	Lethal Weapon	yes	1048576	80c22cc92d51a54de9cd9fd00db5ff58a35fff35e822169c94e445d50834fba3	ok	image/png	660071	800	588	96afeec58fa072afa5bc010bd4e34b4cf1e25de16f9ae68a1a448ddbe6185efb	1	1	1	07bca8dfbe6add5bce04428bb428dc399a097222473188a9ba50fa077a4eee0f	ok	rom_folder	07bca8dfbe6add5bce04428bb428dc399a097222473188a9ba50fa077a4eee0f
snes	291	geral	Liberty or Death	yes	1310720	8fcb9c34aea863d49ff08a0ace3f83d301b81f01e2ede28bee7e6d778878d0cc	ok	image/png	1050900	800	584	080b5c09ca3bd57c1ffce2a5faeb5043e2d7f866d64e5303e67195f42e42974f	1	1	1	22aa2adadc7943a852150257360e45243fe68684a516492e8f701df16db3cce6	ok	rom_folder	22aa2adadc7943a852150257360e45243fe68684a516492e8f701df16db3cce6
snes	292	geral	Lock On	yes	524288	7e1d6242ae2ec2c23afb876becdcf778098edd4d853234222dc16471cb51df9e	ok	image/png	935430	800	588	0c6bc00c618c9267372b511fc46fcd8369119b07478e654590d1cdeab417d473	1	1	1	b8feda8200ebc00bece2fae0fe0da5c4e1a23a340051d788c8f75b6501413bc1	ok	rom_folder	b8feda8200ebc00bece2fae0fe0da5c4e1a23a340051d788c8f75b6501413bc1
snes	293	pt-br	Looney Tunes B-Ball	yes	2097152	4915bc7aa703a5c5e4d5aa0a77dcc6bfed42629e6a6c2f899eb185b4cb190ca0	ok	image/png	978887	800	584	131652e5f8fd437321bb1f682c8d687940cc7e738ea9b743c8481272ca3499c2	2	2	1	d1a1bd671cd399d839969bc7fc3dc22bb81f62f005cf6ca43326bca3fd19ccb0;d1a1bd671cd399d839969bc7fc3dc22bb81f62f005cf6ca43326bca3fd19ccb0	ok	rom_folder	d1a1bd671cd399d839969bc7fc3dc22bb81f62f005cf6ca43326bca3fd19ccb0
snes	294	geral	Lord of Darkness	yes	1048576	ae572a51ebe429cfc06a3b75d7db9581f2884f9adc78827dc162b4c4ddc6ce2d	ok	image/png	1015589	800	584	f689fa2db21d2fb18f135960f641818ff06218b7fda772e3fa9ce28e92a954c6	1	1	1	dacda25933249d702577345015ac755d9e3db3a0be507aaf450cbf52d3a1857f	ok	rom_folder	dacda25933249d702577345015ac755d9e3db3a0be507aaf450cbf52d3a1857f
snes	295	pt-br	Lost Vikings 2	yes	1049088	628dbf4475fc3531e43105a116ff45bc43250b6112f6b18b9f1a630878e4a6a2	ok	image/png	740421	800	584	90dd8ee13261764b569eda567182821e57c9806485227ac962f765d48fd0ea21	2	2	1	a34e77cd263d4ce84d713505acdc732da9a82fd6a818c94a1921684f7a8ce106;a34e77cd263d4ce84d713505acdc732da9a82fd6a818c94a1921684f7a8ce106	ok	rom_folder	a34e77cd263d4ce84d713505acdc732da9a82fd6a818c94a1921684f7a8ce106
snes	296	geral	Lucky Luke	yes	1572864	8510491f99400115ccf33570269bc4e484fb56370f7ac36f12e73eec19d342da	ok	image/png	1191791	800	584	975aa113716dc9fb71ac46d12fb0f5c911599f1f89bc4fa594236437641a4ad5	1	1	1	1603717e8d77df54cba21b3d7c52ba8fe73e74273082a930c6deb7725f4ea0a7	ok	rom_folder	1603717e8d77df54cba21b3d7c52ba8fe73e74273082a930c6deb7725f4ea0a7
snes	297	pt-br	Lufia & the Fortress of Doom	yes	6291456	2bdefe042aa3657161f8bc476bf70e36263a86bf2cc7a7a0ca7f05ea6613bf9e	ok	image/png	1032198	800	584	cc5de2c7b0aafb959973af7089698671c3208512112cdac3a2ce2dcb357f776f	2	2	1	41b16bd24f017e15f190dfdbe18f31eca6de0119930fe2209626a5b253430508;41b16bd24f017e15f190dfdbe18f31eca6de0119930fe2209626a5b253430508	ok	rom_folder	41b16bd24f017e15f190dfdbe18f31eca6de0119930fe2209626a5b253430508
snes	795	geral	Lufia II - Rise of the Sinistrals	yes	1918249	fa802e073ce12b70b9fc8335936b509591d09f5d4bad1fa6f9a0d953deede66a	ok	image/png	165540	400	292	32dac78e4cbacab20566b435dae72601e644fb5d349c20d5e8c992d2a459a2d0	1	1	1	428eafbfc19032a8c56948b2363dc9deefc066c8ca57ef3bae73cdc322ad10d7	ok	rom_folder	428eafbfc19032a8c56948b2363dc9deefc066c8ca57ef3bae73cdc322ad10d7
snes	298	geral	Madden NFL '94	yes	1048576	7e77e196db47e87a5b297e60f0dfa7ce41df8d2d1fdd9152e06628d0b0e586af	ok	image/png	580548	800	584	0abdfac34c4a645e868cc0443436f4d3c37b5a60e9d61c0aa45fc7959385f741	1	1	1	cb8d7f72cec5163fb54645ea4183c6e6fda493d0a47ad9bf6a6cb7607bc41f74	ok	rom_folder	cb8d7f72cec5163fb54645ea4183c6e6fda493d0a47ad9bf6a6cb7607bc41f74
snes	299	geral	Madden NFL 95	yes	1048576	0ad77ae7af231313e1369a52d1622b88e3751aa5ec774628df7071f9e4244abc	ok	image/png	488894	800	584	d53873a07651e6473af55804a19abb98aaca2a253ff2b4ec15145fecac9664c6	1	1	1	e84e0c595eef2671deb0abf6d049fe0d51502004454a3689baf161b5b0fa360f	ok	rom_folder	e84e0c595eef2671deb0abf6d049fe0d51502004454a3689baf161b5b0fa360f
snes	300	geral	Madden NFL 96	yes	1572864	3059d86cdc383985c564a7a891fe18e08f5222ead7ede9fa309159d60cde13a1	ok	image/png	620946	800	584	a972e0bc4451deb4ff6a18682495dda91c4b77edce9db7c14172ea25c8fbe5c0	1	1	1	c565134667a2af1dc3121e39ad2fdd0d9b96e0079bd37ce2867ff4e19219fb3c	ok	rom_folder	c565134667a2af1dc3121e39ad2fdd0d9b96e0079bd37ce2867ff4e19219fb3c
snes	301	geral	Madden NFL 97	yes	1572864	6874568d985f65dd817d4b03998e71c8cbacc8d8707411fde7bffee350605a88	ok	image/png	711667	800	584	f577bd82d7c471246af71f20d6de83bdb2257033bfa9cbcbd4922d15c6e7b17f	1	1	1	0c19bb07e8e20b452677b3684a15990dcb7cdd068b8bff983bb78f1af2a99fff	ok	rom_folder	0c19bb07e8e20b452677b3684a15990dcb7cdd068b8bff983bb78f1af2a99fff
snes	302	geral	Madden NFL 98	yes	2097152	e3c62c9fe55d2311aa6a264f41b45d6cbc7b1b069ed3aa82ee57d381c062547d	ok	image/png	574022	800	584	b72a661885c74d4a7253f3a99c6939dfacb9bd1086145af1fbe6171044ec10f4	1	1	1	67195ff38795d065b2738991dc63c0470c8564a40a25d9848df9c253ace09166	ok	rom_folder	67195ff38795d065b2738991dc63c0470c8564a40a25d9848df9c253ace09166
snes	303	geral	Magic Boy	yes	524288	c01fb8989d391d3e343003934937f02bd8ef9aacdad68c32c3d3f56feb72f5b0	ok	image/png	1109014	800	584	79c97c7164cba6eadd973b2150e309b0b26a6fb7daa6dd80bef9c59ad7ab279f	1	1	1	2139f0a8ab58e4bf4fa1454e6b45fc5dee43eb097d3c04eacc43bc84fb2691cc	ok	rom_folder	2139f0a8ab58e4bf4fa1454e6b45fc5dee43eb097d3c04eacc43bc84fb2691cc
snes	304	geral	Magic Sword	yes	1048576	1d3cceaa05e054b002caeb09fd5fb9e718ec446764f4169d97bc185da76fdf4d	ok	image/png	1056729	800	584	3edf492fab443b9e3f8f117a5dab3b69263c9de4d98aad3fc3aad2b71830b754	1	1	1	7a340b2bb21df72bed9816fc1f85c820ca7103ecaaaff749da185ed5cf210756	ok	rom_folder	7a340b2bb21df72bed9816fc1f85c820ca7103ecaaaff749da185ed5cf210756
snes	305	geral	Manchester United Championship Soccer	yes	1048576	53bc05927bb469903e74ac3ac650e48351332774c5bf4685af4dc247bacf0115	ok	image/png	850310	800	584	ce99e076236f22cffcd29db0cc99fe5ce833cac72864a47fe4f2b17b997c952c	1	1	1	7ee6c9f3c24f71583225d0423333a58da8365fde0ff1d5acda30276f3b4e878d	ok	rom_folder	7ee6c9f3c24f71583225d0423333a58da8365fde0ff1d5acda30276f3b4e878d
snes	306	geral	Mario Is Missing!	yes	1048576	8267e2f092c86d5a29c9a826db82c7473638e28e2507cdaf5c86981f07cd0bef	ok	image/png	1091124	800	584	893ac08b4ace3909566cb952ee172773d02edb8ab33feb7e082018e6c6fd7f54	2	2	1	9d6f7792941725a104cf02d6e5ab720fe969818f24736eff4b41cac606a805a6;9d6f7792941725a104cf02d6e5ab720fe969818f24736eff4b41cac606a805a6	ok	rom_folder	9d6f7792941725a104cf02d6e5ab720fe969818f24736eff4b41cac606a805a6
snes	796	geral	Mario Paint	yes	465322	f03bc941e1657010e34e3dff8bb67da5d19d75bc92c5acd5fa30594ab4012398	ok	image/png	165007	400	292	0205db75cb35deb5848e0188136b3f1c7232812e757dfa9f5b8401a8c962ca45	2	2	2	576aef475496f060f9f84245f19b8bce26c027b787afd440ef7bdf88ddf40b83;d8830e4e5acbb281747075d4c712eb7c27aaa2276aa1691ac281da2db8149de2	ok	rom_folder	d8830e4e5acbb281747075d4c712eb7c27aaa2276aa1691ac281da2db8149de2
snes	828	geral	Mario's Early Years : Fun with Letters	yes	1048576	22b21fb39d40447846f6ff77a07f7b4aba2a7473941ba50c787aae6153b1fb5e	ok	image/png	742392	800	584	fb71a5ca06a1b2615ab5503029747fe7400e75c68d6693d1a6ef9a6a2fc07e01	2	2	1	91c795239c9d1169c32d88aefb16eef9104028f074d52cb2fbf1e84e0e104574;91c795239c9d1169c32d88aefb16eef9104028f074d52cb2fbf1e84e0e104574	ok	rom_folder	91c795239c9d1169c32d88aefb16eef9104028f074d52cb2fbf1e84e0e104574
snes	829	geral	Mario's Early Years : Fun with Numbers	yes	1048576	57b94f5f576abbe8bd8f5a4eeb6cf927300ec1b5f0596610f3539ba733505c12	ok	image/png	878871	800	584	30be433545baa6b7592bd2f5e6ca823d8c0ec946725182d346651d4bd1eb11c5	2	2	1	df910c59796a9bad0155b9aff1871fd3489893a5a48459930778e9e91e0f9bf9;df910c59796a9bad0155b9aff1871fd3489893a5a48459930778e9e91e0f9bf9	ok	rom_folder	df910c59796a9bad0155b9aff1871fd3489893a5a48459930778e9e91e0f9bf9
snes	307	geral	Mario's Early Years : Preschool Fun	yes	1048576	c646b1e60e2cd5a2741915f5d3dfe3c17f45ff7283f8052e840bd4354b0990e1	ok	image/png	828261	800	584	1ef99e48409849cc456baf8aaf11dc5423afe0a1dded072265e2979a04282b8a	2	2	1	807f441cd3134dc4e53b9090c570890f92240e6da6d91dcfbffcf3b0bb7ed090;807f441cd3134dc4e53b9090c570890f92240e6da6d91dcfbffcf3b0bb7ed090	ok	rom_folder	807f441cd3134dc4e53b9090c570890f92240e6da6d91dcfbffcf3b0bb7ed090
snes	308	geral	Mario's Time Machine	yes	1048576	4b69d4958e099c3b3f6ae45e153ced9b24755d8c161dfee06c9f67886a7c0f09	ok	image/png	946175	800	582	d04b3c354d00bbe317e46e20fd118a3932f53de70a2d59bc3690e76dfe4bf888	2	2	1	ca88e7527b465da5f4319d13a698bebc888ffa1bc690360769d334077a3340e7;ca88e7527b465da5f4319d13a698bebc888ffa1bc690360769d334077a3340e7	ok	rom_folder	ca88e7527b465da5f4319d13a698bebc888ffa1bc690360769d334077a3340e7
snes	309	geral	Mark Davis' The Fishing Master	yes	2097152	908440f96fd0df14602fc6d1daee8519fc31f765ad00bf64aaba35c2c6ef0b56	ok	image/png	937621	800	584	86aef95f28ec2b68cb1edd232338baf22cf5f48abe83ded9cc227febf6ef3560	1	1	1	3000103dc7d8503865542870df6b2f42eacb060df8539f239fd60de177c63119	ok	rom_folder	3000103dc7d8503865542870df6b2f42eacb060df8539f239fd60de177c63119
snes	310	geral	Marko's Magic Football	yes	2097152	bf0d2739c2bd1aeba9cc979928e0702341cb290023dbc39bd25f18c1412fe674	ok	image/png	838660	800	584	3d4257180de78c570dcd4aab8a6fe368edb6761ef2671ba30382dc1ae14fb63e	1	1	1	da3ededf91f6407d66acdf5564684d8905ca01349f45e061cde26e887b02e177	ok	rom_folder	da3ededf91f6407d66acdf5564684d8905ca01349f45e061cde26e887b02e177
snes	311	pt-br	Marvel Super Heroes in War of the Gems	yes	2097152	6c28e175ea069eef45d8a2169bb5276c6aa4ba53e6dd2d045e070023e6b892b7	ok	image/png	1077941	800	584	233b8eb981314aa8408d130113f1f0c7f3b0427286471517533a818f2a596ced	2	2	1	cdf937791c75e263ba7fd3e4dd942b05eef4b62bd73739552885412fc61d64f0;cdf937791c75e263ba7fd3e4dd942b05eef4b62bd73739552885412fc61d64f0	ok	rom_folder	cdf937791c75e263ba7fd3e4dd942b05eef4b62bd73739552885412fc61d64f0
snes	312	geral	Mary Shelley's Frankenstein	yes	2097152	2731f0bd1c87e75121f41d1ed5cc9fbf177f414b8bf831c76fd9c4b58c86ed08	ok	image/png	722565	800	584	4a14f55199790174cb53fefb766b1e1353918bd7fdb240c95855bee5b0704617	1	1	1	d6a835ebd0774ca20efce602ca791565286390604f0ce166966fa08b5fff5001	ok	rom_folder	d6a835ebd0774ca20efce602ca791565286390604f0ce166966fa08b5fff5001
snes	313	geral	Math Blaster : Episode 1	yes	1048576	22453182d44380f08004a12c6492a0c4b2e1f584e268dcc3296a03ea03ae0909	ok	image/png	921819	800	584	1aa67d6c3763599ac6f280c73421a6ef20655338ccd8c7ef0692954e2448546e	1	1	1	7be2d37b3daaa7870231ebdbfb654a6e7ea67feddb75aeef4f79758fcb987abe	ok	rom_folder	7be2d37b3daaa7870231ebdbfb654a6e7ea67feddb75aeef4f79758fcb987abe
snes	314	geral	Maui Mallard in Cold Shadow	yes	3145728	a203a13870eaec92095daef1196a0c9fe8416e600504d55dd0dc724d4f5f5cb0	ok	image/png	1016085	800	584	4a127b0034cca8f48f8997ed53700a33f3b5676ebbff37ac34b0da9669c89881	1	1	1	da438a0f48a78fcce658f1f2b27975f03a68da2ba080ef6c58f468945b50778a	ok	rom_folder	da438a0f48a78fcce658f1f2b27975f03a68da2ba080ef6c58f468945b50778a
snes	315	geral	Mecarobot Golf	yes	1048576	c3c4afdeb67136619c643bd9a9f3fe90337541a40745503b5d4eb9b9e6e64b67	ok	image/png	920045	800	584	e1c14d73883fb09b49301e94345956ee0251cd20792b4391002f7bbe1cf9b546	1	1	1	aecc5bf7e16dc6e35f3d1f01eaad2148e9b30e386bf2eebd90866f6663a7aa59	ok	rom_folder	aecc5bf7e16dc6e35f3d1f01eaad2148e9b30e386bf2eebd90866f6663a7aa59
snes	317	geral	MechWarrior	yes	1048576	2a08704748f5ef6488348c4099729feca600412d331bda3756e51efd8b94e113	ok	image/png	878945	800	588	7f8072d27f4b56199e3aacb87125b33a825b1896e648b1c8124e94e994b43d13	1	1	1	76c476122ba6301587be55883ee1cf0e23a913680c39277c3c280c29fbedbcf2	ok	rom_folder	76c476122ba6301587be55883ee1cf0e23a913680c39277c3c280c29fbedbcf2
snes	316	geral	MechWarrior 3050	yes	1572864	7bffa1dc31604fa3d61e06ce2c59168098cc8dd7e59998e1d5f30c49bdf8d617	ok	image/png	639299	800	588	37313a19d43bbf56ad9c49426d0dea3866160544ed897db241eef3d6e8e7b939	1	1	1	8808145d30d555be87ec9dc2a337d9d680a8469f489165c6455d35c02995d699	ok	rom_folder	8808145d30d555be87ec9dc2a337d9d680a8469f489165c6455d35c02995d699
snes	319	geral	Mega Man 7	yes	2097152	a255fec32453739903a1954149f19bc9658f4a415600b44badf1d4e5e13a16f9	ok	image/png	781630	800	584	b8632ab8a92f42ab57ad65e4fe777287357d3c7155d3f1c4f516061800e13beb	3	3	1	6c3de633d804233ceb9965938e8e4a6d6da1f5818deccbe3f91b223f42362b20;6c3de633d804233ceb9965938e8e4a6d6da1f5818deccbe3f91b223f42362b20;6c3de633d804233ceb9965938e8e4a6d6da1f5818deccbe3f91b223f42362b20	ok	rom_folder	6c3de633d804233ceb9965938e8e4a6d6da1f5818deccbe3f91b223f42362b20
snes	318	pt-br	Mega Man 7 (PT-BR)	yes	2097664	0539c0199467eb5af05bd1a940bb7d2f7e67c5884a836c028e59ec05f6977b69	ok	image/png	781630	800	584	b8632ab8a92f42ab57ad65e4fe777287357d3c7155d3f1c4f516061800e13beb	3	3	1	6c3de633d804233ceb9965938e8e4a6d6da1f5818deccbe3f91b223f42362b20;6c3de633d804233ceb9965938e8e4a6d6da1f5818deccbe3f91b223f42362b20;6c3de633d804233ceb9965938e8e4a6d6da1f5818deccbe3f91b223f42362b20	ok	rom_folder	6c3de633d804233ceb9965938e8e4a6d6da1f5818deccbe3f91b223f42362b20
snes	824	geral	Mega Man Soccer	yes	1310720	cf4d603dc0a3759da571224c671a9bfd29f9e52ca8dbb61bcc8ac8be5481e9b2	ok	image/png	1036161	800	584	2027f8416a213b96baff6adc1c8e5c6923d3c87954ed369e826ecac76bc5d408	2	2	1	e26c7149316d5b42f9c7c7841e778d8244e46933a79021f28b38834632573032;e26c7149316d5b42f9c7c7841e778d8244e46933a79021f28b38834632573032	ok	rom_folder	e26c7149316d5b42f9c7c7841e778d8244e46933a79021f28b38834632573032
snes	825	geral	Mega Man X	yes	940852	1d5f7ca5de3b8ba80e908812de7e6f11e1724c9fec884b8ae2d788a737eb952f	ok	image/png	1046739	800	584	28e14629e63223d25ee0968ea7cee7f85eab641ab8d6b973a34df9f7cc339c5c	3	3	1	e99e7a1f0f20b72d8d7ee9faeb49d4866a34ca0ab3974f2700649225147f1681;e99e7a1f0f20b72d8d7ee9faeb49d4866a34ca0ab3974f2700649225147f1681;e99e7a1f0f20b72d8d7ee9faeb49d4866a34ca0ab3974f2700649225147f1681	ok	rom_folder	e99e7a1f0f20b72d8d7ee9faeb49d4866a34ca0ab3974f2700649225147f1681
snes	320	pt-br	Mega Man X (PT-BR)	yes	1573376	b3e45ef25a0251f2ee405cf7701d0159add89aefde9224db76d7474e5acfd104	ok	image/png	1046739	800	584	28e14629e63223d25ee0968ea7cee7f85eab641ab8d6b973a34df9f7cc339c5c	3	3	1	e99e7a1f0f20b72d8d7ee9faeb49d4866a34ca0ab3974f2700649225147f1681;e99e7a1f0f20b72d8d7ee9faeb49d4866a34ca0ab3974f2700649225147f1681;e99e7a1f0f20b72d8d7ee9faeb49d4866a34ca0ab3974f2700649225147f1681	ok	rom_folder	e99e7a1f0f20b72d8d7ee9faeb49d4866a34ca0ab3974f2700649225147f1681
snes	322	geral	Mega Man X2	yes	1572864	f3246755f608a1e1dc9c848b61da3b824c7853b29b3be40df6fc7f2793a887ed	ok	image/png	1137926	800	584	870e9afa149b629d0d5dc58c87e63d1c39fe3f1d50c8bc4b3e793a68abef541d	3	3	1	b0b22e566bac2ec222ccfecc4fb496ade97799e68ef3fae6e4bdcc8c58d3ba78;b0b22e566bac2ec222ccfecc4fb496ade97799e68ef3fae6e4bdcc8c58d3ba78;b0b22e566bac2ec222ccfecc4fb496ade97799e68ef3fae6e4bdcc8c58d3ba78	ok	rom_folder	b0b22e566bac2ec222ccfecc4fb496ade97799e68ef3fae6e4bdcc8c58d3ba78
snes	321	pt-br	Mega Man X2 (PT-BR)	yes	2097664	aa48bac3325b8bf824e8698bb3e6185afef771e14f02020a4b2aadc336276e63	ok	image/png	1137926	800	584	870e9afa149b629d0d5dc58c87e63d1c39fe3f1d50c8bc4b3e793a68abef541d	3	3	1	b0b22e566bac2ec222ccfecc4fb496ade97799e68ef3fae6e4bdcc8c58d3ba78;b0b22e566bac2ec222ccfecc4fb496ade97799e68ef3fae6e4bdcc8c58d3ba78;b0b22e566bac2ec222ccfecc4fb496ade97799e68ef3fae6e4bdcc8c58d3ba78	ok	rom_folder	b0b22e566bac2ec222ccfecc4fb496ade97799e68ef3fae6e4bdcc8c58d3ba78
snes	324	geral	Mega Man X3	yes	2097152	65b03268afac296330e8ff8d60dd0825879e13ed658b37713c034a3bd074f1d7	ok	image/png	1032456	800	584	14213bc01b1a165f59838f727b29042180a484dbc6757e2d4f2fe12d57e2d222	3	3	1	f9c3566d47b74b6b56122a74dd92ca2bbbf46e94a9957329f8c83d5c8bc9a526;f9c3566d47b74b6b56122a74dd92ca2bbbf46e94a9957329f8c83d5c8bc9a526;f9c3566d47b74b6b56122a74dd92ca2bbbf46e94a9957329f8c83d5c8bc9a526	ok	rom_folder	f9c3566d47b74b6b56122a74dd92ca2bbbf46e94a9957329f8c83d5c8bc9a526
snes	323	pt-br	Mega Man X3 (PT-BR)	yes	2097664	ddb7f0c468fe04b6f59ac72ec1ac22b890536be684fcb2ca5fd912a6f1c4f31f	ok	image/png	1032456	800	584	14213bc01b1a165f59838f727b29042180a484dbc6757e2d4f2fe12d57e2d222	3	3	1	f9c3566d47b74b6b56122a74dd92ca2bbbf46e94a9957329f8c83d5c8bc9a526;f9c3566d47b74b6b56122a74dd92ca2bbbf46e94a9957329f8c83d5c8bc9a526;f9c3566d47b74b6b56122a74dd92ca2bbbf46e94a9957329f8c83d5c8bc9a526	ok	rom_folder	f9c3566d47b74b6b56122a74dd92ca2bbbf46e94a9957329f8c83d5c8bc9a526
snes	325	geral	Mega-Lo-Mania	yes	1048576	ee1a030f30f3ab06361921447b3fcf84c987dd13d76e62964e44720e0ec82c56	ok	image/png	1097006	800	584	23c31453271df14b5ddb0a3c318934ef4f7105b5a8edadd7b2eb779f7ee5ad3c	1	1	1	511c88201278438c4cb5c03cfd3fb94dbc5bea8e349c4e038cfc9079fdec65d6	ok	rom_folder	511c88201278438c4cb5c03cfd3fb94dbc5bea8e349c4e038cfc9079fdec65d6
snes	326	geral	Metal Combat : Falcon's Revenge	yes	2097152	d4f2cb6b209db29f7aec62e5a23846681c14665fb007e94d7bcfc7b5611e938b	ok	image/png	1054708	800	584	8b0ac15ee4815c96d2d494f2ba0273fffe72bb459da124764fe5cdc9346f6a99	1	1	1	b130265f93357a1751ea01de6f2b107bde9c1d05d4de03f874d9bbe3d82cddc9	ok	rom_folder	b130265f93357a1751ea01de6f2b107bde9c1d05d4de03f874d9bbe3d82cddc9
snes	327	geral	Metal Marines	yes	1572864	0a9609a505dd1555006b16f53d961b3ce50c518aa1597a77dcd46e55ecc716ff	ok	image/png	1361461	800	584	d7ba6f93b0ae3523f1f2e8e8f6081c4f7261e6a4234992a21804fdf9e6b07bd8	1	1	1	e8d4b61efbd89619047c9d8864166fae4339c8db6d21d39c3df97fd87829af0a	ok	rom_folder	e8d4b61efbd89619047c9d8864166fae4339c8db6d21d39c3df97fd87829af0a
snes	328	geral	Metal Morph	yes	1572864	057484558ebd18165f98e556b994080535e31cefdd98b5edb190516f7040fc9d	ok	image/png	805502	800	584	329e086c119d83f9834513a22a8ea98c51835d5b317b65073905bb830959a28f	1	1	1	cfbb5b5b0475c58c7f2040b6fe17b08b60287aeac6575daf0da484e451c5b503	ok	rom_folder	cfbb5b5b0475c58c7f2040b6fe17b08b60287aeac6575daf0da484e451c5b503
snes	329	pt-br	Metal Warriors	yes	2097152	03e82a00d2f3519691177617b1e7a92af06d1338e5ea15d5d41d187eaf8e2dfe	ok	image/png	537045	800	584	a8cf7cb77c8434e6a61f8f3838d715ea1938cc4d2dda99a88567e74cd349807b	2	2	1	bf67ced37154baede31453d343875f2d5abea03a0c7c40f73b5acf57a123fa8a;bf67ced37154baede31453d343875f2d5abea03a0c7c40f73b5acf57a123fa8a	ok	rom_folder	bf67ced37154baede31453d343875f2d5abea03a0c7c40f73b5acf57a123fa8a
snes	330	geral	Michael Andretti's IndyCar Challenge	yes	1048576	d3180e4c20b12e78e7a94a40d1f168d5a8198b21df9586ade0512720b415f67e	ok	image/png	769203	800	584	efe0141272012f69e92bbda500a335e9878fba94d503f54a3eb3c872f8c83a0c	1	1	1	612358c18b6f085d7b0008e88114296b981f81516501c56592cd698f454aa47f	ok	rom_folder	612358c18b6f085d7b0008e88114296b981f81516501c56592cd698f454aa47f
snes	331	geral	Michael Jordan : Chaos in the Windy City	yes	1310720	1b425ea5a883b7464637b74c2937fde699ffff52b53ad6940a66285e0663194a	ok	image/png	983628	800	559	e1ca67ad12f37ef0da5893fee1a7913a1c170920414c35ea3cbbe7bc5fbc5527	1	1	1	58f7b7ab45f454e7fd7fc5574cb4fe440aee886038839c9b2342c2ad4c8348fb	ok	rom_folder	58f7b7ab45f454e7fd7fc5574cb4fe440aee886038839c9b2342c2ad4c8348fb
snes	332	pt-br	Mickey Mania : The Timeless Adventures of Mickey Mouse	yes	2097664	e2b55a7f29605d3396988d9e422dc05aef987b0c19b6886a56d60f3c64154d5c	ok	image/png	1120519	800	584	f2590cb7a474f69c946560cfa18a4a55156e83ddb110d6c409ae2e20834a83e6	2	2	1	3d9f3a6a9ae34a7a239b1b6f7e4ce9d1a8317fca22dfe85d8d304a3520d49ece;3d9f3a6a9ae34a7a239b1b6f7e4ce9d1a8317fca22dfe85d8d304a3520d49ece	ok	rom_folder	3d9f3a6a9ae34a7a239b1b6f7e4ce9d1a8317fca22dfe85d8d304a3520d49ece
snes	333	geral	Mickey's Playtown Adventure : A Day of Discovery!	yes	1048576	88d5e167d4d66f3a5370f45b8f809c48759dadd1464f3cbab1e21e5cd8ca8444	ok	image/png	914933	800	584	ea7a78ad68343405d4afac2db122036849b74588f0f7f09006c3d2ceec0899a4	1	1	1	5a9fadccceacd2e9a98e9f00df3b7fb2410b1aae7a69db6851a58b32ce493905	ok	rom_folder	5a9fadccceacd2e9a98e9f00df3b7fb2410b1aae7a69db6851a58b32ce493905
snes	334	geral	Mickey's Ultimate Challenge	yes	1048576	add082caffe707df2c0259489c3e272d6557ab07ba3ff856cbc0adba0d7db6a5	ok	image/png	1034651	800	584	7879061cb595720cad4e16c710d8e1d2c4280d52295523e2e438e14f7694f025	1	1	1	5bcfb746e011714c6e493020b1ef7fb9423346231a03053d9d24008afe5a7be3	ok	rom_folder	5bcfb746e011714c6e493020b1ef7fb9423346231a03053d9d24008afe5a7be3
snes	336	geral	Micro Machines	yes	524288	a2adeb4bf0e7cc943611ac726e5578da404373a79e91436c9bbd15480688b15c	ok	image/png	878828	800	584	d25aff9a11f107860aeac3f8d296b9f9ae8e946bf650f30580704c4ca4a7ce46	1	1	1	f82f68d4b9b37cedf432cfe0b7cf67c04c56ac04c06e253fd9affe2e676d98b6	ok	rom_folder	f82f68d4b9b37cedf432cfe0b7cf67c04c56ac04c06e253fd9affe2e676d98b6
snes	335	geral	Micro Machines 2 : Turbo Tournament	yes	1048576	6cdfde0790b35d553f20186c7e5fff7df5626f3765023d2887673c9b2ea7d281	ok	image/png	1194299	800	584	18ed31e25dd8207ff07cbfaf8fdbcf5461d7f20d97ef5a9e98b8fd9d5efc304f	1	1	1	a7e85121c4aeee9f156e372562480b86dd1fb65ca9c2ecdc667ba4abdb46f558	ok	rom_folder	a7e85121c4aeee9f156e372562480b86dd1fb65ca9c2ecdc667ba4abdb46f558
snes	337	geral	Might and Magic II	yes	1048576	06c339434266deebe897c978e0ece96c6728163d09d0e1167a0b602fe7170db7	ok	image/png	893976	800	584	2c607867d821763f94fd4f74cfc11b952ee57c575609d38714d593995aaa67b5	1	1	1	8ffc04b9ecb4836852768c446d92845acbc73b9a6f7e0911abe8528b0b847dc1	ok	rom_folder	8ffc04b9ecb4836852768c446d92845acbc73b9a6f7e0911abe8528b0b847dc1
snes	338	geral	Might and Magic III : Isles of Terra	yes	1572864	835ded9479f0e7babae00405d85233d767e82fa247aa1a9cdc14fd1f147b62ef	ok	image/png	872987	800	584	dc65202bc3f36f86b10236b6158342825fdd2535965b56f2fac60798f28a6644	1	1	1	5b68299a9f5f3e09e6b56060254cc44fbaa8b2b286699c75c054ff172bf4afaf	ok	rom_folder	5b68299a9f5f3e09e6b56060254cc44fbaa8b2b286699c75c054ff172bf4afaf
snes	341	geral	Mighty Morphin Power Rangers	yes	2097152	624a66607caef2ca34920ea15b84b28cdd1916ee089d496cec4f1d43621fdbb3	ok	image/png	891533	800	588	bebfb86adc59791f259f9cf09872dbd58d930777708e7023a79b9692face7d2d	1	1	1	f0e455b9cd3e4579aa5f3da1fc1c90a6bbf1ad4ab45db18ecbddf0fbabeade2c	ok	rom_folder	f0e455b9cd3e4579aa5f3da1fc1c90a6bbf1ad4ab45db18ecbddf0fbabeade2c
snes	339	geral	Mighty Morphin Power Rangers : The Fighting Edition	yes	1572864	1b85c0690aa156a255c7f79e133e453345452698fa98abf8df744c262d0cf865	ok	image/png	1123374	800	556	a01214d3ff98da55ac639fa6815f5c2e50fb36c024bfe7cea0dad2377019a768	1	1	1	91b24644f3a788d1d3a487361ff8d7ad66e991fb4c107c117adeeaae8cb8b1c2	ok	rom_folder	91b24644f3a788d1d3a487361ff8d7ad66e991fb4c107c117adeeaae8cb8b1c2
snes	340	geral	Mighty Morphin Power Rangers : The Movie	yes	1572864	c706b70097c679f6f0ced6f77a30620807d0b2555fc3c683c0ec2fc791176039	ok	image/png	686323	800	584	4f4c672e6c4a92b17f372e9b90d5d2524693c10c78189fc91f63a2219b8f1101	1	1	1	5dc1c0eaa73f279d0b2447b7b4502651db527f0d82e82e97e9afb4eb21df0c2c	ok	rom_folder	5dc1c0eaa73f279d0b2447b7b4502651db527f0d82e82e97e9afb4eb21df0c2c
snes	342	geral	MLBPA Baseball	yes	1048576	d32f194e27d177e64bf3bda046889b8198276fca2e8772e4b02a17152e9273e4	ok	image/png	961369	800	584	7ac783d41d6f464cff76c63f935ae24eb7bb9517466dfb84d98efc2259b509b8	1	1	1	0d51fb7d2c405a238bb7e76fb318781adb5fc3a83d49fccf5988827875ac563f	ok	rom_folder	0d51fb7d2c405a238bb7e76fb318781adb5fc3a83d49fccf5988827875ac563f
snes	343	geral	Mohawk & Headphone Jack	yes	2097152	8715a641f2e4dd8b6066be7f2683d9129fff3fcccaf0a09cc8bdd2aa56460764	ok	image/png	1124976	800	584	63cae5666f1980eb11d056068981012ba3b756c738e0332df4d2c952d5543792	1	1	1	7137b0480265f34b3a59d95e6154d4100376863cb614470887a62705108e6bd7	ok	rom_folder	7137b0480265f34b3a59d95e6154d4100376863cb614470887a62705108e6bd7
snes	344	geral	Monopoly	yes	524288	6b0ac4d52d24536cdb7d9d0dc7d19ee30d08ac34363983290c5912ccc850fa0d	ok	image/png	864069	800	584	6a21dbcf17097a6ecc7d456f62d464e879f50b8de5fc1d51372156504668f9a6	1	1	1	6579d695027fb7919ed32b7d00292522e97ddc9cdfb99a84615283dcc18400a7	ok	rom_folder	6579d695027fb7919ed32b7d00292522e97ddc9cdfb99a84615283dcc18400a7
snes	347	pt-br	Mortal Kombat	yes	2097664	a1fc78010553490849e4c70370434b6dc7c0f10c4a862e29de0b9f0f541fba16	ok	image/png	774593	800	584	19a7b0db54c7b852049a31b05a58b898be7172c478c1a24d81d3fdc4f34c1811	2	2	1	33a919b7102eb1752c8c77d61b85afbb229c96afefb76b8431c184c78947fbb8;33a919b7102eb1752c8c77d61b85afbb229c96afefb76b8431c184c78947fbb8	ok	rom_folder	33a919b7102eb1752c8c77d61b85afbb229c96afefb76b8431c184c78947fbb8
snes	345	pt-br	Mortal Kombat II	yes	3145728	fc80161cfdfec240e884b6ae961639ee3b2f0ad7b1d36c3421eb3ebc7a487562	ok	image/png	785651	800	584	52f8037a1285a120d83da2df11856f1e1c998beb2ba2b026aab1d0e480cc3a66	2	2	1	d511a73c996f8c38014cbd51569bf51af50aca8f24228cd156c63cf35eb8e589;d511a73c996f8c38014cbd51569bf51af50aca8f24228cd156c63cf35eb8e589	ok	rom_folder	d511a73c996f8c38014cbd51569bf51af50aca8f24228cd156c63cf35eb8e589
snes	346	pt-br	Mortal Kombat III	yes	4194304	c321f64318c6cdc3fb1d8e15d996f801344c94ad6cdd5f7349e0d1bdcd46c976	ok	image/png	335603	800	584	b92a4207196c112ee0374b2d662788e8a82f8753adb4be961a59b0424d027366	2	2	1	f5f1c317186a5dd0af384c02deae1202cfd54388b665383958673a4e6e3d2239;f5f1c317186a5dd0af384c02deae1202cfd54388b665383958673a4e6e3d2239	ok	rom_folder	f5f1c317186a5dd0af384c02deae1202cfd54388b665383958673a4e6e3d2239
snes	348	geral	Mr. Do!	yes	262144	340293c06536d7b6981ad7c681e404f4390ff6c62340f844a4558877c1b82af0	ok	image/png	1093330	800	584	a2a250b8d11f09b5511c6cfb8a7024eda7e667d4bcbcb1105d1835adba2da5ac	1	1	1	da75ba61d863ea1335df64cb98f4edf77ec4dd029edb8b1147ec72ea9808e34c	ok	rom_folder	da75ba61d863ea1335df64cb98f4edf77ec4dd029edb8b1147ec72ea9808e34c
snes	349	geral	Mr. Nutz	yes	1048576	3472dd574b50aed2fa998f464398db4fbb00f5a300a672c3737ee9336a008a16	ok	image/png	1125093	800	584	41f920e39c84072a71293d411351261c0d8b6579cc6460dbc7dc295bda21cfe8	1	1	1	ae762f02459238ea15a044c71fb9e23538a106e2e193f0fc9130b8b3c884ca1b	ok	rom_folder	ae762f02459238ea15a044c71fb9e23538a106e2e193f0fc9130b8b3c884ca1b
snes	350	geral	Ms. Pac-Man	yes	262144	007735e68a91cab403f1c955d9d562e9311124e660fa5b32e5c5d0a2e052160e	ok	image/png	476607	800	588	440314893b266c99e6824c834ad77406073e15c9076975979fc828dff431675b	1	1	1	c93b399d52cd59ac8461d665d81b2ea3e96606470443472c04af4ac638fb3a25	ok	rom_folder	c93b399d52cd59ac8461d665d81b2ea3e96606470443472c04af4ac638fb3a25
snes	351	geral	Musya : The Classic Japanese Tale of Horror	yes	1048576	f292598ac462fdfcd32ad9b6b35ac01d4bab020391dff92bfe94780ec604289a	ok	image/png	791412	800	584	e5dc62d7b15c0c6b2755b4273e905a9d44da823880b85931caa681c65e32f948	1	1	1	f1a5a9b40f94db21e84d0fd4d72337ee0a8de581e2bb063ece6a51306660e7c1	ok	rom_folder	f1a5a9b40f94db21e84d0fd4d72337ee0a8de581e2bb063ece6a51306660e7c1
snes	352	geral	Natsume Championship Wrestling	yes	2097152	22d2260de02552b1205aac2ff5a202a4c80532ac28045ef5a058d88279ab758e	ok	image/png	904650	800	584	1e23b3d355e8fb9e7842f92d0608a831e3379f30dfe399dbd2b04c4ca8808208	1	1	1	71369020e2bd5ec5c902acaf65bc9bc97ac25189a72412957c8304853ae69ca1	ok	rom_folder	71369020e2bd5ec5c902acaf65bc9bc97ac25189a72412957c8304853ae69ca1
snes	353	geral	NBA All-Star Challenge	yes	1048576	c70b812a9d2df7f95b279e4050e03a4b8a68588a370816e645f378296b84e5d1	ok	image/png	866652	800	584	99a95a615f2ef17ca30d1533302a9dc7ca9aa5201c1d733fc5d9d077387e7c6f	1	1	1	e759dee6eaa9f3c5f40a23a42166c616c6aa52e870764797f24700e6db326693	ok	rom_folder	e759dee6eaa9f3c5f40a23a42166c616c6aa52e870764797f24700e6db326693
snes	354	geral	NBA Give 'n Go	yes	2097152	5874b942f974bb906d8cbc33b601a1faf8f14aee8d0995124c8dc84bb4973808	ok	image/png	834612	800	584	68e201790f272fcc70b43b767e9cec5a685fb9b1abe7e605354fc7fc3071d039	1	1	1	27fbe6c361974377487480ef7449784b92e91097907bda005f01ecf7033837a7	ok	rom_folder	27fbe6c361974377487480ef7449784b92e91097907bda005f01ecf7033837a7
snes	355	geral	NBA Hang Time	yes	3145728	af2fe0627de2bb2672f4f65dcbdaaee22b211275f679f123d5fa5d37fd699363	ok	image/png	757223	800	588	b727041db738c082294b360e6c6bb7ee7e9edf338bd7bb60b477d6488db9598e	1	1	1	4fb282865ca7d1d9ee2f992548384d757aae1b31db7c8437ed0f099639811839	ok	rom_folder	4fb282865ca7d1d9ee2f992548384d757aae1b31db7c8437ed0f099639811839
snes	356	geral	NBA Jam	yes	2097152	3ef9d4b537ea83c8ba9ec8be7aba37ddac22a71c73d0aec46fe8e5a8f5b34a7c	ok	image/png	755630	800	582	19ab944281f5d16067388ce16fe28a899aa5cefedb72b558d226ad0d3274564d	1	1	1	30dbe0392e7258f9b7c13b606a13d485f8ec2bda1163e62ce929635cbaf687fa	ok	rom_folder	30dbe0392e7258f9b7c13b606a13d485f8ec2bda1163e62ce929635cbaf687fa
snes	797	geral	NBA Jam - Tournament Edition	yes	1873971	4825719753695f785b76a0f457b713eb2415d09418fb25456e260b5cdc445f97	ok	image/png	113331	400	294	cc409c0eaf33942cf89fe0e4b9ae803f095763d39efd7c8036d974f3898ee538	1	1	1	b96576ae8f0d36b02e0bed7444f92f0b00f07df0ea4ec437c5c8b0f7ad32e804	ok	rom_folder	b96576ae8f0d36b02e0bed7444f92f0b00f07df0ea4ec437c5c8b0f7ad32e804
snes	357	pt-br	NBA Live 95	yes	1572864	d53b85e5149fed46800221d2ad20a1a2fe399f925b0c928a656fd6ee13852af4	ok	image/png	585194	800	558	ce8c839233680150a884b02e8d211a768ebe1bb0a45212f0684572b7d8b5e8f7	2	2	1	d9bb026f796f93ab71449cf129c8cb6ba364f176c2a548c5f5e9f83106c2bb55;d9bb026f796f93ab71449cf129c8cb6ba364f176c2a548c5f5e9f83106c2bb55	ok	rom_folder	d9bb026f796f93ab71449cf129c8cb6ba364f176c2a548c5f5e9f83106c2bb55
snes	358	geral	NBA Live 96	yes	1572864	2d6fc4214245684a8f8f9bb553de637b7c660919ec775bfe3baaf74060c9157e	ok	image/png	652778	800	550	4ce98873df1c0309db2b7c486ce1179f34dbd24cd669855206a580a8d6bcd92f	1	1	1	1d4551bd398e72db0a6ba2d5dfece140b40478fbd520fb9efc6d611a4632f714	ok	rom_folder	1d4551bd398e72db0a6ba2d5dfece140b40478fbd520fb9efc6d611a4632f714
snes	359	geral	NBA Live 97	yes	2097152	4b945493d28653d5d047a375136ec9792f27e652be4af00e2c03c40369bd6ecf	ok	image/png	718508	800	584	d5c1327107f67fc20292b2c2f594664daf122bf6e661f0d7a897634538ecae9e	1	1	1	8954dfe55a6413c2d52d69ea7d674fe4809345c26a33bcea06f78f47048f5f9e	ok	rom_folder	8954dfe55a6413c2d52d69ea7d674fe4809345c26a33bcea06f78f47048f5f9e
snes	360	geral	NBA Live 98	yes	2097152	1d1b257dcf859cc412d3a9521fc58dc876a5917e6a69cd1d960a8e9840454bb4	ok	image/png	812294	800	584	ea3969946d941f09230e4157b2b51948b0e1662c885d70b431750c88a234d3a4	1	1	1	23798a2e7efb6b81e43a4e6dc92a8f488f2fed8300762b1898f8dce82a19f7fd	ok	rom_folder	23798a2e7efb6b81e43a4e6dc92a8f488f2fed8300762b1898f8dce82a19f7fd
snes	361	geral	NBA Showdown	yes	1048576	6a7324734004d99206439430243b51a05fa8c25ffa314dafc7f127235d1a730f	ok	image/png	611192	800	584	faca7468c018698f7a484a99b691fdc805d744af8f6ad36b6a5c07310580f01c	1	1	1	0c3e11669524b5b3a9fa428544d88ca50e5bd906c84cd551296bff28c8605c19	ok	rom_folder	0c3e11669524b5b3a9fa428544d88ca50e5bd906c84cd551296bff28c8605c19
snes	362	geral	NCAA Basketball	yes	1048576	8ef5d5c50ffeca1e62e88e4fe2909eaf191e28fbb5a9faf98b7b10bea72c9ed9	ok	image/png	843919	800	584	7b2b4648d1b4d295b06f38fba0a31455fc5e914c080cf6c930a250155ad31afb	1	1	1	6efbf2520d5e692e05ed0303f46c244005710acd7549d9fff7bb5670c658ada1	ok	rom_folder	6efbf2520d5e692e05ed0303f46c244005710acd7549d9fff7bb5670c658ada1
snes	363	geral	NCAA Final Four Basketball	yes	1572864	d297c76efbcd9a528d8ee51025f8774ab2cb6bbc676c24e28592c50f47e71bfc	ok	image/png	473862	800	557	b048200a5bb1d1503751437c747126a55cdbaf7796ef1f390b7616085656b83d	1	1	1	b5f3e66395760561c6d4b958f9f716c7a0c1fb92c505c3f43c198564b29c5371	ok	rom_folder	b5f3e66395760561c6d4b958f9f716c7a0c1fb92c505c3f43c198564b29c5371
snes	364	geral	NCAA Football	yes	1048576	8c43b7c2f2ef1fca9237c64c2f4c9e98d1a48940dae500ce8eac71278d34efb3	ok	image/png	862271	800	584	7341d16d4063e1042c8d52a85df78fad23961081e5dfdaa15bb7019aee264337	1	1	1	4468556fdf13361e1649e8f9c7eb22f394c77f599c8f1896f51d73d56cfa49eb	ok	rom_folder	4468556fdf13361e1649e8f9c7eb22f394c77f599c8f1896f51d73d56cfa49eb
snes	365	geral	New Super Mario Land	yes	2097152	7a17f8595747b0a0b8720e222102d8a8b03be5a8993e431e8c7a08fb3279674b	ok	image/png	338191	331	600	9c81c5cc821c995bbd332f9efd5c4dfdb1bf6510b1571546db4604638d3e58e6	1	1	1	72ec99c75c6ddd1b96119dc4642e76edaaf9be4495e333f804a08ee16356440c	ok	rom_folder	72ec99c75c6ddd1b96119dc4642e76edaaf9be4495e333f804a08ee16356440c
snes	366	geral	Newman Haas IndyCar featuring Nigel Mansell	yes	2097152	489d6d704d3d917d9b46ce382230700419983a8d0d61a98fe07e08c935522dde	ok	image/png	895030	800	584	1aeb27b704b57c5caaa9476d7151c39a90452682ccb57b27d3e57ec95f704d1f	1	1	1	2e39b1846019304671a2e6d20ac2f3d46dd9fc4119019173898a02a118aa8b7a	ok	rom_folder	2e39b1846019304671a2e6d20ac2f3d46dd9fc4119019173898a02a118aa8b7a
snes	367	geral	NFL Football	yes	1048576	f651a42bb351f7691b880827178c36fcf6c265c7833c6de1d94f7ed69bac0517	ok	image/png	804837	800	584	675b6519c2edc079e56b701f30daf7138f2ddb71651f80f8d83e3ff4702536d6	1	1	1	a5df6f74343c0e381a0d1cdbc8cde181fad353f69394de99f09d82d2fec0ee7c	ok	rom_folder	a5df6f74343c0e381a0d1cdbc8cde181fad353f69394de99f09d82d2fec0ee7c
snes	368	geral	NFL Quarterback Club	yes	3145728	6a59115a9958d4a9fa167095505a2ddf222ca6291209d07618319e39a2be8b61	ok	image/png	1170292	800	557	8840b6c85f4207f4a308da557f2ea8b7a7354c15688ecb01d1dbd5953ed46343	1	1	1	6b01c84423f1226818bfed2784af8e4a20162f65ed65cc115ba9666ddcd2967c	ok	rom_folder	6b01c84423f1226818bfed2784af8e4a20162f65ed65cc115ba9666ddcd2967c
snes	798	geral	NFL Quarterback Club 96	yes	1907376	c18a77d1116b1d4994fd9b1e95dca5cffbd9203a043cae592d79889251792af6	ok	image/png	198817	400	292	ef1ea1b00e976fb41be47db4e3473ce0ea6294cdcdd88b07a87bba97bc68578f	1	1	1	3f666a4e57bb2f70ef1cbe79309fe9a715f7a8594d048ed0dd5e7086ebf3c3ea	ok	rom_folder	3f666a4e57bb2f70ef1cbe79309fe9a715f7a8594d048ed0dd5e7086ebf3c3ea
snes	369	geral	NHL '94	yes	1048576	5132e1c0d466963e6adc09e8a608ebd90619ab94f7fc908d626bbaf6a99dfa19	ok	image/png	622133	800	584	54a5451c4bb85edb9c0a52c12d9060e39aaaab44f3ffe8c4dc4fb214098e6bd7	1	1	1	a4aba61a3b0aee860b7af8976e8211e6a8e2d2948f6942e24bbfcd2bdc43c9a4	ok	rom_folder	a4aba61a3b0aee860b7af8976e8211e6a8e2d2948f6942e24bbfcd2bdc43c9a4
snes	370	geral	NHL 95	yes	1048576	01c0b58d5fd5d5484fea988455a55a71ed9e606538d2b3ce3f216159cc6929b0	ok	image/png	511125	800	584	35df9d710b66ac9682cd9140537bf440ba9eb1f2852bf8a0658dcf736a66397b	1	1	1	e618a8cb219a210779aacfdcebbbbd0475c2a0ae0580a35547b3280e96ce0803	ok	rom_folder	e618a8cb219a210779aacfdcebbbbd0475c2a0ae0580a35547b3280e96ce0803
snes	371	geral	NHL 96	yes	1572864	d24c0175ee4eafed88e277691c5f5dafd4e197723097e2eb68aa6b40f449fff2	ok	image/png	461297	800	584	7d87f85498c8e95a95c825a3da14f5dda7eecc9b2a298668cf511f9e90ea42fa	1	1	1	fc87e0dcd0e258fe84cb50548d247828c37ac2581760221dd9d39527aae47ad6	ok	rom_folder	fc87e0dcd0e258fe84cb50548d247828c37ac2581760221dd9d39527aae47ad6
snes	372	geral	NHL 97	yes	1572864	2a2dc2ef84efd9a773d1e8231b7e3e57f0de7e4528968670963f2f1f358eef39	ok	image/png	733658	800	584	7b0976fe32f9ed9553850728c30e5d38292e720640828a8cdaa697477d497e80	1	1	1	ac11de42faa3cc3fd31ecdc580acb6d71ad91861eaaf28f757e5cd845ea17043	ok	rom_folder	ac11de42faa3cc3fd31ecdc580acb6d71ad91861eaaf28f757e5cd845ea17043
snes	373	geral	NHL 98	yes	2097152	8113c2cedafc8fd5a56c8638ae340fb275f263ff5c5e18d04dc6c3ebc5cfffee	ok	image/png	514587	800	584	ba0066ab20544bce74d6d8b07355deed5c37dfd22f5f016755cdc8511b213a68	1	1	1	4ea5c9b2f569723753ad6efbb9ef2aae7fa768ca867d2e5042dbfc7bea4a532a	ok	rom_folder	4ea5c9b2f569723753ad6efbb9ef2aae7fa768ca867d2e5042dbfc7bea4a532a
snes	374	geral	NHL Stanley Cup	yes	1048576	d44f487d84f5bb761955b7b70a5464b2f094e199875f595f312c88e04ac647ff	ok	image/png	917659	800	588	b1a67f91827980c271aefda747542c0a5a8c2dc341608ffa8578f62725317d0e	1	1	1	7d67f746e26a150733a7df882071918f149410e1ff6e32d60e7a999c9bb18995	ok	rom_folder	7d67f746e26a150733a7df882071918f149410e1ff6e32d60e7a999c9bb18995
snes	375	geral	NHLPA Hockey 93	yes	524288	55f3432a130085c112d65aa6443c41eb7a8aeec59aad2c2b4b2ac536b604b449	ok	image/png	879626	800	584	0469e935fb0e0b3695c7912342402a756f108733f034f8050563efaecc3b12b3	1	1	1	f4652bc98d40215be913f4563f7589a2a297bf38d513c61a8ad927fae961de48	ok	rom_folder	f4652bc98d40215be913f4563f7589a2a297bf38d513c61a8ad927fae961de48
snes	376	geral	Nickelodeon GUTS	yes	1572864	d7ad6f67860da78fe25d9e79dd13af7ac7efaa0c8e0103898a4849ab4af9e438	ok	image/png	1056583	800	551	d048eed0911b51c48c12737b7d29652fac45ec82ff532d5064494a1c11aa3d70	1	1	1	9ca5db53f7378f19a7e7732939e99708b6d4bba2ae68b90e78d6bf8254e65671	ok	rom_folder	9ca5db53f7378f19a7e7732939e99708b6d4bba2ae68b90e78d6bf8254e65671
snes	377	geral	Nigel Mansell's World Championship Racing	yes	1048576	ce9c819d6496e58901b39d9b04558a89e09ccc3aac33690b8d02bb0406682a57	ok	image/png	740053	800	584	aa730ef31594beac27219eb22af71154fd9ddeb7278b4636a250854ac036ae5f	1	1	1	8ef75b005336b344b3b32015554071a97e4e0fff25689d07c63d42003f237913	ok	rom_folder	8ef75b005336b344b3b32015554071a97e4e0fff25689d07c63d42003f237913
snes	378	pt-br	Ninja Gaiden Trilogy	yes	1606144	646268f8bd11a39fdb68f6040ee973e9853f854bc723cf3e8a0a4c8e98598edd	ok	image/png	790006	800	584	6c5f9c58a55362c47a89e20437281db2ad339549c66106a96fa11f8c583a4bff	2	2	1	3518e3ec367f18395a7fbba61378b443dc03fca360b774d392a471848124fe71;3518e3ec367f18395a7fbba61378b443dc03fca360b774d392a471848124fe71	ok	rom_folder	3518e3ec367f18395a7fbba61378b443dc03fca360b774d392a471848124fe71
snes	379	geral	Ninjawarriors	yes	1572864	3c109e50b91ec6df3bb8509778ae544c99433fb40dda9b801178dfe513053618	ok	image/png	754402	800	588	5cdd47a8b57b733195edaa49b33a8213cfa40af673290462283469c79f64f3dd	1	1	1	f2b7bcb68d3d842767b811673fda206384ac078eb98e8a005e834dd43e4d1089	ok	rom_folder	f2b7bcb68d3d842767b811673fda206384ac078eb98e8a005e834dd43e4d1089
snes	380	geral	No Escape	yes	2097152	f099937ac4c8afb38c517c5d85475224985fb8f345dacb44994a617ea05bf4e5	ok	image/png	814622	800	584	7432450b51a68f8513b54075c163a370e4b5c56dcae06bc758f271f6cd6daed8	1	1	1	11799120068ec0ac4ba0165913722d3f7e7f24124657dde54e91107e3e2da548	ok	rom_folder	11799120068ec0ac4ba0165913722d3f7e7f24124657dde54e91107e3e2da548
snes	381	geral	Nobunaga's Ambition	yes	524288	437ea48711d54c2275286170a17948cb57ba9d961ba475715c0dba5fbd61a2db	ok	image/png	880082	800	584	537c72240564e1449d9b5fc3eb64c8a120eb99b40e212abf08a8618ad2fb5d0d	1	1	1	b260eaabd6707e96cb42ec4d0dd4637b31af2dfe7b4b369d90753760faca6aff	ok	rom_folder	b260eaabd6707e96cb42ec4d0dd4637b31af2dfe7b4b369d90753760faca6aff
snes	382	geral	Nolan Ryan's Baseball	yes	524288	7f3d0ebac6ecfb99cfd1d5b13210e989df9e8b2f2319a63c42faef8ad115a964	ok	image/png	1046166	800	554	b50fc680a07d013b5fb56d3b4503cf8bceaf7757620491a5b43fde4b81032f71	1	1	1	2adce3fdd2da4d17392bbc33dad2ba2cdd9e997b24b4f47dfc68051c76c3d387	ok	rom_folder	2adce3fdd2da4d17392bbc33dad2ba2cdd9e997b24b4f47dfc68051c76c3d387
snes	383	geral	Nosferatu	yes	2097152	9712829b38f23229d4e3d65da78237659c790235f425c6b12487e4d9e9a37ae9	ok	image/png	972663	800	584	dd8cc332aef9dec80e6fd06ff624924c49cd4eca8d92d07aa5dee32764ea2e95	1	1	1	ff61b27bd47b00ccba5d5d565ef95c46c34bc8bd358526d2b6fdf4bd2e88bbb4	ok	rom_folder	ff61b27bd47b00ccba5d5d565ef95c46c34bc8bd358526d2b6fdf4bd2e88bbb4
snes	384	geral	Obitus	yes	1048576	31bc862ab0a8eabf23b5124e13940cb3501e7ecdd3f15e34142248ceb4aa139a	ok	image/png	895811	800	584	d85534c0105ccd22689cef1a6e4b44b51f77c293ca3fa4f8c6d092dcf1ff5bcf	1	1	1	79619f32de3cd1ab44c18233c1551aea59791b0d1751cccd53c56d795f81f46d	ok	rom_folder	79619f32de3cd1ab44c18233c1551aea59791b0d1751cccd53c56d795f81f46d
snes	385	pt-br	Ogre Battle : The March of the Black Queen	yes	1572864	449f3bbaf499dadc0a6ceb32883742048921052279dc2486d56caef300fc7688	ok	image/png	926487	800	584	ad5fccfb0025ae93a777b406691ed10ee6de9145b6528f2306c04faeac1a9c6b	2	2	1	27259e30221fc163f8af66a017874287f62ce7015534aaa067268e90e6057d72;27259e30221fc163f8af66a017874287f62ce7015534aaa067268e90e6057d72	ok	rom_folder	27259e30221fc163f8af66a017874287f62ce7015534aaa067268e90e6057d72
snes	783	geral	Oh No! More Zombies Ate My Neighbors	yes	4194304	63ed151cf080d1c146892841d2d672012b555354230e71e1ad645f40bd56d249	ok	image/png	979797	800	584	58ba19b4448b7dfd8c546eac8c091ff44fbef128d0042fbf675bad41b60df0e2	1	1	1	4077fa36281c116f4a2edd2c85a13f3324a80baf7214fc465bfa9aa5e72b843c	ok	rom_folder	4077fa36281c116f4a2edd2c85a13f3324a80baf7214fc465bfa9aa5e72b843c
snes	386	geral	Olympic Summer Games	yes	2097152	a137f4fc1c635f706d10e0c7927e71f52da171ce2d27394ce0deb451b5bed8ae	ok	image/png	562437	800	584	a658d2b7b22553b530224b1196f5351f265f433a3b464ac933d54628234f09b7	1	1	1	011b9dd8ef8df0bea79aca7684bc94840b3e3bbc0263193f1dcbc5f204fb171c	ok	rom_folder	011b9dd8ef8df0bea79aca7684bc94840b3e3bbc0263193f1dcbc5f204fb171c
snes	387	geral	On the Ball	yes	1048576	e153195de7b59dd5b9854952cccca6bb93164e5fdff8292124bee6bbe5dbf16f	ok	image/png	1026735	800	584	f4c7deaefd4a275388126a4ce66e629a5f0fd24feb289218a68f09e966c3fba1	1	1	1	111bd6eb062c0276536ae59113a41df5296875e9b9d870152c9730850e384318	ok	rom_folder	111bd6eb062c0276536ae59113a41df5296875e9b9d870152c9730850e384318
snes	388	geral	Operation Europe : Path to Victory 1939-45	yes	1310720	9e1a39aaf3585af0d6a5d79de3c35fcfe030c34bd4b09606a6fb8c7def19340b	ok	image/png	939215	800	584	9775f3c07e2e32b819ff7666f5559e578dc1e48660e1d9da8b94c8d9b9080c0b	1	1	1	af5e90d8439c824dd245dd46cdc0161d059a3af99f468d85c37fb1e8140ae4ec	ok	rom_folder	af5e90d8439c824dd245dd46cdc0161d059a3af99f468d85c37fb1e8140ae4ec
snes	389	geral	Operation Logic Bomb : The Ultimate Search & Destroy	yes	1048576	190742792a950a112f893cba0e083eb787cf24293f698967defff929635ba0e7	ok	image/png	741051	800	584	8cc4d6e1e0f49574e180e00bef38e559161c64b21f0c843c8944e53f1afd80c8	1	1	1	9dd31ae4aa3afe31309e566ffdd5c0f2acae6285773c252f118bfe06e4a88f73	ok	rom_folder	9dd31ae4aa3afe31309e566ffdd5c0f2acae6285773c252f118bfe06e4a88f73
snes	390	geral	Operation Starfi5h	yes	2097152	2ec71aca4efc3791b6b3e65956df3eafd2a46e223d5ea71aead07d30ca48b6c9	ok	image/png	758899	800	584	25a272db574a923e18161b61601dbfcf58b0e2bc00291f2d6c44577c593f5070	1	1	1	e888780825f4e5140b3fedd884d152f85e6bc154a684731c1614000cca812d22	ok	rom_folder	e888780825f4e5140b3fedd884d152f85e6bc154a684731c1614000cca812d22
snes	391	geral	Operation Thunderbolt	yes	1310720	5cbed0401734142184166917427d24f9e5f107a7adea665e2f4b4101491ad54b	ok	image/png	932275	800	584	e95e6fc28c7d653ea88569f8a769573a0379b5f31f19cd3d8ed3aa4c0c604e29	1	1	1	95a157210024949cfc4fcafbd113adae92907ed759ae3ec93fedbd122caf9d9d	ok	rom_folder	95a157210024949cfc4fcafbd113adae92907ed759ae3ec93fedbd122caf9d9d
snes	392	geral	Oscar	yes	524288	0c08e6b817e4d0b333acb910a0bde3d79bd2dc188defc5df9a7c1233fa81c98d	ok	image/png	978411	800	588	d7c5e4a8814331877493730f818f065ab9fa8561fb0532640a17905149d553f5	1	1	1	6038bfd643e471b62d43c6d37d909f8b178e45aed6c9c276c89bd235d540aa7e	ok	rom_folder	6038bfd643e471b62d43c6d37d909f8b178e45aed6c9c276c89bd235d540aa7e
snes	393	geral	Out of This World	yes	1048576	582548dc86598a3557e9e3c27285c81964b006a954affe5c73948da5375ea11c	ok	image/png	998209	800	584	15af95a0504ad9cb1551488d358e403f9873b24954ec43663fa2acd3bf1d5eac	1	1	1	acdf1a84b762b0b02193cf3120cc1bbf43ade9bb13e43aa85290b3839baed270	ok	rom_folder	acdf1a84b762b0b02193cf3120cc1bbf43ade9bb13e43aa85290b3839baed270
snes	394	geral	Out to Lunch	yes	1048576	54b2f03393109ac7fd36d8c7752f15a44d9607ab0187a371b853191db3592c01	ok	image/png	1001397	800	584	29d8be6fbc13b4d0d74a1fa34c4d50c38342bf76e4e075a02a2fb071074acddf	1	1	1	64fafc7f425880abcc05a16e9481824ce4aee55310473f5b2a20690875c0c195	ok	rom_folder	64fafc7f425880abcc05a16e9481824ce4aee55310473f5b2a20690875c0c195
snes	395	geral	Outlander	yes	1048576	db44f8b58a31b640a47aa4390101c3c6a5f613e4e49c636d44786278033dec19	ok	image/png	920663	800	584	3cc885849a85914aeee4809bd49930304da3d2e6d773fad300b5888214589869	1	1	1	0e7a114210cda89ce7247bdc849a18b0519ecaf8cd5bcc552dceca42c28afa3e	ok	rom_folder	0e7a114210cda89ce7247bdc849a18b0519ecaf8cd5bcc552dceca42c28afa3e
snes	396	geral	P.T.O. : Pacific Theater of Operations	yes	1310720	83727f6954bce024edac7f3fd18a6fbf63d05b580f692d96faa37e60893c91cd	ok	image/png	1072080	800	584	d56ed5759a306eaaf040735999c46be46d14ca75fa73cefa75c9176c66ec6111	1	1	1	5b76162ff8f7cdbe3be391eb45ccbd5b55d929c174fb65b89bd856511236d01c	ok	rom_folder	5b76162ff8f7cdbe3be391eb45ccbd5b55d929c174fb65b89bd856511236d01c
snes	397	geral	P.T.O. II : Pacific Theater of Operations	yes	3145728	2c6119fbe40d23576adde568d60ffae793bbf6b512f8fea8dcd0b1cd2623ef02	ok	image/png	867072	800	584	173ebdc0067a8bff839b5fd92878318447949348486168c6b7b0c967c15ab23e	1	1	1	480dec53d597c8b56f7810e0a6603ffa6f51b8d79560562209e393430c13340c	ok	rom_folder	480dec53d597c8b56f7810e0a6603ffa6f51b8d79560562209e393430c13340c
snes	398	geral	Pac-Attack	yes	524288	10c8abce67b49f8afbe880d2f13e0fd6d5efc162df34d5941e4a94851f23b2ff	ok	image/png	949440	800	584	94205735401cae76843d8430fdb1c8d58796885d79e962b2d642900891624207	1	1	1	13f8d3619c7b72b5cd351cc96410c292abe8893d47919a93de839704d6bace7f	ok	rom_folder	13f8d3619c7b72b5cd351cc96410c292abe8893d47919a93de839704d6bace7f
snes	399	geral	Pac-In-Time	yes	1048576	7fe4cb9c294d66589ff78e225774471ecb7db80df25f2b6199ca25671358072b	ok	image/png	863537	800	584	76cc2a1f2c9e41e8bf0d1fe7f2dcf8ad7dddbaa21f128f6f90b1a22e5e91a74f	1	1	1	c10977d3063b2520f5332ba7ac2e0b5e3a21d4f3a66673f4a46aa5a67f5ea315	ok	rom_folder	c10977d3063b2520f5332ba7ac2e0b5e3a21d4f3a66673f4a46aa5a67f5ea315
snes	401	geral	Pac-Man 2 : The New Adventures	yes	1572864	4cb52ba751c42d9e12ca429e5d657622a370b608002880a997f64de453f0de20	ok	image/png	1029961	800	584	d37c741488ad83ce8b6ed07b2a647424f3e21199e575ebbd4818b8e10f8f72fc	1	1	1	9be4e02b562f26ddc87b51a2cdb7e10b70aeace6fab2e513da38cfe09f9d115d	ok	rom_folder	9be4e02b562f26ddc87b51a2cdb7e10b70aeace6fab2e513da38cfe09f9d115d
snes	400	geral	Packy & Marlon	yes	1048576	b1586c8ece4da9697f0602a684d7a9108027247a34652c3771831d31f82ee078	ok	image/png	1113764	800	551	fa7eef8bb4bbb08de13da22ef18cdd2ac0f86204d0388f5143302f689c8a248c	1	1	1	f3e05f8e26f2a53b2897e504366a99119034be60efc1fc417103ff95b5b5d18f	ok	rom_folder	f3e05f8e26f2a53b2897e504366a99119034be60efc1fc417103ff95b5b5d18f
snes	402	geral	Paladin's Quest	yes	1572864	46286d0839a4397fc4c067b39783f98d2aefeca870a468bae601a1434f1dde90	ok	image/png	930041	800	584	b080b5da4a5c7172aed9dc25d9b66a01bc79209e6749b0f2839fca124905020c	1	1	1	f8b9872f7b0a42c56cec06e75fd4cf51928e0fc2f7a6826d1138fedf4b35ff9b	ok	rom_folder	f8b9872f7b0a42c56cec06e75fd4cf51928e0fc2f7a6826d1138fedf4b35ff9b
snes	403	pt-br	Paperboy 2	yes	524288	1be183a17b240badb85b2f24bd7866906d0b2a598fdfe36058b75061ebb3b527	ok	image/png	813014	800	584	d3b1f5bd6f9b7cc0e6f10e967746a8ede4308f0d24fe0cdd6dadcfe17ef0dadc	2	2	1	2098aed6eed58089d5c0b2c5599f268ceb7052fedfb2061789cf5e0c5fb1c12e;2098aed6eed58089d5c0b2c5599f268ceb7052fedfb2061789cf5e0c5fb1c12e	ok	rom_folder	2098aed6eed58089d5c0b2c5599f268ceb7052fedfb2061789cf5e0c5fb1c12e
snes	404	geral	Parodius	yes	1048576	558b437e10915c2ca79f376634fa4623c87efdb9292a5878b886c7a6fbef61e2	ok	image/png	898724	800	584	99eeee852cc9936d1703e9fe5bd7609782e9c9b1d9780fdee26ccbe027e33a90	1	1	1	d08cf29b139dc060e234ce36583c3449fb5873679566623e324173bc122bf11e	ok	rom_folder	d08cf29b139dc060e234ce36583c3449fb5873679566623e324173bc122bf11e
snes	405	geral	PGA European Tour	yes	1048576	5abfb974ca0e56aabb3f4126817d14a546c57a5a5c6042d31196063d80996698	ok	image/png	612835	800	588	b158d8dc610c59749a7be6f8014ffc3ecdc44afa2c1b6b24ff75477581012166	1	1	1	75db89a5d63d3063c7323f3a039dc3dc3fc4265ef4d8d304c935c4106103ae9d	ok	rom_folder	75db89a5d63d3063c7323f3a039dc3dc3fc4265ef4d8d304c935c4106103ae9d
snes	406	geral	PGA Tour 96	yes	2097152	571d3129350bfb7cca2285499cf31dda48d1047cf9eaef122c8c33dffa9ad296	ok	image/png	462693	800	584	b971321d5ab518689e8a24b32c311f94b263f676c0799e56ecfb3f0eb77c7bb0	1	1	1	7e27406f16df41e9136df2bec13ae85233627b65acf41791817dead0212c2aa5	ok	rom_folder	7e27406f16df41e9136df2bec13ae85233627b65acf41791817dead0212c2aa5
snes	407	geral	PGA Tour Golf	yes	524288	5c0b5266a191852ca593235f07180e673cb79e3f0b0dd31f65808eef83bf6e90	ok	image/png	759381	800	584	55cbe929ccc3bcd4712ecc2c9ba5ce7561fec4bb733ae98adb25814fbd58c1ea	1	1	1	298964905c298d97eb33956d964730a74838724955d0f0f723978dc6f4eb6c29	ok	rom_folder	298964905c298d97eb33956d964730a74838724955d0f0f723978dc6f4eb6c29
snes	408	geral	Phalanx	yes	1048576	0663330bc061f4b768fa1806610878ef6e6cf546f36041ae087c8e55703693b8	ok	image/png	785789	800	588	ea10b01de04618bdd16318ed47a2a25684226aaa7c9613c6752bda5ce3a79d05	1	1	1	2280d787e4af45d277ca9cd639326d930eee348badbe9cedee120637dad2ab6c	ok	rom_folder	2280d787e4af45d277ca9cd639326d930eee348badbe9cedee120637dad2ab6c
snes	409	geral	Phantom 2040	yes	2097152	b7291088f5c49e1fc55bf932076ec03f7b39f6e409ae06e884b57024c56cdc87	ok	image/png	765100	800	584	60e42ff9aa9d5e15924338cfa797e1e8be9ed21060a48188d3f766c1a40303a5	1	1	1	1b0a8feeeab47b7459c30c63206262883a6b02fc9df80ff8a9516a34b76d907b	ok	rom_folder	1b0a8feeeab47b7459c30c63206262883a6b02fc9df80ff8a9516a34b76d907b
snes	410	geral	Pieces	yes	1048576	a0b39d7fd7c39c5b0f41f3542fb8d2887530ded1c111b4ffb2a863845e704ecc	ok	image/png	1191886	800	584	f7ee18174adb834399011ccac99b9c17f548ced56219276423c36536a8b5f57b	1	1	1	116b9a71e3998b2ba226b3a502d31824c50f7f0b832a4f5f9d371bb0976db6dd	ok	rom_folder	116b9a71e3998b2ba226b3a502d31824c50f7f0b832a4f5f9d371bb0976db6dd
snes	411	geral	Pilotwings	yes	524288	03d0127f5de3237e22ad00de0c20763274da7b71142dde693240ac96d10983a3	ok	image/png	846411	800	588	11930bbaa619f1b2cfbfe66eaa604c3bfd891889e308ac3414d69268561e8e59	1	1	1	1d7d6bbc4255d23866f9bc18218a099594b0b57f69e7930afd4f1e3498bd720e	ok	rom_folder	1d7d6bbc4255d23866f9bc18218a099594b0b57f69e7930afd4f1e3498bd720e
snes	412	geral	Pinball Dreams	yes	1048576	3a52bf09850aa054dca443f7ea74d43f201dffecc40326924ecba9b0f1450e43	ok	image/png	833642	800	588	a07bf6c865d96a1d74e6cddf4413c49c51486ea9476adbc3980cee9ad757a575	1	1	1	6963299ceff29f3d90bf9d67b0aac7ba17f3e48e90272cbf0db0ecbd4cd9f523	ok	rom_folder	6963299ceff29f3d90bf9d67b0aac7ba17f3e48e90272cbf0db0ecbd4cd9f523
snes	413	geral	Pinball Fantasies	yes	1048576	0888d20ab2f834c77b0a2dc2162c43890a1640adc78c6b0bb5892ca8d5008ad3	ok	image/png	926334	800	588	4fafcfb5012a3ca76db4f99e460918165f9940c6bf547b28fcf0e519f157e3f3	1	1	1	cd4f70e5e2a904bb53da9cf366b193a429a5f90374f9de80995c1af86d64b648	ok	rom_folder	cd4f70e5e2a904bb53da9cf366b193a429a5f90374f9de80995c1af86d64b648
snes	414	geral	Pink Goes to Hollywood	yes	1048576	d0f4a5040ecf96dc49aa0084160e291a38f2ee75319750db4d6687ab36828da9	ok	image/png	520267	800	588	44789f70082d5adc3da08c68a21428d0235c6c40a5a963c26d3bb7e3b5703c87	1	1	1	a7fbd0bab1d9298d71aa6ecc1c4dac4a34bc638e3cd87711b6ce17e66229f580	ok	rom_folder	a7fbd0bab1d9298d71aa6ecc1c4dac4a34bc638e3cd87711b6ce17e66229f580
snes	415	geral	Pinocchio	yes	3145728	98c51c3bb577600fe79577c323333a791baa30904f37c695890e6e380b75e3c8	ok	image/png	1064661	800	584	c89cbf4d6c01e69084bd46738509fa2cdc7951bbc754249690f6cf7b89293f57	1	1	1	cb6af77f3083a2245a510506e0c5f001716381c3dba3c5e6c3a57295b03df04e	ok	rom_folder	cb6af77f3083a2245a510506e0c5f001716381c3dba3c5e6c3a57295b03df04e
snes	417	geral	Pit-Fighter	yes	524288	c2a1a66648a0a0bfe2f201cf4f926d138e410fbf85ecf436ccb9aac70c0df3de	ok	image/png	865517	800	584	125cf8720cf9d6dc909222621604f7c4fd20d22391794af7b35edb0aa3e00ffa	1	1	1	a97ab4c4d3a4ab700ce9db92b4b81e8f0b27a99bdbfcce966ebf79436e32d871	ok	rom_folder	a97ab4c4d3a4ab700ce9db92b4b81e8f0b27a99bdbfcce966ebf79436e32d871
snes	416	pt-br	Pitfall : The Mayan Adventure	yes	2097152	dbded6c928c60278d4ec7c0c88a037c17fafeb0529aff250007e9f5c40acb161	ok	image/png	453814	800	584	44bc7538ff70d5b10fec8af04520b205bca6676fa85c8ab16b4a01624a272edf	2	2	1	3ac09d592dd98c03695bc6cd427e74c8389a1d260abdfa3a5e0ebcdd4af5cf2f;3ac09d592dd98c03695bc6cd427e74c8389a1d260abdfa3a5e0ebcdd4af5cf2f	ok	rom_folder	3ac09d592dd98c03695bc6cd427e74c8389a1d260abdfa3a5e0ebcdd4af5cf2f
snes	418	geral	Plok	yes	1048576	0b3b0fd42bbe06a812053df376b183412fc0de335c4b7cb8e45f3fe47b0044e9	ok	image/png	1133781	800	584	b5271c5825da7d7427ed630c68ae07f9dc05ab0551912907f596373ec3a22fcd	1	1	1	d1caaa98e8a633882c1ead4eb5ed319200892c77b508bfbf83ff925aa0511079	ok	rom_folder	d1caaa98e8a633882c1ead4eb5ed319200892c77b508bfbf83ff925aa0511079
snes	420	geral	Pocky & Rocky	yes	1048576	72b2b3bead3fcd27a1610ad5d4d8be3235efeaff96df2e7858911992a5892d21	ok	image/png	1127271	800	584	979caa54ae762d031211deb47132c8197f0ca9d5ae30856b509bf07daef69db2	1	1	1	0c8bd852592abd27fadda9bdac848ed7f1e9f0484c2a37e1ef5d0d947bd6aff9	ok	rom_folder	0c8bd852592abd27fadda9bdac848ed7f1e9f0484c2a37e1ef5d0d947bd6aff9
snes	419	geral	Pocky & Rocky 2	yes	1572864	cc33ae02114ea18a86592de327b2b4bcc80728b11a5e4c61666dca71480d4169	ok	image/png	1039768	800	584	dfe465b566d65a20785ba6e19f8b47cf7cd48dd57557e66a20b66c84dac5d42d	1	1	1	71522ab87f402afade1ac5f791765c5df869c39afe3fe1438773c3e6698f9c31	ok	rom_folder	71522ab87f402afade1ac5f791765c5df869c39afe3fe1438773c3e6698f9c31
snes	423	geral	Pop'n TwinBee	yes	1048576	979572fe92501a409207399817911d04438f4078bc6832cbc851e98eb2f1c2d2	ok	image/png	908438	800	584	aac6741adffab823151e8ed85b23c5bb3da42040434d8232e96b7d1e0795a9a1	1	1	1	b059876ce37b5b0d2cacccb5bfa4b1ebffb7b7f7a31cc985abd1f6b6aa40032b	ok	rom_folder	b059876ce37b5b0d2cacccb5bfa4b1ebffb7b7f7a31cc985abd1f6b6aa40032b
snes	422	geral	Pop'n TwinBee : Rainbow Bell Adventures	yes	1048576	000f4534a0376958edcc7ae3e6c5a7ea0dd6a775646207f60ad3923e27f110f3	ok	image/png	1004265	800	584	f724e6657212683f37f10415cd7c9749f852155c15e979dfbbdcbcd66063ba84	1	1	1	abb76a0ef9aab5e617dc1aee7276505fd0b6335e0d54b8c5f8b947003d59798d	ok	rom_folder	abb76a0ef9aab5e617dc1aee7276505fd0b6335e0d54b8c5f8b947003d59798d
snes	421	pt-br	Popeye : Ijiwaru Majo Sea Hag no Maki	yes	1572864	3fefa5d4ea7d5fbdd592b6c839e9cae208bca337aed4347f5d880a89e7fbed8c	ok	image/png	454736	331	600	1a5e61311a75bdb9616a7c81f0ebc73aa5d1f6fd7f05e035696c3d53b0853027	2	2	1	2efadae02ddf22dc48938535845613f91c189dc8bc852f85eb5528c6341382e1;2efadae02ddf22dc48938535845613f91c189dc8bc852f85eb5528c6341382e1	ok	rom_folder	2efadae02ddf22dc48938535845613f91c189dc8bc852f85eb5528c6341382e1
snes	425	geral	Populous	yes	524288	5e580f220ed16281df8ee9a5f450b553f39f8c4078d3f3048d66bda15f98e19f	ok	image/png	1205398	800	584	06e36b84af3378136a23d09c0557f6c30e6dece80e9e8d21d2fce784c24d7e4f	1	1	1	b28b7a4dbf03ab805a079bd71ba616a68cd311e19dd840aaf8d0e05eadb4f689	ok	rom_folder	b28b7a4dbf03ab805a079bd71ba616a68cd311e19dd840aaf8d0e05eadb4f689
snes	424	geral	Populous II : Trials of the Olympian Gods	yes	1048576	da209c09928834167735fdc2db4f5a9fc134f8f868ae784e750ad80830e95fd9	ok	image/png	773952	800	584	cfb462eec81300e2f3a3a268fb121f8ef090f60f2e85cbc67935c17a8b451996	1	1	1	39bb11eecb6e6ee51e504611c31c59c40cc1b44ce825939529da00d6fbb1f886	ok	rom_folder	39bb11eecb6e6ee51e504611c31c59c40cc1b44ce825939529da00d6fbb1f886
snes	426	geral	Porky Pig's Haunted Holiday	yes	2097152	ee9759fdb590ba908f569c2bb8a63703d282b58b84bd1fe0a472ea47685acdc5	ok	image/png	987243	800	588	eb2da4898b1dff70d97013f9d3bbd7f87f550a475518f15564c9e7b01f6d9de8	1	1	1	fa55f6e6fd943936f3cdb322b6dac25ca0e71e2ad61eed2001c134aa54dd4dc0	ok	rom_folder	fa55f6e6fd943936f3cdb322b6dac25ca0e71e2ad61eed2001c134aa54dd4dc0
snes	427	pt-br	Power Drive	yes	1048576	31994f61d637ed9d0ff01cba6f173862f02ae6bb4913ba4f4229b808393d18ec	ok	image/png	1045963	800	584	1b3aa35c026c5609d825b0aa3d6ff2995e6f51d208ca02645256e9b131193c75	2	2	1	deb46b90aaa95df3ff98d795c2cc8ab366861e6712c0a2f5f91f56c14d0e5c73;deb46b90aaa95df3ff98d795c2cc8ab366861e6712c0a2f5f91f56c14d0e5c73	ok	rom_folder	deb46b90aaa95df3ff98d795c2cc8ab366861e6712c0a2f5f91f56c14d0e5c73
snes	428	geral	Power Instinct	yes	2621440	06c8fc466805f97c9147711b2d8370d4f4d05d9fa3a916f17aa1682f73c9a63b	ok	image/png	844406	800	584	48f7e8110cd3432286747daec9f6b89aaedd06d847b03de0be6c46fe2671a8f0	1	1	1	c0ba7e921ea7dfa108702b31e1a0f1c20cb900d301fb95c93fab555e62b81b64	ok	rom_folder	c0ba7e921ea7dfa108702b31e1a0f1c20cb900d301fb95c93fab555e62b81b64
snes	429	geral	Power Moves	yes	1048576	42ee7829d3db0213b718168c29674879bb4532573e9fb3450a5b417174a16ed0	ok	image/png	878866	800	584	061833d0f77aae38a07d7fe5a8e831e50f3dc5de6ed67a30116539a404d44685	1	1	1	f7ec0cad2ac471c1e0a17ec18c62a87d5fe06deb0722a7f8e07cfe096081dca9	ok	rom_folder	f7ec0cad2ac471c1e0a17ec18c62a87d5fe06deb0722a7f8e07cfe096081dca9
snes	430	geral	Power Piggs of the Dark Age	yes	1048576	0288ec049723cd0c7f1148cdc1aef0b6922b8a756affe373c99d5690e0dfceaa	ok	image/png	936218	800	584	8f8123e30fca6b7d315c24eda9902aa15dc3c450d8d77f84cddf8d060ea7e020	1	1	1	587a46ebc5c14400ee3231cf018de288617a1ed821bd6b7d931ea263493de0fe	ok	rom_folder	587a46ebc5c14400ee3231cf018de288617a1ed821bd6b7d931ea263493de0fe
snes	431	geral	Power Rangers Zeo : Battle Racers	yes	1048576	2e2a8c0da7f6def617077a25b222062f6988ef14b36b2edfe10d47c6a942d023	ok	image/png	731816	800	588	2275cb0dad526b173ee2783bb9467ddf6df3c7c3f1f4dd6347c055b9f670753c	1	1	1	70416963032bf0dd1657674204cf84fff99bce85d5ec4d09b6088549589c3616	ok	rom_folder	70416963032bf0dd1657674204cf84fff99bce85d5ec4d09b6088549589c3616
snes	432	geral	PowerMonger	yes	1048576	c16524c1661c83f9bbe7c55c9ee9b0824b3db85dbfee0a681b57c1c445771131	ok	image/png	986349	800	584	07e3cca55837042bfb4d109084829dfaade593bc2bf1423dc65de9f39e4e290a	1	1	1	f5a4bd16250802d9df7c1da7106cf9b2fcded2b8f51329e06f6251183156cbe6	ok	rom_folder	f5a4bd16250802d9df7c1da7106cf9b2fcded2b8f51329e06f6251183156cbe6
snes	433	geral	Prehistorik Man	yes	1048576	8f387d083de1399bb79e5312c31a6f1757f2a536bfa25cecf1aea77bfd77058b	ok	image/png	950010	800	584	82d1dcaf6c965aebcce854fc93680cd888839a08c8b721ad30fb0478fa50ef59	1	1	1	bb1198ac1d5a14d4a6331c0b6a7647fae685370ccc4258c1806be1c26166c0fc	ok	rom_folder	bb1198ac1d5a14d4a6331c0b6a7647fae685370ccc4258c1806be1c26166c0fc
snes	799	geral	Primal Rage	yes	2208048	526ba3867eca84b4d4fa37d1684372f75c5fa60d57fd184f5f607d6079364f60	ok	image/png	166839	400	288	735227a8dcb34d0888a456c2d179ef885caeb8d8ca384ceabacbc181e0e94bb7	1	1	1	48652dd156eef2ac562a81e01ce5407e4636d6bd7dd0babe29d7399a2afed934	ok	rom_folder	48652dd156eef2ac562a81e01ce5407e4636d6bd7dd0babe29d7399a2afed934
snes	435	pt-br	Prince of Persia	yes	1049088	079022aa9f58623d322484eadc146d506fefb5466adb733654dcfeaf31556648	ok	image/png	991938	800	584	a4ba6ef61eca47bf0618806164ed834d8cdf460278b921e34be7a26cb0c8ac0a	2	2	1	62c95c8496c3541bd29fa9dde4cd27781258fdd01f1b556930d15e8396fa5273;62c95c8496c3541bd29fa9dde4cd27781258fdd01f1b556930d15e8396fa5273	ok	rom_folder	62c95c8496c3541bd29fa9dde4cd27781258fdd01f1b556930d15e8396fa5273
snes	434	pt-br	Prince of Persia 2	yes	2097152	8e653eecfb3dd98362d899fe659965dba3efe2e22790567e085d958c72233b2a	ok	image/png	901647	800	588	a9e80f9793a660039e197960c970a50670f64e4eb71eba11795a7886968fcf89	2	2	1	8a18a76700c2b045d350a31771040eb278a29bee6d0c6ab0e2d1ad97403e4a18;8a18a76700c2b045d350a31771040eb278a29bee6d0c6ab0e2d1ad97403e4a18	ok	rom_folder	8a18a76700c2b045d350a31771040eb278a29bee6d0c6ab0e2d1ad97403e4a18
snes	436	geral	Pro Quarterback	yes	1048576	85e2e58e1f99fce366c85d49f77446395584ca4959ef772a707fe454ed46c68f	ok	image/png	897197	800	584	742fd5a23aab21ce53e981187885c7b7a02dc9acf8c3993a2ea4653b71d2ef5c	1	1	1	90e1bd02905eac728c738fed40f2d31e8416531996239a3036d78289a587b693	ok	rom_folder	90e1bd02905eac728c738fed40f2d31e8416531996239a3036d78289a587b693
snes	437	geral	Pro Sport Hockey	yes	1048576	00b5b3d3febd1a6f28ceb49e39cdd9476a944fe62ea3850808cdeafaaaa63040	ok	image/png	1024610	800	584	ab9ed388ac7422522f2254baa71c9b5a636c5645b703f9aaaae1967064d087a0	1	1	1	f3b375b86f955c71b4b89b75375890a7f9662df389944e73ef2a923a329b84cf	ok	rom_folder	f3b375b86f955c71b4b89b75375890a7f9662df389944e73ef2a923a329b84cf
snes	438	geral	Push-Over	yes	524288	475c9baa1c2b76a6b3119e47d32814dc1c08e84e23250ae015bb0bccea915637	ok	image/png	863872	800	584	0f6d2538a0a8ee0bbcd639852b66bd40fa5df10f1c79ec274c6e9a28a9b4d0f0	1	1	1	aad0678017821e64a903189036c5a88b9524179b217a11cb1a65dbba79dbfc8d	ok	rom_folder	aad0678017821e64a903189036c5a88b9524179b217a11cb1a65dbba79dbfc8d
snes	439	geral	Putty Squad	yes	1572864	ba135ad37fef9932c2f840cf6cf82d559c232dfe0f85ba068a34755f3ad5f778	ok	image/png	1056417	800	555	3d9f4e43d0df5186c7d5e9023a28aaff6907edd87f34e20622a701a2ef77a61d	1	1	1	c390fc589298079df9fe6901e4b336d73fb77a87e39bc6ca8674dc62f953917a	ok	rom_folder	c390fc589298079df9fe6901e4b336d73fb77a87e39bc6ca8674dc62f953917a
snes	440	geral	Q*bert 3	yes	524288	89d57bf308033ef17f770a80080cbeed2d112244635d5b5f860f2016398cd2f6	ok	image/png	938866	800	584	9267efe6e1a36495609d924c5d51082b5bbfe46c1d49a085d33fb683867bdc38	1	1	1	b188d416e3ac6266114ddb509d5b5634353b194316626c976d548e1a8a1b68b9	ok	rom_folder	b188d416e3ac6266114ddb509d5b5634353b194316626c976d548e1a8a1b68b9
snes	472	geral	R-Type III	yes	2097152	4d6c7d6d2693d8d43bafaff7582f9a94885362dadd9ee4012bbbdce1ba10c30e	ok	image/png	1105209	800	584	6a54c13435880f7a4ff4a31147effdcc952dcde564158dff3a3945441ee97848	1	1	1	a37a900e417430946cf5663817dacc58a5ac9673ec208f04db75d6a13adc1d23	ok	rom_folder	a37a900e417430946cf5663817dacc58a5ac9673ec208f04db75d6a13adc1d23
snes	441	geral	Race Drivin'	yes	524288	dd0feb78e2d5d81f59241baf3bca5e2edaebbe98f0ac860a4eb6d448718f1ca5	ok	image/png	581592	800	584	4f7df0c518d099519ab9e2a436f35a20ab5577ac6927d3209743205d7a0cb819	1	1	1	d2febe106edc32397aa58d45f2ddc0943b2947b91f8a8d516de4f9ae0bce5ef0	ok	rom_folder	d2febe106edc32397aa58d45f2ddc0943b2947b91f8a8d516de4f9ae0bce5ef0
snes	442	pt-br	Radical Dreamers: Nusumenai Hōseki	yes	2097152	aa411f1a81d40dc7dec5b4fa84d5e2e1edf1951463634e7b4f2570fc4e43c545	ok	image/png	467552	330	600	4eda982723b36cdd32700c9d83410e7f6fdd0e3358eba51834e4980ae908858c	2	2	1	dc0727202b54b8cbd54e3a538e04c0f2c24deb5e79aef14e344412d8aa4af1c1;dc0727202b54b8cbd54e3a538e04c0f2c24deb5e79aef14e344412d8aa4af1c1	ok	rom_folder	dc0727202b54b8cbd54e3a538e04c0f2c24deb5e79aef14e344412d8aa4af1c1
snes	443	geral	Radical Psycho Machine Racing	yes	524288	edf990e502c646a2fe83fcd1d359ca0ed5003ace06cb4c3de5a51a0c56d6ec54	ok	image/png	827578	800	584	e1a442cfebfc3c81955fa0c4613bf494c9480dbd524dc6a8d90949128678ed32	1	1	1	73b0b89b31b427d858dc603c03cea55b1aef20bb5796f1e398ba067f324a2bdc	ok	rom_folder	73b0b89b31b427d858dc603c03cea55b1aef20bb5796f1e398ba067f324a2bdc
snes	444	geral	Radical Rex	yes	1048576	1869c0faf93bf21b7ff965f1925fad4b2924a64b1e48f4837221eebdf741226c	ok	image/png	918338	800	555	8369c52cedcf5007f4d185f8db0d056e2461ff01a42f07530d0a8d95c4db7108	1	1	1	69bd1355011949d0ea64ad300ff0138bdbe0b7ed097ed7a13842b4df18087fe6	ok	rom_folder	69bd1355011949d0ea64ad300ff0138bdbe0b7ed097ed7a13842b4df18087fe6
snes	445	pt-br	Raiden Trad	yes	1048576	0ad588031d2c4c8420b363ee572b9f00da7c5eab2e54148a7ecf452e72e0b482	ok	image/png	180092	400	292	c7d3a9a6543e99fe527e6005f6608e29f91e43fb185a66dc5766d561b917b261	2	2	1	31a928b3cf082fce22f90615c6fdf022fdfa1900cacf540fdfaadb71eb3163a6;31a928b3cf082fce22f90615c6fdf022fdfa1900cacf540fdfaadb71eb3163a6	ok	rom_folder	31a928b3cf082fce22f90615c6fdf022fdfa1900cacf540fdfaadb71eb3163a6
snes	446	geral	Rampart	yes	524288	e19f7d8d5c3e4cefeff5889380d8780495e01f0553d13be4182a15a5d4b615bb	ok	image/png	1109130	800	555	923d15a339ffcca4b860a0b3c3e16bc9511cb832b60a95e76293935f72774b36	1	1	1	9bf85c189c343616a9bfb71a8c95ad6154060b5d67288c8814a22c8bcff6f54c	ok	rom_folder	9bf85c189c343616a9bfb71a8c95ad6154060b5d67288c8814a22c8bcff6f54c
snes	447	geral	Ranma 1/2 : Hard Battle	yes	1572864	32d32ef56af83887cdc2c04b3da4be1cd82a473988deaa2e7dd50d38ef79c3a1	ok	image/png	1147318	800	584	ddbb76d5df105b90a9c3915f166f6db6a2f1c8713fe1255ab844694991a9bc5a	1	1	1	dd93314af3d9b65177657f6a4fe791d930d1ed7118f108daad804650421bc199	ok	rom_folder	dd93314af3d9b65177657f6a4fe791d930d1ed7118f108daad804650421bc199
snes	448	geral	Rap Jam : Volume One	yes	2097152	920bbaaf6a32cab5feabb5bc8b2b427dccd53bfd31d0da8acb7ea4e819139e4f	ok	image/png	1088141	800	555	32339c6844b672d012cbd61e2145feacf0f2cc609ced137b694b76dab1782ced	1	1	1	bbdbcdd814bb1fb54648aa14dfaef79d5c0616e4abd7bb35ba75e6a03d89798c	ok	rom_folder	bbdbcdd814bb1fb54648aa14dfaef79d5c0616e4abd7bb35ba75e6a03d89798c
snes	449	geral	Realm	yes	1048576	097cbe9720903bc14599158b80e0cc314ef2fe8a585d6d0a8962eb1626031492	ok	image/png	935068	800	550	0f47023f60ef6293be3c2610bc016e1c72def0abfa693c342a65ec7c20befb12	1	1	1	ed8430ab1a986b774266595efe5523f0521dae509eb6f5834694af9c902b45a0	ok	rom_folder	ed8430ab1a986b774266595efe5523f0521dae509eb6f5834694af9c902b45a0
snes	450	geral	Redline F-1 Racer	yes	1048576	549f2e5b17f685cad25ba71ce7bc6e004e7bfd09e6be12a827af9a9a26556fff	ok	image/png	784427	800	588	bb46172be2021c207122a5f1f79a55ea7ff8a2ea14ea180851c21d40a3ac51b4	1	1	1	7197626497672065b45a2f741b6ad1697fdea0053da0ecd2d781903deb11eea6	ok	rom_folder	7197626497672065b45a2f741b6ad1697fdea0053da0ecd2d781903deb11eea6
snes	451	geral	Relief Pitcher	yes	2097152	b2221d0a59a399e437710e1191a37071d0a59c72d8e62427cd499de8d8fd7b61	ok	image/png	923458	800	584	590a166d1aa3d1af2f26b92784ecfe02d1e5d2b36bef59e6087bab4b4e87ee91	1	1	1	93de0e9428bcc0cb0ca80e028a3b9fe27d91ebd62c29b06b31e523a5647707b1	ok	rom_folder	93de0e9428bcc0cb0ca80e028a3b9fe27d91ebd62c29b06b31e523a5647707b1
snes	452	geral	Revolution X	yes	2097152	5fb072c3c2e9d8e7f84bea9c4bf2253e6868eb2b1f13e35a7d75fdf05896d873	ok	image/png	809356	800	584	ee0023568bbb2a451cfcbda74597ff537bfd2baecb6b53ecd577dd4ee64af65a	1	1	1	1d8cf11f7694e0d620be1d0b34335f4095b5e8e91bf677da3d0d94f4ed1f23a9	ok	rom_folder	1d8cf11f7694e0d620be1d0b34335f4095b5e8e91bf677da3d0d94f4ed1f23a9
snes	453	geral	Rex Ronan : Experimental Surgeon	yes	524288	f44482e2cccd9fcfd5875d84ff700f6e783f3bd8abd1ac4d939074cd6ad3fe65	ok	image/png	1000126	800	584	771f207aa191cb1dd6e548edbe8809eb359cb572d3e6f778222340c261cf5e03	1	1	1	6ef86112290db752c9626a625686359abb135e6fab25f6b2412a5d626bae6788	ok	rom_folder	6ef86112290db752c9626a625686359abb135e6fab25f6b2412a5d626bae6788
snes	455	geral	Riddick Bowe Boxing	yes	524288	e3ea89964ee82d2ae1e5739b8503acf62732aedef28d1b3d5caa9ebae0feec06	ok	image/png	156205	400	292	8c7a5520515d7536496a8062deadaddac1fd0e42b039b978161f059952236140	1	1	1	100d7c85be3c4f08158d9e2468b12fd8244613031c0a28fd22e016fb562de1a1	ok	rom_folder	100d7c85be3c4f08158d9e2468b12fd8244613031c0a28fd22e016fb562de1a1
snes	456	geral	Rise of the Phoenix	yes	1572864	cce455b7074f62ffdb41863ee8c160ea06f7acd028837666329bc1e0c3567ad0	ok	image/png	1002609	800	584	a0b1921c53bab9a4d5d3a72afc4e57c54337f6d5670ede96e5151ad031572e92	1	1	1	1cab8232f23a44be4c8bb5791496aad22157afad3e350cc6bb3c48fd09aa022e	ok	rom_folder	1cab8232f23a44be4c8bb5791496aad22157afad3e350cc6bb3c48fd09aa022e
snes	800	geral	Rise of the Robots	yes	3028399	5f5a18de052d931fb6d9d08ef3e1a4745f7453ffa2ed2a7f115d55241dd952c5	ok	image/png	109500	400	292	3f412d1594b2890b9fbfb067cc5eb844df2b3aed8310d09c2154c8b6ec6dee9c	1	1	1	b5e3f66478d40f952aa914c98631a896ce0e2dfdaeb37a4f7cf79b4062523a5a	ok	rom_folder	b5e3f66478d40f952aa914c98631a896ce0e2dfdaeb37a4f7cf79b4062523a5a
snes	457	geral	Rival Turf!	yes	1048576	3f59cc687d22cd1b23cc33ae6e4518234c9da813c01f79f4c43716e12d32a12d	ok	image/png	684237	800	588	3572ce60acb7ca51264ea0e852b121d43ff6ebb4ee2d208a0de8c58d618f09d3	1	1	1	7467f410411a5bad0cf3b8f41cff64114825bc5f7536f966846954528775b2fa	ok	rom_folder	7467f410411a5bad0cf3b8f41cff64114825bc5f7536f966846954528775b2fa
snes	458	geral	Road Riot 4WD	yes	524288	864aa9068fb23cd20022a9ac36fb9082299278ea0cb07a20deec2b6a1c6cbc70	ok	image/png	1123440	800	584	56dd63c0b537a51ec8ec550af5463c4fc809e702d0b2f3f1c213cb1a1ff3fcde	1	1	1	1ef62b43b8878aa33342224ddf77410052f0f75e1ca490813397b307b141646e	ok	rom_folder	1ef62b43b8878aa33342224ddf77410052f0f75e1ca490813397b307b141646e
snes	459	geral	Road Runner's Death Valley Rally	yes	1048576	2e8203e421f97cf165f03a5d4f69dadf0bcca18c42c6a1dfe79c8705c522cc54	ok	image/png	824663	800	588	53e14fc7a09403e081ad5a3a283763d1911551739785a66bf5d6ab18269d870e	1	1	1	cc855ce491ed3d1ec18f75290d1b5f0a1e273fededf05ab2fc8e93f917934d21	ok	rom_folder	cc855ce491ed3d1ec18f75290d1b5f0a1e273fededf05ab2fc8e93f917934d21
snes	460	geral	RoboCop 3	yes	1048576	055d9c6311a663af7c899a6f76a419c274c57baada3ef64c52fadb1c676b1446	ok	image/png	1019554	800	588	d299ceec07663360a8569fe3f932dccea77f2be84012b717b1c563ff9004272f	1	1	1	8a6ddc76508a2dc6c6ad952319810b15ce6877ed67c64d7674de8246619622fb	ok	rom_folder	8a6ddc76508a2dc6c6ad952319810b15ce6877ed67c64d7674de8246619622fb
snes	461	geral	RoboCop versus The Terminator	yes	1048576	a2115e7576dec06e0de613efb89de861815a78ef72e78a3784be09fb7541928f	ok	image/png	998877	800	588	4ec9a8e0506c0986e015128061589c51dc153db4fbd672de8f60dba7d7099ebd	1	1	1	299b6931869b18c2ca43af483e0fa5375c82bd9dac2e44d3665100af3d3042c0	ok	rom_folder	299b6931869b18c2ca43af483e0fa5375c82bd9dac2e44d3665100af3d3042c0
snes	462	geral	Robotrek	yes	1572864	1e2ded7b1e350449b7a99b7ec414525e4b9b086c416deeee5eb3e48e032c46bd	ok	image/png	806429	800	584	bfe773c258f1510e9ae5d7c20e5837144a4e7f5085ffb53b55d58bd693649d55	1	1	1	787689639b6e22cc13c28bf43deef9798d0c78e9004119bfa6f0c4878185395e	ok	rom_folder	787689639b6e22cc13c28bf43deef9798d0c78e9004119bfa6f0c4878185395e
snes	463	pt-br	Rock n' Roll Racing	yes	1049088	de7ece670b25ce713e1d1f77ab547f5b9f6de070300dd6d3a063d4d96572bd23	ok	image/png	1031581	800	584	1928082301e8b29de4e762a8929319b6ac198900b2098af8cdbcf8ce902059ef	2	2	1	6a6a8ebd3dc8664db6bb385e257c216218bfbe858b271280735404e952d253f9;6a6a8ebd3dc8664db6bb385e257c216218bfbe858b271280735404e952d253f9	ok	rom_folder	6a6a8ebd3dc8664db6bb385e257c216218bfbe858b271280735404e952d253f9
snes	464	pt-br	Rockman & Forte	yes	4194304	5520c97150218fce0bfcfe5d75be13299826c3fc178957705c4192d2257abac4	ok	image/png	522777	330	600	6e9a587310c4e4e38b57c7a72f42508f12bb0a6a5fb067ac7465abb46cf11560	3	3	2	646494187082ead6da193e547f17b393bf7925d6bee2326a2349641e879558d2;646494187082ead6da193e547f17b393bf7925d6bee2326a2349641e879558d2;f24012d3cae97e6b24510e4f6dfc2643088768e81591f7675dca9a27c1990d57	ok	rom_folder	646494187082ead6da193e547f17b393bf7925d6bee2326a2349641e879558d2
snes	465	pt-br	Rocko's Modern Life : Spunky's Dangerous Day	yes	1572864	41ddf942434467829ac225bcd99187fa26b0e745312b86926496192a5a776c44	ok	image/png	176844	400	292	7947e8798b0956ffa66ccdea45a2218a368d0ec1cb2451b0f042e367fe8d7794	2	2	1	6513515eef306b7ccb0bfdc9b711e2fbed7368bee0cdbb42d81fe23ddc1ff69d;6513515eef306b7ccb0bfdc9b711e2fbed7368bee0cdbb42d81fe23ddc1ff69d	ok	rom_folder	6513515eef306b7ccb0bfdc9b711e2fbed7368bee0cdbb42d81fe23ddc1ff69d
snes	466	geral	Rocky Rodent	yes	1048576	7c0f915b581796e5b6dd384ecdc0dad8af4d956492fbcedec628c8845d911d7e	ok	image/png	835929	800	588	1f18e7f340c8e5174907716f271b6508690de13c86e52b57a7127dd4b052b4bc	1	1	1	45f068ee4d29ce3f7058c11886d470c2c5e94f34cfed608f0e0fac5f924049b7	ok	rom_folder	45f068ee4d29ce3f7058c11886d470c2c5e94f34cfed608f0e0fac5f924049b7
snes	467	geral	Roger Clemens' MVP Baseball	yes	1048576	f7e3c3012af2dbad350646b6ef3470f0b4c42e4a2873109f7aa6c81d7157c887	ok	image/png	962182	800	584	b61b3ccdcd83da052b6c8b810f2c226240cec92e60627b6b276327b09e6fd58a	1	1	1	83fd6ce29ee0d931bafa7004998504c1ea33094aeb841003e875775d1be80fe1	ok	rom_folder	83fd6ce29ee0d931bafa7004998504c1ea33094aeb841003e875775d1be80fe1
snes	468	geral	Romance of the Three Kingdoms II	yes	1048576	815bfcf4fd6eb23a20c2e50dde023c210b273ffb6cd86a93909d803c3643ce46	ok	image/png	984224	800	588	bfca0ffe3a30188c58d93b91e3e3a16a2227f528f4611113b7f403717c5464a3	1	1	1	21221ceba6435e7b0fed4a9d8e9faa4be36d52d4436f5a7f2abb94211b46732b	ok	rom_folder	21221ceba6435e7b0fed4a9d8e9faa4be36d52d4436f5a7f2abb94211b46732b
snes	469	geral	Romance of the Three Kingdoms III : Dragon of Destiny	yes	1572864	88fa0a78ca98c6386e086c7fa9e81a2625bdecc55115dde6c6f4770b0670aa40	ok	image/png	1010400	800	584	3b8d5c557c7b2941cb8b6eda90d21fd9a6621f4f9d0ecf6bb13a6db9dce66087	1	1	1	d3127773d7611e8e9b9b966e73ec99e5539a0ab244c79bb642de43c64a5ec06a	ok	rom_folder	d3127773d7611e8e9b9b966e73ec99e5539a0ab244c79bb642de43c64a5ec06a
snes	470	geral	Romance of the Three Kingdoms IV : Wall of Fire	yes	3145728	9670c67eeeb5581fa5345025a2e2ee875179e0da9f5be4bf78641e477d785f17	ok	image/png	1068542	800	584	4882b5333df72a87263215f73c7cd49ae1a9ee72c19c4d13c31b11d701c27520	1	1	1	7f63bec4ecf196614d6833ec0fe9698499526e56d1e39cb4d0dd909f5b3958fb	ok	rom_folder	7f63bec4ecf196614d6833ec0fe9698499526e56d1e39cb4d0dd909f5b3958fb
snes	471	pt-br	Romancing Sa-Ga 3	yes	4194304	cc385e467d7b645653a7f583989e0a9f536cc08f61144a88ef6a61aaac5882ef	ok	image/png	582592	331	600	dc4ab352479e0a88c81750a5bc80e24718fc66502b24ea837dd7e4a2cba0158d	2	2	1	6f2af6ce3abb10291ed63906fdfe75dc9425d41633a09e79e24c72de8fa8dad6;6f2af6ce3abb10291ed63906fdfe75dc9425d41633a09e79e24c72de8fa8dad6	ok	rom_folder	6f2af6ce3abb10291ed63906fdfe75dc9425d41633a09e79e24c72de8fa8dad6
snes	232	pt-br	Ronaldinho Futebol Brasileiro 2011	yes	3145728	43ebaeff9dd2ee8dee78f0844ddbf47a01bfa9f6a91dffe5602488ab7efe6e6b	ok	image/png	206521	400	292	95ed88db4069f862c373ea35ea3aeeaa453ad0881afe2899d5928fb65342f3da	2	2	1	9f98d24d3e4d274ab69f97b225875212dbfd9395ca2ed7234442bca5be2e1b77;9f98d24d3e4d274ab69f97b225875212dbfd9395ca2ed7234442bca5be2e1b77	ok	rom_folder	9f98d24d3e4d274ab69f97b225875212dbfd9395ca2ed7234442bca5be2e1b77
snes	234	pt-br	Ronaldinho Soccer 97 (PT-BR)	yes	2097152	8f6a3085ac20ef1b9b4a9ca746638de9e81030f1092bff32a33a01a2f88ff196	ok	image/png	998923	800	576	19bb00991773cb91a020a18213e307c7d41cde053c17e02836cc35b4191c985c	2	2	1	ad55df56c3368331d782feb3b2d4b5f6e2da489706c9547caf36fc53dd00946e;ad55df56c3368331d782feb3b2d4b5f6e2da489706c9547caf36fc53dd00946e	ok	rom_folder	ad55df56c3368331d782feb3b2d4b5f6e2da489706c9547caf36fc53dd00946e
snes	473	geral	Run Saber	yes	1048576	4158e3e8890a52f0b12dc9ad5a29276058a247ff41e9f1d22897ebde1eb11269	ok	image/png	916510	800	584	4e8bf1ee82071cd60d14db08284106103d28f382ebbf58356b05e44842d30512	1	1	1	082be3e3b7f46865ff69e8e209b316f729618f98fd77a02a15c241d55611aa8a	ok	rom_folder	082be3e3b7f46865ff69e8e209b316f729618f98fd77a02a15c241d55611aa8a
snes	474	pt-br	Rushing Beat	yes	1048576	81a29ed5f3f678ff99d78714f198ff9d43744c0a4a9be0f87c514b16eae85c03	ok	image/png	597291	331	600	3d4ca2c80d877aafcc7be0c1b524c0f22feceb33901b71ab6298244040fe038a	2	2	1	417afa58a5fd8be31af7fde947fac0a12b99b1c6b00da6d9998db6acc7d8ca5f;417afa58a5fd8be31af7fde947fac0a12b99b1c6b00da6d9998db6acc7d8ca5f	ok	rom_folder	417afa58a5fd8be31af7fde947fac0a12b99b1c6b00da6d9998db6acc7d8ca5f
snes	475	geral	S.O.S : Sink or Swim	yes	524288	70008efe51185eb0a2f8d8d8ac2bdbb99bd3dfcc169dcc474962f82692998051	ok	image/png	710822	800	584	9fc95885b73ed6eda82cc0f6a516ab4304e302b169afaa53269b6e2922889769	1	1	1	18bc8761edfbcad66bda8121fc72a7603d38ca0954a06a957025544e6f4103a9	ok	rom_folder	18bc8761edfbcad66bda8121fc72a7603d38ca0954a06a957025544e6f4103a9
snes	476	geral	Sailormoon	yes	1572864	0aa16d6b588ba05ab00936201e68a694746fc5e1b2e4f2dbf7cda09265a81379	ok	image/png	884878	800	584	0090505fb942bb433b80efd4d83024d13cb3511bf63ef36300b72c81c0c15006	1	1	1	cd7f8b5c6ebd5a4e17700fcebe9faceac159e6e8c0e46ec65f1fbf841728b543	ok	rom_folder	cd7f8b5c6ebd5a4e17700fcebe9faceac159e6e8c0e46ec65f1fbf841728b543
snes	801	geral	Samurai Shodown	yes	2480624	9b491d0e7ff73f931708c75ad056989100d7f59f7908257f90dd0531a0340877	ok	image/png	171403	400	294	9f0afa4d238b09150cf3ba6f22aae80cbb9da1701a2a41a62b243904a834e54a	1	1	1	448cd7a2ac3cbfdb37e7674426fdb5a2ffe96164931d19456d76f23bbde79677	ok	rom_folder	448cd7a2ac3cbfdb37e7674426fdb5a2ffe96164931d19456d76f23bbde79677
snes	477	pt-br	Saturday Night Slam Masters	yes	3145728	97a62493f0aba392ba13b72b0b91a2ebe7df7fd5bb11eb9ad33a392be83c32da	ok	image/png	1053485	800	584	60435b25ec8f48424d6a9b621de0230f7c08b3dec56037e957fa0083e648b16a	2	2	1	0e1b96a9bcd880bf335433ce6c6fc456f8275d9793eacc88028315cdf95425ec;0e1b96a9bcd880bf335433ce6c6fc456f8275d9793eacc88028315cdf95425ec	ok	rom_folder	0e1b96a9bcd880bf335433ce6c6fc456f8275d9793eacc88028315cdf95425ec
snes	478	pt-br	Scooby-Doo Mystery	yes	2097664	cb70df1f76f3e444a6fb5e9610e906deec2750c7c4b2ffd25fd084539f37c3ed	ok	image/png	902466	800	588	96f16da245fb2a576bf54dde8b51259aba7e504b602572a72dee05f025a17ecc	2	2	1	4691180cde742843bbaa1583446a1420c97e777314aa04fca6f791126a636532;4691180cde742843bbaa1583446a1420c97e777314aa04fca6f791126a636532	ok	rom_folder	4691180cde742843bbaa1583446a1420c97e777314aa04fca6f791126a636532
snes	479	geral	SeaQuest DSV	yes	2097152	a4ab8cfad2f236675b1c0124f8484688e149f38e8628a3b38e9ec14d491ec07e	ok	image/png	785221	800	588	3ef1c9718e888f5da602dede1d76ced042b925c63a1d3cb909fe93d2ab15278e	1	1	1	6f565156d1cf7b5fecb55a9864f811c894aa2a56de45f99b8101993ad428c258	ok	rom_folder	6f565156d1cf7b5fecb55a9864f811c894aa2a56de45f99b8101993ad428c258
snes	480	geral	Secret of Evermore	yes	3145728	17c864a76d498feb6479eee8e7d6807b951c66225033228622bb66754baab1db	ok	image/png	978586	800	584	3486cd1823f4238dc9104f835071e17e6921489879edb97c329b6280c0864870	1	1	1	c5fa8e9aec4455cc97ec101e5bada696c117c2dba41e275889b9d4198eb28c98	ok	rom_folder	c5fa8e9aec4455cc97ec101e5bada696c117c2dba41e275889b9d4198eb28c98
snes	481	pt-br	Secret of Mana	yes	2097664	4cc065671af8d511de06b3e6ccdb08ec70ef3cd4bfcc42d30092c07ddc808f3b	ok	image/png	948316	800	588	a1cca73545269b3051e6a502d71d7f6e2f52156e9274a076acf86650ac4e89c7	2	2	1	0d1d5a6543b5c1d00b8ab6438742ca6221cb390b66f0858d92ad993448b5182a;0d1d5a6543b5c1d00b8ab6438742ca6221cb390b66f0858d92ad993448b5182a	ok	rom_folder	0d1d5a6543b5c1d00b8ab6438742ca6221cb390b66f0858d92ad993448b5182a
snes	482	pt-br	Shadowrun	yes	6291456	91f62ad7dd58b576bf35c00d685654671d3668a2d5d018aa2d62b801c993017d	ok	image/png	172108	400	294	8e00743bf5cb6832a1b2f5c01246d63b8057021d6b257d67ae3c86b4579023cb	2	2	1	e7c9bc2d254dbc2d01b2cc7ea1adbbfa307b91fcc5817f3a5b359ad72c627f2d;e7c9bc2d254dbc2d01b2cc7ea1adbbfa307b91fcc5817f3a5b359ad72c627f2d	ok	rom_folder	e7c9bc2d254dbc2d01b2cc7ea1adbbfa307b91fcc5817f3a5b359ad72c627f2d
snes	483	geral	Shanghai II : Dragon's Eye	yes	1048576	bdbcc53b266159b5a08e307e5b60fdb0cb5a1ba8f8c1c6c7f89d81eaf5133e85	ok	image/png	973248	800	584	4787a0b04bfb0b97e619fb1601d24cafcc3e835d14570ec26331802a606b1ae9	1	1	1	d03f9e90f7f97d449d781648323c85354bd7a661c01cd5fa4380cf68470d4f04	ok	rom_folder	d03f9e90f7f97d449d781648323c85354bd7a661c01cd5fa4380cf68470d4f04
snes	484	geral	Shaq-Fu	yes	2097152	c73757eea258e169e506eaef989227a59918060f94117917f338183db14c50b6	ok	image/png	870799	800	588	bdcbbe59f285145bbfbba1be2d1420d742a42426af1354deb932b7a948993431	1	1	1	ea2da04ffe0c4476be37dc9d6bf266be746155a9b06bde0e8c1566a28dec474c	ok	rom_folder	ea2da04ffe0c4476be37dc9d6bf266be746155a9b06bde0e8c1566a28dec474c
snes	485	geral	Shien's Revenge	yes	2097152	454c580498a7d317ed61cb5863b1999eff57ad440ecd30ebb76e193c9c52f3ac	ok	image/png	758235	800	584	69f56738e8b4c2593e524ce42ebeeb799c154c37d7e13b1d8ea6301f1ab84bec	1	1	1	1ad0385d35406711695509dade7d6a8f9ee54c239ecfe018c2f75c3ff39b1b56	ok	rom_folder	1ad0385d35406711695509dade7d6a8f9ee54c239ecfe018c2f75c3ff39b1b56
snes	486	pt-br	Sid Meier's Civilization	yes	2097152	255d8f79a92a2534d4996245348b99ba93d3d226c21831b2c6064ba6fe024e43	ok	image/png	1000276	800	584	e3cfe981cfcd8f834ca3ce18c18c6f7f9a0dab17e098cf4580bde57e88b17efb	2	2	1	6b1898b276e1098325b4dfe1a4e269b64124bdc86da1244b68251b43cf1a8aad;6b1898b276e1098325b4dfe1a4e269b64124bdc86da1244b68251b43cf1a8aad	ok	rom_folder	6b1898b276e1098325b4dfe1a4e269b64124bdc86da1244b68251b43cf1a8aad
snes	487	pt-br	Side Pocket	yes	1048576	0ddc43103a0ee2764f0382362cdb343c2b78c672767bc4d9d37c8cd00157f058	ok	image/png	932292	800	584	626572a4569d7635e56a0e126a0b547ecf4d5aba45ab9a6e4f6b2b7aafb58283	2	2	1	119da82b2e6b1cc8c47211168be0ae4fb9ad1584e98e796749d55c6bdfd3d4b7;119da82b2e6b1cc8c47211168be0ae4fb9ad1584e98e796749d55c6bdfd3d4b7	ok	rom_folder	119da82b2e6b1cc8c47211168be0ae4fb9ad1584e98e796749d55c6bdfd3d4b7
snes	488	geral	Sim Ant: The Electronic Ant Colony	yes	1048576	c0bd1b378337c32047a6b7122a3813beb646e496fbdb1fa5c87ab9856271e4c5	ok	image/png	909886	800	584	6280e482342c3cba41a1a599416eba62c28fb0d5e04676c0509d9be30fc4789e	1	1	1	99ddeb7c49a137ed1fa8efc31001dd65e414008eeb1483c013d418971bc7e9f3	ok	rom_folder	99ddeb7c49a137ed1fa8efc31001dd65e414008eeb1483c013d418971bc7e9f3
snes	490	pt-br	SimCity	yes	524800	f3759508f70ed48eab99e1127ba1c4b6ee1ca36cfde511e48dada8e73fb9b00b	ok	image/png	236703	400	292	7b9d98c92ae150f701e69800f0999737496933b118aaff777448b94ed8316da0	2	2	1	b364729375c403981a2d34bfb1dc7e3ed19444304a96c6368cc67a5cd4db5df6;b364729375c403981a2d34bfb1dc7e3ed19444304a96c6368cc67a5cd4db5df6	ok	rom_folder	b364729375c403981a2d34bfb1dc7e3ed19444304a96c6368cc67a5cd4db5df6
snes	489	geral	SimCity 2000 : The Ultimate City Simulator	yes	2097152	bf74c58e4190faca2f3a967dc190fe529d13887d1262b72e057b5353e43cf67f	ok	image/png	851389	800	584	301dfd3db557d22b819df2e8c9bd2cc83eb2ea9346392029606c233effafacf3	1	1	1	8e0c275622a33a6955f9f9e3b191cee763c267dc1dfbc7b6b8cce56a75cff376	ok	rom_folder	8e0c275622a33a6955f9f9e3b191cee763c267dc1dfbc7b6b8cce56a75cff376
snes	491	geral	SimEarth : The Living Planet	yes	1048576	446a1036d036986fdea7906c83832d3ba79ef63a6ed8c4e88b89ab9cb25daded	ok	image/png	914494	800	584	22085dfab041511eefed88c44cca6922421a148eebdad0de6238e1514fd036bc	1	1	1	bad052d090d19b81f9c31e27e89fe57fa4b1beb5556d206463cf9c1cd2ac2f70	ok	rom_folder	bad052d090d19b81f9c31e27e89fe57fa4b1beb5556d206463cf9c1cd2ac2f70
snes	492	geral	Skuljagger : Revolt of the Westicans	yes	524288	e10070f01845505ae8bfdf7b5b492e7209c2ae876f169fb6ff420dea269f4da3	ok	image/png	928238	800	584	756070b6ae7187fd7726f3ada3abac9dba36bda2a1067a2903fed5f9d59e5211	1	1	1	8a88c41a586edfa32fda01ada063b361128ce4c4a2874b525c794df54f3ecec5	ok	rom_folder	8a88c41a586edfa32fda01ada063b361128ce4c4a2874b525c794df54f3ecec5
snes	493	pt-br	Skyblazer	yes	1049088	ee699462ee077fdbd7f98345f9fdc0807b0306a2360578c376d4e2ddb2893ff3	ok	image/png	1016471	800	584	c2e47de9b3f085fac2ded77ad43e46e45c20759f9a8b5e10e641d4f087126a9c	2	2	1	62267d5b4a01bde817f9637c5562e58287429d7ad8adbcf8e79a237d41f3f14a;62267d5b4a01bde817f9637c5562e58287429d7ad8adbcf8e79a237d41f3f14a	ok	rom_folder	62267d5b4a01bde817f9637c5562e58287429d7ad8adbcf8e79a237d41f3f14a
snes	494	geral	Smart Ball	yes	1048576	cbca00fa5dfd6c72db2f21d010255657c33f7ac48de2554262035ead11bdf314	ok	image/png	1004950	800	582	5cad62b1aa02a7f26d6be246954b8da94751d2362049dce55d05cdcc0fd5865b	1	1	1	396b265fb73175178c20cce0999edae58630a7b177dcce725d85ee161ad6abbe	ok	rom_folder	396b265fb73175178c20cce0999edae58630a7b177dcce725d85ee161ad6abbe
snes	495	geral	Smash Tennis	yes	1048576	09fdef0c959e7275563f65d8267d95a20104f054e9438e9ac739ef7f46120a2d	ok	image/png	339505	800	561	1ef1ca1e048c69bdc02bddb774f0cfb5315e576951df0d1890cd81cbe5837919	1	1	1	ba29c0c9fab1987334a6033bfc7cc8c883bd18479b82609645cd07709ff1b44f	ok	rom_folder	ba29c0c9fab1987334a6033bfc7cc8c883bd18479b82609645cd07709ff1b44f
snes	496	geral	Snow White in Happily Ever After	yes	1048576	f653b8308b617e1cba1caf004e5a670088b882e320fa6afcc7a29dd3b2dd0ea0	ok	image/png	961117	800	584	67f5f351dede71cca5e631ed6fee10b1472e9ebc07d6047b6f842b3278e56dd1	1	1	1	dfa4b53076707a7f47b08c5fc9d9cf9c65bcc26dbfdfc65a54440f6ec9c9763d	ok	rom_folder	dfa4b53076707a7f47b08c5fc9d9cf9c65bcc26dbfdfc65a54440f6ec9c9763d
snes	497	pt-br	Soldiers of Fortune	yes	1573376	eab71d7e5c23723964d6f0e10e1540edd6d5b70115257864d0bf89df379e53ad	ok	image/png	929359	800	584	e2dccc94d13c6b27eeb0e0b8279bf7917b3619a6b1c581517b0dc9b36e2e80c5	2	2	1	35b7ee754fbd4cb3b29c6515c4aaea541480b567f884367b5e4f6cd5a9efa232;35b7ee754fbd4cb3b29c6515c4aaea541480b567f884367b5e4f6cd5a9efa232	ok	rom_folder	35b7ee754fbd4cb3b29c6515c4aaea541480b567f884367b5e4f6cd5a9efa232
snes	499	geral	Sonic Blast Man	yes	1048576	75a7b5b8ad0329dc828d3201089e125fd55fdfc99d4cec704ffcd7e3036c2410	ok	image/png	1086728	800	584	88078920e689dc0ed393685b20960af91612f0805743c821c07f75de922c589b	1	1	1	a4dc698534f7313091423c4a05dbcd237120f274b1d74af87fb16beb5f1a4687	ok	rom_folder	a4dc698534f7313091423c4a05dbcd237120f274b1d74af87fb16beb5f1a4687
snes	498	geral	Sonic Blast Man II	yes	1572864	efe78f6fc68ddd0f6ef0ad9e0223d9417c14fcadece987dc8f50423fd6723b27	ok	image/png	1068662	800	584	18de4075cef11d7f77b1bfeae53179606f1fae4a9effe0f8223ceaf9f49c820d	1	1	1	371b9f737c218e16f55828223baaa7deaeef48cde67fa2d4f2786d2fe543cfd9	ok	rom_folder	371b9f737c218e16f55828223baaa7deaeef48cde67fa2d4f2786d2fe543cfd9
snes	500	pt-br	Sonic The Hedgehog 4	yes	1048576	af5fefd0ba478ec857dce40ee34bf5c9d467d9708295d07a1d427704b67ea58c	ok	image/png	756682	800	584	4345808bab2f4fc4bddb9e392e7244a833ca5894aa00f258a284613f8154b64f	2	2	1	5f362bca3e6a9cb2f610ba97073720e247a2975c9a6d74871bea3387fc3d8b96;5f362bca3e6a9cb2f610ba97073720e247a2975c9a6d74871bea3387fc3d8b96	ok	rom_folder	5f362bca3e6a9cb2f610ba97073720e247a2975c9a6d74871bea3387fc3d8b96
snes	501	geral	SOS	yes	1048576	8f0a7670fe53d30f721784e5fff78349eb157a9f0eb2246206f9d7db478b7c56	ok	image/png	842389	800	584	0ee2dd02c22c1cdeeb866af8373633acd263e556882343b2546509199613d565	1	1	1	e896b094a90eb3801c1aa5e40c18c1e83dd5e1e327fb81c106e535b263016274	ok	rom_folder	e896b094a90eb3801c1aa5e40c18c1e83dd5e1e327fb81c106e535b263016274
snes	502	geral	Soul Blazer	yes	1048576	8438da09de8ce9aded3bb08644543f7b60fb60cffc68ce2d67d6a0643f2ecfc2	ok	image/png	991025	800	584	d0b39b7e937f5bf695a148a5ec8acc7590f361dfd7b4b508ff4d5846d9a7084b	1	1	1	255082f829eb44e8f5358ba6ce9cc9eee3bafe63363c7c01d81ec00f7d7d3d59	ok	rom_folder	255082f829eb44e8f5358ba6ce9cc9eee3bafe63363c7c01d81ec00f7d7d3d59
snes	503	pt-br	Space Ace	yes	1049088	a14587e6f6039152694ecb3ac572b82c6e083c6a7a417296216796c746cb60fe	ok	image/png	961837	800	588	6925901a81f25707a34be1f3a648210cc6f6d51e0d4e0e85ba9cebca65d60324	2	2	1	e3c2308ed31aa9395ac20b3c7a3f28bc4adcea9e26f8c87feec3b67cd5da9025;e3c2308ed31aa9395ac20b3c7a3f28bc4adcea9e26f8c87feec3b67cd5da9025	ok	rom_folder	e3c2308ed31aa9395ac20b3c7a3f28bc4adcea9e26f8c87feec3b67cd5da9025
snes	504	geral	Space Football : One on One	yes	524288	24f3f22949f36ebf8ab4beaa8cba22db107efe7a7585f749343f2860bf041fe1	ok	image/png	1059622	800	584	29681fc46fb9208714f19643b75a54d5e2fc74c227d6f4742b41ad7f1c474e3c	1	1	1	b3cee0ed6cd5343e70981c3492d8537f25731b7a6045dafaf1299f00e7eff04a	ok	rom_folder	b3cee0ed6cd5343e70981c3492d8537f25731b7a6045dafaf1299f00e7eff04a
snes	505	geral	Space Invaders	yes	262144	dc5353ddc350816619230f25f8c51bddabf7438e6dfba21662eb1c4794856735	ok	image/png	819139	800	588	a82376db99660561243ef3216b0570ddbd35990cb772edeb7df905365b133008	1	1	1	48d9d5cbd3e9dadd2665f9dc8926dda9c7209f8f1a49b3a9cac403c320e4fdf7	ok	rom_folder	48d9d5cbd3e9dadd2665f9dc8926dda9c7209f8f1a49b3a9cac403c320e4fdf7
snes	506	geral	Space Megaforce	yes	1048576	f5b7418c00ccac44615cfc57c7e17d57533837056886f6d733e6b714c36dec1f	ok	image/png	908044	800	588	c0a94e9ab59e61225bd54c6e5dd3f3433a312d101a99df8d677a9ba7d2f2ed78	1	1	1	98f8c86d5f16c9ae48d51b09d435b751e58248395080c35cd183c7ac3c6aa9cb	ok	rom_folder	98f8c86d5f16c9ae48d51b09d435b751e58248395080c35cd183c7ac3c6aa9cb
snes	507	geral	Spanky's Quest	yes	524288	14dc44687c8da35aec63b9edadbaac21bf7293f5171646f614139192e82ab071	ok	image/png	984232	800	584	4341446f23e9bac0444fe52e6ba60b9b35fe3888d8f6cdb617a36b155dc7fcf1	1	1	1	7f3d8cc92b8be570fae068bc267e6ca7e553225dea40f8d0c457929c2e997759	ok	rom_folder	7f3d8cc92b8be570fae068bc267e6ca7e553225dea40f8d0c457929c2e997759
snes	508	pt-br	Sparkster	yes	1048576	e9994efa5cf6b07db358ee262999f186d34a913b99ef18b2e506411a8406b2e2	ok	image/png	834498	800	584	ddd6a0b4456d57cf875bb05ae20f2b5a6fb14e1e6ccfcb71a94d3659cf685779	2	2	1	6edeaf87cb36753462fcb4ce4e5a1c84c2a8616e044681b27d12ad6b45515c80;6edeaf87cb36753462fcb4ce4e5a1c84c2a8616e044681b27d12ad6b45515c80	ok	rom_folder	6edeaf87cb36753462fcb4ce4e5a1c84c2a8616e044681b27d12ad6b45515c80
snes	509	geral	Spectre	yes	917504	22d0b7687d66436abaf447bb29558e43f562283ec4dbe744df7d79a3e27a2577	ok	image/png	256850	800	584	af53bfc85104f42645d07ff298ebae7e4f1bb174ef6f204315c935c47e337ffa	1	1	1	de5f61431e9331eb695bdf637cb13cde959a4b79b45107f7e68886a80f61c1ab	ok	rom_folder	de5f61431e9331eb695bdf637cb13cde959a4b79b45107f7e68886a80f61c1ab
snes	510	geral	Speed Racer in My Most Dangerous Adventures	yes	2097152	54046ec1fc57f6165ad33080502f72809d1b06b438a5a0d0a80ffa2bb3df8b0b	ok	image/png	1115049	800	584	4d99b677d8b361da9254ce682b3be1fbe8e56dd6e0ac2fc844d6b165cef4384d	1	1	1	7e0bd026ca5eb366bb41f684531c383783e1d595ce0c59a74829e6f4d191886e	ok	rom_folder	7e0bd026ca5eb366bb41f684531c383783e1d595ce0c59a74829e6f4d191886e
snes	511	pt-br	Speedy Gonzales : Los Gatos Bandidos	yes	1048576	e35e6dd866887416aee5582075af2e5ffdc0f7e746c6162787b7f5a6fb9d574d	ok	image/png	1028485	800	584	73dac2d4398e763ef7420d76e5200966713d73f25a77d0ac200d38b7054b6b56	2	2	1	e08f0dbd160f97e78a9f14e177e03f2a370a06d6944102356c6b553108496c7a;e08f0dbd160f97e78a9f14e177e03f2a370a06d6944102356c6b553108496c7a	ok	rom_folder	e08f0dbd160f97e78a9f14e177e03f2a370a06d6944102356c6b553108496c7a
snes	512	pt-br	SpellCraft : Aspects of Valor	yes	1049088	97c88a4db4b5d736a8db5a6032f641ae22b496dc5193559752caa6180b2bc050	ok	image/png	1007796	800	584	6e14ac052af9216c5c785d830a227e0daba465ee5e0d18c750846626607a2aff	2	2	1	4c07c3c534b94d6e17b99f96eb8515ba0425a6d54d39b69ea9c313ffd861ab33;4c07c3c534b94d6e17b99f96eb8515ba0425a6d54d39b69ea9c313ffd861ab33	ok	rom_folder	4c07c3c534b94d6e17b99f96eb8515ba0425a6d54d39b69ea9c313ffd861ab33
snes	516	geral	Spider-Man	yes	2097152	f05d777e3de69aab18d336cac0af07f794f8d00090d085f86cebaed3679cabad	ok	image/png	685379	800	584	de5d170b07c1424ba03c0c1844a0e4203cbc7dc57f8c5e881a15acc3f165445f	1	1	1	158cdec29c8938293b5a18ac6a70dc889a0c0505f930f4e118193d77657458c7	ok	rom_folder	158cdec29c8938293b5a18ac6a70dc889a0c0505f930f4e118193d77657458c7
snes	513	geral	Spider-Man & Venom : Maximum Carnage	yes	2097152	964d21996e385e032b5d18baf716692ba1db780245cd71956c212045c1b8eb9a	ok	image/png	926405	800	588	1d0b3cd1e4da68402c19ada8ae915ccc8cc5e160bce6e3f09f78919cf99ddf74	1	1	1	3240517d9fcb1409d3395f442499f5eb5451721dc041c0854c19c5809046585c	ok	rom_folder	3240517d9fcb1409d3395f442499f5eb5451721dc041c0854c19c5809046585c
snes	515	geral	Spider-Man & X-Men : Arcade's Revenge	yes	1048576	63210a91573fa8e19592f2e6c746a400831d804c00453739447d2df32e731df7	ok	image/png	1009000	800	584	9c87db240310f698a3fe2b5e485e04dd99575010502ac89dd51bd56c999f49ee	1	1	1	a0f70636acfcd4e221020d4828288bd23287c38417cc020ce820d453b6dbd00a	ok	rom_folder	a0f70636acfcd4e221020d4828288bd23287c38417cc020ce820d453b6dbd00a
snes	514	pt-br	Spider-Man & X-Men : Arcade's Revenge (PT-BR)	yes	1048576	3f1447d14dd8989df694138c8ce449ccccebfe8bba731248533101b370de8fbe	ok	image/png	202241	400	292	c8247d9063b6681156265d3f32249392cf261f8ecbe7ce53635721f9d05b09a4	2	2	1	a0f70636acfcd4e221020d4828288bd23287c38417cc020ce820d453b6dbd00a;a0f70636acfcd4e221020d4828288bd23287c38417cc020ce820d453b6dbd00a	ok	rom_folder	a0f70636acfcd4e221020d4828288bd23287c38417cc020ce820d453b6dbd00a
snes	517	geral	Spindizzy Worlds	yes	1048576	fe10238ae42ed9eb4d906a81dd50ebe585140982cdfe266308ce1f16e78e6903	ok	image/png	855423	800	588	25e63b2bf03406bda3145ff5e2ceab031202130c04cced9053c832b8bd61531b	1	1	1	b8d8fac54157316543b8f104fd21b757a4fd2112349c2963794697c3cbbbb92d	ok	rom_folder	b8d8fac54157316543b8f104fd21b757a4fd2112349c2963794697c3cbbbb92d
snes	518	geral	Spirou	yes	1310720	e0196201e432fa33d46a2681f84fe6a0b5f952ba43f8e4dc325f892bb4a0b39b	ok	image/png	829907	800	584	0f3272a63e6dcaf79273f1c3735133005e31a71685bd90dff09573ee16a9618e	1	1	1	84546f3faf5c11f50230c6cfbb48a10221d234063dafab5aa66716ecffdd8e15	ok	rom_folder	84546f3faf5c11f50230c6cfbb48a10221d234063dafab5aa66716ecffdd8e15
snes	519	geral	Sports Illustrated Championship Football & Baseball	yes	2097152	254d17a82a32d8bd231ca3a87d356b65e65cb0229902a69a57c21a4c99bbba1f	ok	image/png	503792	800	588	1e500bd0a1273473b7d666cf51b35e99230450ac3beba5bd9e48df23c5c0506d	1	1	1	c82179e920fe3edf95563f20b450f01c029b7128cb32eb8f18a99ec82886358c	ok	rom_folder	c82179e920fe3edf95563f20b450f01c029b7128cb32eb8f18a99ec82886358c
snes	522	pt-br	Star Fox	yes	1049088	1284296f3f5b33741ce16fc396f94c4cd4a7c0642eb7c1188f1d757698672fc9	ok	image/png	932275	800	588	13c14ba75ccdd831c386b1fcfcc7231d196417bbe5ffc53ad11408d694f4aa49	2	2	1	0a74c7eb0476a6ed27422454952a84b5fb9169f29c95b93d7a15e49a2ee9b41a;0a74c7eb0476a6ed27422454952a84b5fb9169f29c95b93d7a15e49a2ee9b41a	ok	rom_folder	0a74c7eb0476a6ed27422454952a84b5fb9169f29c95b93d7a15e49a2ee9b41a
snes	521	geral	Star Fox 2	yes	682576	b39621f1820b35a4895198b601d33cfd887906ef2a6b4e7ecacec7906de80045	ok	image/png	1030310	800	584	794bbbc5ced445cf52312d6358572bc2c534c6ea5fad9b72ff7cd57a35ba7bdf	1	1	1	fe5456f334dd942f4e7d4a3576f69d01cb497c6adc4bf93a2593874100c04a66	ok	rom_folder	fe5456f334dd942f4e7d4a3576f69d01cb497c6adc4bf93a2593874100c04a66
snes	520	geral	Star Fox : Super Weekend	yes	1048576	2c0bac12a7866fad1cb306da768a201c12f2520332df1ef51cba1576db21ff06	ok	image/png	430226	800	584	5f3e162b38f5231ae95a92549c411c715381d889870df525df53e45ae64b46da	1	1	1	edbda6a8dbc5071a43d7be7fe5206e3a219fbeb7b26a3ce48966ef590314f5ed	ok	rom_folder	edbda6a8dbc5071a43d7be7fe5206e3a219fbeb7b26a3ce48966ef590314f5ed
snes	523	geral	Star Trek : Starfleet Academy - Starship Bridge Simulator	yes	1048576	b4d0b4a3fd73469f5469dfcc2316e50848ebf0630a225df2969c740759e321f4	ok	image/png	397196	800	588	a15dd62cf648ffe6a106aaf1c508182570608bdbecfae16e513e00f91567b58e	1	1	1	b504b64958425102ab2791de16854d3bd8697bef2aabceaed817b2f75aebfff6	ok	rom_folder	b504b64958425102ab2791de16854d3bd8697bef2aabceaed817b2f75aebfff6
snes	524	geral	Star Trek : The Next Generation - Future's Past	yes	2097152	22c907b56ac6f414365801ed375c3fbf75696ce7f34ec89e1724628dc5622957	ok	image/png	1015262	800	584	117effecdbd5b1a3c11f45f9fe3c6ad9478857671257140ab5f340238a23aaa4	1	1	1	ce4267567a9047b754b4bd5a814d6fd2e30da1fd2430e6561996e5a7d97373ec	ok	rom_folder	ce4267567a9047b754b4bd5a814d6fd2e30da1fd2430e6561996e5a7d97373ec
snes	525	geral	Star Trek, Deep Space Nine : Crossroads of Time	yes	1048576	3a16ad45ae3d89b13c9e53e21c2a4c725ff7cec7fbe7896d538d163f92cb4aac	ok	image/png	874186	800	584	4870b2dad8564a6eecef03c2d90f643e51614af91d35c20f3cf9306e9613d774	1	1	1	ba00e326266b8572983fefa3215d83e0d9b5b1e7440ba97522f1424b3c50cb6a	ok	rom_folder	ba00e326266b8572983fefa3215d83e0d9b5b1e7440ba97522f1424b3c50cb6a
snes	526	pt-br	Stargate	yes	2097664	0f34442462f2b2d7640c5d242072c43a5ac546e356a6d19b1b048c3c7873a799	ok	image/png	128663	400	292	ed812a2632ed90dc6fb99957e91fe63aecbcb8f36c0a03974df2c98c11f5be83	2	2	1	ce318c136e5007dee25d1727cccf1b796b9db390885cb1d5d7f2c691c10fda4a;ce318c136e5007dee25d1727cccf1b796b9db390885cb1d5d7f2c691c10fda4a	ok	rom_folder	ce318c136e5007dee25d1727cccf1b796b9db390885cb1d5d7f2c691c10fda4a
snes	527	geral	Steel Talons	yes	524288	91f938b4989215b1cd39635797f23b59b9d7b6d36e583f9eb69d022abe537bfc	ok	image/png	1006090	800	584	59c305a457c16aac9dfcbb46da472f4a961a687a900738fedd1f2ca9eb681f0a	1	1	1	739f1efee032dff04a19e64933c78691d1006d06a1afbe421785ffe834e975a5	ok	rom_folder	739f1efee032dff04a19e64933c78691d1006d06a1afbe421785ffe834e975a5
snes	528	geral	Sterling Sharpe : End 2 End	yes	1048576	e3b07a59f969ced91c4579bb459f2c747a6c3f12c45ae4776483ef4830f5f00f	ok	image/png	972363	800	584	a65f78947d8c81fee24bd1a2aa0c26862846d879b77658b5791271210cf3e7ca	1	1	1	a42b40a47dd4e20cb40a39b5d96d28256afa393236f33b7cebf88b3b021bb1a5	ok	rom_folder	a42b40a47dd4e20cb40a39b5d96d28256afa393236f33b7cebf88b3b021bb1a5
snes	529	pt-br	Stone Protectors	yes	2097152	38de78868b6ea4db0b01ce17c19eb60741ea0181b29e9c7b93ae0efe442393fb	ok	image/png	1030533	800	584	826ef892632bab3bb2a08b53a53f6ae00b574b87d63de46386c6b5cd61a7d33c	2	2	1	a35b2996c3a9b20203bd838e82499bccc6162646cb2260f47745910d0a720188;a35b2996c3a9b20203bd838e82499bccc6162646cb2260f47745910d0a720188	ok	rom_folder	a35b2996c3a9b20203bd838e82499bccc6162646cb2260f47745910d0a720188
snes	530	geral	Street Combat	yes	1048576	b4626cf0c876a124b50f9421c48a7d762e9ed808ad336c799d543d60b484897c	ok	image/png	997492	800	584	875ecb8227ed22c085c029559765777f3176acb81fe423569bb1c05e56bd6b2c	1	1	1	242ec3a791882517040137f3ca363ae8fbe87895828a952108322716d6a82172	ok	rom_folder	242ec3a791882517040137f3ca363ae8fbe87895828a952108322716d6a82172
snes	802	geral	Street Fighter Alpha 2	yes	3656793	bd764a7125f42290536fea03100d39bdf2c1693beab39f6f3823fabd65e0f681	ok	image/png	160113	400	294	ab76310abda0ab9a3fb2061bf1da426ef03501abea5b085be0c00565177a3644	1	1	1	600f9f8c038c9addfe53979500a7ba42e478c210b4603f248ba1a932ebc66352	ok	rom_folder	600f9f8c038c9addfe53979500a7ba42e478c210b4603f248ba1a932ebc66352
snes	532	pt-br	Street Fighter II	yes	2097664	048f4c3e0503d1f7ece819689a19d428b7f1b72a3df96cb9b9839214357f4ee4	ok	image/png	1041262	800	588	eb3d20f29c449950fef52c66b1e35df411681e4a8669af1366e4263f2c888184	2	2	1	6469a29e61ec20d0996aec94903454ffd75bd923fc05dc036d14fb9e2e3eb7c9;6469a29e61ec20d0996aec94903454ffd75bd923fc05dc036d14fb9e2e3eb7c9	ok	rom_folder	6469a29e61ec20d0996aec94903454ffd75bd923fc05dc036d14fb9e2e3eb7c9
snes	531	pt-br	Street Fighter II Turbo	yes	2621440	a7b71475907c54e5f8a7480244816f8ea28b0fc6e4d6a0854e58a476742e55c8	ok	image/png	1002604	800	584	f549b3b2c2c1e1c5acdb470fc115165b2773af50da004ba0b82f156e2112335c	2	2	1	a83d95f932ff3b05b8cdad8f32fc6871b00628372672c1d71f649541e4e83876;a83d95f932ff3b05b8cdad8f32fc6871b00628372672c1d71f649541e4e83876	ok	rom_folder	a83d95f932ff3b05b8cdad8f32fc6871b00628372672c1d71f649541e4e83876
snes	803	geral	Street Hockey '95	yes	2137759	dd943cbd7ef5252f7e531fa995ab3279a2e24448f4a524f86d124b03b2565509	ok	image/png	167874	400	292	28d35757161d0cf93d2e5421990ee91f60f48619905c5497afd3981a4f5de26e	1	1	1	411e83b312ec0c3e70d31e26aea825f26d1404652c8ff28aed19fe3014e9f1e9	ok	rom_folder	411e83b312ec0c3e70d31e26aea825f26d1404652c8ff28aed19fe3014e9f1e9
snes	533	geral	Street Racer	yes	1048576	d1f61b6bb4bb6879a4fbd2c82d77390c546ee7f821edddc884fb9cc7463ad79b	ok	image/png	1088964	800	584	64902d42e0b1e3d90115432748b27bbdcb33841c1d55b1a0b762856a14bd9f7c	1	1	1	1503ec4c20441a55e553ca0a8a1e090e9bacb90606e3fc26b0bd637ffb84d5c4	ok	rom_folder	1503ec4c20441a55e553ca0a8a1e090e9bacb90606e3fc26b0bd637ffb84d5c4
snes	534	geral	Street Sports : Jammit	yes	2097152	8b7b33f3d2edb844f1d43cfdd595b8c2cb6fc005d59acb899a1afda999e47638	ok	image/png	951891	800	563	8e85342628e230acaa4fa16129a73821e3469d4b322bc32e1f9061871b81b6bb	1	1	1	1cc39e0e4fa675176983df8c082d804a4e0d061ee3f3bced3ebc2620a9177b9c	ok	rom_folder	1cc39e0e4fa675176983df8c082d804a4e0d061ee3f3bced3ebc2620a9177b9c
snes	536	geral	Strike Gunner S.T.G	yes	1048576	05f14e6ed3394d9273e2397769a8acf1a9db646be6066e82269521e8eec53562	ok	image/png	156786	400	292	9ff38524ee9048edde8021913d42174f80858ab515f8ba8bad18800d98ea3191	1	1	1	1cdf52f9eea71ae40a2e551edf7db99305b196459927c159f6ba703a312b20c4	ok	rom_folder	1cdf52f9eea71ae40a2e551edf7db99305b196459927c159f6ba703a312b20c4
snes	535	pt-br	Strike Gunner S.T.G (PT-BR)	yes	1048576	e540ae921db32ef8657f9fd6e36191f58d958dc97aa452404b26e0fa2db78e39	ok	image/png	906916	800	584	4b30960b6e65995f9364a121d66562ab8061a83d6f0de9454eaf5d7d3b8f576c	2	2	1	1cdf52f9eea71ae40a2e551edf7db99305b196459927c159f6ba703a312b20c4;1cdf52f9eea71ae40a2e551edf7db99305b196459927c159f6ba703a312b20c4	ok	rom_folder	1cdf52f9eea71ae40a2e551edf7db99305b196459927c159f6ba703a312b20c4
snes	537	geral	Stunt Race FX	yes	1048576	c04d80b84514202ff319384ca20641eb0189e975eed5612915bd9c224b2ab30a	ok	image/png	1105380	800	584	2d97867722aef6dfb0710f8b445c59dd0e5b256c24078b48ba3ce93c77a8e722	1	1	1	8246e394a497b3a2eaa30ffd5eb159f274f00d0dc7d22c59f599cef5f1c744d2	ok	rom_folder	8246e394a497b3a2eaa30ffd5eb159f274f00d0dc7d22c59f599cef5f1c744d2
snes	538	pt-br	Sunset Riders	yes	1051315	578607aa2ec11a46fecb6ec310bef8da79f18e0e45d3d91eb35f11c60d3bedf0	ok	image/png	1041955	800	584	5c3a6de5de3ab25305b7b8cdec83c860a040f5cdf8c68e0fad97efe5f628c1d2	2	2	1	3cbf48aadb9c2d9a4b1b3905272187cbb2b48f1d557ac8f357aebef670d7c695;3cbf48aadb9c2d9a4b1b3905272187cbb2b48f1d557ac8f357aebef670d7c695	ok	rom_folder	3cbf48aadb9c2d9a4b1b3905272187cbb2b48f1d557ac8f357aebef670d7c695
snes	539	geral	Super 3D Noah's Ark	yes	1048576	4732546e7474f1e76b5e3b48ea7f3af46d694938c2f519bbe196f9153eb542fd	ok	image/png	1015569	800	569	dec307e15fb31f6d73ccc5602eec94a3f548974fbf22a6c40548550283537305	1	1	1	0521a4e7ec389c4f7cbb9fd4e92f3d50fb3be6bae76963fe8a6f2c39d7143a20	ok	rom_folder	0521a4e7ec389c4f7cbb9fd4e92f3d50fb3be6bae76963fe8a6f2c39d7143a20
snes	541	geral	Super Adventure Island	yes	1048576	190999122aacc2cff20c5677b3f60ed938d8a36b696d16cc1bf416705efe151e	ok	image/png	1114537	800	588	eebd5ab0d5a5587a12347d0a45bdd95e3e36d6306639f57571aea7a09efe422e	1	1	1	c207622d9f816fd4f8f0af76d198c71f6bdd438488fabf033c18ea711110ddf1	ok	rom_folder	c207622d9f816fd4f8f0af76d198c71f6bdd438488fabf033c18ea711110ddf1
snes	540	geral	Super Adventure Island II	yes	1572864	eaf1b83e95d8a04f9a84d4960cf87cc182fc60ef07be35eb8929c4033d6fef67	ok	image/png	1088832	800	584	1d53b131e4f5b741981a22cc5ab35acf281b7eaa9ecddc611d10b450881f0d94	1	1	1	65120023164c77affc39280efc5ce4e546fa98e754179c503673fdf6c787dbd9	ok	rom_folder	65120023164c77affc39280efc5ce4e546fa98e754179c503673fdf6c787dbd9
snes	542	pt-br	Super Aleste	yes	1048576	b57331fb936e303c16e1da2244ed31c8f0391c91694209141ae8081267944d0f	ok	image/png	757715	800	584	6ce9cc8fe57725bd96d8cddb9d7aff861d3122a8544f54220e14ebc9d607e23f	2	2	1	51a04baf2e64ba361c489cd613b08b3e342e30244ada972db9f3b556cbbea170;51a04baf2e64ba361c489cd613b08b3e342e30244ada972db9f3b556cbbea170	ok	rom_folder	51a04baf2e64ba361c489cd613b08b3e342e30244ada972db9f3b556cbbea170
snes	543	geral	Super Alfred Chicken	yes	1048576	0deb7a91fbe5848f1733ce668daaa49b0dad3d821bacc0791837c1ba15e60d7c	ok	image/png	998788	800	584	ea2e382408b749ed6696d84f7855f074e8c53d6d56f99f367258c5fe53b1023a	1	1	1	1480e32934e882a79990f51040936080ce00a0dcc5c9ebf97c050c03afb2c67b	ok	rom_folder	1480e32934e882a79990f51040936080ce00a0dcc5c9ebf97c050c03afb2c67b
snes	544	geral	Super Baseball 2020	yes	1572864	8808783f789ca6413364a7abea240f6f7291b5906026f360ba8cfdd2791fc179	ok	image/png	805589	800	584	ee486d5acaf933dfe8cdcb37ad2e7c3a36e4ffd5143d648f4f39be0a0007c8ca	1	1	1	a9dddc8b9d5dc9adc657b94c47d09cb28e6d56afcbd6cd8baa28497d9ff2b17b	ok	rom_folder	a9dddc8b9d5dc9adc657b94c47d09cb28e6d56afcbd6cd8baa28497d9ff2b17b
snes	545	geral	Super Baseball Simulator 1.000	yes	524288	1622371a5a4001fff9690323e89b7a8d449cdc3cae6dcd1249f0c7dc8c651d33	ok	image/png	1106393	800	584	2603b7108aabce1ed2aa56c974d0f471b7911fc9b7a505ac63a77048c36f6867	1	1	1	c3e1d50a2e9ae1bf54c808861fa5e27b261711d0005610bb2b974f6cc7d7755a	ok	rom_folder	c3e1d50a2e9ae1bf54c808861fa5e27b261711d0005610bb2b974f6cc7d7755a
snes	548	geral	Super Bases Loaded	yes	1048576	a8239355631d303ecebfd43fc14e80f148e4ac9937234e29cc87d6f939b033a0	ok	image/png	749627	800	584	8122a86e9449ef633fbe547b55766054844cd1964ef95f2bda0a97b23ee2cf03	1	1	1	3d64d9df805bc3629911a3bf9ee28dd1c20f4c89bc2e90298ca1590ed1347dbe	ok	rom_folder	3d64d9df805bc3629911a3bf9ee28dd1c20f4c89bc2e90298ca1590ed1347dbe
snes	546	geral	Super Bases Loaded 2	yes	1572864	ff75fd4b096d48ce4a677c3321266d67077d6c586c9ee6926c7716a34f6d5ce1	ok	image/png	439205	800	584	de510533903c45c34b54035bb3a2a420108a237d224fef4eefb31ab810ffd611	1	1	1	d0ea099688c8a87517ae9b3aed3ebd1d492065d0f46389c64e15522648f47ad5	ok	rom_folder	d0ea099688c8a87517ae9b3aed3ebd1d492065d0f46389c64e15522648f47ad5
snes	547	geral	Super Bases Loaded 3 : License to Steal	yes	2097152	b21a161fed748920e54cd72c54095416b1d999636e0388d7d147884779c52833	ok	image/png	892571	800	584	428d05c8e45c881db19b98cf45933dc0422f5e4c7516bdfe3ccde6c2bfb34e4b	1	1	1	d8149a9ea5ae7fa4f166d72b55d305f5385224d36a90f7fcb2809968b6e67f6c	ok	rom_folder	d8149a9ea5ae7fa4f166d72b55d305f5385224d36a90f7fcb2809968b6e67f6c
snes	549	geral	Super Batter Up	yes	1048576	165938810948f3226f7446978fa36ae8bc781616d95b39cd126d5c8afbf6e2ee	ok	image/png	951196	800	584	3294ff2a14c6029e5457b54bd903d8ad5d06ddcc1242cf7996ff4b16718336fb	1	1	1	ad46960247f24f25f3513b88ed0440f7020bb48b9534011c7e1061520ad78e89	ok	rom_folder	ad46960247f24f25f3513b88ed0440f7020bb48b9534011c7e1061520ad78e89
snes	550	geral	Super Battleship	yes	524288	1d6573e3db2efab0c98d1940b4171d569348d27a1cc20e80a83094e6c0e66e35	ok	image/png	901344	800	584	9f4820999422e6dbbf3c0ddf218b05ca149d8ba42ba7250f7f7b43ccd9f0da90	1	1	1	afe86cd43975f008ccadcf38b5323deb7cbc35b737e15b8275c08921c2b2eaaf	ok	rom_folder	afe86cd43975f008ccadcf38b5323deb7cbc35b737e15b8275c08921c2b2eaaf
snes	551	geral	Super Battletank 2	yes	2097152	b68e865b0b5fe6af421a171e94fb1cb0006ae3e412b6361f6f858c44adaa304b	ok	image/png	750567	800	588	7f336978b184703930d9eaa105dff9b0462d9e0cdcc886b94948b25f4537d954	1	1	1	fb6c4475e4722c94ed232d9a8857e5bf262697c96e6f79b6a7957d986ca1e212	ok	rom_folder	fb6c4475e4722c94ed232d9a8857e5bf262697c96e6f79b6a7957d986ca1e212
snes	552	geral	Super Black Bass	yes	1048576	f0913358cb0870c3dcc7f0c0d2d69704874c31a113150eda668c95024c0d6fd9	ok	image/png	1010346	800	584	8a0b4ca42ff8666a787269b17c5947be34f900ea2bd0cf676aa6bfe38496c211	1	1	1	dbf985ca9b6c71ee1bee664c3627dafc32daadfcbe9f34323e0892685aa50a5c	ok	rom_folder	dbf985ca9b6c71ee1bee664c3627dafc32daadfcbe9f34323e0892685aa50a5c
snes	817	geral	Super Bomberman	yes	524288	4efab3f49cbe91ec77b6cba747ddfedfdc0b080c755a8b6ba51234f0676c000f	ok	image/png	830081	800	588	63989c98f72746fca59a6bce1bec0c49708bb80fadfc1b9494aabbe857ed224a	2	2	1	6e9712036f95141e9e25121962d00b7d75b18448e3d577430712a14eee543d64;6e9712036f95141e9e25121962d00b7d75b18448e3d577430712a14eee543d64	ok	rom_folder	6e9712036f95141e9e25121962d00b7d75b18448e3d577430712a14eee543d64
snes	818	geral	Super Bomberman 2	yes	1048576	0a4b4a783a7faf6ada3e1326ecf85de77e8c2a171659b42a78a1fae43f806ca6	ok	image/png	1122446	800	584	ab40acf7f3b2b8c60df3906eebb9d3429dfebb20d28ba9e4ca8ecab5a8ae71b4	2	2	1	a39b7f47dd35ab139699363bf3702182dc0bda84d76612c4e262240acd06368d;a39b7f47dd35ab139699363bf3702182dc0bda84d76612c4e262240acd06368d	ok	rom_folder	a39b7f47dd35ab139699363bf3702182dc0bda84d76612c4e262240acd06368d
snes	553	pt-br	Super Bomberman 2 (PT-BR)	yes	1049088	b0393ca82b92d38bbb37f199d10016f7a06746ac128bb653216b4110027ea75f	ok	image/png	190895	400	292	6cdd3e9e0e0acd33727998b3a7e91d831da15f9ef242366307be1ead889111ab	2	2	1	a39b7f47dd35ab139699363bf3702182dc0bda84d76612c4e262240acd06368d;a39b7f47dd35ab139699363bf3702182dc0bda84d76612c4e262240acd06368d	ok	rom_folder	a39b7f47dd35ab139699363bf3702182dc0bda84d76612c4e262240acd06368d
snes	819	geral	Super Bomberman 3	yes	1572864	3c665283c14f050b60fe9693b12e437288bcd4aa3e56ef25106d503c44e0fda5	ok	image/png	1006744	800	584	99362afb9114a9890dc6197d4d2a892be87a45404e83948589bf77669062b921	2	2	1	5100507470d5fa5db2714143b966a5fcddc97cbd0df35f815d38ae1e4893632c;5100507470d5fa5db2714143b966a5fcddc97cbd0df35f815d38ae1e4893632c	ok	rom_folder	5100507470d5fa5db2714143b966a5fcddc97cbd0df35f815d38ae1e4893632c
snes	554	geral	Super Bonk	yes	1572864	21d4a72461d8680cf75cf3b8eba42e13127815bc17b6249d89a5e39beb3f1406	ok	image/png	895231	800	588	fb7d4e4024210573dca5ada31c364315cb631fe5f556d0a4f106c00321bf9f60	1	1	1	1af347ddce9aae18018602c153f76fac50e04709c336aae9b67df05ae4ae1c1f	ok	rom_folder	1af347ddce9aae18018602c153f76fac50e04709c336aae9b67df05ae4ae1c1f
snes	555	geral	Super Bowling	yes	524288	946de556b4f877e54e16b5c828db89c038e50349cfd0ddf8ea96b6541f9d70fa	ok	image/png	935204	800	584	cc5356e4d5a444ec98df52ad84eec47c544d880577cbe5d5ca63f1a18e1386dc	1	1	1	4d42acaccd1235ef538eff86a6ae51906662f49759e7b388b3f8cb289580aef9	ok	rom_folder	4d42acaccd1235ef538eff86a6ae51906662f49759e7b388b3f8cb289580aef9
snes	556	geral	Super Buster Bros.	yes	524288	dc233b2805f7f73b454b53e45eef50df18932a1753fc0b7bc846bbd70a8993c3	ok	image/png	922713	800	584	f344c3502a6d9f6e87830406e63c3552a97e697b2de2a68c608c4d4d8e46eeb9	1	1	1	a0374a508a77a12716da3d8bfd6d49bfa347ad444d9f595478de15b2555f3473	ok	rom_folder	a0374a508a77a12716da3d8bfd6d49bfa347ad444d9f595478de15b2555f3473
snes	557	geral	Super Caesars Palace	yes	524288	d42f8c7969b4c434f9ca04ce0080d897877a5e71c2926d309ef5dae93ba25548	ok	image/png	712492	800	584	07fb8226f33c6f537b4559313f7a7dc079d03e7bbb6edbe5851b8947bd4a15a9	1	1	1	bf4c8d2ef8df0030eae4e8b645ffd8733d4a50ac61bf76a3a70a260e6cfa6b56	ok	rom_folder	bf4c8d2ef8df0030eae4e8b645ffd8733d4a50ac61bf76a3a70a260e6cfa6b56
snes	558	pt-br	Super Castlevania IV	yes	1114624	11608b8dd6e29ad4f422eb6356c5d9bc02b4118b8a4c955836d11eee3c687086	ok	image/png	1048631	800	584	a342edabdc1a0e49567fa3584e3e37f7db44dc9e6d484e3c5ffce6ddfb14d646	2	2	1	cc8d5b8260942e67d0592fb2215081fa0e26bfc31eb8e373fb0d0dc4f36d7923;cc8d5b8260942e67d0592fb2215081fa0e26bfc31eb8e373fb0d0dc4f36d7923	ok	rom_folder	cc8d5b8260942e67d0592fb2215081fa0e26bfc31eb8e373fb0d0dc4f36d7923
snes	559	geral	Super Chase H.Q.	yes	1048576	b839253b878821ff00847491d11452e933baaf303f49dd39d22e3a524ea1ff81	ok	image/png	944381	800	584	25bb2a639b592f725dee85980fb78b8bfdb52cabf06e272e263242dcc42b9020	1	1	1	cbc3fae82bcb138f68327b2c024a324d29f0072eabfb8a9f96add20b95488a39	ok	rom_folder	cbc3fae82bcb138f68327b2c024a324d29f0072eabfb8a9f96add20b95488a39
snes	560	geral	Super Conflict	yes	1048576	6cbc4db85cb8420020f9edbfd290c0f435b313a59577aca65314d31f8b816620	ok	image/png	936534	800	584	b3eabb3cee92cf03996cfbb5bb75625c994d1e431b70c7e09b788ecff9aa25b0	1	1	1	bfb624ee08a0ece0b23a82981c9da7a1197d5a81c998a8ec649cac52613176ab	ok	rom_folder	bfb624ee08a0ece0b23a82981c9da7a1197d5a81c998a8ec649cac52613176ab
snes	561	geral	Super Copa	yes	1048576	db7d727de86a1ac886ce3c243bf5941910154eaef3be50209187b9711592830d	ok	image/png	760431	800	584	10635fa8f65c99a46f603066d71d9ac7594bac5b1981734afa1ee16c2be27a6b	1	1	1	89c02144714c2f9a73da4ba6378bded8ea34f9eabfe85082ce5db46ed1d678bc	ok	rom_folder	89c02144714c2f9a73da4ba6378bded8ea34f9eabfe85082ce5db46ed1d678bc
snes	562	geral	Super Dany	yes	1048576	f52f6ec59f901614dade11e77ce3a215f86da228a8a6de344cbb5086bb33fa06	ok	image/png	857281	800	584	1894154de0cd2c6606ed56c8f9eafcda009c378e13306299d24554740e60ca32	1	1	1	308b0cb045783d5afb115fbb891d734e66553aff3bac1476a3025d952c7f44c5	ok	rom_folder	308b0cb045783d5afb115fbb891d734e66553aff3bac1476a3025d952c7f44c5
snes	563	geral	Super Double Dragon	yes	1048576	bcced1be76ef920b562a555696bcb4583d1c8cea4d4b057cab6e0e09be8ef8c4	ok	image/png	1147117	800	584	790603d0481747a5673b3963572f0d21a41ab421a26a01bc2f3455a72599a2ee	1	1	1	ef23ad3d02a88827e6da6eb2e28d7f9560f19b22e16089be28cf1f60a785b166	ok	rom_folder	ef23ad3d02a88827e6da6eb2e28d7f9560f19b22e16089be28cf1f60a785b166
snes	564	geral	Super Ghouls'n Ghosts	yes	670908	89bfdc8d049f22097f7044b059f96a55361037b223c81cc394de696950602eb8	ok	image/png	1020008	800	584	a5de4feb38d1e576bf2a54f525ebaac1b6debd576f781cd70a4ce2702c68055a	1	1	1	6731c433d420e2af821978b281123434f72f67e2f2b821b854639d91fa9aeecd	ok	rom_folder	6731c433d420e2af821978b281123434f72f67e2f2b821b854639d91fa9aeecd
snes	565	geral	Super Goal! 2	yes	524288	d4caa6683ee1b6c70c10fd0555ade33dadcc6551d94e791586e64fd683d8f3a8	ok	image/png	559205	800	584	21ff8437ec445d27f7fd0e066eb0fb2439ec69229090b9b2d2b79585f8ae472b	1	1	1	1c6b3ea8789dbe185ecdb21dd0e50110c821cebd8accc4b6c52e1df91e0f91c6	ok	rom_folder	1c6b3ea8789dbe185ecdb21dd0e50110c821cebd8accc4b6c52e1df91e0f91c6
snes	566	geral	Super Godzilla	yes	1572864	33dda5838264c93341ef865512e4b86e16fd4a0387eda04e331517bfaecf1c0b	ok	image/png	1091222	800	584	a75e2d7f1161f319db98d7a75de117cf9868905123d2c71cbe6f607d8a556285	1	1	1	215fcaf79a35ed1c502b090c8a09261e46f1f4ea6dd401a529107cb3be46cfd9	ok	rom_folder	215fcaf79a35ed1c502b090c8a09261e46f1f4ea6dd401a529107cb3be46cfd9
snes	567	geral	Super High Impact	yes	1048576	d78ff42efdbb0e180777d17b5f7a96e08530ab77f15a99237f60714f7cfe2b74	ok	image/png	867012	800	584	77c2cc7246b714f8edbd034ce9cbe68eda07536f1eec6d298bd90c8d720ba34f	1	1	1	f43a23f6a1d4251ae1cd00f08ed782f56bc3b4178e419d8b37800dfad5ebdf33	ok	rom_folder	f43a23f6a1d4251ae1cd00f08ed782f56bc3b4178e419d8b37800dfad5ebdf33
snes	568	geral	Super Ice Hockey	yes	1048576	4c5b426ea5950b66098ba4377f6a86d091d7af2f4783895086a621aa98811596	ok	image/png	844580	800	584	3afad23403542c76bcb620b86d9147efaa77d17343c2265d7acd72867eedc786	1	1	1	77380a560353fd62f6c39eb60978ecc4ccdac72b8370b1e216a5791da5d00bd9	ok	rom_folder	77380a560353fd62f6c39eb60978ecc4ccdac72b8370b1e216a5791da5d00bd9
snes	569	geral	Super International Cricket	yes	1048576	8bc56d4d23638ff592715e089dfd697fe7884a388c5ac95e147973bc2ff71e72	ok	image/png	837871	800	584	d7ef14143a151f5039268c4eb7084c857febfc0d0acc4c42fba6fb521ad16c3a	1	1	1	035978bb7b707f7d26f4f5c66838263816e8d79b2301e863973fdc42da9fd57b	ok	rom_folder	035978bb7b707f7d26f4f5c66838263816e8d79b2301e863973fdc42da9fd57b
snes	570	geral	Super James Pond	yes	524288	3f8efb19eae68f24feb42c018b7dc7a819bfd8d993ab36899681caa7ee94b06e	ok	image/png	874667	800	584	8ca7161a523a9a7eb376320319001ab831766d60718672c83e0b0cb189174e8e	1	1	1	dba646b1f98bf2b38e20dfe45352bb38cb5cd7db7fe9824d1b7d0c72316fbb2c	ok	rom_folder	dba646b1f98bf2b38e20dfe45352bb38cb5cd7db7fe9824d1b7d0c72316fbb2c
snes	572	geral	Super Mario All-Stars	yes	2097152	a9e3e57d591e995e8e0dd228b619b6aed42205eaf55316fa8ff33f236b3a32b3	ok	image/png	804315	800	584	8f106e887b51c1978c5adf3d244e0bf6feb6bcd7764cf211483c1f278308cff0	2	2	1	898820ac48e74c457636382550a7aa98e6e014cba904ad201c995170fc2b1d86;898820ac48e74c457636382550a7aa98e6e014cba904ad201c995170fc2b1d86	ok	rom_folder	898820ac48e74c457636382550a7aa98e6e014cba904ad201c995170fc2b1d86
snes	571	geral	Super Mario All-Stars + Super Mario World	yes	2621440	a8806bfe07cd3c9945d9fd3fcea932ae1cd671cab5cae12bb7a2ae726cbf9175	ok	image/png	784827	800	584	cfd7fea1ed39151bbf3c89fd4bef9ca347ec309977601bad533670c30c342110	2	2	1	e97295f300babcf520c8079add868c3a9e05f84c5ea9e482bf89cc159cc759ba;e97295f300babcf520c8079add868c3a9e05f84c5ea9e482bf89cc159cc759ba	ok	rom_folder	e97295f300babcf520c8079add868c3a9e05f84c5ea9e482bf89cc159cc759ba
snes	573	geral	Super Mario Kart	yes	524288	2ada8919688087be60a6a48cace8f877add60c45d2e5d09e2442faa55be62a49	ok	image/png	1062672	800	584	be9d8178df00a57d60d43b26fdcdf5fb07ba6ac123c674ddc30e5b0e26f58574	2	2	1	ce53305ef0157e70fb768a92432e4f6b1f6bef86f247662be2500ac82cd296b2;ce53305ef0157e70fb768a92432e4f6b1f6bef86f247662be2500ac82cd296b2	ok	rom_folder	ce53305ef0157e70fb768a92432e4f6b1f6bef86f247662be2500ac82cd296b2
snes	575	geral	Super Mario RPG : Legend of the Seven Stars	yes	2686115	6877fb8b759ee910093f94aee74c95cbfd069eefa59d3ee3bfe66a4806f08802	ok	image/png	1046457	800	584	cd479cd8ee8d4fd3895e66f1447409d16c9516bb4ac7c5e7ba9a8c74242bd309	3	3	1	c2772b476055c5eec47b3be8e9054cf771370350974615035f89edb61605de4c;c2772b476055c5eec47b3be8e9054cf771370350974615035f89edb61605de4c;c2772b476055c5eec47b3be8e9054cf771370350974615035f89edb61605de4c	ok	rom_folder	c2772b476055c5eec47b3be8e9054cf771370350974615035f89edb61605de4c
snes	574	pt-br	Super Mario RPG : Legend of the Seven Stars (PT-BR)	yes	4194304	842e5ad98a703e49476b2c75e1b0cb3dcd49809e23b84790791d10d4839fc6d7	ok	image/png	1046457	800	584	cd479cd8ee8d4fd3895e66f1447409d16c9516bb4ac7c5e7ba9a8c74242bd309	3	3	1	c2772b476055c5eec47b3be8e9054cf771370350974615035f89edb61605de4c;c2772b476055c5eec47b3be8e9054cf771370350974615035f89edb61605de4c;c2772b476055c5eec47b3be8e9054cf771370350974615035f89edb61605de4c	ok	rom_folder	c2772b476055c5eec47b3be8e9054cf771370350974615035f89edb61605de4c
snes	579	geral	Super Mario World	yes	524288	0838e531fe22c077528febe14cb3ff7c492f1f5fa8de354192bdff7137c27f5b	ok	image/png	540841	800	588	5cdb96cf27ada9ea4dd5e21294814e48a8c99e5d33cf58ad373024f7d0fb74b8	3	3	1	9c3f7a7985319916475f923cc7907a18059bc4e7b8d019a5bb260dfc2b06880b;9c3f7a7985319916475f923cc7907a18059bc4e7b8d019a5bb260dfc2b06880b;9c3f7a7985319916475f923cc7907a18059bc4e7b8d019a5bb260dfc2b06880b	ok	rom_folder	9c3f7a7985319916475f923cc7907a18059bc4e7b8d019a5bb260dfc2b06880b
snes	578	pt-br	Super Mario World (PT-BR)	yes	1572864	3952923ecc289092e54a847dedde265f8e1e7abc5b43da934b64cc9db00d7a6f	ok	image/png	540841	800	588	5cdb96cf27ada9ea4dd5e21294814e48a8c99e5d33cf58ad373024f7d0fb74b8	3	3	1	9c3f7a7985319916475f923cc7907a18059bc4e7b8d019a5bb260dfc2b06880b;9c3f7a7985319916475f923cc7907a18059bc4e7b8d019a5bb260dfc2b06880b;9c3f7a7985319916475f923cc7907a18059bc4e7b8d019a5bb260dfc2b06880b	ok	rom_folder	9c3f7a7985319916475f923cc7907a18059bc4e7b8d019a5bb260dfc2b06880b
snes	577	geral	Super Mario World 2 : Yoshi's Island	yes	1287422	49d7f751b796551cd38316456c8e48dbf56e3b40c7da486892eff1b7021bc5ae	ok	image/png	1073402	800	584	505c231d7639ad673ba0f41439a98640b34c62bcb3de72325bc128895b112353	3	3	1	0fc10419a22015b1da9ecc9b29d7092ce84c1fd35ec8f80f92ef984bb0fa3415;0fc10419a22015b1da9ecc9b29d7092ce84c1fd35ec8f80f92ef984bb0fa3415;0fc10419a22015b1da9ecc9b29d7092ce84c1fd35ec8f80f92ef984bb0fa3415	ok	rom_folder	0fc10419a22015b1da9ecc9b29d7092ce84c1fd35ec8f80f92ef984bb0fa3415
snes	576	pt-br	Super Mario World 2 : Yoshi's Island (PT-BR)	yes	2097152	c7595d1858d8b8d2fff21296ded9691a89ad94d36896d61b3ffbae844af4c890	ok	image/png	1073402	800	584	505c231d7639ad673ba0f41439a98640b34c62bcb3de72325bc128895b112353	3	3	1	0fc10419a22015b1da9ecc9b29d7092ce84c1fd35ec8f80f92ef984bb0fa3415;0fc10419a22015b1da9ecc9b29d7092ce84c1fd35ec8f80f92ef984bb0fa3415;0fc10419a22015b1da9ecc9b29d7092ce84c1fd35ec8f80f92ef984bb0fa3415	ok	rom_folder	0fc10419a22015b1da9ecc9b29d7092ce84c1fd35ec8f80f92ef984bb0fa3415
snes	581	pt-br	Super Metroid	yes	3145728	28045ade8096bca7799fff35b922bc324a9bed028f5d40a63b514c4b6f438e56	ok	image/png	1063755	800	584	45fdf1b54b55cf1a4afbe16d1c775804c6f156bf9d809d56a78d50bf9e099fb9	2	2	1	274faaed57450ef502735cf5909a5008045717d483497c2dcf2f4ae88fcc03d3;274faaed57450ef502735cf5909a5008045717d483497c2dcf2f4ae88fcc03d3	ok	rom_folder	274faaed57450ef502735cf5909a5008045717d483497c2dcf2f4ae88fcc03d3
snes	580	geral	Super Metroid - Zero Mission	yes	3637248	158a26059c97b94a78cea4778d878add9c46dbba052f37ea14a2efa73cbe85a0	ok	image/png	636779	800	588	a137fb6d17daa51835b31a56347318857aaabdebb1c30bfb1d98fce3d46c5567	1	1	1	41a871308006a14caabfa59940f8f432834caca95962cbe99d4d8d08008aed66	ok	rom_folder	41a871308006a14caabfa59940f8f432834caca95962cbe99d4d8d08008aed66
snes	582	pt-br	Super Morph	yes	1048576	b1687375ded7f5a37d536715f6f8263ff4ed7cc78dc52e4e499ba68f430c1e83	ok	image/png	817615	800	584	a50960a422864942e14867b346c8d1616fc33cb4abbb2950625e32e7aed5324b	2	2	1	284c6b39648b609b2d0f6cf2040bf10674e6299d656a3b364887baa9d6cc31bc;284c6b39648b609b2d0f6cf2040bf10674e6299d656a3b364887baa9d6cc31bc	ok	rom_folder	284c6b39648b609b2d0f6cf2040bf10674e6299d656a3b364887baa9d6cc31bc
snes	583	geral	Super Ninja Boy	yes	1048576	40b46bb29785fb431b325f22377faa8b099be4d77aecc1f03000b8a4cb589b63	ok	image/png	996410	800	584	422b3183df1fcbacf1431ba6ae105434ee3410e85dae6ab1b3f252c3a5fb720b	1	1	1	15796e1b31e1a5bdf4cea9f999d53cb679f24188715596017411f5f97a8ea8c1	ok	rom_folder	15796e1b31e1a5bdf4cea9f999d53cb679f24188715596017411f5f97a8ea8c1
snes	584	geral	Super Nova	yes	1048576	a8acbbd6f8afbf289a6b837da6cd8bd109a00cd38625c956ab8ff739732d9e4f	ok	image/png	998943	800	584	1ace63975a79c6bbcc4fba167eb309d8cbf41eca9747fa9ba55d4d414b5e8d41	1	1	1	91e730014add54b977e2539d4e69a595359d21efaa111dceb64950d428faf389	ok	rom_folder	91e730014add54b977e2539d4e69a595359d21efaa111dceb64950d428faf389
snes	586	geral	Super Off Road	yes	524288	24b687f95bb9737d223738f13c00aeaa7d697fa9e2fd50597b81d0cfa2160daa	ok	image/png	971704	800	588	567d625ac7c9be180914211f5f0ff239954290cf335e3e2a3f5f660ba9d0d217	1	1	1	ca71972b492d3c092c590b0e173bde9fb4fe2b06bd39b6f42f368f0274120bd7	ok	rom_folder	ca71972b492d3c092c590b0e173bde9fb4fe2b06bd39b6f42f368f0274120bd7
snes	585	geral	Super Off Road : The Baja	yes	1048576	16f9c90d75bd23d0620be00ecf818fcb25c5935d4ee26b1fe17b926f8987aa65	ok	image/png	862822	800	584	921ce018be84ba76d496c7550001d5df7655dbb6a5b778a5b5696e0cdd597fc7	1	1	1	70f7f15c55c7145db2dff4b5a234aa43434fc384947070ec50189d0a6cc4e3e2	ok	rom_folder	70f7f15c55c7145db2dff4b5a234aa43434fc384947070ec50189d0a6cc4e3e2
snes	587	geral	Super Pinball : Behind the Mask	yes	1048576	65aff1403838c938d7c6170f3044a2b0317cd2ee13ad79353a4cdd2aa82f4e87	ok	image/png	854181	800	588	eac96b463ee41e42e1a7881b26e32e04da1780ad562e97b8ea19f23c4b441af3	1	1	1	d519a2da922d07bdd1e6ec894b452d783a587e37b03c469daa8274f9e121e5d0	ok	rom_folder	d519a2da922d07bdd1e6ec894b452d783a587e37b03c469daa8274f9e121e5d0
snes	588	geral	Super Play Action Football	yes	1048576	5a4b0c89606f71182fa5552ac476cc3bbda5ddc7d44e33f9184114aaea38020d	ok	image/png	742929	800	584	9199844c1a236b434206a22305ad325097b60b8d9ea08af98f7cd3a40fb75b87	1	1	1	8a086f4fc91211643c69c891458e0e1a837e65c3e61d0627428b0a1ab47242bf	ok	rom_folder	8a086f4fc91211643c69c891458e0e1a837e65c3e61d0627428b0a1ab47242bf
snes	589	geral	Super Punch-Out!!	yes	2097152	a3d803b8c6b0b6ac55085671040b840f993543915c7f802e14fb651beabe9b63	ok	image/png	974809	800	588	87701b0a5ba250682d9f2d986938c6ee209315d21759077e66dafbe2e95caf81	1	1	1	dc203c6dea0397fa347d9fbe8b8dc914e9abdc3d81dd115794a0e50d65e7a3f4	ok	rom_folder	dc203c6dea0397fa347d9fbe8b8dc914e9abdc3d81dd115794a0e50d65e7a3f4
snes	590	geral	Super Putty	yes	1048576	3dff3513ae6acb85a02b00b9f5adb4757ab97661993bded4f329127a792cef87	ok	image/png	1035015	800	584	9f17efc593dd1f3336af97abf44642afd9ac75885d45adc1b0becbdd6f7e10e5	1	1	1	2720f03faa6fec37fdf314e4a98538d4422fbb2a8180d0ebe9b38e195f8fc7eb	ok	rom_folder	2720f03faa6fec37fdf314e4a98538d4422fbb2a8180d0ebe9b38e195f8fc7eb
snes	592	pt-br	Super R-Type	yes	1048576	31033cb381caa63befa65a7a1956dc0e112543395f49983860e60fca35b03f9b	ok	image/png	993078	800	588	eba9b54477e9da2ead47c7cf40da95b4dfea3e07f23e3ed80f35f6f10a39e7b5	2	2	1	2538bd2b7073e0183509e7145afae486e677665276bb71ebf0e40d6b0762b9cf;2538bd2b7073e0183509e7145afae486e677665276bb71ebf0e40d6b0762b9cf	ok	rom_folder	2538bd2b7073e0183509e7145afae486e677665276bb71ebf0e40d6b0762b9cf
snes	591	geral	Super R.B.I. Baseball	yes	1048576	607bfa0f74e57298f59ebe237c2e7b59364024d844534f3befb9ad1301bbedf8	ok	image/png	921615	800	584	f33b7eb3c4e0500402dd31a7d86694de398a5396f908e341c3f1b4e6a45fc9d6	1	1	1	6825c2a58aff23253e5c512654dee9fba01b85b6a4dc89e9549d21899ba46a11	ok	rom_folder	6825c2a58aff23253e5c512654dee9fba01b85b6a4dc89e9549d21899ba46a11
snes	593	geral	Super Scope 6	yes	1048576	7a8ffaf8bb549b400ec2f0bda9f3c0dbf5852c38618cdb21cd783c368383e2c7	ok	image/png	197793	800	588	52c31eddde2496823ec5b38609490f079ef4f3727f0b81e33f481788f62d8720	1	1	1	febd9d453d14626d3138116863386d4c9aff7db04b1d772373fe4cfd6ceba833	ok	rom_folder	febd9d453d14626d3138116863386d4c9aff7db04b1d772373fe4cfd6ceba833
snes	594	geral	Super Slam Dunk	yes	1048576	e987ceb53cc1407b1ba612b13a7b5391db6c41ea14552c165ae62ad42eeaa0ae	ok	image/png	977925	800	584	546e7ef1b3cf1660be651b7d85194c8900e21f3f99b9d0e73ecf991585be7507	1	1	1	aa8109029ebc5e4eb0cd273c59a5c81367e55a7e153c740320dc7f596da929fd	ok	rom_folder	aa8109029ebc5e4eb0cd273c59a5c81367e55a7e153c740320dc7f596da929fd
snes	595	geral	Super Slap Shot	yes	524288	c39ebf88af138e87ca5d963ed71a8b7defba3e2bc271d72186d00056e8225721	ok	image/png	682268	800	584	773ca116c4e00760885bfde20442e58828cab5583f0a1b82a5b65b8136f56b9d	1	1	1	58215abdb682eacfcc0cb182f8ab6efb4b0c56a7573d593c68be9fc8a2c8e078	ok	rom_folder	58215abdb682eacfcc0cb182f8ab6efb4b0c56a7573d593c68be9fc8a2c8e078
snes	596	geral	Super Smash T.V.	yes	524288	8b75ab4bb1b63c45a56e7a4c5a37c0864f14375ab3131edc33489764426ad888	ok	image/png	917015	800	588	2630aa5d3cf25efeb8caae5350fddec2dfd03b0adf72c1df37406d83bb559120	1	1	1	8dfa4202d50e10f5f27fb4f2e06f6ad89cf1b13f9d2deae599e2be357f03335c	ok	rom_folder	8dfa4202d50e10f5f27fb4f2e06f6ad89cf1b13f9d2deae599e2be357f03335c
snes	598	pt-br	Super Soccer	yes	524288	849674d02486207b9abe62d9da8684b6eb6561a4abc5a5390fb40440baf7a583	ok	image/png	1005363	800	584	1b0fdef5248814b31193b26e8caead10c0756a65fa9ba0dbbbd319d3fc994f8c	2	2	1	c95dfc6cdcf230f5fdb68a100db0c2540e9f4cf88f22ca7c409463b438ab65cb;c95dfc6cdcf230f5fdb68a100db0c2540e9f4cf88f22ca7c409463b438ab65cb	ok	rom_folder	c95dfc6cdcf230f5fdb68a100db0c2540e9f4cf88f22ca7c409463b438ab65cb
snes	597	geral	Super Soccer Champ	yes	524288	5eb9736d66b3ac730ebbfdd19ef2397282b5f1a62dc0048093e041e23b807741	ok	image/png	938670	800	584	cfdda5bd318c5b1775a658f86114cfdfe610255786b7bcdf7967e9e192c79854	1	1	1	f5debea99d59ea8b8f6c5231289865af172745c1a4e7619ac5103d2ca8ba6bfd	ok	rom_folder	f5debea99d59ea8b8f6c5231289865af172745c1a4e7619ac5103d2ca8ba6bfd
snes	599	geral	Super Solitaire	yes	524288	5985cdad45958a5b8c5967ad39efe51569f560bf237a4e9864f21111082a8500	ok	image/png	802825	800	584	29de902a2a65b24499a9acfdd608bc39db32cfa7233d1bb312fbb5b94e7651db	1	1	1	387336df70cb9414282577aa4312fda73eb3c117a9751cedeaae925066f6152f	ok	rom_folder	387336df70cb9414282577aa4312fda73eb3c117a9751cedeaae925066f6152f
snes	602	geral	Super Star Wars	yes	1048576	298b643fec4208f33d02a7afbb05c6f757b0086be533f8ca739466cbe96ae918	ok	image/png	716319	800	588	fba6cf0601bf388ab8b6099f217c62771469698cfccab50c25092a3e9b71a81e	1	1	1	4cc3fbec12a7b86ba1039a850cb72580db20093be71cd1bb3123a418ed124b6a	ok	rom_folder	4cc3fbec12a7b86ba1039a850cb72580db20093be71cd1bb3123a418ed124b6a
snes	600	geral	Super Star Wars : Return of the Jedi	yes	2097152	f7df5cd16ce6624567d1a24e9b9c0b9050ea9b6a9fe5a7973484589637756596	ok	image/png	886667	800	588	b6e7f8079fa254bc8c3d7a5002ace48648f3d36f0a5026ab94e9890d13dfc79d	1	1	1	81a220eaed2763a03236e44631a2820ce6a558cedb9f1c6c4454b8ddfbad718e	ok	rom_folder	81a220eaed2763a03236e44631a2820ce6a558cedb9f1c6c4454b8ddfbad718e
snes	601	geral	Super Star Wars : The Empire Strikes Back	yes	1572864	46370b3bd6ff9ee04c425eef0f482f521f3b61bd4b058f2f4e9d322253d7b5de	ok	image/png	802530	800	584	8b1b6bd0b0ff6aed63b8e2841e63360afe25614038848ba78b400e3a372735d9	1	1	1	930fbe9adc9cd5a5a1c98d58c3549688ddfa5746e75f097fda248a9afb2eada6	ok	rom_folder	930fbe9adc9cd5a5a1c98d58c3549688ddfa5746e75f097fda248a9afb2eada6
snes	603	pt-br	Super Street Fighter II	yes	4194816	69c94bdc5f175c52990a2cc09744771aa004e2194031828beb26e985d6f31e7b	ok	image/png	954537	800	588	875d130dbb0d065d9111c4914c20aaa0b0800462c90919c02c550a858c577558	2	2	1	8c5f63914845c424c38f642ff114503bb924714cd86ac09bf0f0a01ac97cec81;8c5f63914845c424c38f642ff114503bb924714cd86ac09bf0f0a01ac97cec81	ok	rom_folder	8c5f63914845c424c38f642ff114503bb924714cd86ac09bf0f0a01ac97cec81
snes	604	geral	Super Strike Eagle	yes	1048576	830c900083cccc6ded74c167c4e257db34df4786ecd6e2f053de454db7d31fe5	ok	image/png	888100	800	584	2b4466a236dc1f2b6cc63dab9086e4da450b41a8285c982ef5ffdbbfc402bd81	1	1	1	2435ba7578a0d99be96afd5c1a9425c7eeceb0ff6d39013c2368fcac208bbab5	ok	rom_folder	2435ba7578a0d99be96afd5c1a9425c7eeceb0ff6d39013c2368fcac208bbab5
snes	605	geral	Super Tennis	yes	524288	6e45a80ea148654514cb4e8604a0ffcbc726946e70f9e0b9860e36c0f3fa4877	ok	image/png	895755	800	588	eff200c2bfe60bb5468d1686899919552a3bacc0cde37237113b99e4c93aa805	1	1	1	36ed8f6a537a55893b67c32b79a2a12537efec7e602317f07483f159f6dbbe6d	ok	rom_folder	36ed8f6a537a55893b67c32b79a2a12537efec7e602317f07483f159f6dbbe6d
snes	606	geral	Super Troll Islands	yes	524288	02cb7f1ed21ed6bfb9eaa0e91df2adb063a9bf4cbd6feb6cd024d676829e227e	ok	image/png	1114233	800	584	0d25448887a53cd0c5f6971e330662d7f2b78978e7bb3534572539f391eebd84	1	1	1	ab29ceca3a8dfcdb79b002da7f855ebecd7c83a6e2eca9289a5da8e30d959745	ok	rom_folder	ab29ceca3a8dfcdb79b002da7f855ebecd7c83a6e2eca9289a5da8e30d959745
snes	608	geral	Super Turrican	yes	524288	056ac8160363d577e3ffc2f593801b8bb3d024fe4f3a3331b711dc556204949d	ok	image/png	1006178	800	584	e8f122c2f675c031d19ff6bc09287c3c29f6741c0432cd8f5d9e9fe543329a7a	1	1	1	8091d5ee63e9a13c8bf9cae42d761b27ead0f255f5dfdd0bca0bb72306d83c21	ok	rom_folder	8091d5ee63e9a13c8bf9cae42d761b27ead0f255f5dfdd0bca0bb72306d83c21
snes	607	geral	Super Turrican 2	yes	2097152	96da3512a1aa05a40f1e5d61c48932b0d55d9f136d6418b848153a9fecab06de	ok	image/png	1104649	800	584	ed9a65c989d40add79e56d7e88d8add652b506b876839384becbf2866c94d5a2	1	1	1	42675d367bb088507430865f79907df39e7aecebc8cfc639029122d6e336fb71	ok	rom_folder	42675d367bb088507430865f79907df39e7aecebc8cfc639029122d6e336fb71
snes	609	geral	Super Valis IV	yes	1048576	792e615a34ceae5a1b9a4f54c5a5d9b53e39299332fece83e4bceca2c22efb21	ok	image/png	930474	800	588	4368728ae1351ee72f069316ec10e450324de8b8138f7c0998d3089734a8e1ef	1	1	1	d762c5eda3665033a496103e044458562420688fe6757e4f5aa0a94557d6bfcc	ok	rom_folder	d762c5eda3665033a496103e044458562420688fe6757e4f5aa0a94557d6bfcc
snes	610	geral	Super Widget	yes	1048576	62d3d650e956f23f3b221f83c5c5bd204afd0e4f4d9c47a3251962323de96089	ok	image/png	721359	800	588	adc5648afe7acc003dd820842d1a7651c90c8480e28dafdb8e555dbccd356fab	1	1	1	1b7c1ee07e5d7fd8ed47304054a988876d6a885e914abb2bcc67976209582f13	ok	rom_folder	1b7c1ee07e5d7fd8ed47304054a988876d6a885e914abb2bcc67976209582f13
snes	611	geral	Suzuka 8 Hours	yes	1048576	ed8fa0dd7bb99957304e2de37f7dd79769d6534f9b01e290332b862f8ab43c4e	ok	image/png	887104	800	588	2f7a38afe2cb2bda657a78b9f943bb80774bd82ceda21751724aab60c78ada18	1	1	1	b09391d79209ea547d00fb20150cfa4eca5c56586d355b910194c58eb0a959cf	ok	rom_folder	b09391d79209ea547d00fb20150cfa4eca5c56586d355b910194c58eb0a959cf
snes	612	geral	SWAT Kats : The Radical Squadron	yes	2097152	d802715fb4f09d7e499b5b3e577af641598a723dae7cedeaa93943bb53c6edbb	ok	image/png	827742	800	588	6e3c10cde470c578072f7faa86cc201d1a6f4437120466157e07aacf1f6d80f2	1	1	1	c592021fc9475e55654ce3d43b14172f257c6c9312f7cc2d884c1fb47e5f1347	ok	rom_folder	c592021fc9475e55654ce3d43b14172f257c6c9312f7cc2d884c1fb47e5f1347
snes	613	geral	Syndicate	yes	1048576	c2015d03dd3db08069b2a6ea1ed6b3e1ac1e3a5f804b02295c3cd3717add91ef	ok	image/png	734692	800	584	de30b71472ee9e34ea6c7023d0b022b79169c7788dd9cfda1f84753269d137eb	1	1	1	c44e08222aae877ae86e733d4adf3cee14171137389f888462de1de253fd79cc	ok	rom_folder	c44e08222aae877ae86e733d4adf3cee14171137389f888462de1de253fd79cc
snes	614	geral	Syvalion	yes	1048576	bd9cbb4c115716ec0f5d2d438bb812d02d496c41b7677a1d9520ff454254247b	ok	image/png	1020160	800	584	17d6c0fb4409b0cb2ae8b0c3f0dae14d97f9aa3c8ac9adc510f46332f3ace60f	1	1	1	5022e6555aacd20464d2ee6be83bf85e47e0d1c098ebb03f2335b6dee20de390	ok	rom_folder	5022e6555aacd20464d2ee6be83bf85e47e0d1c098ebb03f2335b6dee20de390
snes	615	geral	T2 : The Arcade Game	yes	1048576	365f10f9d9f68cc59e769eeb451c417e1ff7415022a625de9976a3b924c0bd61	ok	image/png	779525	800	588	2358134759481d214af05d27471e3b6236e12ee48ade3dd62e06070988bfd6df	1	1	1	3e86b5cd8f56e835d226be70c0e33b096af2dd96e9605c5525c168ad1043f19b	ok	rom_folder	3e86b5cd8f56e835d226be70c0e33b096af2dd96e9605c5525c168ad1043f19b
snes	616	geral	Taz-Mania	yes	1048576	1711fe9010232b41ec406900e5b4ef528dd2beaa97b27d94ed7eef57d63904a0	ok	image/png	681647	800	584	417e1391cd70377e7ac56c98543593e0fe99e89669589022863d6c8abc038d59	1	1	1	43798313c96a335d9eeed0321143c02d5c74f77d03ad0460eaba2cabc695a86f	ok	rom_folder	43798313c96a335d9eeed0321143c02d5c74f77d03ad0460eaba2cabc695a86f
snes	617	pt-br	Tecmo Secret of the Stars	yes	1573376	5e90ab9522eeb7bd1efbd44967de4ecf1d912a2ee64570e1c608b733794069fb	ok	image/png	871588	800	584	45ac26a0917d74cbbec65951e55bd0efdfed295b0603b93ff63d61d632e9c1d9	2	2	1	e633d437d652923781b945b24cd88a220c7d49b559886f10b43dc64ef155c57c;e633d437d652923781b945b24cd88a220c7d49b559886f10b43dc64ef155c57c	ok	rom_folder	e633d437d652923781b945b24cd88a220c7d49b559886f10b43dc64ef155c57c
snes	618	geral	Tecmo Super Baseball	yes	1572864	c3cb1d2fd9775aa9d15b7eedd45ad82519b73d47ca166737ed398c748717bcc4	ok	image/png	545493	800	588	7cb47673aaab01efdf70ae5c70d185a43de9396d646541d51ef9554cbd6bb06c	1	1	1	1590c1a6999a7c37625fc93660e5302daa4bebc2b5ff02855a102398eef2e4e1	ok	rom_folder	1590c1a6999a7c37625fc93660e5302daa4bebc2b5ff02855a102398eef2e4e1
snes	621	geral	Tecmo Super Bowl	yes	1572864	35dd020cf57fc402417ab6e4a6c49866c5a86bba25218c0aaf7ce85cb134bcf8	ok	image/png	728304	800	588	d7dafa9d942e794a973a68101cc4a5f1b156d1a1232a3b289eee9b94d891b5e9	1	1	1	3edf00aa2d2c55322d1e8fefc79649447365131a6b2732a9eb5225d031e0e4c2	ok	rom_folder	3edf00aa2d2c55322d1e8fefc79649447365131a6b2732a9eb5225d031e0e4c2
snes	619	geral	Tecmo Super Bowl II : Special Edition	yes	2097152	2972057a0087f8239d2523eaa995405f06e5d5ba3a3203b6b50d401379c8ebde	ok	image/png	812463	800	588	c3d702c621df9968c4381afe706678f4c423c0e8e68b0b6fe670358b5b273d1f	1	1	1	022cce6d8549b06292fcd8cf2c9e6f2efa07c2b3958f83155018edb642990b0a	ok	rom_folder	022cce6d8549b06292fcd8cf2c9e6f2efa07c2b3958f83155018edb642990b0a
snes	620	geral	Tecmo Super Bowl III : Final Edition	yes	2097152	8cfd4c5525f4bd4bba5af7e2323f1e61f27ce97c6d5617cfa685c9276fbf6407	ok	image/png	844523	800	588	4817e8be6467a6e7b4f968c28647389f3f541ebf5d107f218833e5663ca985de	1	1	1	8b6844eedfadf57a1ed1652a1965a161e6699e252c8f13f19d9e35be8b5664e5	ok	rom_folder	8b6844eedfadf57a1ed1652a1965a161e6699e252c8f13f19d9e35be8b5664e5
snes	622	geral	Tecmo Super NBA Basketball	yes	1048576	14bce564f976d1431127259edbcb23c52c79361fed9814d307d627c4650e800e	ok	image/png	1167988	800	584	4c3ea7837408fdd6495229cedfa93493ba44e560fb84487d536b78f7fea83c35	1	1	1	738ffb4826c59e2fead083807fe13d2603fd221479f2d70ae2002c84f6f22b53	ok	rom_folder	738ffb4826c59e2fead083807fe13d2603fd221479f2d70ae2002c84f6f22b53
snes	623	pt-br	Teenage Mutant Ninja Turtles : Tournament Fighters	yes	2097152	9b86b8d13a5d3878f01bbe550ba2d919ed4192947981b243fbcbff478b80c97c	ok	image/png	176654	400	294	7ac3f4a0fb5d14eef3a9a1fbe8b3a10c766958d8a8ed391e842b3122920d146c	2	2	1	9d67f08a50defb0136fe7d7e8228d998a0153696df8b87ac9eb88b30b46c0a97;9d67f08a50defb0136fe7d7e8228d998a0153696df8b87ac9eb88b30b46c0a97	ok	rom_folder	9d67f08a50defb0136fe7d7e8228d998a0153696df8b87ac9eb88b30b46c0a97
snes	625	geral	Teenage Mutant Ninja Turtles IV : Turtles in Time	yes	1048576	5b82cdd6f2da56f43680d6a5021faebe2e06036d30602c1a7917aa414cf8b5f4	ok	image/png	1103823	800	584	14d482e8cb6fd309e7feed3eab5aa8459b10dd3ec05ce1126bd8b4b65b5f932d	1	1	1	ae0b0d9dea99dc5f84ca25727011db0e0789ddf110e88211b8fb888b763d0a24	ok	rom_folder	ae0b0d9dea99dc5f84ca25727011db0e0789ddf110e88211b8fb888b763d0a24
snes	624	pt-br	Teenage Mutant Ninja Turtles IV : Turtles in Time (PT-BR)	yes	1048576	f3e7c6b5177ef1908c10b60164c5b263dabd5f3fb811301548e111a7fc3018e2	ok	image/png	206215	400	292	35e4bdb267fe8d5f4e7cab122ee6e150998b4bc3eae10b3d5184f4ee8306a0c3	2	2	1	ae0b0d9dea99dc5f84ca25727011db0e0789ddf110e88211b8fb888b763d0a24;ae0b0d9dea99dc5f84ca25727011db0e0789ddf110e88211b8fb888b763d0a24	ok	rom_folder	ae0b0d9dea99dc5f84ca25727011db0e0789ddf110e88211b8fb888b763d0a24
snes	626	geral	Terminator 2 : Judgment Day	yes	1048576	06db3be569a587d79b51bfc684fd2ebdea977863875aedec88218fbb4169c21b	ok	image/png	840454	800	588	ffab9175745d7da9abbd0d1e5325253420ea18d35336b000f2de0d4dfacb8e13	1	1	1	85dbdec34937c546130549194e01abbaef0300e58fb6e56e945fae9a79e9a27d	ok	rom_folder	85dbdec34937c546130549194e01abbaef0300e58fb6e56e945fae9a79e9a27d
snes	627	pt-br	Terranigma	yes	4194304	3574d5a1c6186683cdfcbb077fccd39df2ed9f2da088643bb93f17957c9f1f71	ok	image/png	1030215	800	584	593af2616fbabeab69c3b59efb7314049428d31add9d981d6e566ee28279ede1	2	2	1	3570f52dce9ffcc393f185958bc592709fec3335645b33726f2c42e7735d5f03;3570f52dce9ffcc393f185958bc592709fec3335645b33726f2c42e7735d5f03	ok	rom_folder	3570f52dce9ffcc393f185958bc592709fec3335645b33726f2c42e7735d5f03
snes	628	geral	Tetris & Dr. Mario	yes	1048576	3cdebbd8adc4bb6773a7995f542fdac49adefca71cba583255a1c1bf37ac3946	ok	image/png	1242059	800	584	06d6bf104899c26951ff0cb94aea41ae737104c38b848169fccdf93a40be2c0b	1	1	1	d8113aee33717966b6caf40aa4e74cda52045bb2bf57a9b682624bebd96cf1d0	ok	rom_folder	d8113aee33717966b6caf40aa4e74cda52045bb2bf57a9b682624bebd96cf1d0
snes	629	geral	Tetris 2	yes	1048576	70dea29a928c1625def31c862dc74960e39e587e416b45829efc21f13ebd9630	ok	image/png	1064161	800	584	20203f21036184b38811e29937807740a2393a81e1d7e3656d502b98e842dc70	1	1	1	bf1f3ed840fc98ecbc5702b8934ce8eb9ea9b91408c6444e9e0b7c442b267aa2	ok	rom_folder	bf1f3ed840fc98ecbc5702b8934ce8eb9ea9b91408c6444e9e0b7c442b267aa2
snes	630	geral	Tetris Attack	yes	1048576	579bf1a1988d4af06a69cc1d82a2478ebe51940c5ced7f97e83029a24e6aa778	ok	image/png	1066663	800	584	c75d76b24a70ece139e73ec26aa60177110be5c3528564cf96d627e908d4f7b9	1	1	1	164453d102648ff7659ca63f3cdb52654ca480e530a4106d453550c0aa9b789d	ok	rom_folder	164453d102648ff7659ca63f3cdb52654ca480e530a4106d453550c0aa9b789d
snes	631	pt-br	The 7th Saga	yes	1573376	cd804e579b5472a6377d9f1952b069dfab59897c80d2e0ff1175f5f4c5e26282	ok	image/png	664214	800	584	8fc726ab705d84d5c0eef680cfb29803ef0f646bfceb03b3bce822a3566fa0f4	2	2	1	cb81586c7c98937e5bc5e60f10ed0997cba4a6aea8c7d157738b6239cdfef3ab;cb81586c7c98937e5bc5e60f10ed0997cba4a6aea8c7d157738b6239cdfef3ab	ok	rom_folder	cb81586c7c98937e5bc5e60f10ed0997cba4a6aea8c7d157738b6239cdfef3ab
snes	633	geral	The Addams Family	yes	1048576	e645310d2406ace85523ed91070ee7ff6aa245217267dacb158ae9fc75109692	ok	image/png	833910	800	588	1c249fa5735588f2e60bdea87217b9c825e24a37e73cb5cd28878e00915a6f15	1	1	1	fa5a0149b5050cd165ac965f2b360f9ccaedcc6fbb7d42c890eba595054162fa	ok	rom_folder	fa5a0149b5050cd165ac965f2b360f9ccaedcc6fbb7d42c890eba595054162fa
snes	632	pt-br	The Addams Family : Pugsley's Scavenger Hunt	yes	1048576	4a940ef3ededf0e3f7bc8368c8adce790751b10e824d5bd77e337a2a2a03e19e	ok	image/png	1083235	800	584	8ed1f7492d253ce7a40cb2db73968284d0b975fea9ff4601c8cb3c6999230560	2	2	1	5b9ac60bf3a359b4d133ac2b827a1c51096c438a76cc3418c830273a65482e7a;5b9ac60bf3a359b4d133ac2b827a1c51096c438a76cc3418c830273a65482e7a	ok	rom_folder	5b9ac60bf3a359b4d133ac2b827a1c51096c438a76cc3418c830273a65482e7a
snes	634	geral	The Adventures of Batman & Robin	yes	2097152	8083307f3f4b7df9e5bf53d5f25877c2e548f0f677540d4ee62d60ccca3098f8	ok	image/png	705366	800	588	9c96dccbd92daffdc6106fcfa317e6391315e654c20502499df5bdfcffd7df9a	1	1	1	0a6fce88c7ec6c6f4d815d2d72480d71463a4a135cfe6f66167d7aaa3ee8d919	ok	rom_folder	0a6fce88c7ec6c6f4d815d2d72480d71463a4a135cfe6f66167d7aaa3ee8d919
snes	635	pt-br	The Adventures of Dr. Franken	yes	1048576	ed4e1f413a4a9087bbfaaf78d6ae08dcbb2af317d9a48b5ef4f2f9e2a63e6e4c	ok	image/png	675841	800	584	bcd3efe39cf6c5fb2f60e444ac934ff1966404b8ec73c82d3cf2d1bfb56c9ee7	2	2	1	2f886e703174718c5c8c8678540e76e91b1438b810f7aa465a00a941bba76bdc;2f886e703174718c5c8c8678540e76e91b1438b810f7aa465a00a941bba76bdc	ok	rom_folder	2f886e703174718c5c8c8678540e76e91b1438b810f7aa465a00a941bba76bdc
snes	636	geral	The Adventures of Kid Kleets	yes	1310720	670d898bdcf97d7ca3aab6c2dd1641f1270fcc2a070bbd3028ab413aef2b2ecc	ok	image/png	981149	800	584	c2eda2b2120800dd512813d5b652cace6d2885fe79e0d6acad227ffb79b045c5	1	1	1	91896a7a3d8cca4fc879e4f6994b5ce711dbd9175126d8bab1c35ce70352b476	ok	rom_folder	91896a7a3d8cca4fc879e4f6994b5ce711dbd9175126d8bab1c35ce70352b476
snes	637	geral	The Adventures of Mighty Max	yes	1048576	889beb58d2a48a05a6230cabda14555cb030e2e986c0293bdf396e85af5c6798	ok	image/png	632154	800	584	70cc860c0100bb5ee179e65295120e7d4d784e03bcc6fae9364128ecdff12b57	1	1	1	68b99ecc94c161e2ce33b29f2e1f4bb19bbe90cf1f1d4cc5c828fcfbe3dfe4a3	ok	rom_folder	68b99ecc94c161e2ce33b29f2e1f4bb19bbe90cf1f1d4cc5c828fcfbe3dfe4a3
snes	638	geral	The Adventures of Rocky and Bullwinkle and Friends	yes	1048576	b70099186d3774355ac5db370240e370c73f9ce5341f6c805cf9f771374b43ae	ok	image/png	960051	800	584	4913afa07b53d827cc596a196bc1cb1b2ec69cdb953262a1e5d374057222a456	1	1	1	433af1790889655154e8187fe4712a7c978b4ac55cdfe6b62ad79394e6d95574	ok	rom_folder	433af1790889655154e8187fe4712a7c978b4ac55cdfe6b62ad79394e6d95574
snes	639	pt-br	The Blues Brothers	yes	524288	259521f07d9894989573deb31165b60b95ce7737fbd500002640156bd0dc212c	ok	image/png	186544	400	292	fa6631520bfc2668c739c01eebbb5b3195e4faecfe5737cf329dd7605087e91d	2	2	1	9d80aac0d7e9a1c17c9fe6257ee17c076c7c6161a77462a8db9f495f9fa5afa6;9d80aac0d7e9a1c17c9fe6257ee17c076c7c6161a77462a8db9f495f9fa5afa6	ok	rom_folder	9d80aac0d7e9a1c17c9fe6257ee17c076c7c6161a77462a8db9f495f9fa5afa6
snes	640	pt-br	The Brainies	yes	524288	971a2a1154bf2313dd517ba28d0f2ecbb5f8d498a8d81b0686e334873af52cc6	ok	image/png	640425	800	584	d1acdbab6b371801e03ccb7ed56090e6e25856753df1cda96f32fee4facfeb20	2	2	1	a1c4dbe98d879d690e1fc8807122d8d798f08bad2b09b9671ddfc83223127d55;a1c4dbe98d879d690e1fc8807122d8d798f08bad2b09b9671ddfc83223127d55	ok	rom_folder	a1c4dbe98d879d690e1fc8807122d8d798f08bad2b09b9671ddfc83223127d55
snes	641	geral	The Chessmaster	yes	524288	ee0e51d922d1cf8abe3dfc6b0d84a988a6635dc96b2a96962007c41aaa542774	ok	image/png	372027	800	584	0e1376491fea231deed9059d7a7690d195037e14bc90d20ea80b5b34a87f37a1	1	1	1	9ae7948bd910af2fcc574e7e9d1283cfb487f16ffabbad4044321e1ed7d38bcc	ok	rom_folder	9ae7948bd910af2fcc574e7e9d1283cfb487f16ffabbad4044321e1ed7d38bcc
snes	642	pt-br	The Combatribes	yes	1572864	f7305205ac8ab82a0f0b2159407abfa4024b35d8fea1a9af1dd998a34dc60996	ok	image/png	179530	400	292	0ce162b53295a35c933704948573399b12c8440d2a264674c4e13daa8b4c7f1a	2	2	1	99366b3a716f32a8c28a703860411cdf1c4b10f2353041a624926045150e1154;99366b3a716f32a8c28a703860411cdf1c4b10f2353041a624926045150e1154	ok	rom_folder	99366b3a716f32a8c28a703860411cdf1c4b10f2353041a624926045150e1154
snes	644	geral	The Death and Return of Superman	yes	2097152	300c1937e4b68108302e9b0f49974d1ec6b6c45dd8da69dddc19443f9562ecf4	ok	image/png	650905	800	588	83d5a44ee894c64c9ba42f78ee40f61bdd9dc24118368825fc1750193122d22b	1	1	1	e634cb80040b1fe37d99112c2ef66f8957b5c5c9013fdf8677277bcc414cab84	ok	rom_folder	e634cb80040b1fe37d99112c2ef66f8957b5c5c9013fdf8677277bcc414cab84
snes	643	pt-br	The Death and Return of Superman (PT-BR)	yes	2097152	29173ad181de1fda4984c49e958343c7ddb4dc7136abbb06fed9b35e2477c3e2	ok	image/png	532817	800	584	d942ecbe7e682711ee5a4669d6ffbf9e312753c4e5e6d4b7304d509b01d564c0	2	2	1	e634cb80040b1fe37d99112c2ef66f8957b5c5c9013fdf8677277bcc414cab84;e634cb80040b1fe37d99112c2ef66f8957b5c5c9013fdf8677277bcc414cab84	ok	rom_folder	e634cb80040b1fe37d99112c2ef66f8957b5c5c9013fdf8677277bcc414cab84
snes	645	geral	The Duel : Test Drive II	yes	1048576	c9563cb57314588aa3db22b76dc8acfba3e73733dd3538edd90af5a15595830e	ok	image/png	803940	800	584	24b47c684684cab5be7cbb421496fe4105b79402948da2df1aa564dd6d573b32	1	1	1	d3d131b4a068e1b4a0953f5708101bfc2f60ccaeee434f7d5449bb528c62c1ec	ok	rom_folder	d3d131b4a068e1b4a0953f5708101bfc2f60ccaeee434f7d5449bb528c62c1ec
snes	646	geral	The Firemen	yes	1048576	a0106f9cff7abbf25e081e2531f6d4b4aedf6f0dc8d155a66506817bff267d12	ok	image/png	897873	800	584	0f6084ebce6b290f1dc3659d55964499686d08aaa461e6c3675e34659b481364	1	1	1	2fdc68f1da817084ddd3dce6c8cf6f5d5e0a672fdfdb923a9f6e02f349dd520e	ok	rom_folder	2fdc68f1da817084ddd3dce6c8cf6f5d5e0a672fdfdb923a9f6e02f349dd520e
snes	648	geral	The Flintstones	yes	2097152	ff09d72d6241b331dc429d1cf27c04c26546f23312a22c7a14e6a4bf41ed1069	ok	image/png	1013588	800	588	e46ee5d90741f02e702ffb6b6a0bb4fa99bd9ab75d0cd9ee2874128f2e19ff3d	1	1	1	f3e81eb07aaa5d9b47f8010faaabf8081d23b9d44fac831cfd814116924afdc7	ok	rom_folder	f3e81eb07aaa5d9b47f8010faaabf8081d23b9d44fac831cfd814116924afdc7
snes	647	geral	The Flintstones : The Treasure of Sierra Madrock	yes	1048576	3d5bbc06e7e9797d937c803610c40b262c14c3f0a39e8048dd6b0b052a040fc1	ok	image/png	1041925	800	584	ee2fc55c4e1430b3d25fb2f29a82648cd096694c231ad65b07fafa0171def34a	1	1	1	69d6985693a1bd1349b4d4a2ec75e95d2cba38dd42037865f45125a0c7d98eb3	ok	rom_folder	69d6985693a1bd1349b4d4a2ec75e95d2cba38dd42037865f45125a0c7d98eb3
snes	649	pt-br	The Great Circus Mystery Starring Mickey & Minnie	yes	1573376	dadbad6f07ef6747a4fc3c156ae9d26ec80edf9c55f4639bf77b350332d4970f	ok	image/png	1212198	800	553	bcec186b020f81c12b737ab8585183c8cce76ae250c0daad50e862deae85aee0	2	2	1	6d2493ffd9aac82746328a7aaad638afd5715d9138354ae9a1b3a681f699e2c3;6d2493ffd9aac82746328a7aaad638afd5715d9138354ae9a1b3a681f699e2c3	ok	rom_folder	6d2493ffd9aac82746328a7aaad638afd5715d9138354ae9a1b3a681f699e2c3
snes	650	geral	The Great Waldo Search	yes	524288	3ab1ca181000f10cb7c2ae8dc9fafeecd5d77314ee92960e26dff0d6a1fd11ee	ok	image/png	1022066	800	584	0c55b8e63f4f473fc34a807a0bea05ed6ee59416c87f162e79829f1e51e4f7cd	1	1	1	87bbc96b05b3e8d014ccdd88e9457dae6fab22eaf8b1c8a6783ced105ef840d4	ok	rom_folder	87bbc96b05b3e8d014ccdd88e9457dae6fab22eaf8b1c8a6783ced105ef840d4
snes	651	geral	The Humans	yes	1048576	ba6cb0d64cef410c5dd517ce0424fc0942a15b0df0274903939c043f3ac79d39	ok	image/png	1116729	800	584	39f5362e023f0f8ce1d784d0e90ee2fa76619e3b6df03d7dfa7ce15b8f0e97ba	1	1	1	14ea004a134f442fb9cb8487a4e4860632d54d5cc9e6dcc243bf15f7fcf09da8	ok	rom_folder	14ea004a134f442fb9cb8487a4e4860632d54d5cc9e6dcc243bf15f7fcf09da8
snes	652	geral	The Hunt for Red October	yes	524288	a03528344d40bf800cdbde2dd240b30442cec7aea6026fbbe312a7c36bf0f74a	ok	image/png	281664	800	584	db7afcc94f2629eb88b1de9589e608f221fcdbfeee1fa4137878f4eb41dda90e	1	1	1	3f2909f60a25351828efca2b2655be7b26038cbcf11bd422f73b6ae3dbd2678d	ok	rom_folder	3f2909f60a25351828efca2b2655be7b26038cbcf11bd422f73b6ae3dbd2678d
snes	653	pt-br	The Ignition Factor	yes	1049088	ca5fc06df7d08e37392fceb865f6bb91d4bc87439bdd0a07947a7f58b6f9cf9a	ok	image/png	1047786	800	584	6f92c146919d6042afce99fbaba34d70b279ffe86856d07497746c8c52829e20	2	2	1	c0ec6ec7d6b37437aec310160a25e6c02873614743701d65ce37b95b75fc6959;c0ec6ec7d6b37437aec310160a25e6c02873614743701d65ce37b95b75fc6959	ok	rom_folder	c0ec6ec7d6b37437aec310160a25e6c02873614743701d65ce37b95b75fc6959
snes	654	geral	The Incredible Crash Dummies	yes	1048576	0415adfe80977485f84cdffaaa79f18c91c004c7dba202b4cf9a94eb11adeada	ok	image/png	1048661	800	584	6f4ae9c836a34931f87e870f3d2b374771e81705b4ebe36c7fc2596d4dfcb981	1	1	1	0b5a34ceeea5068b062b51b138fe014f1f5f221c4f336be264e6fcbd284b0e30	ok	rom_folder	0b5a34ceeea5068b062b51b138fe014f1f5f221c4f336be264e6fcbd284b0e30
snes	655	geral	The Incredible Hulk	yes	2097152	8d170628d2d2fdf142bb82ad80e908bba54c45fa33241c779b8eafaf1b21171f	ok	image/png	796318	800	588	e0881a45a79f7a18514145e09c093ff6727fcd8cdd48dba53b91d17f5a326e93	1	1	1	82abbf2fc77066d0faf21a7e67466098e557e8660c5b298fe5a9a20c5641f6d9	ok	rom_folder	82abbf2fc77066d0faf21a7e67466098e557e8660c5b298fe5a9a20c5641f6d9
snes	656	geral	The Irem Skins Game	yes	1048576	8304d8bc55aa9e64bdd144d384f4b185af2426e7d64888c6c23dd41366a53981	ok	image/png	948152	800	588	67a3c142061a6e72ef5fba0378ad95ea7a58b090f6ffdb5fe933fe54ef99ead0	1	1	1	972e48ad5a9c2858348b94ae4155b502ef305bf4aa15905d9caa4b59cd23dddf	ok	rom_folder	972e48ad5a9c2858348b94ae4155b502ef305bf4aa15905d9caa4b59cd23dddf
snes	657	geral	The Itchy & Scratchy Game	yes	1048576	39bfe828571cdb23e7c85c23cf5b175979dcc2042c5841add58f5ae6492168a9	ok	image/png	860477	800	588	9cae99e3f0852aee05e242f4bf8022c37d5c5f4f4f6af5b552ae625d3a8a0ddb	1	1	1	1c68debd44257b31ac2465e1fd00484e452f001de04460af6a073996a4e26361	ok	rom_folder	1c68debd44257b31ac2465e1fd00484e452f001de04460af6a073996a4e26361
snes	658	pt-br	The Jetsons : Invasion of the Planet Pirates	yes	1048576	5490647196a2f6f0822d13d23d10ca7e4dc06cc3f4e252a86d185960c89b36cc	ok	image/png	176174	400	292	b7f5cacc52c46a9b6a1e98655d92442e6a934770087b7d8124f03641cd8535d9	2	2	1	fcc5ab12de7dfdab5b196c54d908e05f3dfaf60e8d16feb6e8706dcc299d62b8;fcc5ab12de7dfdab5b196c54d908e05f3dfaf60e8d16feb6e8706dcc299d62b8	ok	rom_folder	fcc5ab12de7dfdab5b196c54d908e05f3dfaf60e8d16feb6e8706dcc299d62b8
snes	659	pt-br	The Jungle Book	yes	2097152	0a677c13d13189bb2b41d4143f1515b8e27352ca60e16f9434651906419cce25	ok	image/png	162514	400	294	6eb2687b8c3ae885fa46a676e418ffbf0beb24686e9a3b08cae016a291005d74	2	2	1	f02f2d2c0dcaba0935a002c7fb2776286eb03e8b0858bfae1da3fadf2eb2e57e;f02f2d2c0dcaba0935a002c7fb2776286eb03e8b0858bfae1da3fadf2eb2e57e	ok	rom_folder	f02f2d2c0dcaba0935a002c7fb2776286eb03e8b0858bfae1da3fadf2eb2e57e
snes	660	geral	The Lawnmower Man	yes	1048576	a179a1188220b59787c49a78a0dde79b89380e3a8a8a0ab558f0102c5796f873	ok	image/png	1088723	800	584	3f3250715a812ceadc000150773b1d6642535b09221f5b2bd212e048f9c84f32	1	1	1	1d4b0c8c431af80036002f1d2796ba09ae26fcd31982ebbc6d108745c5ab4fa1	ok	rom_folder	1d4b0c8c431af80036002f1d2796ba09ae26fcd31982ebbc6d108745c5ab4fa1
snes	661	geral	The Legend of the Mystical Ninja	yes	1048576	c865fb17e8c59a21d32b9a605319241fa74ec732e3f0ee58f5d7fcbd8ee57c6b	ok	image/png	1054480	800	584	3482021351cd9e68dd04abe8bb04bb0ec581319eeea4baf2e411aa72fab0330a	1	1	1	4022498aa81f601492b420a6c350be6acb3bb42a5fef7ec8f93cc2d22f6ff409	ok	rom_folder	4022498aa81f601492b420a6c350be6acb3bb42a5fef7ec8f93cc2d22f6ff409
snes	662	pt-br	The Lion King	yes	3146240	9e865bec5524dfa17a3e26f21609662dfa35d3466a8e7e689e0a509e49c31975	ok	image/png	956933	800	584	e8542ff34b88154cfcab04446b626125acb01e3e17b2527459bc2721e2ed8fde	2	2	1	767e374fe4f254ada5d562df7a0e39f163d2a1bcdb6bdcc9da8be06a7122ba65;767e374fe4f254ada5d562df7a0e39f163d2a1bcdb6bdcc9da8be06a7122ba65	ok	rom_folder	767e374fe4f254ada5d562df7a0e39f163d2a1bcdb6bdcc9da8be06a7122ba65
snes	663	pt-br	The Lost Vikings	yes	1049088	91ed26be5f551d83af8b6d51944cdb0a8623d336062c9b4349b827622a10049a	ok	image/png	932261	800	588	57a4ec6f3830ff34ccf6527c8d55c026311117d8d436ecefbae442d7341d9759	2	2	1	4a35e1b2359a0a81be83452a0f64358b6d1dc39132d492e69a70503ca8168ec1;4a35e1b2359a0a81be83452a0f64358b6d1dc39132d492e69a70503ca8168ec1	ok	rom_folder	4a35e1b2359a0a81be83452a0f64358b6d1dc39132d492e69a70503ca8168ec1
snes	664	pt-br	The Magical Quest Starring Mickey Mouse	yes	1049088	a7ca8635ffb5e91fd62b78db39296d5bfbb96e9c0cede7e4f7bbf03554caaae3	ok	image/png	1060007	800	584	eacd1aef6a12fcaff61b72e5e470162345c9babae6d69c443499513001213eff	2	2	1	6797618a63851c579e2c7442a8b7c40a9d2161eec59d73cecfc1afac0004f3ba;6797618a63851c579e2c7442a8b7c40a9d2161eec59d73cecfc1afac0004f3ba	ok	rom_folder	6797618a63851c579e2c7442a8b7c40a9d2161eec59d73cecfc1afac0004f3ba
snes	666	geral	The Mask	yes	2097152	44cc113ce1e7616cc737adea9e8f140436c9f1c3fba57e8e9db48025d4ace632	ok	image/png	157919	400	292	42a129b5ab13e695823f700c114fef38dcdd917e35048392e13ab36fb37915f0	1	1	1	d7ea8607e1cbfbf946e4e784aaeec85874bdcd43a3b5143b90b6e4082661be63	ok	rom_folder	d7ea8607e1cbfbf946e4e784aaeec85874bdcd43a3b5143b90b6e4082661be63
snes	665	pt-br	The Mask (PT-BR)	yes	2097152	50ffeb7727d8d035f708542e33c86634d8fce4fa7c5eccd31bbff222aab68239	ok	image/png	894518	800	584	68d75544f9b166efbe15e89ba1a4812599de4805eb15201f532baf5664143381	2	2	1	d7ea8607e1cbfbf946e4e784aaeec85874bdcd43a3b5143b90b6e4082661be63;d7ea8607e1cbfbf946e4e784aaeec85874bdcd43a3b5143b90b6e4082661be63	ok	rom_folder	d7ea8607e1cbfbf946e4e784aaeec85874bdcd43a3b5143b90b6e4082661be63
snes	667	geral	The Pagemaster	yes	2097152	ecaf51852e111512385c5f209d51578e65b45fcaa17b295ca06120c8d1464520	ok	image/png	918485	800	588	a68d1bc05b8f31d6aacfa88f5bd21239da4e0c925f69f0a69bd6becc2ce009b5	1	1	1	9ec6a2adf2bbad6719cf7beb1fea7ecba852b196eadcf2f126c430664269f448	ok	rom_folder	9ec6a2adf2bbad6719cf7beb1fea7ecba852b196eadcf2f126c430664269f448
snes	668	geral	The Peace Keepers	yes	2097152	c414a4084b3d03aba19496d2efdd68fcf826194d8f1308f5c98e3a7af2fcc063	ok	image/png	1004008	800	584	5c0bde44a605a3ffab1b7f53343355462f42a5eefcd3dc5f39c0024db236a89d	1	1	1	68c443a04863a3a7875771c4aa025b7200d14f3f6890bed4ed36799786df2962	ok	rom_folder	68c443a04863a3a7875771c4aa025b7200d14f3f6890bed4ed36799786df2962
snes	669	pt-br	The Pirates of Dark Water	yes	1048576	bcc6437622ad797bee72d74f74d14b2012cbcf8d54bb373cea58e2e711f3227b	ok	image/png	633691	800	584	2e105efaa4fe2ba1920bbf90a9322009e185556f7724de1a72ce88636951e369	2	2	1	ba057c12cd7b19f1eaf9663a88beb09dfc179eb8d51699710ba89a100ddb6bcc;ba057c12cd7b19f1eaf9663a88beb09dfc179eb8d51699710ba89a100ddb6bcc	ok	rom_folder	ba057c12cd7b19f1eaf9663a88beb09dfc179eb8d51699710ba89a100ddb6bcc
snes	670	geral	The Ren & Stimpy Show : Buckeroo$!	yes	1048576	d322ce440076be0e3678277596acee8089098f4397b35ac8b3df88be5ce5e02f	ok	image/png	1013639	800	556	e8a8b017afda19294c63105a762184aab3223359fda6f6ed2eb6d14d301c6971	1	1	1	11e9dd32e1fbe6527b74b031cc71b4cbb633ac58eb3335efc5fe799016f4a47b	ok	rom_folder	11e9dd32e1fbe6527b74b031cc71b4cbb633ac58eb3335efc5fe799016f4a47b
snes	671	geral	The Ren & Stimpy Show : Fire Dogs	yes	524288	71e7083cfcf32b738f60f5eeffd4f9d1fd9250afbde0c56e22a4b97abac377a1	ok	image/png	871874	800	584	634c4eaf6bf3b76c5041811f4ae758fde05343bf31b4f37fb2eb211a18db66c7	1	1	1	09969d51a822956f9f19e75dd11c643326d9fbd2c2890d5ea9c2b9cd050dcc1e	ok	rom_folder	09969d51a822956f9f19e75dd11c643326d9fbd2c2890d5ea9c2b9cd050dcc1e
snes	672	geral	The Ren & Stimpy Show : Time Warp	yes	1310720	ad7dd4efb8836d4009f6c76bd21865d8f5dcf9c3cbd8fa7bb32d686488847120	ok	image/png	853564	800	584	4f4bcf6cc76006e3c2115a1d476f6e7fc2546593b2f1f5f8cde39f910ac65f07	1	1	1	493a4600736c9066e41a2ca9cdf0756851ded2c8d9a90f5a0ffecc3cc095cbd7	ok	rom_folder	493a4600736c9066e41a2ca9cdf0756851ded2c8d9a90f5a0ffecc3cc095cbd7
snes	673	geral	The Ren & Stimpy Show : Veediots!	yes	1048576	ba54d715abf100b94fee801351986fa818e4309730cefbacf9b4fad36e284c1c	ok	image/png	593882	800	584	f109dc8652afa402b4d5c41ae4e20ceb325094766fc0e6b6f264d3a56a984b7c	1	1	1	2147689ce3b3f528f3527f322f4e656ac4454cb411b1b54040775cbfbbf45d7b	ok	rom_folder	2147689ce3b3f528f3527f322f4e656ac4454cb411b1b54040775cbfbbf45d7b
snes	674	geral	The Rocketeer	yes	1048576	b072fd9b08042e3262446fdf418a41848251072a32bd7f8335cc03543c4ae6c8	ok	image/png	855423	800	584	ee788fe37b0a5bd6b6b88a1e22e55980adcf5bd3ad7ea592a7ff82933c22916b	1	1	1	cbccd9d1188dd0eba569ec65a25bd96237aa18622f50b249b88f25ce63fe2d38	ok	rom_folder	cbccd9d1188dd0eba569ec65a25bd96237aa18622f50b249b88f25ce63fe2d38
snes	675	pt-br	The Shadow	yes	2097152	9048ca33dee7fd4cb20bd9b493404d2b992f2257ec0ec18ac2316b8551c47fb1	ok	image/png	413233	800	588	736f74b6d60ba15ad64b72872e279bffd896237ca0b8e48c89100b39a24c1292	2	2	1	a155ae4c8b881915c67f414c13a9da3d43333ac843017bd8b771e11272c51bfb;a155ae4c8b881915c67f414c13a9da3d43333ac843017bd8b771e11272c51bfb	ok	rom_folder	a155ae4c8b881915c67f414c13a9da3d43333ac843017bd8b771e11272c51bfb
snes	676	geral	The Simpsons : Bart's Nightmare	yes	1048576	f0d98e9061d0f6a193bb856de8a592f336dada97c41966e8d03119ba97465413	ok	image/png	1000294	800	588	cd4ba1d782b9694a5740f9d4ef8410731c84c0c0fa789ed54815cc28d75b4028	1	1	1	292a77ad8d1ff503a94592bc4d86a280b273fc1efc0654376dc9c771f7b4311e	ok	rom_folder	292a77ad8d1ff503a94592bc4d86a280b273fc1efc0654376dc9c771f7b4311e
snes	678	geral	The Smurfs	yes	1048576	d19489134179fda83714614ce1fa21c81ae0f8dca77cad4d28cbecbae794af6f	ok	image/png	747553	800	584	b8769cc182ac872eb9b5fa5a1b6ffed1fc0c88fbb057b2fec95ecb8f146a5a87	1	1	1	652ed0fa89c88d441b56cb29d5ef90b355d2c3fa90770bc39b4cc638bf4d849c	ok	rom_folder	652ed0fa89c88d441b56cb29d5ef90b355d2c3fa90770bc39b4cc638bf4d849c
snes	677	geral	The Smurfs Travel the World	yes	1310720	c3634a9485ae82c82e9606719dcb407581f1973afe729b9918b937cd4ab04bd0	ok	image/png	668818	800	584	580b3250acfcde256288d140ca9877f236d1ad4d4b4af4a2da850a3691d2a59d	1	1	1	da51df9d6cc02f61992461e743e234de320f937adf23860b2f0a334c923e1997	ok	rom_folder	da51df9d6cc02f61992461e743e234de320f937adf23860b2f0a334c923e1997
snes	679	geral	The Sporting News Baseball	yes	1048576	8d3f20af0be588cf2edc39aee0d96d4085512919a05c0e90a7848e414cc20e42	ok	image/png	426706	800	584	02cd538582d3994ee1674f1bb62739d02722653a136d564299263c1aff3d33ca	1	1	1	cc4f9ba668a334f629e9c013c4a0f138fcfdcba96eb34230b669a47e6f7faf6b	ok	rom_folder	cc4f9ba668a334f629e9c013c4a0f138fcfdcba96eb34230b669a47e6f7faf6b
snes	680	geral	The Super Aquatic Games Starring the Aquabats	yes	524288	b64f9f95fb244feddb3ff50bf0972af88f5d006e9b09050b930374fef8b37862	ok	image/png	1081014	800	584	766e36c07dc559a50e0b13ed4a29f8ab27f3c6e581998a4dd743139029dcae72	1	1	1	eba23b848178ddc2a98bee7984eaee18aca54421ec631a81e06dc672fe36d858	ok	rom_folder	eba23b848178ddc2a98bee7984eaee18aca54421ec631a81e06dc672fe36d858
snes	681	geral	The Terminator	yes	1048576	bd7074ef4a05d790646abe145ffd2587fb48044e4b730286d807abe102841177	ok	image/png	462172	800	588	dae8c1041c68241b265ae612f063ff182ef7588a07c73ed274fa782b63057548	1	1	1	15f744cb112d60252de14b3804524183b2ce349bc19ecff8c66fbd7e4b13a975	ok	rom_folder	15f744cb112d60252de14b3804524183b2ce349bc19ecff8c66fbd7e4b13a975
snes	682	geral	The Tick	yes	2097152	eb958801fd1f08771e5a0933f7701d633262efbfe8d47de21dda18e3b77670de	ok	image/png	892573	800	588	9091af0e8c4d0b9e17e01ffb3675086d577160ad5e84554507d3e07bc9f07f6d	1	1	1	7ed5ebc1e54a7d31fa1ef0a9a0f9128ef633fcf30d8a3643fa5455464219f92b	ok	rom_folder	7ed5ebc1e54a7d31fa1ef0a9a0f9128ef633fcf30d8a3643fa5455464219f92b
snes	683	geral	The Twisted Tales of Spike McFang	yes	1048576	259c25d4613f97f5fa7992900fb583625d7fb912c7ae09fa9def2e682834dc9f	ok	image/png	956826	800	588	c55ca4a4cce6943875c483bab4ccd25c6f5d70eb0d8dcf96e30292c3939c5324	1	1	1	f6aec0f3ebe8c9313eef9998416b4bbaad9ad1065253ce31030570b576d0e9fa	ok	rom_folder	f6aec0f3ebe8c9313eef9998416b4bbaad9ad1065253ce31030570b576d0e9fa
snes	684	geral	The Untouchables	yes	1048576	ecefb4117a6aae117e033c8cc07f0db2797d6be93dd5cdcefc23692a21fae02e	ok	image/png	852939	800	584	cbe7642a3b683e15d6cbed89448208a3d3af61e6d0c0622ef7fae09266595572	1	1	1	5f1da2647789a1ff71f8a855c38b51ab9f53ad1424aec2f1bde53aab219132f5	ok	rom_folder	5f1da2647789a1ff71f8a855c38b51ab9f53ad1424aec2f1bde53aab219132f5
snes	685	geral	The Wizard of Oz	yes	1048576	025dd3047c474d879e69b91a3918add9cdabedf4182e1c1e10e5f0c13a124bf9	ok	image/png	991217	800	584	7c31d1b9c8faf32a653548c0059c5a7c2ecd45ea88479e5091a626a37397661e	1	1	1	79446da1ec1d78bfea0eb2a6b374045cc894c9d5c82f4cfc2e3851ea7a10d5e5	ok	rom_folder	79446da1ec1d78bfea0eb2a6b374045cc894c9d5c82f4cfc2e3851ea7a10d5e5
snes	686	geral	Theme Park	yes	1048576	c0a7e27131a7d8c9ef52a5227329e6de5846c045a9da1f3f84845e3be8e4efba	ok	image/png	921391	800	584	97bbe0838777626745f60a5492dd044e460eb89b7b690c2514b28a5165a35143	1	1	1	390d15fef597201358b9a0cc0c213672b32f75deec1a5512a6f3b6108ae09864	ok	rom_folder	390d15fef597201358b9a0cc0c213672b32f75deec1a5512a6f3b6108ae09864
snes	687	geral	Thomas the Tank Engine & Friends	yes	1048576	1121df3f05dd9dbb749f6b785eb9b3eb69968004f9d6ceffa6f84757af2f3702	ok	image/png	823483	800	588	2b5e6ac0961dc52590c70f3e3922d1af90768d966ece27caec99d61ef5b98f00	1	1	1	5b68e816f30fdb0517d9e11a85d660a339ecab2abe21cf7e1cb91792d0850b31	ok	rom_folder	5b68e816f30fdb0517d9e11a85d660a339ecab2abe21cf7e1cb91792d0850b31
snes	688	geral	Thunder Spirits	yes	1048576	d50aaa41e153ca356eee16a9deccb1a763ee56ebbe6c80cd28c5ad1db66a5316	ok	image/png	961333	800	584	4bd363d5f638e8be65fc0b262eb45fa9f7c8a4bd8d04d53a2222e0d5b8007cce	1	1	1	0137df23fbfa23c15f5f88a6e6a448159744f219ea46aa6d01719ed3ceb943e6	ok	rom_folder	0137df23fbfa23c15f5f88a6e6a448159744f219ea46aa6d01719ed3ceb943e6
snes	689	pt-br	Time Slip	yes	1048576	ea6964c48fdeb46756c0ebc8d9336f1725866879e19d564897d21565b3408660	ok	image/png	941806	800	584	c2c5ebf1eeabffd4f818647c3d11b449f04fb0d902801977668a75218ce83234	2	2	1	016c425036233bac9abb33e881ee80727f34d7237359a8d36223c526fbf602d6;016c425036233bac9abb33e881ee80727f34d7237359a8d36223c526fbf602d6	ok	rom_folder	016c425036233bac9abb33e881ee80727f34d7237359a8d36223c526fbf602d6
snes	690	geral	Time Trax	yes	1048576	fa7e2b40093f0cc7233cc77e95bbbea2144c8183dec10446590396fffd7cda37	ok	image/png	981777	800	584	c5f41c48e2d70667fcd5bfce3bc9f262a1f2ec476d2258357886494bb5077b1e	1	1	1	0bf992afd32baf749dc6483c6bd457ae77efe9d4adc892d6d4c58789f789a9b6	ok	rom_folder	0bf992afd32baf749dc6483c6bd457ae77efe9d4adc892d6d4c58789f789a9b6
snes	691	pt-br	Timecop	yes	2097152	fa0ec4d3a6fb72c15e32e0d519d1ae273c8eed71326095dadbc191be3eba6535	ok	image/png	634493	800	584	c30e4dbec4b716a5dcd0733f59122631cf57e2f055e1480f9db368e86a85e9d8	2	2	1	1c5a53654e34839d28cafeeeca8718c54de84d628d42e0517d00add15f99fa20;1c5a53654e34839d28cafeeeca8718c54de84d628d42e0517d00add15f99fa20	ok	rom_folder	1c5a53654e34839d28cafeeeca8718c54de84d628d42e0517d00add15f99fa20
snes	692	geral	Timon & Pumbaa's Jungle Games	yes	1572864	271a67b32b3bb00ceb0f4e7d81494888d0d821635f0f936d481dfbe671567c08	ok	image/png	1024829	800	584	19e949024e0e0b551bb53f874ea282faaf45311c6b5a3b0970b6a34a0fab8c8f	1	1	1	66b0d0826edd60c709fe12197eac66739b5c2647f42f0c4c694df9c7b6518c34	ok	rom_folder	66b0d0826edd60c709fe12197eac66739b5c2647f42f0c4c694df9c7b6518c34
snes	693	geral	Tin Star	yes	2097152	0503cd93b4d211a825acd47ff3813668b4ce68890c8be2fbfe5ac2b46882dfcf	ok	image/png	1137374	800	584	bce555f07763b73be2b09cdb111f11b14c49523f2b2dd151ab605771959b8347	1	1	1	16e1b4a10fb292a7fda96148e28b4871248adaaa41371dc32776d71de42c8b24	ok	rom_folder	16e1b4a10fb292a7fda96148e28b4871248adaaa41371dc32776d71de42c8b24
snes	694	geral	Tintin : Prisoners of the Sun	yes	2097152	71de4dec6a8e8be685627b6e929317f7cefb836997059bbd3b438ccc07a60044	ok	image/png	332719	800	584	c2bb599192d1b5a58cc901cdf09911592f40df6e27590228884b6a8926b06e6b	1	1	1	1c50123217a27d83105a30461b9eaa20e7681725e0a2c58b6deeda9f57e68a6a	ok	rom_folder	1c50123217a27d83105a30461b9eaa20e7681725e0a2c58b6deeda9f57e68a6a
snes	695	geral	Tintin in Tibet	yes	1572864	da8b8bccebf51b70213adecda37387d1bdb55aeb7bc0805bb1be1cd9b514daf6	ok	image/png	516696	800	584	788fcb94053b12e2570ca61f46d4ae2446914739be753a1abbcbb2bec924764c	1	1	1	d96f92bb518c54853c9e54dfca27f35c31b580f112acb07995f232d8fdba0aa2	ok	rom_folder	d96f92bb518c54853c9e54dfca27f35c31b580f112acb07995f232d8fdba0aa2
snes	696	geral	Tiny Toon Adventures : Buster Busts Loose!	yes	1048576	ba679a11264e9695895a6c17358a41e8459be06166d056811df9c2738fef3d0d	ok	image/png	841779	800	588	a3ec9eff5ad9823ac6630f45ae619a4374fd69cfadd32beec5ce9aefd02c8997	1	1	1	ba5493d675ef282cc378c99477b87cf619304798ea8bae4e4d72883c42cd455f	ok	rom_folder	ba5493d675ef282cc378c99477b87cf619304798ea8bae4e4d72883c42cd455f
snes	697	pt-br	Tiny Toon Adventures : Wacky Sports Challenge	yes	1049088	ec9864752981cf96d43d63bc891fc23fc2c45255c48d0d2c2772eaf5fbfdfa71	ok	image/png	571305	800	588	f5cc0fa92b9bf84b4065f4a2530cf0d725c239e2be987f00065e5d063d0e874f	2	2	1	5119b2b46746963d47eaf665e496eea626f96a417935b0f6439152220fab64cf;5119b2b46746963d47eaf665e496eea626f96a417935b0f6439152220fab64cf	ok	rom_folder	5119b2b46746963d47eaf665e496eea626f96a417935b0f6439152220fab64cf
snes	698	geral	TKO Super Championship Boxing	yes	524288	08d808e9c5851e4301a38a56b350a20ea9e3adbef51546e87e1785d691d0f2d5	ok	image/png	645799	800	584	66ce38116c6773bb533021cf5741c04a2ae22b0516003815fa59170d164f590b	1	1	1	b56536bda08d1f8acc802805b0a6144b2a1cb893011763ce9793b6b28da3b46c	ok	rom_folder	b56536bda08d1f8acc802805b0a6144b2a1cb893011763ce9793b6b28da3b46c
snes	699	geral	TNN Bass Tournament of Champions	yes	1572864	ced8c0bc2791ffe47cb9eec03db67567945af8c58b5330326722f1cfca41bf51	ok	image/png	791862	800	584	517bdc7dea9ad71ef746eb6f1a2e3ae674afe4471090b2a359c2fab63206972a	1	1	1	7fc36d6b26910c3303af679c549773477576602a848eb46d52999604d779cb3b	ok	rom_folder	7fc36d6b26910c3303af679c549773477576602a848eb46d52999604d779cb3b
snes	700	pt-br	Todd McFarlane's Spawn : The Video Game	yes	3146240	bbc8005d6a9316501fbdfec1006048ec75cc32c04e4fc592f15760359eb876df	ok	image/png	998713	800	584	d03f78914e6e878ca05de90fe94d220a754c37d837401a9254e7fbeb0891e9f7	2	2	1	05a3a173352c5500697f4d8d87bfd0b98d8d1d78d3146098ca2ac921b650a102;05a3a173352c5500697f4d8d87bfd0b98d8d1d78d3146098ca2ac921b650a102	ok	rom_folder	05a3a173352c5500697f4d8d87bfd0b98d8d1d78d3146098ca2ac921b650a102
snes	702	geral	Tom and Jerry	yes	524288	4f500da19dbb1557a7bc0ce14437098c1402478d573fb569303b81c011f86fbf	ok	image/png	714269	800	584	6bb0ad28563660313ba08b1f040fb897e51bc4373973dafe38adb064eea4ea4a	2	2	2	01746203d75c0bcd2a474b5b8b9b93948588661d761a02f40cfc8350a6ef2e5d;bf1019f1b481fee38fa588dc03be38f11f1905f199c8432f75a5977beae180d3	ok	rom_folder	bf1019f1b481fee38fa588dc03be38f11f1905f199c8432f75a5977beae180d3
snes	701	pt-br	Tom and Jerry (PT-BR)	yes	524288	b972ac93bad46fb2a21832aaa46104f37e240aeeb9eb220eefca02f907fbe003	ok	image/png	889202	800	584	a11c3736700286970981ff82d68596ce6bb6c88db8eb36f6e5769ab73ff08ab8	2	2	1	bf1019f1b481fee38fa588dc03be38f11f1905f199c8432f75a5977beae180d3;bf1019f1b481fee38fa588dc03be38f11f1905f199c8432f75a5977beae180d3	ok	rom_folder	bf1019f1b481fee38fa588dc03be38f11f1905f199c8432f75a5977beae180d3
snes	703	geral	Tommy Moe's Winter Extreme : Skiing and Snowboarding	yes	1048576	d99008d2181986dc7f65228696d940b5d31be8471f166d1ab9b1c14f1503bcfb	ok	image/png	900488	800	588	df9568aa7967f70a8772b1e8a951c7101f082e80c57e0b7ff7960b5cee5bbb56	1	1	1	08df80fa3115716fae23e648d56102021482bb94b697d865a62f2f1bc925277a	ok	rom_folder	08df80fa3115716fae23e648d56102021482bb94b697d865a62f2f1bc925277a
snes	704	geral	Tony Meola's Sidekicks Soccer	yes	1048576	e0fbf731550266d79a0b6ca460afd04c8c312f7023b2c9882c4fc3acc3e7932f	ok	image/png	1059688	800	584	91225dec1be3f15744fb6bef6e3d7998e6d487bb874f7641df7011b6dd934762	1	1	1	d91e2c6e013e9f70ec346ace3353173d6ca649f56b1ab8d945a2b47c74295cfe	ok	rom_folder	d91e2c6e013e9f70ec346ace3353173d6ca649f56b1ab8d945a2b47c74295cfe
snes	831	geral	Top Gear	yes	524288	ca9889f17f184b3d99a2eaaa82af73e366f03ed00313fdd369e5e023b208e788	ok	image/png	653040	800	588	3750dbd78ed0261c59b1fdbf8160daed73fe128a4bc9fa564d7fc7bef67e5e14	2	2	1	bd89b044155ad5c4b985d20bd9b7fb76598815434bcd4632ba074fb705fe5459;bd89b044155ad5c4b985d20bd9b7fb76598815434bcd4632ba074fb705fe5459	ok	rom_folder	bd89b044155ad5c4b985d20bd9b7fb76598815434bcd4632ba074fb705fe5459
snes	823	geral	Top Gear 2	yes	1048576	76b2702c4be8b668c1017f2817c280283c275eaa41535bf6ffa2b8d2220b68c6	ok	image/png	788231	800	588	d2865c7e1d34cfd80647170a24c925fb5beb17fc9f69d4d67cd090e544813c51	3	3	1	1eaf9279f1d21f401c44e17192b3d6fc1c7badb9ea274bb3937e106187ab4681;1eaf9279f1d21f401c44e17192b3d6fc1c7badb9ea274bb3937e106187ab4681;1eaf9279f1d21f401c44e17192b3d6fc1c7badb9ea274bb3937e106187ab4681	ok	rom_folder	1eaf9279f1d21f401c44e17192b3d6fc1c7badb9ea274bb3937e106187ab4681
snes	705	pt-br	Top Gear 2 (PT-BR)	yes	1049088	47d81b07933fbd079f1857db69d6273194599c53de964a2e66c6d979a46b7e4b	ok	image/png	788231	800	588	d2865c7e1d34cfd80647170a24c925fb5beb17fc9f69d4d67cd090e544813c51	3	3	1	1eaf9279f1d21f401c44e17192b3d6fc1c7badb9ea274bb3937e106187ab4681;1eaf9279f1d21f401c44e17192b3d6fc1c7badb9ea274bb3937e106187ab4681;1eaf9279f1d21f401c44e17192b3d6fc1c7badb9ea274bb3937e106187ab4681	ok	rom_folder	1eaf9279f1d21f401c44e17192b3d6fc1c7badb9ea274bb3937e106187ab4681
snes	707	geral	Top Gear 3000	yes	1048576	6be49983976564f1fd9eff2f14f5bb41d3a0ff48573e39318088ecce286aca62	ok	image/png	914435	800	584	105fd6e9e01c75b2d2affc32e6c41770f95efa8bc88df01539fc96ea85fdfcc8	2	2	1	8b221296bc24ad8672773248d41e4f0752d16b01cce2f6da6e8b910be2500fab;8b221296bc24ad8672773248d41e4f0752d16b01cce2f6da6e8b910be2500fab	ok	rom_folder	8b221296bc24ad8672773248d41e4f0752d16b01cce2f6da6e8b910be2500fab
snes	706	pt-br	Top Gear 3000 (PT-BR)	yes	1048576	98b788fc146840a83ac898dbe96a4056ddb56e795d80eb610d4b2fd7a450fa02	ok	image/png	673009	800	584	24c5db3f5afa57b3dfa567c8bfab82fd2ceb81285db3937ddbb76e24b56b479e	3	3	2	8b221296bc24ad8672773248d41e4f0752d16b01cce2f6da6e8b910be2500fab;8b221296bc24ad8672773248d41e4f0752d16b01cce2f6da6e8b910be2500fab;99681d8d0309616b250c9cc9616036041f83dfe25280717baa6d8162c71fd1a9	ok	rom_folder	8b221296bc24ad8672773248d41e4f0752d16b01cce2f6da6e8b910be2500fab
snes	708	geral	Total Carnage	yes	1048576	9bf884be5627d38f060ad7f3a61ea1fea1474d416e1d037d33014ca9d5205c1d	ok	image/png	1178837	800	584	f4e4e2b61632ca07f839d77348473bc3a55ebe831f10472eb958c80eb011a2a8	1	1	1	40adae800d16a4533f04167e82e8fbdc79f3d1ecf0c443408d9009ceb496fc8f	ok	rom_folder	40adae800d16a4533f04167e82e8fbdc79f3d1ecf0c443408d9009ceb496fc8f
snes	709	geral	Toy Story	yes	4194304	345e795000e74f51704774edfc8049473461761a65eb47cab710caa29e09897b	ok	image/png	827458	800	588	e0753f6981d2da8cad46667aaaeaaaa78340771ac654237c8efdaade589f2eeb	1	1	1	9a57cc1a3874577094348ba2f59b495a9662e7bac3873450ab6a403265017bf3	ok	rom_folder	9a57cc1a3874577094348ba2f59b495a9662e7bac3873450ab6a403265017bf3
snes	710	geral	Toys : Let the Toy Wars begin!	yes	1048576	7a6e5da46b026900fba4584a32ad40d940b9ecf9fccfb11f96a205a914014784	ok	image/png	914240	800	578	267b8a1ec0602c95d7e5b379b176533a316806e189ecf176e6057e15fbc215aa	1	1	1	f921dc167275f1c1f2dca69d4fc45da28eb5eec1ebdb4eb600ede5f2b58c2461	ok	rom_folder	f921dc167275f1c1f2dca69d4fc45da28eb5eec1ebdb4eb600ede5f2b58c2461
snes	711	geral	Troddlers	yes	524288	4070a7702dc506a1ceb6f65b5c330b3a162df6f01735c8f206934fd47b810ed4	ok	image/png	1004637	800	584	8c1529388f6e2e3af03c0a4f2b701a8687def788c20d08d9e1f2a3f9257005cc	1	1	1	2a07e48711b71e5feeaefae670e758de681a9addf6557ac709efa0dfe4ac5185	ok	rom_folder	2a07e48711b71e5feeaefae670e758de681a9addf6557ac709efa0dfe4ac5185
snes	712	geral	Troy Aikman NFL Football	yes	1572864	46fcca4ce29f472afa8519958d256eec347c2dc2da154c95f263a051c5c02dbb	ok	image/png	871026	800	584	4e7693de88feaa604af3f1eee318124bdbd9352353a87fa25cfdd030fdc997a8	1	1	1	b723390f791b39bf94a1effe8e17ecb530a4e44fd2924dc9e9cff100f9175a96	ok	rom_folder	b723390f791b39bf94a1effe8e17ecb530a4e44fd2924dc9e9cff100f9175a96
snes	713	geral	True Golf Classics : Pebble Beach Golf Links	yes	1048576	5c7b28bb24bad697156ad444ff23bd15ad6744dbf9899b3cccf2aa36d559d825	ok	image/png	782518	800	588	75fd7e1570f8de76e0a59bc01dea83c84f5caf39e1b549c21e864d3dfeb1e0dc	1	1	1	98d2dfac9851a9126062c4ff13df97e945748b8fcc1b962e3ace28a6f14ac8d8	ok	rom_folder	98d2dfac9851a9126062c4ff13df97e945748b8fcc1b962e3ace28a6f14ac8d8
snes	714	geral	True Golf Classics : Waialae Country Club	yes	1048576	72088194a65fc057f2910945a33d9f071682a4cecac8996f0bdabcdb5ef39962	ok	image/png	839571	800	588	70537708ba8fa7644241e5dc4a0612b5bb081bd77ad05f3cbca4e46f2ce7194c	1	1	1	8648cbd4d1fd3f1db605646fe404d481f004619736aa2d13800f2a0c24b188cb	ok	rom_folder	8648cbd4d1fd3f1db605646fe404d481f004619736aa2d13800f2a0c24b188cb
snes	715	geral	True Golf Classics : Wicked 18	yes	1048576	dd96a8f4f9c8988301ff710a4c70ebe3bf7914901f3547abe1d5f0dd5c0b921b	ok	image/png	1007905	800	584	ded5ab96d9b7fbcd4c00a768111091c7eef0710e34f2f71604ef4fe1d9629a64	1	1	1	9c3d2040dafbaaf9def408a7e56a30dc5439d2de612e398b6e85e7a75672ae82	ok	rom_folder	9c3d2040dafbaaf9def408a7e56a30dc5439d2de612e398b6e85e7a75672ae82
snes	716	pt-br	True Lies	yes	2097664	a663986f862313cf9e915c5cb4e0ee7a9539aa86913b5a410852e9ee1c57e5ef	ok	image/png	880348	800	588	64f053aaf7eaa497d4b9250f309a604b9f4be0d478fa7b8608d9ad163e6dea8e	2	2	1	dcfc51c7d0178759aee17350675496aab8b4ab236b3b0829f194c799c8141416;dcfc51c7d0178759aee17350675496aab8b4ab236b3b0829f194c799c8141416	ok	rom_folder	dcfc51c7d0178759aee17350675496aab8b4ab236b3b0829f194c799c8141416
snes	717	geral	Tuff E Nuff	yes	2097152	8f62d014f513a7dcbca5aa76cbe476c3e4526100f34913af831bc05dab029bd1	ok	image/png	736159	800	588	edd4b17b16dd6de7cb37c377bd9db095c6b171ca97647d86b2c10c29ff319c3c	1	1	1	aea8e6806e0579bb775c45000cd1f7879a650dc4d2169d2028cbf3890486e6bb	ok	rom_folder	aea8e6806e0579bb775c45000cd1f7879a650dc4d2169d2028cbf3890486e6bb
snes	718	geral	Turbo Toons	yes	524288	dbf11d4c77b9aa3416f687201d57d71a23bb8fb0b8fe5e9e8212db3fac036631	ok	image/png	809778	800	584	1fd3285103c4df45ce80ef3f689bea8998279aa655818dabb7724bf82f4a0840	1	1	1	3f6816bbabb9bdf994bd7eaaac9c4321cac0c60b9ce5126464e249e8d8145cd1	ok	rom_folder	3f6816bbabb9bdf994bd7eaaac9c4321cac0c60b9ce5126464e249e8d8145cd1
snes	719	geral	Turn and Burn : No-Fly Zone	yes	2097152	e4343c0fadc00ffdc3dc31345068d751eea5d639f826731f08cb81673d508c40	ok	image/png	757298	800	588	079dd1c610b61fe72c88fb2afb6fa0f49e404ae70eac4ce441fa7139d4b32774	1	1	1	7f9c8f1d5e99c7f4494a12b562041fd65ba0dba7417e085bb3b117baa54abd45	ok	rom_folder	7f9c8f1d5e99c7f4494a12b562041fd65ba0dba7417e085bb3b117baa54abd45
snes	720	pt-br	U.N. Squadron	yes	1049088	ba97cc061eede54b57638d9febb31a3228b6d0af9c5c4bc5c3f4bb53524b31ce	ok	image/png	943099	800	584	8b4b7145f5725bc477daec22ce6443edd7c0a81a38d7af9456590359e777e764	2	2	1	ac5b4104aa70a51f1e406912e20856f09d43627c10498f4a1c149c3c626f3507;ac5b4104aa70a51f1e406912e20856f09d43627c10498f4a1c149c3c626f3507	ok	rom_folder	ac5b4104aa70a51f1e406912e20856f09d43627c10498f4a1c149c3c626f3507
snes	721	geral	Ultima : Runes of Virtue II	yes	1048576	094555d5720158ee60c9d5ab9a13110192db5ebf0f6cf69abbb59a00bc470345	ok	image/png	1049937	800	584	2865a7905a8fc5ee70129a0efac9e560f29405e01cff662b6152720a5f3da1b2	1	1	1	91a6f6826b494cf018d9915b471eb050c8641a3268d71c78a1fee39ec1301f8d	ok	rom_folder	91a6f6826b494cf018d9915b471eb050c8641a3268d71c78a1fee39ec1301f8d
snes	722	geral	Ultima : The Black Gate	yes	1048576	a31af0e39afb55bbc92a5543b504327fbe7e8cd0a5e08626976bed7b65376737	ok	image/png	577470	800	584	9fbbf559330d4a9a04523dc0d5b5b394a4af050856f1dc97921b81a8fc219817	1	1	1	056452a65297667df99e2b4a39a3fb03829341c09db966c716a1552cec59e45c	ok	rom_folder	056452a65297667df99e2b4a39a3fb03829341c09db966c716a1552cec59e45c
snes	723	geral	Ultima : The False Prophet	yes	1048576	11659bd8dd620d50400d16042aeb2d0ddb00c7183fc1ecb95b1a34f07db0431b	ok	image/png	976504	800	584	a543de3bf3c1408fa743ac600cce6ea50d7c3fc623adaffc2334124295fb67d7	1	1	1	224cc829984f946526941cb98503c4ec48420aa6df2261bd6672b5ea0b4b26e0	ok	rom_folder	224cc829984f946526941cb98503c4ec48420aa6df2261bd6672b5ea0b4b26e0
snes	724	geral	Ultimate Fighter	yes	1572864	78bf82963cded9162e25035053c8b1a9f760748ff0beacc230d005204992737d	ok	image/png	1010121	800	584	5b0ba159b1b330f3451b03f44fffe70248abb551f470e02860d3dc46250fc925	1	1	1	369ee335134e6553dd42e94cfa0743d25e9392fca62e1aab8f5c255f5feeb15e	ok	rom_folder	369ee335134e6553dd42e94cfa0743d25e9392fca62e1aab8f5c255f5feeb15e
snes	725	pt-br	Ultimate Mortal Kombat 3	yes	4194816	8c23069f3a6efc58eb4537665675b5ddeeb3ba4c9bf26fe5b22ebe0cc812ae53	ok	image/png	77875	400	292	c17da62ef5c46d587cf63776a09c0c3094108a244c3fce3d0c44ac5afa1e3866	2	2	1	a338c9fde18d38b44f391ec8e7e5dd379f701406426995464245815d697c3a8b;a338c9fde18d38b44f391ec8e7e5dd379f701406426995464245815d697c3a8b	ok	rom_folder	a338c9fde18d38b44f391ec8e7e5dd379f701406426995464245815d697c3a8b
snes	726	geral	Ultraman	yes	524288	e9fae4c2e171a1fc4f2bd800abd9e42750aaf7a4db9e40c5b9142e15029500bd	ok	image/png	820968	800	588	caab78cd44758e4a10aeb8af1181a129056f0a998ee74b34642f4a86e6d1eba4	1	1	1	539a7b24858f4228fcfc62f90f23e16b6e25e885830694bf8ff672c332473b9b	ok	rom_folder	539a7b24858f4228fcfc62f90f23e16b6e25e885830694bf8ff672c332473b9b
snes	728	geral	Uncharted Waters	yes	1048576	794152fc6f55cb15a0b203fa645ac9fa314a293da999d8ec8b3dda080434d175	ok	image/png	1002473	800	584	c73d35fe3b27bc440d39b58efbbd2d28c166bea223471772fcc48cdc7ef535d3	1	1	1	2e20655428cf5d7bc027c02c968c77fed0f7717c13f2af07533fb991845a9a70	ok	rom_folder	2e20655428cf5d7bc027c02c968c77fed0f7717c13f2af07533fb991845a9a70
snes	727	geral	Uncharted Waters 2 : New Horizons	yes	2097152	64bc4707f422661a66618088887e2363a5f896ea683c58984fffd96dd21ab5f0	ok	image/png	1034517	800	584	8e6a6076d4e7b014f985141e5c6d03e26140232eea1a992855faaeaaded43759	1	1	1	616f1fa4cbefd39c69d573237b7041dab4419c21f54bbdb3ebfa81423d906db1	ok	rom_folder	616f1fa4cbefd39c69d573237b7041dab4419c21f54bbdb3ebfa81423d906db1
snes	729	geral	Uniracers	yes	2097152	859ec99fdc25dd9b239d9085bf656e4f49c93a32faa5bb248da83efd68ebd478	ok	image/png	1140637	800	584	6614ff8bb06a9e4e4e0b7f019173ce80bbe5c81b71db96dee9bd733ade2de415	1	1	1	3b37d09fb61765d345d8521c8b40da01b805f466c30963f15a4c6fe5acbecd29	ok	rom_folder	3b37d09fb61765d345d8521c8b40da01b805f466c30963f15a4c6fe5acbecd29
snes	730	geral	Universal Soldier	yes	524288	cf587d72123277f72f658829f1efdb4f52f3bec012a316c1fea25e1f9c292575	ok	image/png	830571	800	584	f1bb012f2f99af20e55aecc5ce1d8801d1af4d59e9c56bf47f7fca448ad36efa	1	1	1	9ea028d2ab480cbe8fa1d8e7966a0496131ab51bc10684c723da4343c34866d5	ok	rom_folder	9ea028d2ab480cbe8fa1d8e7966a0496131ab51bc10684c723da4343c34866d5
snes	731	geral	Urban Strike	yes	2097152	dcb33a89fcb8d8ca8f3a467034728ad6375273d8eb51a60418ca51ef745e9b38	ok	image/png	853572	800	588	9ed3496ba70c8650bee884104a46ba4aa55d23ee3144919d91c0bd0720a58d9f	1	1	1	3c62195553f42e28cf11191ccb21f2c60e02f1b6f8b6471d1ca9b34a08240f82	ok	rom_folder	3c62195553f42e28cf11191ccb21f2c60e02f1b6f8b6471d1ca9b34a08240f82
snes	732	geral	Utopia : The Creation of a Nation	yes	524288	2500d6c846c78bcb729f15535bf2b852a120411891cabaaaa6fc407906d0214e	ok	image/png	988120	800	584	7faba552360ad0a7c86e01eeddc93af2ec4769fc23f264c5b49720fd90ed55b5	1	1	1	fcffbb9260476c5a98d6cc04ccca9e2182e8b6bfc2476c79d31a2bea77334064	ok	rom_folder	fcffbb9260476c5a98d6cc04ccca9e2182e8b6bfc2476c79d31a2bea77334064
snes	733	geral	Vegas Stakes	yes	1048576	78bf9d79fb2ff3f9d03ecc1176d070e53ddaca2c6b0cda69e74c19a4e50b195b	ok	image/png	756075	800	579	bf6e0e0106d5a12a3c4b51456124492bc6cecb35bef22d62524f90dcd3c04d59	1	1	1	5fb8ebfdc9180ba4e8fa627888c2d7d186c3050ed63e7e6519b16ae8ebb4c54b	ok	rom_folder	5fb8ebfdc9180ba4e8fa627888c2d7d186c3050ed63e7e6519b16ae8ebb4c54b
snes	735	geral	Venom & Spider-Man : Separation Anxiety	yes	3145728	b72fbbfe737eff49f59dcef9f13b963e50c5bc322d7eb0e7b4c25f3a71aa0815	ok	image/png	720622	800	588	4750470d2dbf7de358913950703f9c77a375105c22b047f2f3b7a1fd777067b2	1	1	1	36b63754dea216fe3f94a134eafd646f903a24aff11e9453f135c03e46870df3	ok	rom_folder	36b63754dea216fe3f94a134eafd646f903a24aff11e9453f135c03e46870df3
snes	734	pt-br	Venom & Spider-Man : Separation Anxiety (PT-BR)	yes	3145728	3899751e0dcd1729ec44e398c0835ccead43684719867f7b0764cedc14e17bcc	ok	image/png	157174	400	294	cd7403c8da0ae534a364329474efc4bd765a37ed9583cea9764f563ad0e59c85	2	2	1	36b63754dea216fe3f94a134eafd646f903a24aff11e9453f135c03e46870df3;36b63754dea216fe3f94a134eafd646f903a24aff11e9453f135c03e46870df3	ok	rom_folder	36b63754dea216fe3f94a134eafd646f903a24aff11e9453f135c03e46870df3
snes	736	geral	Virtual Bart	yes	2097152	29c28188234ddbb0b72fc84253dcd3514e23034779c773db8097b073b73390c8	ok	image/png	991226	800	584	350e4f567cb6c1c1db269cb6a15cd498e9075d2af1b992ba3ccd15371025963d	1	1	1	5cad46b86bb1515959096604af5adb7866972123317052b7e418d99e70943a80	ok	rom_folder	5cad46b86bb1515959096604af5adb7866972123317052b7e418d99e70943a80
snes	737	geral	Virtual Soccer	yes	1048576	93e03273d044a0a179155dc4956743cc4ac50759d0eef07ac4871c185dd32741	ok	image/png	931392	800	584	92bf26fcac6308a2d806b1c56cbaaeb119c83630bfa47fb571a2818052fe0f7a	1	1	1	9619e336452984e55da1d4b937d86c4b7cc6976174fd8547c16f80d83f8ca95c	ok	rom_folder	9619e336452984e55da1d4b937d86c4b7cc6976174fd8547c16f80d83f8ca95c
snes	738	geral	Vortex	yes	524288	41b5561de9e4984276e52987ea46c5f4fa8526d8141c70c738875a9eb9fe9d70	ok	image/png	953351	800	588	8a222eb462f4d8715c534e1648b5d0cc806b64b15d328bf2ece9e98d17a077c3	1	1	1	51170197082e5fb42acbfc04b8e38bd61a03acd1fe11e02d83bac93ee625a59f	ok	rom_folder	51170197082e5fb42acbfc04b8e38bd61a03acd1fe11e02d83bac93ee625a59f
snes	739	geral	War 2410	yes	2097152	82bba8ae2bb4dbc74a18af31aaec19c368576e4369dd70b396caa5e8729540bb	ok	image/png	1039551	800	584	e287694a0dbba75686adffea6fc58f151f0f21eec02de276979c130e569fc091	1	1	1	69cd74571cde78da93254ba433595edfb8ae2c5a2691dd496f57fe77d34120dd	ok	rom_folder	69cd74571cde78da93254ba433595edfb8ae2c5a2691dd496f57fe77d34120dd
snes	740	geral	War 3010 : The Revolution	yes	1048576	8b12e5e4553fc921c23739d1aec2ed517535ec239daef800f39f602d8473847f	ok	image/png	970819	800	584	1623b31f573b84221dfbfc365e75dff740964ae3f86fe4db1312b78c73fdc644	1	1	1	077a96a480889f1c7ad49937c7bb8b29819a764cdd081377cb796e6089ec853c	ok	rom_folder	077a96a480889f1c7ad49937c7bb8b29819a764cdd081377cb796e6089ec853c
snes	741	geral	Wario's Woods	yes	1048576	be420715152394e0e4a25ab10931b67f92f910cfcf7793e31dfee1c6334808e5	ok	image/png	927287	800	588	6c5329311fc93fe0403720c7cd7a87f9750f78c3fd8333a3a16aaaf9f4659d7a	1	1	1	c5ac0d5621eed79e9e842b51d528f38cafc607c2172523ac0b0877a665bf84be	ok	rom_folder	c5ac0d5621eed79e9e842b51d528f38cafc607c2172523ac0b0877a665bf84be
snes	742	pt-br	Warlock	yes	2097664	5515072584ab61dfbe6cb65120b5b505e391b5d7496a090ce508097f11bf5c1f	ok	image/png	584444	800	588	09d784037b936be5f76f82e294cbe9607aeabfbb251a7f69d1c836d6236046f3	2	2	1	07a794b9365c4a0672bde71cbda020c4597bd5fb536b4f0ff9a4601bd687037c;07a794b9365c4a0672bde71cbda020c4597bd5fb536b4f0ff9a4601bd687037c	ok	rom_folder	07a794b9365c4a0672bde71cbda020c4597bd5fb536b4f0ff9a4601bd687037c
snes	743	geral	WarpSpeed	yes	1048576	36ec2f409f08a08f8327570eadcd8960b6a47bf5797441c2df05fcc50c5b762b	ok	image/png	911754	800	584	e053476417debf66d1dee92a2ec46ba1acf244dea02fd1689920c1657db9fb98	1	1	1	d4cc7de4364421d2968997b9f444f3b4e78aef317f5e0e9a488fb4aaed046fde	ok	rom_folder	d4cc7de4364421d2968997b9f444f3b4e78aef317f5e0e9a488fb4aaed046fde
snes	744	geral	Waterworld	yes	2097152	0fadb3b67bfb7d750d873e7601dd5ffdfd33b8ebda833a18a3c999c7f8aa9e15	ok	image/png	850741	800	584	d04aeeaa4c737875f4d55bdc3e0c311a36c0324ad65c7791edf73e42385a03bb	1	1	1	c4c7c558de8174c036deecbf5717efcdacdc433523d64aa196a4bdfbcb088940	ok	rom_folder	c4c7c558de8174c036deecbf5717efcdacdc433523d64aa196a4bdfbcb088940
snes	745	geral	Wayne Gretzky and the NHLPA All-Stars	yes	1572864	dd73690dd3165a16580e191c92a497102758f312c759353f685e371755c663a8	ok	image/png	846090	800	588	9919c88c5b9b88fc211ffd07b285dbaa7b7235aba87e3601ed0f2b37bbfd5a98	1	1	1	ce28d406d82de5cc0737089a37a709a54cdb0a0466dd9b6546b6f2c1de9f9d8e	ok	rom_folder	ce28d406d82de5cc0737089a37a709a54cdb0a0466dd9b6546b6f2c1de9f9d8e
snes	746	geral	Wayne's World	yes	1048576	56ba3d585bf6b701e342d86a0bd164ab0a97dfbd5df46b3a964506842633459c	ok	image/png	813744	800	588	b3d5977249100d3d50bfedf6bedccb59e5faea83922bfdc3b2ae2dc7a666e285	1	1	1	3eec301e5adffb98ea0af8400166275d2198afb5d7191aef5284578d1ac197e9	ok	rom_folder	3eec301e5adffb98ea0af8400166275d2198afb5d7191aef5284578d1ac197e9
snes	747	geral	WCW Super Brawl Wrestling	yes	1572864	215ab7e576b31462e3284d035006dc638cae06bbfb1af2c5617403b15ab2b25a	ok	image/png	707645	800	584	f4a706a9b7766d63fb56c5354acc732b4c5157777eadacc3715828548e2809f9	1	1	1	7e98e9e54db42f10431131a64b058c0f5461bb7f8da8ac6eff94e14baa504b17	ok	rom_folder	7e98e9e54db42f10431131a64b058c0f5461bb7f8da8ac6eff94e14baa504b17
snes	748	geral	We're Back! : A Dinosaur's Story	yes	1048576	e931c3c08f20f78e3a43ad92d16eb472be619abaa17c2d8e2b0fcd5d05dbd74d	ok	image/png	488466	800	584	e590f2de7b07637393d8010ba16e2dcb229511e11b9ef8c45bf664c2d7f4646a	1	1	1	b64f225b392d91d94cf07bed51d61370e315a9e1e44fd11065cae81f66b1fde7	ok	rom_folder	b64f225b392d91d94cf07bed51d61370e315a9e1e44fd11065cae81f66b1fde7
snes	804	geral	WeaponLord	yes	2215923	c347ad93fad4808b8aca737b890e654afad0ea75c028dc0e390f3340669b4c52	ok	image/png	529905	680	497	fb8ea67f2d5c5ed1fb8563916ad8fd04b3be05679da648d0c71855443fae427f	1	1	1	d5d60bf95ebb6361b6ee922e8e3a1523a133e2886576f80fa0eb2d7360766b22	ok	rom_folder	d5d60bf95ebb6361b6ee922e8e3a1523a133e2886576f80fa0eb2d7360766b22
snes	750	geral	Wheel of Fortune	yes	524288	12abf1ba063c120c1a98495a1c85e67a0007aff771ef92adcb94b4a0a2fd5adb	ok	image/png	656501	800	588	d751d5e543724c0011d7dcba5e3057245ca17ae8241fc9791d10c0ab3ad24835	1	1	1	1bcc633bdc6bc7e846ff5bcc6ab06c2e799ec4921e1b3194eca3630a13c9a784	ok	rom_folder	1bcc633bdc6bc7e846ff5bcc6ab06c2e799ec4921e1b3194eca3630a13c9a784
snes	749	geral	Wheel of Fortune : Deluxe Edition	yes	524288	c7af9e7f3243ba1b5dd81f32f710e60c2ae1d443ecaf7140bf42d71a1b69d8a2	ok	image/png	835063	800	588	5127e6487f6c471f7d6ec27399016a028df0dacd9f45e872fcfd1602be83545d	1	1	1	8f0bd94ff3941a80016f4a21ec5e71d7d3e6a9410db4461b0f5f8f6c5b6591ba	ok	rom_folder	8f0bd94ff3941a80016f4a21ec5e71d7d3e6a9410db4461b0f5f8f6c5b6591ba
snes	751	geral	Where in the World is Carmen Sandiego?	yes	1048576	1bd3af0125743bf9bbbac6e7dc215fe32c4ff7043a2ee034d56b627e3f6875f0	ok	image/png	841566	800	588	bca12bb89b5bfba18d8c77c2deb56212334d2008b9da7d9e88bcbaff2599f1ff	1	1	1	f0a56e70bf1f5f6827556d9f3491e533d85f98ca0051cbcd65d42773383bf4c4	ok	rom_folder	f0a56e70bf1f5f6827556d9f3491e533d85f98ca0051cbcd65d42773383bf4c4
snes	752	geral	Where in Time is Carmen Sandiego?	yes	1048576	e3177f066bf004fd99aef31f2692ba0b412dd280d613dc3f4cf334d97f4c9af8	ok	image/png	851440	800	584	c09c7289e9871d2a833f10383f2b7d2ca95db46326e4b0ca6e113856657e2969	1	1	1	8ece7db4d8c642b2b20d540a0a18e8971b29b27eab4db68b866de26fb7f09aad	ok	rom_folder	8ece7db4d8c642b2b20d540a0a18e8971b29b27eab4db68b866de26fb7f09aad
snes	753	geral	Whirlo	yes	1048576	9ed876a632aa699047e9efba8a64ab57abc55086a0aab6b5fa67d87ea4647f3f	ok	image/png	871774	800	584	82d6023e148aaa40b8cab685ef1d71caa7de80fe9a1609660a6e55e9a1d77996	1	1	1	639dfb22518ad01c404538f5596f497b38c398d079f9b6c83a583dc5e24fa30c	ok	rom_folder	639dfb22518ad01c404538f5596f497b38c398d079f9b6c83a583dc5e24fa30c
snes	754	geral	Whizz	yes	1048576	0a52dc1e7820f5541f53ce0e1e96144fe079af0efe3dae5c2c89d86365feb8b1	ok	image/png	1100544	800	584	f725829ff311f09f347501b88af17c0e663f418787626a0a92644c9cba6198d9	1	1	1	9b0335a59e4d84c750fc74fcb69a72fd3c546e0a94c97039cf21495647b70466	ok	rom_folder	9b0335a59e4d84c750fc74fcb69a72fd3c546e0a94c97039cf21495647b70466
snes	755	geral	Wild Guns	yes	1048576	c8f159e2625ac8078535c06857ea28475706da45df494de8e46f50888272cf71	ok	image/png	993442	800	584	99c033df76c5a2afdbe1497d307af610bd815e9d503dcb432ca5f86bc5982554	1	1	1	68f6991ed06f33534adc12bbcb3ee539e364f664feadfd5e74f0522618cdc66c	ok	rom_folder	68f6991ed06f33534adc12bbcb3ee539e364f664feadfd5e74f0522618cdc66c
snes	756	geral	Wild Snake	yes	524288	39bb99eddb224de5f0789f807ffef06b9efa2efb7962dced31fb272f986699cd	ok	image/png	869179	800	584	c4e19d7797abf15d0ad57037bc8130be7f1625c8a50180f331fefaeea6a52697	1	1	1	5a699b2ee321b45df116e277c923286c3437061371d8a796558c8d12a0a00b12	ok	rom_folder	5a699b2ee321b45df116e277c923286c3437061371d8a796558c8d12a0a00b12
snes	757	geral	Williams Arcade's Greatest Hits	yes	524288	60d01a3f499463156546ecdee18ee3e946b95302ee0b1569decb97f52372d2eb	ok	image/png	560226	800	588	7d2c8e1569b1073206f7359a208adb45d8368504c1109cabe87247b4a1422f65	1	1	1	d1209b18048e3d5da7f63df7647089d8737740b0f7e5e3c233c76b2f4a9550ed	ok	rom_folder	d1209b18048e3d5da7f63df7647089d8737740b0f7e5e3c233c76b2f4a9550ed
snes	759	geral	Wing Commander	yes	1048576	2167fc7c5447b2287668d2f3e4ef1a285361b2292ecc8a4cbd9f966a460ad7a2	ok	image/png	746136	800	588	096f66760f868e24b1afc040ce633dc85de7aa880705cae6e36e9adf33e0f8ba	1	1	1	8c0e5854d17dd0fb9fdb32bdbc7782331e6f045e28933a4c2169060bb248d05e	ok	rom_folder	8c0e5854d17dd0fb9fdb32bdbc7782331e6f045e28933a4c2169060bb248d05e
snes	758	geral	Wing Commander : The Secret Missions	yes	1048576	132ca0b6a4888edf7de785d48f4417fac28522646e6c7514f80c5e9ff1438d5f	ok	image/png	930592	800	584	f92b225ef11916ad27a13d85a7932355bc59e4e10d4274212fd16c7e419024bc	1	1	1	ba7c9f0a45ed1cb30f956b1e33f048b038fec76404178ee702c04151d37d773b	ok	rom_folder	ba7c9f0a45ed1cb30f956b1e33f048b038fec76404178ee702c04151d37d773b
snes	760	geral	Wings 2 : Aces High	yes	524288	c3bcd5c716f96e6359ebcfd85c3e9b07b46c5124bf4010d89ceef5b6f2f868f6	ok	image/png	976749	800	584	2e0a16d240807ca190f34399c8897202340c818b2e3253969ea1668392fdc143	1	1	1	6906f59435606039ffd81283c195c9f532d022524b7961bdddcd0ff0655eeed6	ok	rom_folder	6906f59435606039ffd81283c195c9f532d022524b7961bdddcd0ff0655eeed6
snes	761	geral	Winter Gold	yes	2097152	aceb9ac7cfd68e6740de47ad1a19be70d4efe3974caa4aa8ec50b0a0a6672e47	ok	image/png	767178	800	584	d5a3b805dd1a7221519e7addbcc8eed7deb8fb44007a3e7c178b450acbea4ead	1	1	1	c1b9ddd2839f731a70f8b9b01eb4ef5536087f473adee7a3b3019f7cc8a96103	ok	rom_folder	c1b9ddd2839f731a70f8b9b01eb4ef5536087f473adee7a3b3019f7cc8a96103
snes	762	pt-br	Winter Olympic Games : Lillehammer '94	yes	2097152	0e834647669783c2b79cc1120c057c870c541079a7abd1eee3f787d59dc3c3eb	ok	image/png	161564	400	292	1bb668207ef906316227741bc3807a1afcc17a66bb2d80d396b28e3722b6f3ff	2	2	1	33536af56f8de5747d596d81d2530fe4e59f1662046af149bb3be3b30429ec02;33536af56f8de5747d596d81d2530fe4e59f1662046af149bb3be3b30429ec02	ok	rom_folder	33536af56f8de5747d596d81d2530fe4e59f1662046af149bb3be3b30429ec02
snes	805	geral	Wizardry V - Heart of the Maelstrom	yes	867469	f48d5c1a0f508b55111fb1e4119541c54d40a7359d720f5a4eb798091ff84005	ok	image/png	122818	400	292	482e8b928199ae0d6843ef1c8a81e0c0d838d7f43d59a3b5ca76846693b579ea	1	1	1	c70812210fb72e97512056465541721a27e8f45fe904cd308923a3cd87d0fc03	ok	rom_folder	c70812210fb72e97512056465541721a27e8f45fe904cd308923a3cd87d0fc03
snes	763	pt-br	Wolfchild	yes	1048576	e02e48490557acbee61230332b773c58b32cbd0a8a83b21f5b1ac445bb40acba	ok	image/png	821582	800	584	94e1b5ec09ce64a6cce46aec1b220081861fe07275481d23011a26f70beaea2f	2	2	1	d9e91100f57298fa8279267ab238caeb79cb909d0925728cfba08facc5681965;d9e91100f57298fa8279267ab238caeb79cb909d0925728cfba08facc5681965	ok	rom_folder	d9e91100f57298fa8279267ab238caeb79cb909d0925728cfba08facc5681965
snes	764	geral	Wolfenstein 3-D	yes	1048576	9c2b458e8fda5cb437a4c6d28fb430e45c4cfef98420c40546b8e08563a4fc7d	ok	image/png	457002	800	588	7d37e5d4b786ae2b5b59e4786589bb80d2ae8087ff59dcbaca9cdb449b2de976	1	1	1	a4c050e40405f8bc769ecc480f8b5600898233f6ebcbfa4893c531cebbaf11c3	ok	rom_folder	a4c050e40405f8bc769ecc480f8b5600898233f6ebcbfa4893c531cebbaf11c3
snes	765	geral	Wolverine : Adamantium Rage	yes	2097152	44428a3d1c796fbd41da7620e321c45f11cd80a0e5f4ab8c48177106cb960d77	ok	image/png	959140	800	588	46cbcbdb2ba35f0961595e0f3886ddd669d945d372081389ec971d1f6468e731	1	1	1	c78d7231989a0dfbb9555d0276cf0d3a3ec9648211d2a76e06a9de68e69fd1f8	ok	rom_folder	c78d7231989a0dfbb9555d0276cf0d3a3ec9648211d2a76e06a9de68e69fd1f8
snes	766	geral	Wordtris	yes	524288	82e2b636e66c4edbae27a5be91a61194ef2881ec93f40d1de93a6153617b12f2	ok	image/png	953360	800	588	9d76ee972b877f41c4ffca1961af6f34b6d71cf28e2bf1fb1797dc708aa27dee	1	1	1	0c7c30d429395c691e692bc0c9fa2052074be1c4bcc5eaa90d044a9a24ecb1e9	ok	rom_folder	0c7c30d429395c691e692bc0c9fa2052074be1c4bcc5eaa90d044a9a24ecb1e9
snes	767	geral	World Class Rugby	yes	524288	a4dfb151cf0b05eac684367616d53785b44772a571bae260e8c3b018a20bd757	ok	image/png	881660	800	584	1e6a4ae12f62da317ed7717599d1c441142140867b1f971ffd19556504b5bb2b	1	1	1	8da9e0db451d5cc59882ce3dba9fe78db5ffc4e8d5c0bcce88526d4192abcb42	ok	rom_folder	8da9e0db451d5cc59882ce3dba9fe78db5ffc4e8d5c0bcce88526d4192abcb42
snes	768	geral	World Cup Striker	yes	1048576	2eacc934a23315606981d8db80f6b5a72d38746c78adaa35821458baa09cb482	ok	image/png	955482	800	584	0b42738bc28d964338e15527c2699de5a6040a5816a6b45f918b294aed8dd9c3	1	1	1	4e9d8496632058230b000eec6d19e7b8e670ba3feda39bfb3d0147cc62fd246a	ok	rom_folder	4e9d8496632058230b000eec6d19e7b8e670ba3feda39bfb3d0147cc62fd246a
snes	769	geral	World Cup USA 94	yes	1572864	86e9d76a8834732e511253d8092727bdbfb409b3d0ff1c06b6b6e481c9a039ef	ok	image/png	638276	800	588	6cb590d6a3b1cda4518bf8a8205b2140cb345f346e4b5d0d01a7a5c44b54c158	1	1	1	6a0b401cb5be9d50065ea6a5fb01d6e158b6edd46c5fdd1cdcd6a4ebf075cc58	ok	rom_folder	6a0b401cb5be9d50065ea6a5fb01d6e158b6edd46c5fdd1cdcd6a4ebf075cc58
snes	770	geral	World Heroes	yes	2097152	ea76cfdbb2a555a7b6eff8b466a879f9a9189639416e8c2fb45bf074e695105f	ok	image/png	886890	800	584	b29f0e83354a4cdcc286e9643609cbdd980752ff7c3119a87415c83c9f119b0e	1	1	1	ce7af9e53676d4157e24b9c094030ed7d382c1faa20dd18691b0fbdd02b8db62	ok	rom_folder	ce7af9e53676d4157e24b9c094030ed7d382c1faa20dd18691b0fbdd02b8db62
snes	806	geral	World Heroes 2	yes	2085854	08b739c4a2d888b5486a17ddd7daa02ca17c2d2a62dfe5c6c9883fcecfa46f73	ok	image/png	203138	400	292	3e3efdb142263a91d3dc683c155f7b1ea9b9a2207506469b44afb8c4f0493e57	1	1	1	9008cd386c406d55214fdba346a27790930c575ef8f1bb64fcfea34ec40b4b67	ok	rom_folder	9008cd386c406d55214fdba346a27790930c575ef8f1bb64fcfea34ec40b4b67
snes	771	geral	World League Soccer	yes	524288	d4d9f1b41dad7e7a126a9adbe8d86c4b339e120c866156796de1cb0c9a214189	ok	image/png	756993	800	588	5baef73431b97eaa6c0b092c981e803cfb324700f098832fb2f28a4e28d9ca42	1	1	1	5a5dc8493c32ba3db0714b95ea70379a1442c767231bd221539a6bb2b32c91ab	ok	rom_folder	5a5dc8493c32ba3db0714b95ea70379a1442c767231bd221539a6bb2b32c91ab
snes	772	geral	World Masters Golf	yes	2097152	48776a211578473b0fd7b5f8b3e76037b917d69d6bfdd7978f9562b6d7bbac1d	ok	image/png	744714	800	584	1236045aa0d22d54894eedf0a1f189da36b9d295339483a98097e177f2b8c049	1	1	1	467bba70f19c1358407530f8bf3bdfa47b4dbe6ca76cedd64b0e87dccf5ff202	ok	rom_folder	467bba70f19c1358407530f8bf3bdfa47b4dbe6ca76cedd64b0e87dccf5ff202
snes	773	geral	World Soccer 94 : Road to Glory	yes	524288	2143bbd87ea1c5cfe5eaf46ae39e3ebb11a2e929d05cbb929904037f4d72acfe	ok	image/png	591522	800	584	c196ea8f3d6ee1a0417e9e25e2c182e2bee8909e94355af08c8a97cf867af35b	1	1	1	e5bd397ace2f933ca59c687e7b169af1ea4ae7a1f6e664e6848aaf79b3056ad9	ok	rom_folder	e5bd397ace2f933ca59c687e7b169af1ea4ae7a1f6e664e6848aaf79b3056ad9
snes	774	pt-br	Worms	yes	2097664	62280d159a61c0a4d5394e65e26ac568ce2cbb4e16a06dfb40241ad0165c16ce	ok	image/png	926869	800	584	66690065d4b7982900e3ebc0993c59ee05b4e8550d9209c07a0a7e27165b4144	2	2	1	193c9b334c43157bed55d42972b463676cd350031f856efe0b42005c6c3a58f4;193c9b334c43157bed55d42972b463676cd350031f856efe0b42005c6c3a58f4	ok	rom_folder	193c9b334c43157bed55d42972b463676cd350031f856efe0b42005c6c3a58f4
snes	775	geral	WWF Raw	yes	3145728	0af7b0d3022acd24a1fb15865a076519f7f56e7a4b33f12b6d851b3a91e5388c	ok	image/png	761423	800	584	aecee1690d858ba43fddef9f84b7e3e9dbe5eda6980920e9466f0c556d5bce5e	1	1	1	0c150ef9fef0b61a9c8d4ef22b1b3e3921dabd12c25a6ff979ab44960d4f9228	ok	rom_folder	0c150ef9fef0b61a9c8d4ef22b1b3e3921dabd12c25a6ff979ab44960d4f9228
snes	776	geral	WWF Royal Rumble	yes	2097152	51c53e36ed0b959b0695fc6ef036fa7302d1c995eca35c28261d6f3cb77df0ca	ok	image/png	891471	800	588	911d0c2f917dfb69c74faa2b3712e1106b3082d5c92221e529f9a65d34bd2141	1	1	1	985a0477de299922a8c7b13d4a0b5cf63018a3cdbadf5308118cdb0573cd631c	ok	rom_folder	985a0477de299922a8c7b13d4a0b5cf63018a3cdbadf5308118cdb0573cd631c
snes	812	geral	WWF Super WrestleMania	yes	1048576	0b9abf2fc25a5f07c71f9d8efbb0d0e616c1494060138fbb63f7398e9c26198e	ok	image/png	1003857	800	588	0ed372adb1cc17ff50c48b9f516306b187717484d71209835cf9f95dfbce7cc7	1	1	1	4dfdf7d990cb25915be5bbcd6cd36f4cc789976a035903a23e72ab9444a417c6	ok	rom_folder	4dfdf7d990cb25915be5bbcd6cd36f4cc789976a035903a23e72ab9444a417c6
snes	808	geral	WWF WrestleMania - The Arcade Game	yes	2871906	1933686b730b5a660dc9349066354efb1f53af2e179018fc5f7e57c60c57a20e	ok	image/png	149823	400	292	0a38896c6f3628caca408466a48f8e0d2944dcf0f1059e8b6a18ac4ead890ed8	1	1	1	db8224711334229bc79a2561b9d0e712c10a2b640ce673765c259683e99ff2c4	ok	rom_folder	db8224711334229bc79a2561b9d0e712c10a2b640ce673765c259683e99ff2c4
snes	807	geral	X Zone	yes	342149	8d01ca12e39b07b4739e84c83639d945558ccd617ef203b162db19938c8d4ad2	ok	image/png	127710	400	294	16ac937fb449a5419c8bb5df7b596bc4a3b821a7b12e397d1e291758dc09e590	1	1	1	1420fda6a837588cfe8029e605dd65ddd0a72375365d0be368c5a61b22da1e9d	ok	rom_folder	1420fda6a837588cfe8029e605dd65ddd0a72375365d0be368c5a61b22da1e9d
snes	778	geral	X-Kaliber 2097	yes	1048576	dc3792e9fe7ef7aaea4ac675a48ad06129dd3ebdd4b96a513bc8241549cbd579	ok	image/png	829513	800	588	8b2dacc536eee21ae2057e71010698388366276c27c14149ee66c046d1a3f979	1	1	1	0a322f2133e3e69e16aad3ac304f3182079c8a2dfb2bbfaa6ab8266a13a459d6	ok	rom_folder	0a322f2133e3e69e16aad3ac304f3182079c8a2dfb2bbfaa6ab8266a13a459d6
snes	779	pt-br	X-Men : Mutant Apocalypse	yes	2097664	bd6b9d9bbe826b94646a5da5493bff6a9ffda7d9ccb68ce7b7a77abb0fd92032	ok	image/png	945316	800	588	1aee875f90d72456c16bdbc73dd7c0f1dd491a98a0359a263a0aa6a689e816a4	2	2	1	15e681fe1e32034e781e845e134b2f41902caec413f2a002f0bdbac66acdcbdf;15e681fe1e32034e781e845e134b2f41902caec413f2a002f0bdbac66acdcbdf	ok	rom_folder	15e681fe1e32034e781e845e134b2f41902caec413f2a002f0bdbac66acdcbdf
snes	777	geral	Xardion	yes	1048576	71b69490c78d0bbaf47da25217c5dae295190311aa5df75653c3fac0a1b45358	ok	image/png	800073	800	584	bc0df8b1763d96c9a5887ddd8f7aee6c8b13ced063b03af335f91606aa1e1e08	1	1	1	fdb051a22cb1f1c94608be57b1bf5cf8fefe845bc558c7bbf9ef3fe205145fa9	ok	rom_folder	fdb051a22cb1f1c94608be57b1bf5cf8fefe845bc558c7bbf9ef3fe205145fa9
snes	834	geral	Yoshi's Cookie	yes	524288	90ad69a489194aca7ef7b7fd1d30e0105da4934a81ac8b0333ea20f9248df92d	ok	image/png	869544	800	584	772131b5099897c2c6527e8d5c00c8b2e659b6ac172cf9de1c8027b4b2ce0def	1	1	1	b1e4de827984fd0f6fa7e4f2a2299aca1a0c3600bb5eecd7899b543375ba5b86	ok	rom_folder	b1e4de827984fd0f6fa7e4f2a2299aca1a0c3600bb5eecd7899b543375ba5b86
snes	780	geral	Yoshi's Safari	yes	1048576	12fba2aff04c8e39968e828629ebd16caa314bca397a9418d35fdaffe8188e20	ok	image/png	1047344	800	584	bf9b5b3bdd6c906d7fd32ac3c8bf71397235fc9829774e0c902299a367b2de5d	1	1	1	2bb333fa654fac851206054d88af71d361830e4a0847519e6f19f1a0ccb90dae	ok	rom_folder	2bb333fa654fac851206054d88af71d361830e4a0847519e6f19f1a0ccb90dae
snes	781	geral	Young Merlin	yes	2097152	fbe8926fc0149d3e8e2aec20f15640ea6814f4f4b01c3960f3c477f5f17e890f	ok	image/png	1076420	800	584	1b1c6eaf1527ed1b25d55b39d9ba8cd3716a44a5459493a7c4a77335575dd0be	1	1	1	9f2901baa37c70352e8fb7f108109947f6ec98290fe49ffc3c393c0b6c8aea36	ok	rom_folder	9f2901baa37c70352e8fb7f108109947f6ec98290fe49ffc3c393c0b6c8aea36
snes	782	geral	Ys III : Wanderers from Ys	yes	1048576	b0e74f0fe8d1e7fe2fe404341fea7c68e28f3a0ab78552d5092d413f2ecec417	ok	image/png	1058812	800	584	fd672e8cd81a101497fa5620e0c283d44672c690b35ec18d354b45bd9820335b	1	1	1	d45d6c4d66dbb97c95908e3b7cb6447ca2d087a67c114f87afb2bf34fe16927d	ok	rom_folder	d45d6c4d66dbb97c95908e3b7cb6447ca2d087a67c114f87afb2bf34fe16927d
snes	815	geral	Zero the Kamikaze Squirrel	yes	2097152	7d414b7f5941f1eddc35259a22accbbbd7b47c517dfcf8bad86c4dcfa9e50b1e	ok	image/png	858377	800	588	b90c9aee43023fa9c82acf1df6278ec46a365486f712e5063dfc3a4da18dd1ba	1	1	1	9955858b3b1e8cf7641e5866461982a72d86b620c36352564d08075541e5926f	ok	rom_folder	9955858b3b1e8cf7641e5866461982a72d86b620c36352564d08075541e5926f
snes	833	geral	Zombies Ate My Neighbors	yes	1048576	b27e2e957fa760f4f483e2af30e03062034a6c0066984f2e284cc2cb430b2059	ok	image/png	159005	400	294	656def9c374e12d42ba5efb2773fbadde7c7b97362e9131a14b419b2aab5c114	1	1	1	4077fa36281c116f4a2edd2c85a13f3324a80baf7214fc465bfa9aa5e72b843c	ok	rom_folder	4077fa36281c116f4a2edd2c85a13f3324a80baf7214fc465bfa9aa5e72b843c
snes	816	geral	Zool : Ninja of the “Nth” Dimension	yes	1048576	25414de02c6805ca62574cfb39c23bf292b3d8c4ff33eb8f212ccdbcd61c5ae3	ok	image/png	546531	800	588	e1ceac9b65b25ab7de7b399163b1e55abb88f22a2be24c92993fd58f8792b0ec	1	1	1	903eacb550035ee4ac2a646267d064b2357406282c3cf3f6da47bbb47c663cc3	ok	rom_folder	903eacb550035ee4ac2a646267d064b2357406282c3cf3f6da47bbb47c663cc3
snes	832	geral	Zoop	yes	524288	a3f1abf2740ff64042d82f7a940fb4269ece57d7c6967571549d8b60b20f305a	ok	image/png	232367	800	588	b3a955e6e9aba316a58b80c5d9c5c72bb06be712fc4c9cb3193af64ff75a844d	1	1	1	fac7f7e9128e10f6ce14befd31a472a2f5cf570564377446ab8c2f01d0981a31	ok	rom_folder	fac7f7e9128e10f6ce14befd31a472a2f5cf570564377446ab8c2f01d0981a31
