platformReference	sourceRow	name
3ds	1	2 Fast 4 Gnomz (Europe) (eShop) Decrypted
3ds	2	50 Classic Games
3ds	240	Ace Combat : Assault Horizon Legacy
3ds	3	Ace Combat: Assault Horizon Legacy
3ds	4	Adventure Bar Story (USA) (eShop) Decrypted
3ds	241	Adventure Time : Finn & Jake Investigations
3ds	5	Adventure Time : Hey Ice King! Why'd you Steal our
3ds	242	Adventure Time : Hey Ice King! Why'd you Steal our
3ds	6	Adventure Time: The Secret of the Nameless Kingdom
3ds	7	AiRace Speed (Europe) (eShop) Decrypted
3ds	8	AiRace Xeno (Europe) (eShop) Decrypted
3ds	228	Alien Chaos 3D
3ds	9	Animal Crossing - New Leaf
3ds	10	Animal Crossing - New Leaf
3ds	245	Animal Crossing : New Leaf
3ds	11	Art Academy - Lessons For Everyone
3ds	12	Art of Balance TOUCH! (USA) (eShop) Decrypted
3ds	224	Asphalt 3d
3ds	13	Attack of the Friday Monsters! A Tokyo Tale (U)(BigBlueBox)
3ds	201	Azure Striker Gunvolt: Striker Pack
3ds	14	Batman Arkham Origins Blackgate
3ds	243	Ben 10 : Galactic Racing
3ds	246	Ben 10 Omniverse
3ds	247	Ben 10 Omniverse 2
3ds	15	Blazblue - Continuum Shift 2
3ds	16	Bowling Bonanza 3D
3ds	17	BOXBOY! (USA) (En,Fr,Es) (eShop) Decrypted
3ds	18	Brain Age - Concentration Training
3ds	19	Bravely Default
3ds	20	Bravely Second : End Layer
3ds	21	Bust-A-Move Universe
3ds	202	Captain Toad: Treasure Tracker
3ds	22	Castlevania: Lords of Shadow - Mirror of Fate
3ds	23	Cave Story 3d
3ds	24	Chibi-Robo! Zip Lash
3ds	25	Code Of Princess
3ds	26	Conception II : Children of the Seven Stars
3ds	27	Cooking Mama 5 : Bon Appétit !
3ds	28	Crashmo (USA) (eShop) Decrypted
3ds	29	CRUSH3D
3ds	30	Cubic Ninja
3ds	31	Dead Or Alive - Dimensions
3ds	203	Dementium Remastered EUR
3ds	32	Dillon's Rolling Western - The Last Ranger (Europe)
3ds	33	Disney Magical World
3ds	34	Donkey Kong Country Returns 3D
3ds	248	Donkey Kong Country Returns 3D
3ds	204	Dragon Ball Fusions
3ds	36	Dragon Ball Heroes - Ultimate Mission
3ds	35	Dragon Ball Heroes - Ultimate Mission 2
3ds	37	Dragon Ball Z: Extreme Butoden
3ds	39	escapeVektor (USA) (eShop) Decrypted
3ds	40	Etrian Mystery Dungeon
3ds	41	Etrian Odyssey 4 - Legends Of The Titan
3ds	42	Etrian Odyssey Untold: The Millennium Girl
3ds	249	Ever Oasis
3ds	43	Fantasy Life
3ds	250	Fantasy Life
3ds	44	Fifa 15 - Legacy Edition
3ds	45	Final Fantasy Explorers
3ds	46	Fire Emblem Fates: Birthright
3ds	47	Fire Emblem: Awakening
3ds	222	Fractured Soul
3ds	48	Freakyforms Deluxe: Your Creations, Alive!
3ds	49	Freakyforms Deluxe: Your Creations, Alive!
3ds	50	Game Center Cx - 3-choume No Arino
3ds	220	Gunman Clive
3ds	215	Gunman Clive 2
3ds	51	Hakuoki: Memories of the Shinsengumi
3ds	52	HarmoKnight (eShop) Decrypted
3ds	53	Harvest Moon 3D: A New Beginning
3ds	54	Harvest Moon: The Tale of Two Towns
3ds	55	Hatsune Miku: Project Mirai DX
3ds	56	Hazumi (USA) (eShop) Decrypted
3ds	57	Heroes Of Ruin
3ds	58	How To Train Your Dragon 2
3ds	205	Hyrule Warriors Legends
3ds	59	Inazuma Eleven 1,2,3 - Legend Of Mamoru Endo
3ds	60	Inazuma Eleven 3 - Team Ogre Attacks!
3ds	61	Inazuma Eleven 3: Bomb Blast
3ds	62	Inazuma Eleven 3: Lightning Bolt
3ds	63	Inazuma Eleven GO - Chrono Stones - Wildfire
3ds	64	Inazuma Eleven Go: Shadow
3ds	65	Keep, The (USA) (En,Fr,Es,Pt) (eShop) Decrypted
3ds	66	Ketzal's Corridors (USA) (eShop) Decrypted
3ds	251	Kid Icarus : Uprising
3ds	67	Kid Icarus: Uprising
3ds	68	Kingdom Hearts 3D: Dream Drop Distance
3ds	252	Kirby : Planet Robobot
3ds	69	Kirby: Triple Deluxe
3ds	211	Kokuga
3ds	70	LBX: Little Battlers eXperience
3ds	71	LEGO Batman 2: DC Super Heroes
3ds	72	LEGO Batman 3: Beyond Gotham
3ds	73	LEGO Harry Potter: Years 5-7
3ds	74	Lego Jurassic World
3ds	75	Lego Marvel Avengers
3ds	38	LEGO Pirates of the Caribbean - The Video Game (Europe)
3ds	76	LEGO Star Wars III : The Clone Wars
3ds	77	Liberation Maiden (USA) (eShop) Decrypted
3ds	78	Lord of Magna: Maiden Heaven
3ds	79	Luigi's Mansion 2
3ds	80	Luigi's Mansion: Dark Moon
3ds	81	Mahjong Cub3d
3ds	82	Mario & Luigi : Dream Team Bros.
3ds	206	Mario & Luigi: Bowser's Inside Story + Bowser Jr.'s Journey
3ds	83	Mario & Luigi: Paper Jam Bros.
3ds	84	Mario & Sonic at the London 2012 Olympic Games
3ds	218	Mario and Donkey Kong : Minis on the Move
3ds	85	Mario Golf : World Tour
3ds	86	Mario Kart 7
3ds	87	Mario Party Island Tour
3ds	207	Mario Party: The Top 100
3ds	223	Mario Tennis Open
3ds	212	Mario vs. Donkey Kong: Tipping Stars
3ds	88	Marvel Pinball 3D
3ds	89	Metal Gear Solid: Snake Eater 3D
3ds	253	Metroid : Samus Returns
3ds	217	Metroid: Samus Returns
3ds	219	Mighty Gunvolt
3ds	213	Mighty Switch Force!
3ds	221	Mighty Switch Force! 2
3ds	90	Monster Hunter 3 Ultimate
3ds	91	Monster Hunter 4 Ultimate
3ds	254	Monster Hunter 4 Ultimate
3ds	92	Monster Hunter Generations
3ds	216	Moon Chronicles
3ds	93	Nano Assault
3ds	94	Naruto Powerful Shippuden
3ds	95	Need for Speed : The Run
3ds	96	New Super Mario Bros. 2
3ds	97	NightSky (U)(ABSTRAKT) Decrypted
3ds	98	Nikoli's Pencil Puzzle
3ds	99	Nintendo Pocket Football Club
3ds	100	Nintendogs + Cats - Bouledogue Français & Ses Nouveaux Amis
3ds	101	Nintendogs + Cats: Golden Retriever & New Friends
3ds	102	Nintendogs + Cats: Toy Poodle & New Friends
3ds	103	One Piece : Romance Dawn
3ds	104	One Piece: Unlimited World Red
3ds	105	Order Up !!
3ds	106	Pac-Man & Galaga Dimensions
3ds	107	Pac-Man and the Ghostly Adventures
3ds	108	Pac-man Party 3d
3ds	109	Paper Mario : Sticker Star
3ds	110	Pazuru
3ds	111	Persona Q: Shadow of the Labyrinth
3ds	112	Phoenix Wright : Ace Attorney : Dual Destinies
3ds	113	Phoenix Wright: Ace Attorney Trilogy
3ds	114	Pilotwings Resort
3ds	115	Pokemon Alpha Sapphire
3ds	117	Pokemon Moon
3ds	118	Pokemon Mystery Dungeon - Gates To Infinity
3ds	231	Pokemon Mystery Dungeon - Gates To Infinity
3ds	119	Pokemon Omega Ruby
3ds	120	Pokemon Rumble Blast
3ds	121	Pokemon Rumble World
3ds	233	Pokemon Rumble World
3ds	122	Pokemon Super Mystery Dungeon
3ds	235	Pokemon Super Mystery Dungeon
3ds	123	Pokemon Ultra Sun
3ds	124	Pokemon X
3ds	125	Pokemon Y
3ds	229	Pokémon Alpha Sapphire
3ds	116	Pokémon Art Academy
3ds	230	Pokémon Art Academy
3ds	244	Pokémon Moon
3ds	232	Pokémon Omega Ruby
3ds	234	Pokémon Sun
3ds	236	Pokémon Ultra Moon
3ds	237	Pokémon Ultra Sun
3ds	238	Pokémon X
3ds	239	Pokémon Y
3ds	126	Pro Evolution Soccer 2013 3D
3ds	127	Professor Layton and the Azran Legacy
3ds	128	Professor Layton and the Miracle Mask
3ds	255	Professor Layton And The Miracle Mask
3ds	129	Professor Layton vs. Phoenix Wright - Ace Attorney
3ds	130	Project X Zone
3ds	214	Project X Zone 2
3ds	131	Puyo Puyo Tetris
3ds	132	Puzzle And Dragons Z Puzzle And Dragons - Super Mario Bros. Edition
3ds	133	Pyramids (Europe) (En,Fr,Ge,It,Es,Nl) (eShop) Decrypted
3ds	134	Pyramids 2 (Europe) (En,Fr,De,Es,It) (eShop) Decrypted
3ds	135	Quell Memento (USA) (eShop) Decrypted
3ds	136	Rage of the Gladiator (USA) (eShop) Decrypted
3ds	225	Rayman 3D
3ds	137	Rayman Origins
3ds	138	Regular Show: Mordecai and Rigby in 8-Bit Land
3ds	139	Resident Evil: Revelations
3ds	256	Resident Evil: Revelations
3ds	140	Resident Evil: The Mercenaries 3D
3ds	141	Rhythm Thief & the Emperor's Treasure
3ds	142	Ridge Racer 3D
3ds	143	Rune Factory 4
3ds	144	Sakura Samurai - Art of the Sword (U)(BigBlueBox) Decrypted
3ds	145	Samurai Warriors Chronicles
3ds	146	Scribblenauts Unlimited
3ds	147	Scribblenauts Unmasked: A DC Comics Adventure
3ds	148	Sega 3D Fukkoku Archives
3ds	149	Senran Kagura 2: Deep Crimson
3ds	150	Senran Kagura Burst
3ds	208	Seven Deadly Sins Unjust Sin
3ds	151	Shantae And The Pirate's Curse
3ds	257	Shantae And The Pirate's Curse
3ds	152	Shin Megami Tensei IV
3ds	153	Shin Megami Tensei: Devil Summoner - Soul Hackers
3ds	154	Shin Megami Tensei: Devil Survivor 2 Record Breaker
3ds	155	Shin Megami Tensei: Devil Survivor Overclocked
3ds	156	Shinobi
3ds	157	Shovel Knight
3ds	158	Sims 3, Les
3ds	159	Skylanders Giants
3ds	160	Skylanders Swap Force
3ds	161	Skylanders Trap Team
3ds	162	Skylanders: Spyro's Adventure
3ds	163	Sonic & All-Stars Racing Transformed
3ds	164	Sonic & All-Stars Racing Transformed
3ds	165	Sonic Boom: Shattered Crystal
3ds	166	Sonic Generations
3ds	167	Sonic: Lost World
3ds	168	SpeedX 3D (USA) (eShop) Decrypted
3ds	169	SpongeBob SquigglePants
3ds	170	Star Fox 64 3D
3ds	171	Star Wars Pinball (USA) (En,Fr,Es) (eShop) Decrypted
3ds	172	Steamworld Dig - A Fistful of Dirt (eShop) Decrypted
3ds	173	Steel Diver
3ds	174	Story of Seasons
3ds	226	Super Mario 3D Land
3ds	258	Super Mario 3D Land
3ds	175	Super Monkey Ball 3D
3ds	176	Super Smash Bros. for Nintendo 3DS
3ds	259	Super Smash Bros. for Nintendo 3DS
3ds	177	Super Street Fighter IV: 3D Edition
3ds	178	Tales Of The Abyss
3ds	179	Tappingo (Europe) (eShop) Decrypted
3ds	209	Team Kirby Clash Deluxe (EUR) Decrypted
3ds	180	Tekken 3D Prime Edition
3ds	181	Terraria
3ds	182	Tetris Axis
3ds	183	THE DENPA MEN - They Came By Wave (U)(BigBlueBox)
3ds	184	THE DENPA MEN 2 - Beyond the Waves (U)(BigBlueBox)
3ds	185	THE DENPA MEN 3 - The Rise of Digitoll (U)(BigBlueBox)
3ds	186	The Legend of Legacy
3ds	187	The Legend of Zelda - A Link Between Worlds
3ds	188	The Legend of Zelda - Ocarina of Time 3D
3ds	260	The Legend of Zelda : A Link Between Worlds
3ds	189	The Legend of Zelda : Tri Force Heroes
3ds	190	The Legend Of Zelda Majoras Mask 3D
3ds	191	Theatrhythm Final Fantasy: Curtain Call
3ds	192	Tokyo Crash Mobs (USA) (eShop) Decrypted
3ds	193	Tom Clancy's Ghost Recon - Shadow Wars
3ds	194	Tomodachi Life
3ds	195	Transformers Prime - The Game
3ds	196	Virtue's Last Reward
3ds	197	WWE All Stars
3ds	198	Xeodrifter (USA) (eShop) Decrypted
3ds	199	Yo-kai Watch
3ds	227	Yoshi's New Island
3ds	210	Yu-Gi-Oh! Saikyou Card Battle
3ds	200	Zen Pinball 3D (U)(BigBlueBox) Decrypted
arcade	1460	1000 Milias
arcade	870	1941: Counter Attack
arcade	1490	1941: Counter Attack
arcade	1237	1942
arcade	1483	1942
arcade	871	1943: The Battle of Midway
arcade	1486	1943: The Battle of Midway
arcade	1238	1944
arcade	1464	1944 : The Loop Master
arcade	1485	1945k III
arcade	872	19XX : The War Against Destiny
arcade	1463	19XX : The War Against Destiny
arcade	802	3 Count Bout
arcade	873	64th. Street - A Detective Story
arcade	874	A.B. Cop
arcade	875	Acrobat Mission
arcade	1487	Aero Fighters
arcade	1488	Aero Fighters 2 / Sonic Wings 2
arcade	1489	Aero Fighters 3 / Sonic Wings 3
arcade	1239	After Burner II
arcade	876	agallet
arcade	1447	agallet
arcade	877	Aggressors of Dark Kombat
arcade	1240	Aggressors of Dark Kombat
arcade	1241	Air Assault
arcade	1242	Air Buster
arcade	878	Air Duel
arcade	879	Airline Pilots
arcade	880	Airwolf
arcade	881	Ajax
arcade	1440	Alex Kidd: The Lost Stars (set 2, unprotected)
arcade	847	Alien Challenge
arcade	882	Alien Challenge
arcade	1243	Alien Challenge
arcade	883	Alpha Mission II
arcade	1244	Alpha Mission II
arcade	1441	Altered Beast (set 8, 8751 317-0078)
arcade	884	Ambush
arcade	885	androdun
arcade	886	aof
arcade	887	aof3
arcade	888	apache3
arcade	889	Apb - All Points Bulletin
arcade	890	arbalest
arcade	891	Argus
arcade	1245	Arkanoid I
arcade	1246	Arkanoid II
arcade	1247	Armed Police Batrider
arcade	892	armorcar
arcade	893	Art of Fighting 2
arcade	1248	Art of Fighting 2
arcade	1249	Art of Fighting 3
arcade	1250	Art of Fighting I
arcade	894	Ashura Blaster
arcade	1251	Ashura Blaster
arcade	895	Aso - Armored Scrum Object
arcade	1468	Aso - Armored Scrum Object
arcade	896	Assault
arcade	897	astdelux
arcade	1252	Asterix
arcade	898	Asteroids
arcade	899	astrob
arcade	900	astrof
arcade	770	Asura Blade - Sword Of Dynasty
arcade	901	asurabld
arcade	1253	Athena
arcade	1254	Avenging Spirit
arcade	902	B.rap Boys
arcade	803	Bakumatsu Roman Dai Ni Maku: Gekka no Kenshi
arcade	903	Bakumatsu Roman Dai Ni Maku: Gekka no Kenshi
arcade	804	Bakumatsu Roman: Gekka no Kenshi
arcade	904	Bakumatsu Roman: Gekka no Kenshi
arcade	1263	Bang Bead
arcade	1264	Bank Panic
arcade	1265	Batman
arcade	1255	Batsugun
arcade	1256	Battle Bakraid - Unlimited Version
arcade	1266	Battle Chopper
arcade	905	Battle Circuit
arcade	771	Battle Garegga
arcade	772	Battletoads
arcade	906	Bells & Whistles
arcade	1267	Best Of Best
arcade	1448	Best Of Best
arcade	907	bgaregga
arcade	908	Big Fight - Big Trouble In The Atlantic Ocean
arcade	909	Big Run
arcade	910	Bio-hazard Battle (Mega Play)
arcade	911	Black Hole
arcade	1449	Blandia
arcade	912	Blast Off
arcade	913	Blasteroids
arcade	773	Blaze On
arcade	914	Blaze On
arcade	774	Blazing Star
arcade	915	Blazing Star
arcade	916	Blomby Car
arcade	1257	Blood Bros.
arcade	917	Blood Storm
arcade	918	Blood Warrior
arcade	1259	Blood Warrior
arcade	1268	Blood Warrior
arcade	1260	Blue's Journey
arcade	919	bluehawk
arcade	1261	Bomb Jack
arcade	1262	Bombjack Twin
arcade	1269	Bonc Story
arcade	1270	Bonk's Adventure - Arcade Version
arcade	920	Boot Hill
arcade	921	Bosconian
arcade	922	Break Thru
arcade	1450	breakers
arcade	923	Breakers Revenge
arcade	1271	Breakers Revenge
arcade	924	Brute Force
arcade	1272	Bubble Bobble
arcade	1273	Bubble Bobble II
arcade	1274	Bubble Memories: The Story Of Bubble Bobble III
arcade	1275	Burnin' Rubber
arcade	805	Burning Fight
arcade	925	Burning Fight
arcade	1276	Burning Fight
arcade	926	Burning Force
arcade	1277	Cabal
arcade	927	Cadillacs and Dinosaurs
arcade	1278	Cadillacs and Dinosaurs - HACK
arcade	928	Canyon Bomber
arcade	1279	capitao comando
arcade	1451	capitao comando
arcade	1280	Capitao Comando - HACK
arcade	1281	Captain America And The Avengers
arcade	929	Captain Tomaday
arcade	930	Carrier Air Wing
arcade	1478	Carrier Air Wing
arcade	1282	Caveman Ninja
arcade	931	Championship Sprint
arcade	932	Change Air Blade
arcade	1283	Change Air Blade
arcade	1284	Charlie Ninja
arcade	933	Chase Bombers
arcade	1285	Chase H.q.
arcade	775	Choplifter
arcade	934	chqflag
arcade	1286	Chuka Taisen
arcade	1287	Circus Charlie
arcade	935	Cisco Heat
arcade	1288	City Bomber
arcade	1289	City Connection
arcade	936	Clash-road
arcade	937	Colony 7
arcade	938	cosmccop
arcade	776	Cosmic Cop
arcade	939	Cosmo Gang the Video
arcade	1290	Crime City
arcade	940	Crime Fighters
arcade	941	Crime Fighters
arcade	942	Cybattler
arcade	1291	Cyber-Lip
arcade	943	Cyberbots : Fullmetal Madness
arcade	951	D-day
arcade	1292	Daioh
arcade	944	Danger Zone
arcade	945	Dangerous Seed
arcade	946	Danny Sullivan's Indy Heat
arcade	949	Darius
arcade	947	Darius Gaiden - Silver Hawk
arcade	1293	Darius Gaiden - Silver Hawk Extra Version
arcade	948	Darius II
arcade	950	Darwin 4078
arcade	952	ddcrew
arcade	1294	ddonpach
arcade	953	ddragon
arcade	777	Demon Front
arcade	954	Denjin Makai
arcade	955	Dino Rex
arcade	956	Dj Boy
arcade	1452	dodonpachi i
arcade	848	DoDonPachi II
arcade	957	Dog Fight
arcade	778	Dogyuun
arcade	779	Don Doko Don
arcade	958	DonPachi
arcade	960	Double Dragon
arcade	849	Double Dragon - Arcade
arcade	1295	double dragon 1
arcade	1296	Double Dragon 2
arcade	1297	Double Dragon 3
arcade	959	Double Dragon 3 - The Rosetta Stone
arcade	1298	Double Dragon Arcade
arcade	961	downtown
arcade	962	Dragon Ball Z V.r.v.s.
arcade	1299	Dragon Breed
arcade	964	DragonBall Z
arcade	963	Dragonball Z 2 - Super Battle
arcade	965	Dragonninja
arcade	1300	Dragonninja
arcade	967	Drift Out
arcade	966	Drift Out '94 - The Hard Order
arcade	968	dyger
arcade	969	E.D.F. : Earth Defense Force
arcade	1471	E.D.F. : Earth Defense Force
arcade	970	Eco Fighters
arcade	971	Eight Forces
arcade	1301	Eight Forces
arcade	972	Eight Man
arcade	1302	Eight Man
arcade	1303	Elevator Action I
arcade	1304	Elevator Action II
arcade	973	enduror
arcade	974	exerion
arcade	975	Explosive Breaker
arcade	1305	Explosive Breaker
arcade	976	Express Raider
arcade	977	F-1 Dream
arcade	806	Far East of Eden - Kabuki Klash
arcade	978	Far East of Eden - Kabuki Klash
arcade	1306	Far East of Eden - Kabuki Klash
arcade	979	Fatal Fury - King of Fighters
arcade	1307	Fatal Fury 1
arcade	980	Fatal Fury 2
arcade	1308	Fatal Fury 3
arcade	981	Fatal Fury Special
arcade	1309	Fatal Fury Special
arcade	982	feversos
arcade	983	Fight Fever
arcade	1310	Fight Fever
arcade	984	Fighter's History
arcade	850	Fighter's History Dynamite
arcade	1311	Fighting Hawk
arcade	985	Final Fight
arcade	1312	Final Fight
arcade	1313	Final Fight - HACK
arcade	1314	Final Star Force
arcade	986	Finalizer - Super Transformation
arcade	869	Fire Shark
arcade	987	Fire Truck / Smokey Joe
arcade	988	Flying Shark
arcade	1004	G-loc Air Battle
arcade	989	Gaia Crusaders
arcade	991	Galaga
arcade	1475	Galaga
arcade	990	Galaga '88
arcade	1461	Galaga '88
arcade	992	galastrm
arcade	993	Galaxy Fight - Universal Warriors
arcade	1315	Galaxy Fight - Universal Warriors
arcade	994	Galaxy Games Bios
arcade	995	Galaxy Wars
arcade	1316	Galmedes
arcade	996	gametngk
arcade	997	Gang Busters
arcade	998	Gang Wars
arcade	1317	Ganryu
arcade	999	Gaplus
arcade	1000	Garou - Mark of the Wolves
arcade	1318	Garou - Mark of the Wolves
arcade	1001	gforce2
arcade	1002	Ghost Pilots
arcade	1319	Ghost Pilots
arcade	1320	Ghosts'n Goblins
arcade	1321	Ghouls'n Ghosts
arcade	1003	Giga Wing
arcade	780	Gladiator
arcade	1322	Gogetsuji Legends
arcade	1006	Golden Axe
arcade	1442	Golden Axe - The Duel (JUETL 950117 V1.000)
arcade	1005	Golden Axe II (Mega Play)
arcade	1443	Golden Axe: The Revenge of Death Adder
arcade	1444	Golden Axe: The Revenge of Death Adder (Japan)
arcade	1007	Gorf
arcade	851	Gowcaizer Voltage Fighters
arcade	1008	gowcaizr
arcade	1010	gradius
arcade	1009	Gradius III
arcade	1011	Gravitar
arcade	1012	Great Mahou Daisakusen
arcade	1323	Green Beret
arcade	1324	Grind Stormer
arcade	1013	Groove on Fight - Gouketsuji Ichizoku 3
arcade	1014	Growl
arcade	1015	gseeker
arcade	1325	gseeker
arcade	1016	Guardian Storm
arcade	1326	Guardian Storm
arcade	1445	Guardians / Denjin Makai II
arcade	1017	Guided Missile
arcade	1018	Gulf War II
arcade	1327	Gunbird
arcade	1019	gundamex
arcade	1328	Gunlock
arcade	781	GunNail
arcade	1020	gunnail
arcade	1329	gunsmoke
arcade	1453	gunsmoke
arcade	1330	Guwange
arcade	1331	Gyruss
arcade	1021	hangon
arcade	1022	hcrash
arcade	1023	Helifire
arcade	1332	Hellfire
arcade	1024	High Way Race
arcade	1025	Hissatsu Buraiken
arcade	1026	Hot Chase
arcade	1027	Hotdog Storm
arcade	1333	Hotdog Storm
arcade	1028	Hyper Duel
arcade	1454	Hyper Street Fighter II
arcade	1029	imgfight
arcade	1472	In The Hunt
arcade	782	Indiana Jones And The Temple Of Doom
arcade	1479	Insector X
arcade	1030	invadpt2
arcade	1031	Iron Horse
arcade	1033	Ironman Ivan Stewart's Super Off-road
arcade	1032	Ironman Ivan Stewart's Super Off-road Track-pak
arcade	1034	Jackie Chan - The Kung-fu Master
arcade	1035	Jackie Chan In Fists Of Fire
arcade	1334	Joe & Mac Returns
arcade	1335	JoJo no Kimyou I
arcade	1336	JoJo no Kimyou II
arcade	1337	Kaiser Knuckle
arcade	1036	Karate Blazers
arcade	1037	karnov
arcade	1038	Karnov's Revenge / Fighter's History Dynamite
arcade	1338	Karnov's Revenge / Fighter's History Dynamite
arcade	1039	kickridr
arcade	1040	Killer Comet
arcade	1041	Killer Instinct
arcade	1042	kizuna
arcade	783	Kizuna Encounter - Super Tag Battle
arcade	807	Kizuna Encounter - Super Tag Battle
arcade	1043	Knuckle Bash 2
arcade	1044	konamigt
arcade	1045	Last Duel
arcade	1046	Last Resort
arcade	1047	le2
arcade	1339	Legend Of Hero Tonma
arcade	1340	Legendary Wings
arcade	1048	Legionnaire
arcade	1049	Lethal Crash Race
arcade	1050	Lethal Thunder
arcade	1051	Lightning Fighters
arcade	1341	Liquid Kids
arcade	1342	Lucky & Wild
arcade	1052	Lunar Rescue
arcade	1053	Macross Plus
arcade	1054	Mad Crasher
arcade	1055	Mad Motor
arcade	1343	Mad Shark
arcade	1344	Magical Cat Adventure
arcade	1345	Magical Drop III
arcade	1056	Magical Spot II
arcade	808	Magician Lord
arcade	1346	Magician Lord
arcade	1057	Major Havoc
arcade	1347	Martial Champion
arcade	1058	Martial Masters
arcade	1348	Martial Masters
arcade	785	Marvel Super Heroes
arcade	1349	Marvel Super Heroes
arcade	784	Marvel Super Heroes vs. Street Fighter
arcade	829	MARVEL SUPER HEROES VS. STREET FIGHTER
arcade	1350	MARVEL SUPER HEROES VS. STREET FIGHTER
arcade	1351	Marvel vs. Capcom : Clash of Super Heroes
arcade	1059	matrim
arcade	1060	Mayday
arcade	1061	mazinger
arcade	786	Mazinger Z
arcade	1062	Mega Blast
arcade	1352	Mega Twins
arcade	1063	Mega Zone
arcade	1064	Megatack
arcade	1353	Mercs
arcade	1354	Metal Black
arcade	1065	Metal Hawk
arcade	1355	Metal Slug 1
arcade	1356	Metal Slug 2
arcade	852	Metal Slug 2 - HACK
arcade	809	Metal Slug 3
arcade	810	Metal Slug 4
arcade	853	Metal Slug 4 - PLUS
arcade	811	Metal Slug 5
arcade	854	Metal Slug 5 - PLUS
arcade	855	Metal Slug 6 - HACK
arcade	856	Metal Slug X
arcade	1066	Michael Jackson's Moonwalker
arcade	1357	Michael Jackson's Moonwalker
arcade	787	Mighty! Pang
arcade	1358	Mikie
arcade	1067	Mille Miglia 2: Great 1000 Miles Rally
arcade	1068	misncrft
arcade	1069	Missile Command
arcade	1070	mmatrix
arcade	1359	Moon Patrol
arcade	1071	Moon Quasar
arcade	1072	mooncrst
arcade	1360	Mortal Kombat I
arcade	844	Mortal Kombat II
arcade	845	Mortal Kombat III
arcade	846	Mortal Kombat Ultimate III
arcade	1073	Mug Smashers
arcade	788	Mutation Nation
arcade	1074	mutnat
arcade	789	Mystic Riders
arcade	1075	mysticri
arcade	1455	NAM-1975
arcade	812	Neo Bomberman
arcade	1361	Neo Bomberman
arcade	1076	Neo Drift Out - New Technology
arcade	1077	New Rally X
arcade	1362	New Rally X
arcade	1363	Night Slashers
arcade	1078	Night Star
arcade	1079	Night Striker
arcade	1364	Nightmare in the Dark
arcade	813	Ninja Combat
arcade	1365	Ninja Combat
arcade	1080	ninjamas
arcade	1366	ninjamas
arcade	1081	nitedrvr
arcade	1082	Nostradamus
arcade	1083	nwarr
arcade	1084	Ordyne
arcade	1367	Oriental Legend Special / Xi You Shi E Zhuan Super
arcade	1085	Out Zone
arcade	1368	Out Zone
arcade	1086	outrun
arcade	1087	overtop
arcade	1088	Ozma Wars
arcade	1089	P-47 Aces
arcade	1090	p47
arcade	1369	Pac-man
arcade	1370	Pang I
arcade	857	Pang III
arcade	1371	Pang SUPER
arcade	1091	phantom2
arcade	1462	Phelios
arcade	1372	Pinball Action
arcade	1092	Pioneer Balloon
arcade	1373	Pit Fighter
arcade	1374	Pitfall II
arcade	1093	Pleiads
arcade	1094	Plus Alpha
arcade	1375	Pocket Gal Deluxe
arcade	1095	Polaris
arcade	1097	Pole Position
arcade	1096	Pole Position II
arcade	1098	Power Drift
arcade	1376	Power Instinct 2
arcade	1099	powerins
arcade	1465	Prehistoric Isle 2
arcade	1100	Prehistoric Isle In 1930
arcade	1484	Prehistoric Isle In 1930
arcade	1101	primrage
arcade	1102	Progear
arcade	790	Psycho-nics Oscar
arcade	1103	Pulstar
arcade	1446	punishrj
arcade	1104	Quantum
arcade	1123	R-shark
arcade	1377	R-shark
arcade	1378	R-type
arcade	792	R-Type II
arcade	1379	R-type Leo
arcade	1105	Rabbit
arcade	1106	Radar Scope
arcade	1107	Rage of the Dragons
arcade	1380	Rage of the Dragons
arcade	814	Ragnagard
arcade	1108	Ragnagard
arcade	1381	Ragnagard
arcade	1113	raiden
arcade	1111	Raiden Fighters
arcade	1109	Raiden Fighters 2 - Operation Hell Dive
arcade	1110	Raiden Fighters Jet
arcade	1112	Raiden II
arcade	1467	Raiden II
arcade	1114	Rally Bike
arcade	1382	Rally X
arcade	1383	real bout fatal fury 1
arcade	1456	real bout fatal fury 1
arcade	1115	Real Bout Fatal Fury 2 - The Newcomers
arcade	1384	Real Bout Fatal Fury 2 - The Newcomers
arcade	1116	Real Bout Fatal Fury Special
arcade	1385	Real Bout Fatal Fury Special
arcade	1117	Redline Racer
arcade	1118	Renegade
arcade	1119	Return Of The Invaders
arcade	1120	ridhero
arcade	1386	Riot City
arcade	1387	Road Fighter
arcade	1121	roadblst
arcade	1388	Robo Army
arcade	791	Rod-land
arcade	1122	Rolling Crash / Moon Base
arcade	1124	rtype2
arcade	1389	Rygar
arcade	1390	S.s. Mission
arcade	1125	s1945iii
arcade	1127	Salamander
arcade	1391	Salamander
arcade	1126	Salamander 2
arcade	1128	Samurai Aces
arcade	1473	Samurai Aces
arcade	858	Samurai Shodown I
arcade	815	Samurai Shodown II
arcade	816	Samurai Shodown III
arcade	859	Samurai Shodown IV
arcade	817	Samurai Shodown V
arcade	1392	Samurai Shodown V - Special
arcade	1129	sandscrp
arcade	1130	Savage Reign
arcade	1393	Savage Reign
arcade	1131	Scion
arcade	1132	Scramble
arcade	1133	Sd Fighters
arcade	1134	Sdi - Strategic Defense Initiative
arcade	1135	Seicross
arcade	1136	Senjyo
arcade	1137	Sheriff
arcade	1394	Shinobi
arcade	1395	Shock Troopers I
arcade	1396	Shock Troopers II
arcade	860	Shock Troopers II - PLUS
arcade	793	Side Arms - Hyper Dyne
arcade	1138	sidearms
arcade	1139	silentd
arcade	1140	Skull Fang
arcade	1141	Sky Adventure
arcade	1142	Sky Alert
arcade	1143	Sky Lancer
arcade	1144	Sky Soldiers
arcade	1145	skyfox
arcade	1474	Slap Fight
arcade	1397	SNK Vs. Capcom PLUS
arcade	1398	Solitary Fighter
arcade	1146	Sonic Wings
arcade	1258	Sonic Wings 3
arcade	1147	sonicwi2
arcade	1148	Sorcer Striker
arcade	1149	Space Firebird
arcade	1150	Space Force
arcade	1151	Space Harrier
arcade	1152	Space Invaders / Space Invaders M
arcade	794	Space Invaders Dx
arcade	1153	Space Invaders II
arcade	1154	Space Laser
arcade	1155	Space Zap
arcade	861	Spacefortress Macross I
arcade	862	Spacefortress Macross II
arcade	818	Spin Master
arcade	1399	Spin Master
arcade	1156	Sprint 1
arcade	1157	ssriders
arcade	1158	Stadium Cross
arcade	1159	Stagger I
arcade	1160	Star Force
arcade	1161	starjack
arcade	1162	Stocker
arcade	1163	Storm Blade
arcade	863	STREET FIGHTER I
arcade	864	STREET FIGHTER II - HYPER
arcade	833	STREET FIGHTER II : HYPER FIGHTING
arcade	830	STREET FIGHTER II' : CHAMPION EDITION
arcade	831	STREET FIGHTER II' : CHAMPION EDITION
arcade	832	STREET FIGHTER II' : CHAMPION EDITION
arcade	834	STREET FIGHTER II: THE WORLD WARRIOR
arcade	835	STREET FIGHTER III 2ND IMPACT: GIANT ATTACK
arcade	836	STREET FIGHTER III 3RD STRIKE: FIGHT FOR THE FUTUR
arcade	837	STREET FIGHTER III: NEW GENERATION
arcade	841	STREET FIGHTER ZERO
arcade	839	STREET FIGHTER ZERO 2
arcade	838	STREET FIGHTER ZERO 2 ALPHA
arcade	840	STREET FIGHTER ZERO 3
arcade	1457	Street Fighter: The Movie
arcade	865	STREET POCKET - POCKET
arcade	1164	Streets of Rage II (Mega Play)
arcade	1165	Strike Force
arcade	1168	Strikers 1945
arcade	1166	Strikers 1945 II
arcade	1167	Strikers 1945 Plus
arcade	1169	stvbios
arcade	1170	Sunset Riders
arcade	1400	sunset riders
arcade	1401	Sunset Riders - HACK
arcade	1171	Super Chase - Criminal Termination
arcade	1172	Super Cobra
arcade	1173	Super Monaco Gp
arcade	1174	Super Muscle Bomber: The International Blowout
arcade	842	SUPER PUZZLE FIGHTER II X
arcade	1176	Super Spacefortress Macross
arcade	1175	Super Spacefortress Macross II
arcade	1177	Super Sprint
arcade	1402	SUPER STREET FIGHTER II TURBO
arcade	1403	SUPER STREET FIGHTER II: THE NEW CHALLENGERS
arcade	1404	Super Trio
arcade	1178	Super-x
arcade	1405	Superior Soldiers
arcade	1180	Suzuka 8 Hours
arcade	1179	Suzuka 8 Hours 2
arcade	819	SVC Chaos - SNK Vs. Capcom (bootleg)
arcade	1406	Tao Taido
arcade	1181	tdragon
arcade	1407	Teenage Mutant Ninja Turtles
arcade	795	Teenage Mutant Ninja Turtles - Turtles in Time
arcade	1408	Tenchi wo Kurau
arcade	1182	Terra Force
arcade	1183	The Battle-Road
arcade	1184	The Combatribes
arcade	1409	The Combatribes
arcade	1185	The End
arcade	1410	The Killing Blade
arcade	1411	The King Of Dragons
arcade	1412	The King of Fighters '94
arcade	824	The King of Fighters '95
arcade	825	The King of Fighters '96
arcade	826	The King of Fighters '97
arcade	866	The King of Fighters '98
arcade	867	The King of Fighters '99
arcade	820	The King of Fighters 2000
arcade	821	The King of Fighters 2001
arcade	822	The King of Fighters 2002
arcade	823	The King of Fighters 2003
arcade	796	The Simpsons
arcade	1186	The Tin Star
arcade	1187	theroes
arcade	1188	Thrash Rally
arcade	1481	Three Wonders
arcade	1413	Thunder Blade
arcade	1190	Thunder Cross
arcade	1189	Thunder Cross II
arcade	1414	Thunder Dragon 2
arcade	1466	Tiger Heli
arcade	1415	Time Pilot
arcade	1191	Time Pilot '84
arcade	1192	tndrcade
arcade	1416	Top Hunter
arcade	1193	Top Secret
arcade	1417	Toukidenshou - Angel Eyes
arcade	1439	Traverse USA
arcade	1194	Truxton / Tatsujin
arcade	1480	Truxton / Tatsujin
arcade	1476	Truxton II
arcade	1195	truxton2
arcade	1196	Turbo Force
arcade	1418	Turbo OutRun
arcade	1198	Twin Cobra
arcade	1419	Twin Cobra
arcade	1197	Twin Cobra II
arcade	1199	Twin Eagle - Revenge Joe's Brother
arcade	1200	Twin Hawk
arcade	1201	twineag2
arcade	1202	Two Crude
arcade	1420	Two Crude
arcade	1421	U.N. Defense Force: Earth Joker
arcade	1482	U.N. Squadron
arcade	1203	unsquad
arcade	1204	upndown
arcade	1469	Us Aaf Mustang
arcade	1422	Vampire: The Night Warriors
arcade	1206	Vanguard
arcade	1205	Vanguard II
arcade	1207	Vapor Trail - Hyper Offence Formation
arcade	1208	Varth: Operation Thunderstorm
arcade	1477	Varth: Operation Thunderstorm
arcade	1209	Vasara
arcade	1210	vasara2
arcade	1211	vendetta
arcade	1212	Vendetta
arcade	1423	vendetta
arcade	1213	Victory
arcade	1214	Vigilante
arcade	1425	Violence Fight
arcade	1215	Violent Storm
arcade	1217	viper
arcade	1216	Viper Phase 1
arcade	1218	vmetal
arcade	797	Vs. Super Mario Bros.
arcade	1219	Vs. Top Gun
arcade	1220	Vulcan Venture
arcade	1424	Waku Waku 7
arcade	1426	Waku Waku 7
arcade	1427	War Of Aero - Project Meiou
arcade	1221	wecleman
arcade	1222	wh2j
arcade	1458	Wild West C.o.w.
arcade	1223	Wild West C.o.w.-boys Of Moo Mesa
arcade	798	Willow
arcade	1428	Wonder Boy
arcade	1429	word heroes jet
arcade	1226	World Heroes
arcade	1430	World Heroes 1
arcade	1224	World Heroes 2
arcade	1431	World Heroes 2
arcade	1225	World Heroes Perfect
arcade	1432	World Heroes Perfect
arcade	1433	World Rally
arcade	1227	World Rally 2: Twin Racing
arcade	843	X-MEN VS. STREET FIGHTER
arcade	1434	X-MEN VS. STREET FIGHTER
arcade	868	X-Men vs. Street Fighter - HACK
arcade	1470	Xevious
arcade	1435	Xexex
arcade	1459	Xexex
arcade	1228	xmultipl
arcade	1229	Yie Ar Kung-fu
arcade	1230	Zed Blade
arcade	1436	Zed Blade
arcade	1231	Zero Wing
arcade	1437	Zero Wing
arcade	1232	zingzip
arcade	1233	Zoar
arcade	1234	Zodiack
arcade	1235	ZZZ(notgame):C69
arcade	1236	ZZZ(notgame):C70
arcade	799	ZZZ(notgame):Japan-j3
arcade	1438	ZZZ(notgame):Japan-j3
arcade	827	ZZZ(notgame):Neogeo
arcade	800	ZZZ(notgame):Pgm
arcade	828	ZZZ(notgame):Pgm (Polygame Master)
arcade	801	ZZZ(notgame):Qsound
atomiswave	1492	Animal Basket
atomiswave	1508	Demolish Fist
atomiswave	1495	Dirty Pigskin Football
atomiswave	1511	Dolphin Blue
atomiswave	1506	Extreme Hunting
atomiswave	1505	Extreme Hunting 2
atomiswave	1497	Faster Than Speed
atomiswave	1496	Fist of the North Star
atomiswave	1512	Guilty Gear Isuka
atomiswave	1510	Guilty Gear X Ver. 1.5
atomiswave	1491	King Of Fighters Neowave, The (Japan)
atomiswave	1517	Knights of Valour : The Seven Spirits
atomiswave	1514	Maximum Speed
atomiswave	1509	Metal Slug 6
atomiswave	1499	NeoGeo Battle Coliseum
atomiswave	1504	Net Select Horse Racing - Victory Furlong
atomiswave	1507	Net Select Salaryman Kintaro
atomiswave	1500	Ranger Mission
atomiswave	1501	Samurai Shodown 6 - Tale of the World's Greatest Swordsman
atomiswave	1493	Sega Bass Fishing Challenge
atomiswave	1494	Sega Clay Challenge
atomiswave	1502	Sports Shooting USA
atomiswave	1503	Sushi Bar
atomiswave	1515	The King of Fighters Neowave
atomiswave	1498	The King of Fighters XI
atomiswave	1513	The Rumble Fish
atomiswave	1516	The Rumble Fish 2
colecovision	1518	Antarctic Adventure
colecovision	1519	BurgerTime
colecovision	1520	Choplifter
colecovision	1521	Chuck Norris Superkicks
colecovision	1522	Defender
colecovision	1523	Donkey Kong
colecovision	1546	Donkey Kong Junior
colecovision	1524	Fortune Builder
colecovision	1525	Frenzy
colecovision	1526	Front Line
colecovision	1527	Galaxian
colecovision	1528	Gorf
colecovision	1529	HERO
colecovision	1530	James Bond 007
colecovision	1531	Jumpman Junior
colecovision	1532	Jungle Hunt
colecovision	1533	Montezuma's Revenge
colecovision	1534	Pepper II
colecovision	1535	Pitfall!
colecovision	1536	River Raid
colecovision	1547	Rocky - Super Action Boxing
colecovision	1537	Smurf: Rescue in Gargamel's Castle
colecovision	1538	Spy Hunter
colecovision	1539	Star Wars: The Arcade Game
colecovision	1540	Super Cobra
colecovision	1541	Tarzan
colecovision	1542	Time Pilot
colecovision	1543	Turbo
colecovision	1544	WarGames
colecovision	1545	Zaxxon
cps1	1565	Area 88
cps1	1568	Cadillacs and Dinosaurs
cps1	1551	Capcom World 2 - Adventure Quiz
cps1	1549	Carrier Air Wing
cps1	1552	Daimakaimura
cps1	1553	Dynasty Wars
cps1	1554	Final Fight
cps1	1569	Knights of the Round
cps1	1557	Magic Sword: Heroic Fantasy
cps1	1550	Mega Twins
cps1	1555	Muscle Bomber Duo: Ultimate Team Battle
cps1	1558	Nemo
cps1	1559	Pnickies
cps1	1561	Quiz & Dragons: Capcom Quiz Game
cps1	1556	Senjō no Ōkami
cps1	1562	Street Fighter II: The World Warrior
cps1	1563	Street Fighter Zero
cps1	1564	Strider
cps1	1560	The Punisher
cps1	1548	Three Wonders
cps1	1566	Varth: Operation Thunderstorm
cps1	1567	Willow
cps2	1583	1944: The Loop Master
cps2	1570	19XX: The War Against Destiny
cps2	1584	Alien vs. Predator
cps2	1571	Armored Warriors
cps2	1572	Battle Circuit
cps2	1573	Cyberbots: Full Metal Madness
cps2	1575	Darkstalkers: The Night Warriors
cps2	1574	Dimahoo
cps2	1586	Eco Fighters
cps2	1576	Giga Wing
cps2	1585	Janpai Puzzle Choukou
cps2	1587	Jyangokushi: Haoh no Saihai
cps2	1588	Mars Matrix Hyper Solid Shooting
cps2	1577	Mega Man 2: The Power Fighters
cps2	1591	Night Warriors: Darkstalkers' Revenge
cps2	1578	Progear: Storm Of Progia
cps2	1579	Puzz Loop 2
cps2	1589	Quiz Nanairo Dreams: Nijiirochou no Kiseki
cps2	1580	Ring of Destruction: Slam Masters 2
cps2	1581	Super Puzzle Fighter II Turbo
cps2	1590	Super Street Fighter II: The New Challengers
cps2	1582	Vampire Savior 2
cps3	1595	Jojo's Bizarre Adventure
cps3	1594	JoJo's Venture
cps3	1596	Red Earth
cps3	1593	Street Fighter III: 2nd Impact
cps3	1597	Street Fighter III: 3rd Strike
cps3	1592	Street Fighter III: New Generation
dreamcast	1598	102 Dalmatians - Puppies To The Rescue
dreamcast	1599	18 Wheeler - American Pro Trucker
dreamcast	1600	21 - Twoone
dreamcast	1601	4 Wheel Thunder
dreamcast	1602	4x4 Evo
dreamcast	1603	90 Minutes Sega Championship Football
dreamcast	1909	90 Minutes Sega Championship Football
dreamcast	1910	Advanced Daisenryaku 2001
dreamcast	1605	AeroWings
dreamcast	1604	AeroWings 2: Airstrike
dreamcast	1606	After... - Wasureenu Kizuna
dreamcast	1911	Aikagi - Hidamari To Kanojo No Heyagi
dreamcast	1912	Air
dreamcast	1913	Akihabara Dennou Kumi Peta Pies!
dreamcast	1607	Alien Front Online
dreamcast	1608	Alone In The Dark - The New Nightmare
dreamcast	1609	Alone in the Dark - The New Nightmare
dreamcast	1610	Angel Present
dreamcast	1914	Angel Wish
dreamcast	1915	Animastar
dreamcast	2279	Aqua GT
dreamcast	1611	Armada
dreamcast	1612	Army Men - Sarge's Heroes
dreamcast	1613	Atari Anniversary Edition
dreamcast	1916	Atsumare! Guru Guru Onsen
dreamcast	1917	Bakuretsu Muteki Bangaioh
dreamcast	1918	Baldr Force Exe
dreamcast	1614	BANG! - Gunship Elite
dreamcast	1615	Bangai-O
dreamcast	1919	Bass Rush Dream - Ecogear Powerworm Championship
dreamcast	1920	Battle Beaster
dreamcast	1921	Berserk - Sennen Teikoku no Taka-hen - Soushitsu H
dreamcast	1922	Bikkuriman 2000 - Viva!Festiva!
dreamcast	1616	Biohazard Code: Veronica - Kanzenban
dreamcast	1617	Biohazard Code: Veronica - Kanzenban
dreamcast	1923	Black/matrix Advanced
dreamcast	1924	Black/matrix Advanced
dreamcast	1618	Blue Stinger
dreamcast	1925	Blue Submarine No. 6 - Saigetsu Hito O Matazu - Time And Tide
dreamcast	1926	Blue-sky-blue - Sora O Mau Tsubasa
dreamcast	1927	Bokomu No Tatsujin
dreamcast	1928	Boku Doraemon
dreamcast	1929	Boku No Tennis Jinsei
dreamcast	1930	Boku To Bokura No Natsu
dreamcast	1931	Bomber Hehhe!
dreamcast	1619	Bomberman Online
dreamcast	1620	Border Down
dreamcast	1932	Bounty Hunter Sara - Holy Mountain No Teiou
dreamcast	1621	Buggy Heat
dreamcast	1622	Bust-A-Move 4
dreamcast	1623	Caesars Palace 2000 - Millennium Gold Edition
dreamcast	1933	Cafe Little Wish - Mahou No Recipe
dreamcast	1934	Canary - Kono Omoi wo Uta ni Nosete
dreamcast	1935	Candy Stripe - Minarai Tenshi
dreamcast	1624	Cannon Spike
dreamcast	1936	Canvas - Sepia Iro No Motif
dreamcast	1625	Capcom vs. SNK - Millennium Fight 2000
dreamcast	2276	Capcom vs. SNK 2 : Millionaire Fighting 2001
dreamcast	1626	Capcom Vs. Snk Millennium Fight 2000
dreamcast	1937	Card Of Destiny - Hikari To Yami No Tougousha
dreamcast	1938	Cardcaptor Sakura - Tomoyo no Video Daisakusen
dreamcast	1627	Carrier
dreamcast	1939	Castle Fantasia Seima Taisen
dreamcast	1628	Centipede
dreamcast	1629	Championship Surfer
dreamcast	1630	Charge 'n Blast
dreamcast	1940	Cherry Blossom
dreamcast	1631	Chicken Run
dreamcast	1941	Chocolat - Maid Cafe Curio
dreamcast	1942	Chou Hatsumei Boy Kani Pan - Bousou Roboto No Nazo!?
dreamcast	1632	Chu-Chu Rocket!
dreamcast	1633	Cleopatra Fortune
dreamcast	1634	Climax Landers
dreamcast	1943	Climax Landers
dreamcast	1944	Close To - Inori no Oka
dreamcast	1945	Comic Party
dreamcast	1946	Comic Party
dreamcast	1635	Confidential Mission
dreamcast	1636	Conflict Zone
dreamcast	2281	Conflict Zone
dreamcast	1947	Cool Boarders Burrrn!
dreamcast	1948	Cool Cool Toon
dreamcast	1637	Cosmic Smash
dreamcast	1949	Cr Hissatsu Shigotonin - Pachitte Chonmage Vp@chi
dreamcast	2256	Crazy Taxi
dreamcast	2257	Crazy Taxi 2
dreamcast	1950	Culdcept 2
dreamcast	1951	Cyber Troopers - Virtual On - Oratorio Tangram
dreamcast	1638	Cyber Troopers Virtual-On: Oratorio Tangram M.S.B.
dreamcast	1952	D+vine [luv]
dreamcast	1639	D-2
dreamcast	1640	D-2
dreamcast	1641	D-2
dreamcast	1642	D-2
dreamcast	1953	Dabitsuku
dreamcast	1954	Dance Dance Revolution 2nd Mix Dreamcast Edition
dreamcast	1955	Dance Dance Revolution Club Version Dreamcast Edition
dreamcast	1956	Dancing Blade - Katte ni Momotenshi! Kanzenban
dreamcast	1957	Dancing Blade - Katte ni Momotenshi! Kanzenban
dreamcast	1958	Dancing Blade Katte Ni Momotenshi 2 - Tears Of Eden Kanzenban
dreamcast	1959	Dancing Blade Katte Ni Momotenshi 2 - Tears Of Eden Kanzenban
dreamcast	1643	Dave Mirra Freestyle Bmx
dreamcast	1644	Daytona USA
dreamcast	2258	Daytona USA 2001
dreamcast	2259	Dead or Alive 2
dreamcast	1645	Deadly Skies
dreamcast	1646	Death Crimson 2 - Meranito No Saidan
dreamcast	1647	Death Crimson OX
dreamcast	1648	Deep Fighter
dreamcast	1649	Deep Fighter
dreamcast	1650	Demolition Racer - No Exit
dreamcast	1960	Dengen Tenshi Taisen Mahjong - Shangri-la
dreamcast	1961	Denpa Shonenteki Kenshoseikatsu Soft Nasubi No Heya
dreamcast	1962	Densha de Go! 2 - Kousoku-hen 3000 Bandai
dreamcast	1963	Derby Tsuku 2
dreamcast	1964	Despiria
dreamcast	1965	Di Gi Charat Fantasy
dreamcast	1966	Digital Keiba Shinbun - My Trackman
dreamcast	1651	Dino Crisis
dreamcast	1652	Dinosaur
dreamcast	1654	Disney's Donald Duck Quack Attack
dreamcast	1653	Disney/pixar's Buzz Lightyear Of Star Command
dreamcast	1967	Doguu Senki - Haou
dreamcast	1968	Doki Doki Idol Star Seeker Remix
dreamcast	1969	Dousoukai 2 - Again And Refrain
dreamcast	1655	Draconus - Cult of the Wyrm
dreamcast	1656	Dragon Riders - Chronicles Of Pern
dreamcast	1657	Dragon's Blood
dreamcast	1658	Ducati World Racing Challenge
dreamcast	1659	Dynamite Deka 2
dreamcast	1660	Dynamite Deka 2
dreamcast	1661	Ecco The Dolphin - Defender Of The Future
dreamcast	1662	Ecw Anarchy Rulz
dreamcast	1663	Ecw Hardcore Revolution
dreamcast	1970	Eisei Meijin 3 - Game Creator Yoshimura Nobuhiro No Zunou
dreamcast	1971	Eldorado Gate Vol. 1
dreamcast	1972	Eldorado Gate Vol. 2
dreamcast	1973	Eldorado Gate Vol. 3
dreamcast	1974	Eldorado Gate Vol. 4
dreamcast	1975	Eldorado Gate Vol. 5
dreamcast	1976	Eldorado Gate Vol. 6
dreamcast	1977	Eldorado Gate Vol. 7
dreamcast	1664	Elemental Gimmick Gear - E.g.g.
dreamcast	1978	Elysion - Eien No Sanctuary
dreamcast	1979	Erde - Nezu no Kinoshitade
dreamcast	1980	Es
dreamcast	1981	Es
dreamcast	1982	Es
dreamcast	1983	ESPION-AGE-NTS - Industrial Agents for Active Espi
dreamcast	1665	ESPN NBA 2night
dreamcast	1984	Eternal Arcadia
dreamcast	1985	Eternal Arcadia
dreamcast	1666	European Super League
dreamcast	1986	Eve Zero Kanzenban - Ark Of The Matter
dreamcast	1987	Eve Zero Kanzenban - Ark Of The Matter
dreamcast	1988	Ever 17 - The Out Of Infinity
dreamcast	1667	Evil Dead - Hail to the King
dreamcast	1668	Evil Twin - Cyprien's Chronicles
dreamcast	1669	Evolution: The World of Sacred Device
dreamcast	1670	Exhibition Of Speed
dreamcast	1989	EXODUS Guilty NEOS
dreamcast	1671	F1 Racing Championship
dreamcast	1672	F1 World Grand Prix for Dreamcast
dreamcast	1673	F355 Challenge
dreamcast	1895	Fast Striker
dreamcast	1674	Fatal Fury: Mark of the Wolves
dreamcast	1896	Feet of Fury
dreamcast	1675	Fighting Force 2
dreamcast	1676	Fighting Vipers 2
dreamcast	1990	Fire ProWrestling D
dreamcast	1991	First Kiss Monogatari 2 - Anata Ga Irukara
dreamcast	1992	First Kiss Monogatari 2 - Anata Ga Irukara
dreamcast	1993	First Kiss Monogatari 2 - Anata Ga Irukara
dreamcast	1994	First Kiss Monogatari 2 - Anata Ga Irukara
dreamcast	1995	Fish Eyes Wild
dreamcast	1677	Flag to Flag
dreamcast	1678	Floigan Bros. - Episode 1
dreamcast	1996	For Symphony - With All One's Heart
dreamcast	1997	Fragrance Tale
dreamcast	1998	Frame Gride
dreamcast	1999	Frame Gride
dreamcast	1679	Frogger 2 - Swampy's Revenge
dreamcast	1680	Fur Fighters
dreamcast	2000	Fushigi no Dungeon - Fuurai no Shiren Gaiden - Onnakenshi Asuka Kenzan!
dreamcast	2001	Gaiamaster - Kessen! Seiki-ou Densetsu
dreamcast	2002	Gakkyuu Ou Yamazaki - Yamazaki Oukoku Daifunsou!
dreamcast	2003	Ganbare Nippon! - Olympics 2000
dreamcast	1681	Ganbare Nippon! Olympic 2000
dreamcast	1682	Gauntlet Legends
dreamcast	2004	Get Bass - Sega Bass Fishing
dreamcast	2005	Get Bass 2
dreamcast	2006	Get!! Colonies
dreamcast	1683	Getbass
dreamcast	1684	Ghost Blade
dreamcast	2007	Giant Gram - Zen Nihon Pro Wres 2 In Nihon Budoukan
dreamcast	2008	Giant Gram 2000 - Zen Nihon Pro Wres 3 Eikou No Yuushatachi
dreamcast	1686	Giga Wing
dreamcast	1685	Giga Wing 2
dreamcast	1687	GK - Giant Killers
dreamcast	2009	Godzilla Generations - Maximum Impact
dreamcast	2010	Golem No Maigo
dreamcast	1688	Golf Shiyouyo
dreamcast	2011	Golf Shiyouyo 2 - Aratanaru Chousen
dreamcast	2012	Golf Shiyouyo Course Data Adventure-hen
dreamcast	1689	Grand Theft Auto 2
dreamcast	1690	Grandia 2
dreamcast	2013	Grauen No Torikago - Kapitel 1 - Keiyaku
dreamcast	2014	Grauen No Torikago - Kapitel 2 - Torikago
dreamcast	2015	Grauen No Torikago - Kapitel 3 - Kansei
dreamcast	2016	Grauen No Torikago - Kapitel 4 - Kaikou
dreamcast	1691	Grinch, The
dreamcast	1692	Guilty Gear X
dreamcast	1693	Gunbird 2
dreamcast	2017	Gundam Battle Online
dreamcast	2018	Gundam Side Story 0079 - Rise from the Ashes
dreamcast	1897	Gunlord
dreamcast	1694	Gunspike
dreamcast	2019	Guru Guru Onsen 2
dreamcast	2020	Guru Guru Onsen 3
dreamcast	2021	Hanagumi Taisen Columns 2
dreamcast	2022	Happy Breeding
dreamcast	2023	Happy Lesson
dreamcast	2024	Harusame Youbi
dreamcast	1695	Headhunter
dreamcast	1696	Headhunter
dreamcast	1697	Heavy Metal - Geomatrix
dreamcast	2025	Heisei Mahjong Sou
dreamcast	2026	Hello Kitty no Garden Panic
dreamcast	2027	Hello Kitty No Lovely Fruit Park
dreamcast	2028	Hello Kitty no Magical Block
dreamcast	2029	Hello Kitty No Otonaru Mail
dreamcast	2030	Hello Kitty No Waku Waku Cookies
dreamcast	1698	Hidden & Dangerous
dreamcast	2031	Himitsu - Yui Ga Ita Natsu
dreamcast	1699	House Of The Dead 2, The
dreamcast	1700	Hoyle Casino
dreamcast	2032	Hundred Swords
dreamcast	1701	Hydro Thunder
dreamcast	2033	Idol Janshi Wo Tsukucchaou
dreamcast	1702	Ikaruga
dreamcast	1703	Illbleed
dreamcast	1704	Incoming
dreamcast	1705	Industrial Spy: Operation Espionage
dreamcast	1898	Inhabitants
dreamcast	2034	Inoue Ryouko - Last Scene
dreamcast	2035	Inoue Ryouko - Roommate
dreamcast	2036	Interlude
dreamcast	1899	Irides - Master Of Blocks
dreamcast	2037	Iris
dreamcast	1706	Iron Aces
dreamcast	2038	Iron Aces
dreamcast	2039	Izumo
dreamcast	2040	J.League Pro Soccer Club wo Tsukurou!
dreamcast	2041	J.League Pro Soccer Club wo Tsukurou!
dreamcast	2042	Jahmong
dreamcast	1707	Jeremy McGrath Supercross 2000
dreamcast	1708	Jet Coaster Dream
dreamcast	2044	Jet Coaster Dream
dreamcast	2043	Jet Coaster Dream 2
dreamcast	2260	Jet Set Radio
dreamcast	2045	Jikkyou Powerful Pro Yakyu - Dreamcast Edition
dreamcast	1709	Jimmy White's 2 - Cueball
dreamcast	2046	Jinsei Game For Dreamcast
dreamcast	2047	Jissen Pachislo Hisshouhou! @ VP@CHI - Kongdom
dreamcast	1710	JoJo's Bizarre Adventure
dreamcast	2048	July
dreamcast	2049	Kaen Seibo - The Virgin on Megiddo
dreamcast	2050	Kaen Seibo - The Virgin on Megiddo
dreamcast	2051	Kaitou Apricot
dreamcast	2052	Kanon
dreamcast	1711	KAO the Kangaroo
dreamcast	2053	Karous
dreamcast	2054	Kaze No Uta
dreamcast	2055	Kidou Senkan Nadesico - Nadesico The Mission
dreamcast	2056	Kidou Senshi Gundam - Gihren No Yabou - Zeon No Keifu
dreamcast	2057	Kidou Senshi Gundam - Gihren No Yabou - Zeon No Keifu
dreamcast	2058	Kidou Senshi Gundam - Renpou Vs. Zeon And Dx
dreamcast	2059	Kidou Senshi Gundam - Renpou Vs. Zeon And Dx
dreamcast	2060	Kimi Ga Nozomu Eien
dreamcast	1712	King of Fighters, The - Dream Match 1999
dreamcast	1713	Kiss Psycho Circus - The Nightmare Child
dreamcast	2061	Kita He - White Illumination
dreamcast	2062	Kita He - White Illumination
dreamcast	2063	Kitahei Gold
dreamcast	2064	Kiteretsu Boy's Gangagan
dreamcast	2065	Konohana - True Report
dreamcast	2066	Konohana 2 - Todokanai Requiem
dreamcast	2067	Kuon no Kizuna - Sairinshou
dreamcast	2068	L.o.l.
dreamcast	2069	Lake Masters Pro - Dreamcast Plus!
dreamcast	2070	Langrisser Millennium
dreamcast	1901	Last Hope
dreamcast	1900	Last Hope - Pink Bullets
dreamcast	1714	Legacy Of Kain - Soul Reaver
dreamcast	1715	Looney Tunes - Space Race
dreamcast	2071	Love Hina - Smile Again
dreamcast	2072	Maboroshi Tsukiyo
dreamcast	2073	Macross M3
dreamcast	1716	Magforce Racing
dreamcast	2074	Magic - The Gathering
dreamcast	2075	Mahjong Taikai 2 Special
dreamcast	2076	Majo No Ocha-kai
dreamcast	1717	Maken X
dreamcast	1718	Mans 24 Hours, Le
dreamcast	2077	Marie to Elie no Atelier - Salberg no Renkinjutsushi 1-2
dreamcast	2079	Marionette Company
dreamcast	2078	Marionette Company 2 Chu!
dreamcast	1719	Mars Matrix
dreamcast	1720	Marvel vs. Capcom - Clash of Super Heroes
dreamcast	2261	Marvel vs. Capcom 2 : New Age of Heroes
dreamcast	1721	Mat Hoffman's Pro Bmx
dreamcast	1722	Max Steel - Covert Missions
dreamcast	1723	Maximum Pool
dreamcast	1724	Mdk 2
dreamcast	2080	Mei Puru
dreamcast	2081	Memories Off 2nd
dreamcast	2082	Memories Off Complete
dreamcast	2083	Mercurius Pretty - End Of The Century
dreamcast	2084	Merge - Marginal
dreamcast	2085	Metal Wolf
dreamcast	1725	Metropolis Street Racer
dreamcast	1726	Midway's Greatest Arcade Hits Volume 1
dreamcast	1727	Midway's Greatest Arcade Hits Volume 2
dreamcast	2086	Milky Season
dreamcast	2087	Millennium Soldier - Expendable
dreamcast	1728	Millennium Soldier: Expendable
dreamcast	2088	Miss Moonlight
dreamcast	2089	Missing Parts - The Tantei Stories
dreamcast	2090	Missing Parts 2 - The Tantei Stories
dreamcast	2091	Missing Parts 3 - The Tantei Stories
dreamcast	2092	Mizuiro
dreamcast	2093	Moekan
dreamcast	1729	Moho
dreamcast	1730	Monaco Grand Prix: Racing Simulation 2
dreamcast	2094	Morita No Saikyou Reversi
dreamcast	2095	Morita No Saikyou Shougi
dreamcast	1731	Mortal Kombat Gold
dreamcast	2096	Motto Pro Yakyuu Team o Tsukurou!
dreamcast	1732	Mr. Driller
dreamcast	1733	Ms. Pac-Man - Maze Madness
dreamcast	1734	MTV Sports - Skateboarding Featuring Andy Macdonal
dreamcast	2097	Musapey's Choco Marker
dreamcast	2098	My Merry May
dreamcast	2099	My Merry Maybe
dreamcast	2100	My Merry Maybe
dreamcast	2101	Nakoruru - Ano Hito Kara No Okurimono
dreamcast	1735	Namco Museum
dreamcast	2102	Nanatsu No Hikan - Senritsu No Bishou
dreamcast	1736	Nba 2k
dreamcast	1737	Nba 2k1
dreamcast	1738	Nba 2k2
dreamcast	1739	Nba Showtime - Nba On Nbc
dreamcast	1740	NCAA College Football 2K2 - Road to the Rose Bowl
dreamcast	2103	Neo Golden Logres
dreamcast	1902	Neo Xyx
dreamcast	2104	Neppachi - 10-ren Chan De Las Vegas Ryokou
dreamcast	2105	Neppachi 6 - Cr Otakara Tankentai
dreamcast	2106	Neppachi II @ VP@CHI - CR Harenchi Gakuen
dreamcast	2107	Neppachi III @VPACHI - CR Dokonjou Gaeru 2 - CR Dokonjou Gaeru H
dreamcast	2108	Neppachi IV @VPACHI - CR Ah! Hanano Ouendan 3
dreamcast	2109	Neppachi V @ VP@CHI - CR Monster House
dreamcast	2110	Net De Para
dreamcast	2111	Net Versus - Chess
dreamcast	2112	Net Versus - Gomoku Narabe To Renju
dreamcast	2113	Net Versus - Hanafuda
dreamcast	2114	Net Versus - Igo
dreamcast	2115	Net Versus - Mahjong
dreamcast	2116	Net Versus - Reversi
dreamcast	2117	Net Versus - Shougi
dreamcast	2118	Netto De Tennis
dreamcast	2119	Nettou Golf
dreamcast	2120	Never 7 - The End Of Infinity
dreamcast	1741	Nfl 2k1
dreamcast	1742	Nfl 2k2
dreamcast	1743	NFL Blitz 2000
dreamcast	1744	Nfl Blitz 2001
dreamcast	1745	Nfl Qb Club 2001
dreamcast	1746	Nfl Quarterback Club 2000
dreamcast	1747	NHL 2K
dreamcast	1748	NHL 2K2
dreamcast	1749	Nightmare Creatures 2
dreamcast	2121	Nihon Pro Mahjong Renmei Kounin - Tetsuman Menkyokaiden
dreamcast	2122	Nijuuei
dreamcast	2123	Nishikaze No Kyoushikyoku - The Rhapsody Of Zephyr
dreamcast	2124	Nobunaga No Yabou - Reppuuden
dreamcast	2125	Nobunaga No Yabou - Shouseiroku With Power-up Kit
dreamcast	2126	Ogami Ichiro Funtouki - Sakura Taisen Kayou Show Benitokage Yori
dreamcast	2127	Ogami Ichiro Funtouki - Sakura Taisen Kayou Show Benitokage Yori
dreamcast	1750	Omikron - The Nomad Soul
dreamcast	2128	Omoide Ni Kawaru Kimi - Memories Off
dreamcast	1751	Ooga Booga
dreamcast	2129	Orange Pocket - Cornet
dreamcast	2130	Ouka Houshin - Ouka Saki Shi Toki
dreamcast	1752	Outtrigger
dreamcast	2132	Pachi-slot Teiou - Dream Slot - Heiwa Sp
dreamcast	2133	Pachi-slot Teiou - Dream Slot - Olympia Sp
dreamcast	2131	Pachinko No Dendou - Cr Nanasy
dreamcast	2134	Pandora No Yume
dreamcast	2135	Panzer Front
dreamcast	2136	Patisserie Na Nyanko - Hatsukoi Wa Ichigo Aji
dreamcast	1753	Pen Pen Triicelon
dreamcast	1755	Phantasy Star Online
dreamcast	1754	Phantasy Star Online Ver.2
dreamcast	2137	Pia Carrot E Youkoso!! 2.5
dreamcast	2138	Pia Carrot E Youkoso!! 2.5
dreamcast	2139	Pia Carrot E Youkoso!! 3
dreamcast	1903	Pier Solar and the Great Architects
dreamcast	2140	Pizzicato Polka - Ensa Gen'ya
dreamcast	1756	Planet Ring
dreamcast	2141	Plasma Sword - Nightmare of Bilstein
dreamcast	1757	Plasma Sword: Nightmare of Bilstein
dreamcast	2142	Plus Plumb
dreamcast	2143	Pocke-kano - Yumi - Shizuka - Fumio
dreamcast	1758	POD 2 - Multiplayer Online
dreamcast	1759	POD SpeedZone
dreamcast	2147	Pop'n Music
dreamcast	2144	Pop'n Music 2
dreamcast	2145	Pop'n Music 3 Append Disc
dreamcast	2146	Pop'n Music 4 - Append Disc
dreamcast	1760	Power Jet Racing 2001
dreamcast	1762	Power Smash
dreamcast	1761	Power Smash 2
dreamcast	1764	Power Stone
dreamcast	1763	Power Stone 2
dreamcast	1765	Prince of Persia - Arabian Nights
dreamcast	2148	Princess Holiday - Korogaru Ringotei Senyaichiya
dreamcast	2149	Princess Maker Collection
dreamcast	2150	Prism Heart
dreamcast	2151	Prism Heart
dreamcast	2152	Prismaticallization
dreamcast	2153	Pro Mahjong Kiwame D
dreamcast	2154	Pro Yakyu Team de Asobou!
dreamcast	2155	Pro Yakyuu Team O Tsukurou! And Asobou!
dreamcast	1767	Pro-pinball Trilogy
dreamcast	1766	Project Justice - Rival Schools 2
dreamcast	2156	Project Justice - Rival Schools 2
dreamcast	1768	Psychic Force 2012
dreamcast	1769	Psyvariar 2 - The Will To Fabricate
dreamcast	2157	Puyo Puyo 4
dreamcast	2158	Puyo Puyo Da! Featuring Ellena System
dreamcast	2159	Puyo Puyo Fever
dreamcast	2160	Puzzle Bobble 4
dreamcast	1770	Q-bert
dreamcast	1771	Quake 3 Arena
dreamcast	1772	Quiz Aa Megami-sama - Tatakau Tsubasa To Tomoni
dreamcast	2161	Radirgy
dreamcast	1773	Railroad Tycoon II
dreamcast	2162	Rainbow Cotton
dreamcast	1774	Rayman 2: The Great Escape
dreamcast	1775	Razor Freestyle Scooter,
dreamcast	1787	Re-volt
dreamcast	1777	Ready 2 Rumble Boxing
dreamcast	1776	Ready 2 Rumble Boxing Round 2
dreamcast	2163	Real Sound - Kaze No Regret
dreamcast	2164	Real Sound - Kaze No Regret
dreamcast	1778	Record of Lodoss War
dreamcast	2280	Record of Lodoss War
dreamcast	1779	Red Dog - Superior Firepower
dreamcast	1780	Redline Racer
dreamcast	2165	Redline Racer
dreamcast	1904	Redux - Dark Matters
dreamcast	1781	Reel Fishing | Wild
dreamcast	2166	Ren'ai Chu! Happy Perfect
dreamcast	2167	Rent a Hero No. 1
dreamcast	1782	Resident Evil 2
dreamcast	1783	Resident Evil 2
dreamcast	1784	Resident Evil 3 - Nemesis
dreamcast	2282	Resident Evil Code : Veronica
dreamcast	2283	Resident Evil Code : Veronica
dreamcast	1785	Resident Evil Code Veronica
dreamcast	1786	Resident Evil Code Veronica
dreamcast	2168	Revive... - Sosei
dreamcast	1788	Rez
dreamcast	1789	Rippin' Riders
dreamcast	1790	Roadsters
dreamcast	2169	Roommania #203
dreamcast	2170	Roommate Asami - Okusama Wa Joshikousei - Director's Edition
dreamcast	2171	Roommate Novel - Satou Yuka
dreamcast	2172	Run=Dim as Black Soul
dreamcast	2173	Rune Caster
dreamcast	2174	Rune Jade
dreamcast	1905	Rush Rush Rally Racing
dreamcast	2175	Sakura Taisen 2 - Kimi, Shinitamou Koto Nakare
dreamcast	2176	Sakura Taisen 2 - Kimi, Shinitamou Koto Nakare
dreamcast	2177	Sakura Taisen 2 - Kimi, Shinitamou Koto Nakare
dreamcast	2178	Sakura Taisen 3
dreamcast	2179	Sakura Taisen 3
dreamcast	2180	Sakura Taisen 3
dreamcast	2181	Sakura Taisen 4
dreamcast	1791	Samba De Amigo
dreamcast	1792	San Francisco RUSH 2049
dreamcast	2182	Sangokushi 6
dreamcast	1793	Seaman
dreamcast	1794	Sega Bass Fishing 2
dreamcast	1795	Sega Extreme Sports
dreamcast	1796	Sega GT
dreamcast	1797	Sega Marine Fishing
dreamcast	2262	Sega Rally 2
dreamcast	1798	Sega Smashpack Volume 1
dreamcast	2183	Sega Tetris
dreamcast	1799	Sega Worldwide Soccer 2000
dreamcast	2184	Segagaga
dreamcast	2185	Seireiki Rayblade
dreamcast	2186	Sekai Fushigi Hakken! Troy
dreamcast	2187	Sengoku Turb
dreamcast	2188	Sentimental Graffiti - Yakusoku
dreamcast	2189	Sentimental Graffiti 2
dreamcast	2190	Sentimental Graffiti 2
dreamcast	1906	Seven Mansions
dreamcast	1800	Seventh Cross Evolution
dreamcast	1801	Shadow Man
dreamcast	2191	Shanghai Dynasty
dreamcast	1803	Shenmue
dreamcast	2263	Shenmue
dreamcast	2264	Shenmue
dreamcast	2277	Shenmue
dreamcast	1802	Shenmue II
dreamcast	2265	Shenmue II
dreamcast	2266	Shenmue II
dreamcast	2267	Shenmue II
dreamcast	2192	Shikigami no Shiro II
dreamcast	2193	Shin Honkaku Hanafuda
dreamcast	2194	Shin Nihon Pro Wrestling Toukon Retsuden 4
dreamcast	2195	Shin Seiki Evangelion - Typing E Keikaku
dreamcast	2196	Shin Seiki Evangelion - Typing Hokan Keikaku
dreamcast	2197	Shinki Sekai Evolution
dreamcast	1804	Shinkisekai Evolution 2 - Tooi Yakusoku
dreamcast	2198	Shinkisekai Evolution 2 - Tooi Yakusoku
dreamcast	2199	Shinseiki Evangelion - Ayanami Ikusei Keikaku
dreamcast	2200	Shirotsumesouwa - Episode Of The Clovers
dreamcast	2202	Shutokou Battle
dreamcast	2201	Shutokou Battle 2
dreamcast	1805	Silent Scope
dreamcast	1806	Silver
dreamcast	2203	Simple 2000 Series DC Vol 03 : Fureai : The
dreamcast	2204	Simple 2000 Series DC Vol 04 : Okaeri! The R
dreamcast	2205	Simple 2000 Series DC Vol.02 - Natsuiro Celebration - The Renai Simulation
dreamcast	2206	Simple2000 Series DC Vol. 01 - Bittersweet Fools -
dreamcast	2207	Sister Princess Premium Edition
dreamcast	2208	Sister Princess Premium Edition
dreamcast	1807	Skies of Arcadia
dreamcast	1808	Skies of Arcadia
dreamcast	1809	Slave Zero
dreamcast	1810	SnoCross - Championship Racing
dreamcast	1811	Snow Surfers
dreamcast	2209	Soccer Tsuku Tokudaigou 2 - J.league Pro Soccer Club O Tsukurou!
dreamcast	1812	Soldier Of Fortune
dreamcast	2278	Sonic Adventure
dreamcast	2268	Sonic Adventure 2
dreamcast	1813	Sonic Shuffle
dreamcast	2210	Sorcerian - Shichisei Mahou no Shito
dreamcast	2211	Soukou No Kihei - Space Griffon
dreamcast	2269	Soul Fighter
dreamcast	2270	SoulCalibur
dreamcast	1814	South Park - Chef's Luv Shack
dreamcast	1815	South Park Rally
dreamcast	1816	Space Channel 5
dreamcast	1817	Spawn - In The Demon's Hand
dreamcast	1818	Spec Ops II - Omega Squad
dreamcast	1819	Speed Devils
dreamcast	1820	Spider-man
dreamcast	1821	Spirit of Speed 1937
dreamcast	1822	Sports Jam
dreamcast	1823	Star Wars - Demolition
dreamcast	1824	Star Wars - Episode I Jedi Power Battles
dreamcast	1825	Star Wars - Episode I Racer
dreamcast	1826	Starlancer
dreamcast	1827	Street Fighter 3 - 3rd Strike
dreamcast	1828	Street Fighter III: Double Impact
dreamcast	1829	Street Fighter Zero 3
dreamcast	1830	Striker Pro 2000
dreamcast	1831	Stunt Gp
dreamcast	1832	Stupid Invaders
dreamcast	1833	Stupid Invaders
dreamcast	1834	Sturmwind
dreamcast	2212	Suigetsu - Mayoigokoro
dreamcast	2213	Suigetsu - Mayoigokoro
dreamcast	2214	Suika
dreamcast	2215	Sunrise Eiyuutan
dreamcast	1835	Super Magnetic Neo
dreamcast	2216	Super Producers - Mezase Show Biz Kai
dreamcast	1907	Super Puzzle Fighter 2 X
dreamcast	2217	Super Robot Taisen Alpha For Dreamcast
dreamcast	1836	Super Runabout: The Golden State
dreamcast	2218	Super Speed Racing
dreamcast	1837	Surf Rocket Racers
dreamcast	2219	Sweet Season
dreamcast	1838	Sword of the Berserk: Guts' Rage
dreamcast	1839	Sydney 2000
dreamcast	2220	Taisen Net Gimmick - Capcom And Psikyo All Stars
dreamcast	2221	Tako No Marine
dreamcast	2222	Tamakyuu
dreamcast	2223	Tanaka Torahiko No Ultra-ryuu Shougi - Ibisha Anaguma-hen
dreamcast	2224	Tantei Shinshi Dash!
dreamcast	1840	Taxi 2 - Le Jeu
dreamcast	1841	Tech Romancer
dreamcast	2225	Tech Romancer
dreamcast	1842	Tennis 2K2
dreamcast	2226	Tenohira Wo, Taiyou Ni
dreamcast	2227	Tentama - 1st Sunny Side
dreamcast	1843	Test Drive 6
dreamcast	1844	Tetris 4D
dreamcast	1845	The King of Fighters 2000
dreamcast	1846	The King Of Fighters 2001
dreamcast	1847	The King Of Fighters 2002
dreamcast	1848	The King of Fighters Evolution
dreamcast	1849	The Last Blade 2: Heart of the Samurai
dreamcast	1850	The Next Tetris - On-line Edition
dreamcast	1851	The Ring: Terror's Realm
dreamcast	2228	The Shinri Game
dreamcast	1852	The Typing Of The Dead
dreamcast	2229	The Typing of the Dead
dreamcast	1853	TNN Motorsports Hardcore Heat
dreamcast	2230	Tokusatsu Bouken Katsugeki Super Hero Retsuden
dreamcast	2231	Tokyo Bus Guide
dreamcast	1854	Tokyo Highway Challenge
dreamcast	1856	Tokyo Xtreme Racer
dreamcast	1855	Tokyo Xtreme Racer 2
dreamcast	1857	Tom Clancy's Rainbow Six - Rogue Spear + Mission Pack - Urban Operations
dreamcast	1858	Tomb Raider - Chronicles
dreamcast	1859	Tomb Raider: The Last Revelation
dreamcast	1861	Tony Hawk's Pro Skater
dreamcast	1860	Tony Hawk's Pro Skater 2
dreamcast	1862	Toy Commander
dreamcast	2232	Toy Commander
dreamcast	1863	Toy Racer
dreamcast	1864	Toy Story 2 - Buzz Lightyear to the Rescue!
dreamcast	2233	Treasure Strike
dreamcast	1865	TrickStyle
dreamcast	2234	Tricolore Crise
dreamcast	1866	Trigger Heart Exelica
dreamcast	1867	Trizeal
dreamcast	2235	Tsuki Wa Higashi Ni Hi Wa Nishi Ni - Operation Sanctuary
dreamcast	2236	Tsuushin Taisen Logic Battle Daisessen
dreamcast	2237	Twinkle Star Sprites
dreamcast	1868	UEFA Dream Soccer
dreamcast	1869	UEFA Striker
dreamcast	2238	UEFA Striker
dreamcast	1870	Ultimate Fighting Championship
dreamcast	1871	Under Defeat
dreamcast	1872	Undercover Ad2025 Kei
dreamcast	2271	Unreal Tournament
dreamcast	1873	Urban Chaos
dreamcast	2239	Utau - Tumbling Dice
dreamcast	2272	V-Rally 2 : Expert Edition
dreamcast	1874	Vampire Chronicle For Matching Service
dreamcast	1875	Vanishing Point
dreamcast	2240	Vermilion Desert
dreamcast	1876	Vigilante 8: Second Offense
dreamcast	1877	Virtua Athlete 2K
dreamcast	2273	Virtua Cop 2
dreamcast	2274	Virtua Fighter 3tb
dreamcast	1878	Virtua Striker 2 Ver. 2000.1
dreamcast	1879	Virtua Tennis
dreamcast	2275	Virtua Tennis 2 : Sega Professional Tennis
dreamcast	1880	Wacky Races
dreamcast	1881	Walt Disney World Quest - Magical Racing Tour
dreamcast	2241	Weakness Hero Torauman Dc
dreamcast	2242	Web Mystery - Yochimu O Miru Neko
dreamcast	2243	Web Mystery - Yochimu O Miru Neko
dreamcast	1882	Wetrix+
dreamcast	1883	Who Wants to Be a Millionaire
dreamcast	1884	Wild Metal
dreamcast	2244	Wind - A Breath Of Heart
dreamcast	1908	Wind and Water - Puzzle Battles
dreamcast	2245	Winning Post 4 - Program 2000
dreamcast	2246	World Neverland 2 Plus - Pluto Kyouwakoku Monogatari
dreamcast	2247	World Neverland Plus - Orurudo Oukoku Monogatari
dreamcast	1885	World Series Baseball 2k1
dreamcast	1886	World Series Baseball 2K2
dreamcast	1887	Worms Armageddon
dreamcast	1888	Worms World Party
dreamcast	1889	WWF Attitude
dreamcast	1890	Wwf Royal Rumble
dreamcast	1891	Xtreme Sports
dreamcast	2248	Yoshia No Oka De Nekoronde...
dreamcast	2249	Yukawa Moto Senmu No Otakara Sagashi
dreamcast	2250	Yukigatari
dreamcast	2251	Yume No Tsubasa - Fate Of Heart
dreamcast	2252	Yuukyuu Gensoukyoku 3 - Perpetual Blue
dreamcast	1892	Zero Gunner 2
dreamcast	1893	Zombie Revenge
dreamcast	2253	Zusar Vasar
dreamcast	2254	ZZZ(notgame):Dejiko No Maibura
dreamcast	1894	ZZZ(notgame):Generator Vol. 1
dreamcast	2255	ZZZ(notgame):Hello Kitty No Dream Passport 2
fds	2520	Adian no Tsue
fds	2284	Ai Senshi Nicol
fds	2285	Aki to Tsukasa no Fushigi no Kabe
fds	2286	Akumajou Dracula
fds	2287	Akuu Senki Raijin
fds	2288	All Night Nippon Super Mario Brothers
fds	2289	Apple Town Monogatari - Little Computer People
fds	2290	Armana no Kiseki
fds	2291	Aspic - Majaou no Noroi (Japan)
fds	2292	Backgammon (Japan) [b]
fds	2293	Bakutoushi Patton-kun (Japan)
fds	2294	Baseball (Japan)
fds	2295	Big Challenge! Dogfight Spirit (Japan) [b]
fds	2296	Big Challenge! Go! Go! Bowling (Japan)
fds	2297	Big Challenge! Gun Fighter (Japan)
fds	2298	Big Challenge! Juudou Senshuken
fds	2299	Bio Miracle Bokutte Upa
fds	2300	Bishoujo Alien Battle (Japan) (Unl)
fds	2301	Bishoujo Control (Japan) (Unl)
fds	2302	Bishoujo Hanafuda Club Vol.1 - Oichokabu Hen (Japan) (Unl)
fds	2303	Bishoujo Hanafuda Club Vol.2 - Koikoi Bakappana Hen (Japan) (Unl)
fds	2304	Bishoujo Kachinuki Renju - Gomoku Narabe (Japan) (Unl)
fds	2305	Bishoujo Mahjong Club (Japan) (Unl)
fds	2306	Bishoujo Sexy Derby (Japan) (Unl)
fds	2307	Bishoujo Sexy Puzzle (Japan) (Unl)
fds	2308	Bishoujo Sexy Slot (Japan) (Unl)
fds	2309	Bishoujo Shashinkan - Moving School (Japan) (Unl)
fds	2310	Bishoujo Shashinkan - Studio Cut (Japan) (Unl)
fds	2311	Bodycon Quest I - Abakareshi Musume Tachi (Japan) (Disk 1) (Unl)
fds	2312	Bodycon Quest I - Abakareshi Musume Tachi (Japan) (Disk 2) (Unl)
fds	2313	Bomber Man (Japan) (Disk Writer) [b]
fds	2314	Breeder (Japan) [b]
fds	2315	Bubble Bobble (Japan) [b]
fds	2316	BurgerTime (Japan) (Disk Writer) [b]
fds	2317	Casino de Pink (Japan) (Unl) [b]
fds	2318	Chitei Tairiku Ordola (Japan)
fds	2319	Cleopatra no Mahou (Japan) [b]
fds	2320	Clu Clu Land (Japan) (Disk Writer) [b]
fds	2321	Cocona World
fds	2322	Dandy - Zeuon no Fukkatsu (Japan) [b]
fds	2323	Date de Blackjack (Japan) (Unl)
fds	2324	Dead Zone (Japan)
fds	2325	Dig Dug (Japan) (Disk Writer) [b]
fds	2326	Dig Dug II (Japan) (Disk Writer) [b]
fds	2327	Dirty Pair - Project Eden (Japan)
fds	2328	Donkey Kong (Japan) (Disk Writer)
fds	2329	Donkey Kong Jr. (Japan) (Disk Writer)
fds	2330	Doremikko (Japan) [b]
fds	2331	Dr. Chaos - Jigoku no Tobira (Japan)
fds	2332	Dracula II - Noroi no Fuuin (Japan)
fds	2333	Druid - Kyoufu no Tobira (Japan)
fds	2334	Egger Land (Japan)
fds	2335	Egger Land - Souzou e no Tabidachi (Japan) (Disk Writer) [b]
fds	2336	Electrician (Japan)
fds	2337	Emi-chan no Moero Yakyuuken! (Japan) (Unl)
fds	2338	Esper Dream (Japan) [b]
fds	2339	Exciting Baseball (Japan)
fds	2340	Exciting Basket (Japan)
fds	2341	Exciting Billiard (Japan)
fds	2342	Exciting Soccer - Konami Cup (Japan)
fds	2343	Fairy Pinball - Yousei Tachi no Pinball (Japan) (Unl)
fds	2344	Fairytale (Japan) [b]
fds	2345	Falsion (Japan)
fds	2346	Famicom Grand Prix - F1 Race (Japan)
fds	2347	Famicom Grand Prix II - 3D Hot Rally (Japan)
fds	2348	Famicom Mukashibanashi - Shin Onigashima - Kouhen (Japan)
fds	2349	Famicom Mukashibanashi - Shin Onigashima - Zenpen (Japan) [b]
fds	2350	Famicom Mukashibanashi - Yuuyuuki - Kouhen (Japan)
fds	2351	Famicom Mukashibanashi - Yuuyuuki - Zenpen (Japan)
fds	2352	Famicom Tantei Club - Kieta Koukeisha - Kouhen (Japan)
fds	2353	Famicom Tantei Club - Kieta Koukeisha - Zenpen (Japan)
fds	2354	Famicom Tantei Club Part II - Ushiro ni Tatsu Shoujo - Kouhen (Japan) [b]
fds	2355	Famicom Tantei Club Part II - Ushiro ni Tatsu Shoujo - Zenpen (Japan) [b]
fds	2356	Family Composer (Japan) [b]
fds	2357	Famimaga Disk Vol. 1 - Hong Kong (Japan) [b]
fds	2358	Famimaga Disk Vol. 2 - Panic Space (Japan) (Disk Writer) [b]
fds	2359	Famimaga Disk Vol. 3 - All 1 (Japan) (Disk Writer) [b]
fds	2360	Famimaga Disk Vol. 4 - Clox (Japan) (Disk Writer) [b]
fds	2361	Famimaga Disk Vol. 5 - Puyo Puyo (Japan) (Disk Writer) [b]
fds	2362	Famimaga Disk Vol. 6 - Janken Disk Jou (Japan) (Disk Writer) [b]
fds	2363	Final Commando - Akai Yousai (Japan)
fds	2364	Fire Bam (Japan)
fds	2365	Fire Rock (Japan)
fds	2366	Fuuun Shourin Ken (Japan)
fds	2367	Fuuun Shourin Ken - Ankoku no Maou (Japan)
fds	2368	Galaga (Japan) (Disk Writer) [b]
fds	2369	Galaxian (Japan) (Disk Writer) [b]
fds	2370	Gall Force - Eternal Story (Japan)
fds	2371	Game no Tatsujin - Money Wars (Japan) (Unl)
fds	2372	German Tanteidan MarinGumi - Maruhi Jigomar Sousa File (Japan) [b]
fds	2373	Ginga Denshou - Galaxy Odyssey (Japan)
fds	2374	Gokuraku Yuugi - Game Tengoku (Japan) [b]
fds	2375	Golf (Japan)
fds	2377	Golf - Japan Course (Japan)
fds	2376	Golf - Japan Course (Japan) (Prize Card)
fds	2378	Golf - Special Course (Japan) (Prize Card)
fds	2379	Golf - US Course (Japan)
fds	2380	Golf, The - Bishoujo Classic (Japan) (Unl)
fds	2381	Goonies (Japan) (Disk Writer) [b]
fds	2382	Green Beret (Japan) [b]
fds	2383	Gun.Smoke (Japan) [b]
fds	2384	Gyruss (Japan) [b]
fds	2385	Halley Wars (Japan) [b]
fds	2386	Hao-kun no Fushigi na Tabi (Japan) [b]
fds	2387	Hayama Reiko no Date de Blackjack (Japan) (Unl)
fds	2388	Hikaru Genji - Roller Panic (Japan) [b]
fds	2389	I Am a Teacher - Super Mario no Sweater (Japan) [b]
fds	2390	I Am a Teacher - Teami no Kiso (Japan) [b]
fds	2391	Ice Climber (Japan) (Disk Writer) [b]
fds	2392	Ice Hockey (Japan)
fds	2393	Idol Hotline - Nakayama Miho no Tokimeki High School (Japan)
fds	2394	Igo - Kyuu Roban Taikyoku (Japan)
fds	2395	Ishidou (Japan) (Disk Writer) [b]
fds	2396	Jikai Shounen Met Mag (Japan)
fds	2397	Jingorou (Japan) (Unl)
fds	2398	Kaettekita Mario Brothers (Japan) (Disk Writer) [b]
fds	2399	Kalin no Tsurugi (Japan)
fds	2400	Kamen Rider Black - Taiketsu Shadow Moon (Japan)
fds	2401	Karate Champ (Japan)
fds	2402	Kattobi! Douji (Japan) [b]
fds	2403	Kick and Run (Japan)
fds	2404	Kick Challenger - Air Foot - Yasai no Kuni no Ashi Senshi (Japan)
fds	2405	Kieta Princess (Japan)
fds	2406	Kinnikuman - Kinnikusei Oui Soudatsusen (Japan) [b]
fds	2407	Knight Lore - Majou no Ookami Otoko (Japan)
fds	2408	Knight Move (Japan)
fds	2409	Kobayashi Hitomi no Hold Up (Japan) (Unl)
fds	2410	Kobayashi Hitomi Shocking Tennis (Japan) (Unl)
fds	2411	Konamic Ice Hockey (Japan)
fds	2412	Konamic Tennis (Japan) [b]
fds	2414	Koneko Monogatari - The Adventures of Chatran (Japan)
fds	2413	Koneko Monogatari - The Adventures of Chatran (Japan) (Sample)
fds	2415	Kosodate Gokko (Japan) (Unl)
fds	2416	Link no Bouken - The Legend of Zelda 2 (Japan)
fds	2417	Lutter (Japan) (Disk Writer) [b]
fds	2418	Madou Senki - Deep Dungeon (Japan) [b]
fds	2419	Maerchen Veil (Japan)
fds	2420	Magma Project - Hacker (Japan) [b]
fds	2421	Mahjong (Japan)
fds	2422	Mahjong Goraku - Bishoujo Meijinsen (Japan) (Unl)
fds	2423	Mahjong Kazoku (Japan) [b]
fds	2424	Matou no Houkai - The Hero of Babel (Japan)
fds	2425	Meikyuu Jiin Dababa (Japan)
fds	2426	Metroid (FDS)
fds	2428	Michael English Daibouken (Japan)
fds	2427	Michael English Daibouken (Japan) (Sample)
fds	2429	Moero TwinBee - Cinnamon Hakase wo Sukue! (Japan) [b]
fds	2430	Monitor Puzzle Kinetic Connection, The - Kineco (Japan)
fds	2431	Monitor Puzzle Kinetic Connection, The - Kineco II (Japan) (Disk Writer) [b]
fds	2432	Monty on the Run - Monty no Doki Doki Dai Dassou (Japan)
fds	2433	Moonball Magic (Japan) (Disk Writer) [b]
fds	2434	Namida no Soukoban Special (Japan)
fds	2435	Nankin no Adventure (Japan) [b]
fds	2436	Nazo no Kabe - Block Kuzushi (Japan) [b]
fds	2437	Nazo no Murasamejou (Japan)
fds	2438	Nazoler Land - Dai 2 Gou (Japan)
fds	2439	Nazoler Land - Dai 3 Gou (Japan)
fds	2440	Nazoler Land - Soukan Gou (Japan)
fds	2441	Nazoler Land Special!! - Quiz Ou wo Sagase (Japan) [b]
fds	2442	Neunzehn (Japan) [b]
fds	2443	Omoikkiri Tanteidan HaadoGumi - Matenrou no Chousenjou (Japan)
fds	2444	Othello (Japan)
fds	2445	Otocky (Japan) [b]
fds	2446	Pac-Man (Japan) (Disk Writer) [b]
fds	2447	Pachicom (Japan) (Disk Writer) [b]
fds	2448	Pachinko Grand Prix (Japan) [b]
fds	2449	Patlabor - The Mobile Police - Dai 2 Shoutai Shutsudou Seyo! (Japan) [b]
fds	2450	Pinball (Japan) (Disk Writer) [b]
fds	2451	Pro Golfer Saru - Kage no Tournament (Japan)
fds	2452	Pro Wres (Japan)
fds	2453	Professional Mahjong Gokuu (Japan)
fds	2454	Pulsar no Hikari - Space Wars Simulation (Japan)
fds	2455	Putt Putt Golf (Japan) [b]
fds	2456	Puzzle Boys (Japan) (Disk Writer) [b]
fds	2457	Quick Hunter (Japan) (Unl)
fds	2458	Quick Hunter - Parameter Disk Vol.1 (Japan) (Unl)
fds	2459	Radical Bomber!! Jirai-kun (Japan) [b]
fds	2460	Reflect World (Japan) [b]
fds	2461	Relics - Ankoku Yousai (Japan) [b]
fds	2462	Replicart (Japan)
fds	2463	Risa no Yousei Densetsu (Japan)
fds	2464	Roger Rabbit (Japan) [b]
fds	2465	Samurai Sword (Japan) [b]
fds	2466	Santa Claus no Takarabako (Japan)
fds	2467	SD Gundam World - Gachapon Senshi - Scramble Wars (Japan) (Disk Writer) [b]
fds	2468	SD Gundam World - Gachapon Senshi - Scramble Wars (Japan) [b]
fds	2469	SD Gundam World - Gachapon Senshi - Scramble Wars - Map Collection (Japan) (Disk Writer)
fds	2470	Section-Z (Japan) [b]
fds	2471	Seiken Psychocalibur - Majuu no Mori Densetsu (Japan)
fds	2472	Sexy Invaders (Japan) (Unl)
fds	2473	Sexy Yakyuuken Adventure II - Gal's Dungeon Part II (Japan) (Unl)
fds	2474	Silviana - Ai Ippai no Little Angel (Japan) [b]
fds	2475	Smash Ping Pong (Japan)
fds	2476	Soccer (Japan)
fds	2477	Solomon no Kagi (Japan) (Disk Writer) [b]
fds	2478	Souseiki Fammy - ROM-QD for 256K+64K (Japan) (Unl)
fds	2479	Suishou no Dragon (Japan)
fds	2480	Super Boy Allan (Japan)
fds	2481	Super Lode Runner (Japan)
fds	2482	Super Lode Runner II (Japan) (Disk Writer) [b]
fds	2483	Super Mario Brothers (Japan)
fds	2484	Super Mario Brothers 2 (Japan)
fds	2485	Tama & Friends - 3 Choume Daibouken (Japan) [b]
fds	2486	Tanigawa Kouji no Shougi Shinan II - Meijin e no Michi (Japan)
fds	2487	Tantei Jinguuji Saburou - Kiken na Futari - Kouhen (Japan)
fds	2488	Tantei Jinguuji Saburou - Kiken na Futari - Zenpen (Japan) [b]
fds	2489	Tantei Jinguuji Saburou - Shinjuku Chuuou Kouen Satsujin Jiken (Japan)
fds	2490	Tarot Uranai (Japan) [b]
fds	2491	Tennis (Japan)
fds	2492	Tenshi Tachi no Houkago (Japan) (Disk 1) (Unl)
fds	2493	Tenshi Tachi no Houkago (Japan) (Disk 2) (Unl)
fds	2494	Time Twist - Rekishi no Katasumi de... - Kouhen (Japan)
fds	2495	Time Twist - Rekishi no Katasumi de... - Zenpen (Japan)
fds	2496	Titanic Mystery - Ao no Senritsu (Japan)
fds	2521	Tobidase Daisakusen (Japan)
fds	2497	Tonkachi Editor (Japan) (Unl)
fds	2498	Tooyama no Kinsan Space Chou - Mr. Gold (Japan)
fds	2499	Topple Zip (Japan) [b]
fds	2500	Transformers - The Headmasters (Japan) [b]
fds	2501	TwinBee (Japan) (Disk Writer)
fds	2502	Ultraman - Kaijuu Teikoku no Gyakushuu (Japan) [b]
fds	2503	Ultraman 2 - Shutsugeki Katoku Tai (Japan)
fds	2504	Ultraman Club - Chikyuu Dakkan Sakusen (Japan)
fds	2505	Volleyball (Japan)
fds	2506	Vs. Excitebike (Japan)
fds	2507	Wardner no Mori (Japan) [b]
fds	2508	Winter Games (Japan)
fds	2509	Wrecking Crew (Japan) (Disk Writer) [b]
fds	2510	Xevious (Japan) (Disk Writer) [b]
fds	2511	Yakyuuken Part II - Gal's Dungeon (Japan) (Unl)
fds	2512	Youkai Yashiki (Japan) [b]
fds	2513	Yume Koujou Doki Doki Panic (Japan)
fds	2514	Yuu Maze (Japan)
fds	2515	Yuushi no Monshou - Deep Dungeon (Japan)
fds	2516	Zanac (Japan) [b]
fds	2517	Zatsugaku Olympic Quiz - Watanabe Wataru Hen (Japan) (Unl)
fds	2518	Zatsugaku Olympic Quiz Part II (Japan) (Unl)
fds	2519	Zelda no Densetsu - The Hyrule Fantasy (Japan)
gameandwatch	2522	Armor Battle
gameandwatch	2523	Banana
gameandwatch	2524	Baseball
gameandwatch	2525	Bomb Fight
gameandwatch	2526	Caccia Al Ladro
gameandwatch	2527	Cessate Il Fuoco
gameandwatch	2528	Chicky Woggy (time And Fun)
gameandwatch	2529	Chicky Woggy (tini-arcade)
gameandwatch	2530	Condor
gameandwatch	2531	Crazy Chewy
gameandwatch	2532	Defendo
gameandwatch	2533	Donkey Kong
gameandwatch	2534	Donkey Kong (multi Screen)
gameandwatch	2535	Donkey Kong Circus
gameandwatch	2536	Donkey Kong II
gameandwatch	2537	Donkey Kong Jr. (Coleco)
gameandwatch	2538	Donkey Kong Jr. (panorama Screen)
gameandwatch	2539	Donkey Kong Jr. (table Top)
gameandwatch	2540	Dungeons & Dragons Computer Fantasy Game
gameandwatch	2541	Egg
gameandwatch	2542	Engine Room
gameandwatch	2543	Escape
gameandwatch	2544	Explorers Of Space
gameandwatch	2545	Fowling
gameandwatch	2546	Frog Boaster
gameandwatch	2547	Galaxy II
gameandwatch	2548	Grab Man
gameandwatch	2549	Hippo Teeth (mini Time And Fun)
gameandwatch	2550	Hippo Teeth (sporty Time And Fun)
gameandwatch	2551	Hot Line (mini Time And Fun)
gameandwatch	2552	Hot Line (sporty Time And Fun)
gameandwatch	2553	Las Vegas
gameandwatch	2554	Lifeboat
gameandwatch	2555	Mario Bros.
gameandwatch	2556	Mario's Bombs Away
gameandwatch	2557	Mickey Mouse (panorama Screen)
gameandwatch	2558	Mickey Mouse (wide Screen)
gameandwatch	2559	Monkey
gameandwatch	2560	Monkey Jump
gameandwatch	2561	Motor Cross
gameandwatch	2562	Pac Man
gameandwatch	2563	Pancake
gameandwatch	2564	Parachute
gameandwatch	2565	Pirate
gameandwatch	2566	Roller Coaster
gameandwatch	2567	Safari
gameandwatch	2568	Sleep Walker
gameandwatch	2569	Snoopy (panorama Screen)
gameandwatch	2570	Snoopy (table Top)
gameandwatch	2571	Snoopy Tennis
gameandwatch	2572	Sub Chase
gameandwatch	2573	Tennis Menace
gameandwatch	2574	Towering Rescue
gameandwatch	2575	Tron
gameandwatch	2576	Turtle Bridge
gameandwatch	2577	Wild Man Jump
gamegear	2579	5 in 1 Funpak
gamegear	2582	Aerial Assault
gamegear	2584	Alien 3
gamegear	2585	Alien Syndrome
gamegear	2586	Andre Agassi Tennis
gamegear	2587	Arcade Classics
gamegear	2588	Arch Rivals
gamegear	2589	Arena
gamegear	2590	Ariel the Little Mermaid
gamegear	2591	Astérix and the Great Rescue
gamegear	2592	Astérix and the Secret Mission
gamegear	2593	Ax Battler : A Legend of Golden Axe
gamegear	2594	Ayrton Senna's Super Monaco GP II
gamegear	2595	Baku Baku
gamegear	2596	Barbie Super Model
gamegear	2600	Batman Forever
gamegear	2601	Batman Returns
gamegear	2602	Batter Up
gamegear	2603	Battleship : The Classic Naval Combat Game
gamegear	2604	Battletoads
gamegear	2605	Beavis and Butt-head
gamegear	2607	Bonkers Wax Up!
gamegear	2608	Bram Stoker's Dracula
gamegear	2609	Bubble Bobble
gamegear	2610	Bugs Bunny in Double Trouble
gamegear	2611	Bust-A-Move
gamegear	2612	Buster Ball
gamegear	2613	Caesars Palace
gamegear	2614	Captain America and The Avengers
gamegear	2615	Casino Funpak
gamegear	2616	Castle of Illusion starring Mickey Mouse
gamegear	2617	Cave Dude
gamegear	2618	Chakan
gamegear	2619	Championship Hockey
gamegear	2620	Cheese Cat-astrophe Starring Speedy Gonzales
gamegear	2622	Chicago Syndicate
gamegear	2623	Choplifter III
gamegear	2624	Chuck Rock
gamegear	2625	Chuck Rock II : Son of Chuck
gamegear	2626	CJ Elephant Fugitive
gamegear	2627	Cliffhanger
gamegear	2628	Clutch Hitter
gamegear	2629	Coca-Cola Kid
gamegear	2630	Columns
gamegear	2631	Cool Spot
gamegear	2632	Cosmic Spacehead
gamegear	2633	Crazy Faces
gamegear	2634	Crystal Warriors
gamegear	2635	Cutthroat Island
gamegear	2636	Daffy Duck in Hollywood
gamegear	2637	David Robinson's Supreme Court
gamegear	2638	Deep Duck Trouble Starring Donald Duck
gamegear	2639	Defenders of Oasis
gamegear	2640	Desert Speedtrap Starring Road Runner And Wile E. Coyote
gamegear	2641	Desert Strike : Return to the Gulf
gamegear	2642	Devilish
gamegear	2583	Disney's Aladdin
gamegear	2643	Donald no Magical World
gamegear	2644	Double Dragon: The Revenge of Billy Lee
gamegear	2645	Dr. Franken
gamegear	2646	Dr. Robotnik's Mean Bean Machine
gamegear	2647	Dragon : The Bruce Lee Story
gamegear	2648	Dragon Crystal
gamegear	2649	Dropzone
gamegear	2650	Dunk Kids
gamegear	2651	Dynamite Headdy
gamegear	2652	Earthworm Jim
gamegear	2653	Ecco : The Tides of Time
gamegear	2654	Ecco the Dolphin
gamegear	2655	Ernie Els Golf
gamegear	2656	Evander Holyfield's 'Real Deal' Boxing
gamegear	2658	F-15 Strike Eagle
gamegear	2659	F1
gamegear	2660	F1 : World Championship Edition
gamegear	2661	Faceball 2000
gamegear	2662	Factory Panic
gamegear	2663	Fantastic Dizzy
gamegear	2664	Fantasy Zone
gamegear	2665	Fatal Fury Special
gamegear	2666	FIFA International Soccer
gamegear	2667	FIFA Soccer 96
gamegear	2668	Foreman for Real
gamegear	2669	Frank Thomas Big Hurt Baseball
gamegear	2670	Fred Couples' Golf
gamegear	2671	Frogger
gamegear	2672	G-LOC : Air Battle
gamegear	2674	Galaga 2
gamegear	2675	Garfield : Caught in the Act
gamegear	2676	Gear Works
gamegear	2677	George Foreman's KO Boxing
gamegear	2678	GG Aleste
gamegear	2679	GG Aleste II
gamegear	2727	Global Gladiators
gamegear	2680	GP Rider
gamegear	2681	Greendog : The Beached Surfer Dude!
gamegear	2682	Griffin
gamegear	2683	Halley Wars
gamegear	2684	Head Buster
gamegear	2685	Home Alone
gamegear	2686	Hook
gamegear	2687	Hurricanes
gamegear	2690	Indiana Jones and the Last Crusade
gamegear	2691	Iron Man X-O Manowar in Heavy Metal
gamegear	2693	James Bond 007 : The Duel
gamegear	2694	James Pond 3 : Operation Starfish
gamegear	2695	James Pond II : Codename RoboCod
gamegear	2696	Jeopardy!
gamegear	2697	Jeopardy! : Sports Edition
gamegear	2698	Joe Montana Football
gamegear	2699	Journey from Darkness : Strider Returns
gamegear	2700	Judge Dredd
gamegear	2701	Junction
gamegear	2703	Jungle Strike
gamegear	2704	Jurassic Park
gamegear	2705	Kawasaki Superbikes
gamegear	2706	Kinetic Connection
gamegear	2707	Klax
gamegear	2708	Krusty's Fun House
gamegear	2709	Land of Illusion Starring Mickey Mouse
gamegear	2710	Last Action Hero
gamegear	2711	Legend of Illusion Starring Mickey Mouse
gamegear	2712	Lemmings
gamegear	2713	Lemmings 2 - The Tribes
gamegear	2717	Lunar : Sanpo-suru Gakuen
gamegear	2718	Madden 96
gamegear	2719	Madden NFL 95
gamegear	2720	Madou Monogatari I : 3-Tsu no Madoukyuu
gamegear	2721	Magical Puzzle Popils
gamegear	2722	Magical Taruruuto-kun
gamegear	2724	Marble Madness
gamegear	2725	Marko's Magic Football
gamegear	2726	Mega Man
gamegear	2728	Mickey's Ultimate Challenge
gamegear	2729	Micro Machines
gamegear	2730	Micro Machines 2 : Turbo Tournament
gamegear	2731	Mighty Morphin Power Rangers
gamegear	2578	Mighty Morphin Power Rangers : The Movie
gamegear	2732	MLBPA Baseball
gamegear	2733	Monster Truck Wars
gamegear	2734	Mortal Kombat
gamegear	2735	Mortal Kombat 3
gamegear	2736	Mortal Kombat II
gamegear	2737	Ms. Pac-Man
gamegear	2738	NBA Action Starring David Robinson
gamegear	2739	NBA Jam
gamegear	2740	NBA Jam : Tournament Edition
gamegear	2741	NFL '95
gamegear	2743	NFL Quarterback Club
gamegear	2742	NFL Quarterback Club '96
gamegear	2744	NHL All-Star Hockey
gamegear	2745	Nhl Hockey
gamegear	2746	Ninja Gaiden
gamegear	2747	Olympic Gold : Barcelona '92
gamegear	2750	Out Run Europa
gamegear	2749	OutRun
gamegear	2751	Pac-Attack
gamegear	2752	Pac-In-Time
gamegear	2753	Pac-Man
gamegear	2754	Panzer Dragoon Mini
gamegear	2755	Paperboy
gamegear	2756	Paperboy 2
gamegear	2757	Pengo
gamegear	2758	Pete Sampras Tennis
gamegear	2759	PGA Tour 96
gamegear	2760	PGA Tour Golf
gamegear	2761	PGA Tour Golf II
gamegear	2762	Phantasy Star Adventure
gamegear	2763	Phantasy Star Gaiden
gamegear	2764	Phantom 2040
gamegear	2765	Pinball Dreams
gamegear	2766	Poker Face Paul's Blackjack
gamegear	2767	Poker Face Paul's Gin
gamegear	2768	Poker Face Paul's Poker
gamegear	2769	Poker Face Paul's Solitaire
gamegear	2770	Pop Breaker
gamegear	2771	Popeye Beach Volleyball
gamegear	2772	Power Drive
gamegear	2773	Predator 2
gamegear	2774	Primal Rage
gamegear	2775	Prince of Persia
gamegear	2776	Psychic World
gamegear	2777	Putt & Putter
gamegear	2778	Quest for the Shaven Yak starring Ren Hoek & Stimpy
gamegear	2779	R.B.I. Baseball '94
gamegear	2780	R.C. Grand Prix
gamegear	2781	Rastan Saga
gamegear	2782	Revenge of Drancon
gamegear	2783	Riddick Bowe Boxing
gamegear	2784	Rise of the Robots
gamegear	2785	Ristar
gamegear	2786	Road Rash
gamegear	2787	RoboCop 3
gamegear	2788	RoboCop Versus The Terminator
gamegear	2789	Royal Stone : Hirakareshi Toki no Tobira
gamegear	2790	S.S. Lucifer : Man Overboard
gamegear	2791	Samurai Shodown
gamegear	2792	Scratch Golf
gamegear	2793	SD Gundam : Winner's History
gamegear	2794	Sega Game Pack 4 in 1
gamegear	2795	Sensible Soccer : European Champions
gamegear	2796	Shanghai II
gamegear	2797	Shaq Fu
gamegear	2798	Shikinjou
gamegear	2799	Shining Force Gaiden : Final Conflict
gamegear	2800	Shining Force II : The Sword of Hajya
gamegear	2801	Shinobi
gamegear	2803	Side Pocket
gamegear	2806	Slider
gamegear	2809	Solitaire FunPak
gamegear	2810	Solitaire Poker
gamegear	2673	Sonic Blast
gamegear	2811	Sonic Chaos
gamegear	2812	Sonic Drift
gamegear	2813	Sonic Drift 2
gamegear	2814	Sonic Labyrinth
gamegear	2815	Sonic Spinball
gamegear	2816	Sonic the Hedgehog
gamegear	2818	Sonic the Hedgehog 2
gamegear	2817	Sonic the Hedgehog : Triple Trouble
gamegear	2819	Soukoban
gamegear	2820	Space Harrier
gamegear	2823	Spider-Man
gamegear	2821	Spider-Man : Return of the Sinister Six
gamegear	2822	Spider-Man and the X-Men in Arcade's Revenge
gamegear	2824	Spirou
gamegear	2825	Sports Illustrated Championship Football & Baseball
gamegear	2826	Sports Trivia
gamegear	2827	Sports Trivia : Championship Edition
gamegear	2829	Star Trek : Generations : Beyond the Nexus
gamegear	2828	Star Trek : The Next Generation, The Advanced Holodeck Tutorial
gamegear	2830	Star Wars
gamegear	2831	Stargate
gamegear	2832	Street Battle
gamegear	2833	Street Hero
gamegear	2598	Streets of Rage
gamegear	2597	Streets of Rage 2
gamegear	2834	Striker
gamegear	2835	Super Battletank
gamegear	2836	Super Columns
gamegear	2837	Super Golf
gamegear	2838	Super Kick Off
gamegear	2839	Super Monaco GP
gamegear	2840	Super Off Road
gamegear	2842	Super Smash T.V.
gamegear	2843	Super Space Invaders
gamegear	2841	Super Star Wars : Return of the Jedi
gamegear	2844	Superman : The Man of Steel
gamegear	2845	Surf Ninjas
gamegear	2846	Sylvan Tale
gamegear	2847	T2 : The Arcade Game
gamegear	2848	Tails Adventures
gamegear	2849	Tails no Skypatrol
gamegear	2850	Taito Chase H.Q
gamegear	2851	TaleSpin
gamegear	2852	Tarzan : Lord of the Jungle
gamegear	2853	Taz in Escape from Mars
gamegear	2854	Taz-mania
gamegear	2855	Tempo Jr.
gamegear	2856	Tengen World Cup Soccer
gamegear	2857	Terminator 2 : Judgment Day
gamegear	2859	Tesserae
gamegear	2580	The Addams Family
gamegear	2581	The Adventures of Batman & Robin
gamegear	2606	The Berenstain Bears' Camping Adventure
gamegear	2621	The Chessmaster
gamegear	2657	The Excellent Dizzy Collection
gamegear	2802	The GG Shinobi II
gamegear	2688	The Incredible Crash Dummies
gamegear	2689	The Incredible Hulk
gamegear	2692	The Itchy & Scratchy Game
gamegear	2702	The Jungle Book
gamegear	2714	The Lion King
gamegear	2715	The Lost World : Jurassic Park
gamegear	2716	The Lucky Dime Caper Starring Donald Duck
gamegear	2723	The Majors Pro Baseball
gamegear	2748	The Ottifants
gamegear	2804	The Simpsons : Bart vs the Space Mutants
gamegear	2805	The Simpsons : Bart vs. the World
gamegear	2599	The Simpsons : Bartman Meets Radioactive Man
gamegear	2808	The Smurfs
gamegear	2807	The Smurfs Travel the World
gamegear	2858	The Terminator
gamegear	2860	Tintin in Tibet
gamegear	2861	Tom and Jerry : The Movie
gamegear	2862	True Lies
gamegear	2863	Ultimate Soccer
gamegear	2864	Urban Strike
gamegear	2865	Vampire : Master of Darkness
gamegear	2866	Virtua Fighter Animation
gamegear	2867	VR Troopers
gamegear	2868	Wagyan Land
gamegear	2869	Wheel of Fortune
gamegear	2870	Wild Snake
gamegear	2871	Wimbledon Tennis
gamegear	2872	Winter Olympics
gamegear	2873	Wizard Pinball
gamegear	2874	Wolfchild
gamegear	2875	Wonder Boy : The Dragon's Trap
gamegear	2876	Woody Pop
gamegear	2877	World Class Leader Board
gamegear	2878	World Cup USA 94
gamegear	2880	World Series Baseball
gamegear	2879	World Series Baseball '95
gamegear	2881	WWF Raw
gamegear	2882	WWF Wrestlemania Steel Cage Challenge
gamegear	2883	X-Men
gamegear	2884	X-Men : GamesMaster's Legacy
gamegear	2885	X-Men : Mojo World
gamegear	2886	Yogi Bear in Yogi Bear's Goldrush
gamegear	2888	Yu Yu Hakusho 2 : Gekitou! Nanakyou no Tatakai
gamegear	2887	Yu Yu Hakusho : Horobishimono no Gyakushuu
gamegear	2889	Zool : Ninja of the Nth Dimension
gamegear	2890	Zoop
gb	2891	4-in-1 Fun Pak
gb	2894	Aerostar
gb	2895	Afutābāsuto
gb	3209	Aladdin
gb	2896	Alfred Chicken
gb	2897	Alleyway
gb	2892	Amazing Tater
gb	2899	Animaniacs
gb	3210	Arcade Classic No. 1 - Asteroids & Missile Command (USA, Europe) (SGB Enhanced)
gb	2900	Banishing Racer
gb	2901	Barbie: Game Girl
gb	2902	Baseball
gb	2903	Bases Loaded
gb	2904	Batman : Return of the Joker
gb	2905	Batman : The Animated Series
gb	2906	Batman Forever
gb	2907	Battle Arena Toshinden
gb	2908	Battle Bull
gb	2912	Battle City
gb	2910	Battle Ping Pong
gb	2911	Battle Unit Zeoth
gb	2913	Battletoads
gb	2914	Battletoads in Ragnarok's World
gb	2915	Beavis and Butt-Head
gb	2916	Best of the Best : Championship Karate
gb	2917	Bill Elliott's NASCAR Fast Tracks
gb	2918	Black Bass: Lure Fishing
gb	2920	Blaster Master Jr
gb	2921	Boggle Plus
gb	2948	Bouken! Puzzle Road
gb	2922	BreakThru!
gb	2923	Bubsy II
gb	3211	Bugs Bunny Crazy Castle 2, The (USA)
gb	2924	Burai Fighter Deluxe
gb	2925	Burning Paper
gb	2926	Bust-A-Move 3 DX
gb	2927	Caesar's Palace
gb	2928	Captain America and the Avengers
gb	2929	Casino FunPak
gb	2930	Castelian
gb	2932	Castlevania II: Belmont's Revenge
gb	2933	Castlevania Legends
gb	2935	Championship Pool
gb	2936	Chiki Chiki Tengoku
gb	2937	Choplifter III
gb	2938	Chuck Rock
gb	2939	Cliffhanger
gb	2940	Contra: The Alien Wars
gb	2941	Cool Ball
gb	2942	Cool Hand
gb	2943	Cool Spot
gb	2944	Cool World
gb	2945	Crystal Quest
gb	2946	Cutthroat Island
gb	2947	Cyraid
gb	2949	Daffy Duck
gb	2950	Darkman
gb	2952	David Crane's The Rescue of Princess Blobette
gb	2953	Days of Thunder
gb	2954	Dennis The Menace
gb	2956	Diablo
gb	2957	Dick Tracy
gb	2951	Disney's Darkwing Duck
gb	2963	Disney's DuckTales 2
gb	3087	Disney's Pocahontas
gb	3179	Disney's Toy Story
gb	2958	Donkey Kong
gb	2959	Donkey Kong Land
gb	2960	Donkey Kong Land: Diddy's Kong Quest
gb	2961	Dr. Mario
gb	2931	Dracula Densetsu
gb	2962	Dragonheart
gb	2964	Elite Soccer
gb	2966	F-1 Race [Four Player Adapter Bundle]
gb	2967	F1 Pole Position
gb	2968	Faceball 2000
gb	2965	Famista
gb	2969	Fastest Lap
gb	2970	Felix the Cat
gb	2971	Ferrari Grand Prix Challenge
gb	2973	FIFA: Road to World Cup 98
gb	2974	Fighting Simulator: 2-in-1 Flying Warriors
gb	2975	Final Fantasy Gaiden
gb	2977	Final Fantasy Legend III
gb	2979	Fish Dude
gb	2981	Football International
gb	2982	Fortified Zone
gb	2983	Franky, Joe & Dirk... On the Tiles
gb	2984	Frogger
gb	2955	Funny Field
gb	2985	Game & Watch Gallery
gb	2986	Game Boy Gallery - 5 Games in One (Europe) (SGB Enhanced)
gb	3212	Game Boy Wars Turbo - Famitsu Version (Japan) (SGB Enhanced) (T)
gb	2988	Ganso!! Yanchamaru
gb	2989	Gauntlet II
gb	2990	Gear Works
gb	2991	George Foreman's KO Boxing
gb	2992	Ghostbusters II
gb	2993	Goal!
gb	2994	God Medicine: Fantasy Sekai no Tanjou
gb	2995	Godzilla
gb	2996	Gradius: The Interstellar Assault
gb	2997	Great Greed
gb	2998	Hal Wrestling
gb	3094	Head On
gb	2999	Heavyweight Championship Boxing
gb	3000	Heracles no Eikou: Ugokidashita Kamigami
gb	3001	Hero Shuugou!! Pinball Party
gb	3002	Home Alone
gb	3003	Hong Kong
gb	3004	Hook
gb	3006	Indiana Jones and the Last Crusade
gb	3008	Iron Man / X-O Manowar in Heavy Metal
gb	3009	Jeopardy! Teen Tournament
gb	3010	Jimmy Connors Tennis
gb	3011	Joshua & the Battle of Jericho
gb	3012	Jurassic Park
gb	3013	Kid Icarus: Of Myths and Monsters
gb	3014	King of Fighters '95, The (USA) (SGB Enhanced)
gb	3015	Kininkou Maroku Oni
gb	3016	Kirby's Block Ball
gb	3017	Kirby's Dream Land
gb	3018	Kirby's Star Stacker
gb	3019	Klax
gb	3020	Knight Quest
gb	3021	Koi wa Kakehiki
gb	2919	Konamic Ice Hockey
gb	3022	Koro Dice
gb	3023	Krusty's Fun House
gb	3024	Kung Fu Master
gb	3025	Kwirk
gb	3026	Lamborghini American Challenge
gb	3027	Last Action Hero
gb	3029	Lazlos' Leap
gb	3030	Legend of the River King GB
gb	3031	Lemmings
gb	3032	Lingo
gb	3213	Lion King, The (USA)
gb	3214	Lost World, The - Jurassic Park (USA, Europe) (SGB Enhanced)
gb	3033	Lucky Luke
gb	3034	Madden 95
gb	3035	Makai-Mura Gaiden: The Demon Darkness
gb	3036	Marble Madness
gb	3203	Mario & Yoshi
gb	3037	Master Karateka
gb	3039	Mega Man III
gb	3040	Mega Man IV
gb	3038	Mega Man: Dr. Wily's Revenge
gb	3041	Metal Masters
gb	3042	Mickey Mouse: Magic Wands
gb	3043	Micro Machines 2: Turbo Tournament
gb	3044	Milon's Secret Castle
gb	3045	Minesweeper - Soukaitei (Japan)
gb	3046	Mini-Putt
gb	3047	Missile Command
gb	3048	Monopoly
gb	3049	Monster Max
gb	3050	Monster Truck Wars
gb	3051	Montezuma's Return
gb	3052	Mortal Kombat & Mortal Kombat II
gb	3053	Mortal Kombat 3
gb	3054	Mortal Kombat II
gb	3055	Mr. Nutz
gb	3056	Mysterium
gb	3057	Nail 'N Scale
gb	3058	Nangoku Shounen Papuwa-Kun: Ganmadan no Yabou
gb	3059	NBA All-Star Challenge
gb	3060	NBA Live 96
gb	3061	Nectaris GB
gb	3064	NFL Football
gb	3065	NHL 96
gb	3066	Ninja Boy
gb	3067	Ninja Boy 2
gb	3068	Ninja Taro
gb	3069	Nintendo World Cup
gb	3070	Nontan to Issho: Kuru Kuru Puzzle
gb	3071	Olympic Summer Games: Atlanta 1996
gb	2898	Osawagase! Penguin Boy
gb	3072	Othello
gb	3073	Out of Gas
gb	3074	Pac-in-Time
gb	3075	Pac-Man
gb	3076	Pagemaster, The (USA) (SGB Enhanced)
gb	3077	Palamedes
gb	3078	Paperboy 2
gb	3079	Parasol Stars: Rainbow Islands II
gb	3080	Peke to Poko no Daruman Busters
gb	3081	Penguin Land
gb	3082	PGA European Tour
gb	3084	Pinball Mania
gb	3085	Pipe Dream
gb	3086	Pit-Fighter
gb	2934	Pitman
gb	3088	Pocket Monsters Green Version
gb	3089	Pokémon Blue Version
gb	3090	Pokémon Red Version
gb	3091	Pop'n TwinBee
gb	3092	Popeye 2
gb	3093	Power Mission
gb	3095	Pri Pri: Primitive Princess!
gb	3096	Primal Rage
gb	3097	Prince of Persia
gb	3098	Prophecy: The Viking Child
gb	3099	Puzznic
gb	3100	Pyramids of Ra
gb	3101	Q Billion
gb	3102	Q*bert
gb	3103	Qix
gb	3104	Quarth
gb	3105	R-Type
gb	3106	Race Drivin'
gb	3107	Radar Mission
gb	3108	Rampart
gb	3062	Real Bout Fatal Fury Special
gb	3215	Real Ghostbusters, The (USA)
gb	3109	Ren & Stimpy Show, The - Veediots! (USA, Europe)
gb	3083	Revenge of the 'Gator
gb	3110	Roadster
gb	3111	RodLand
gb	3112	Rolan's Curse
gb	2976	SaGa 2: Hihou Densetsu
gb	2978	SaGa 2: Hihou Densetsu
gb	3113	Samurai Shodown
gb	3114	Serpent
gb	3117	Skate or Die: Bad 'n' Rad
gb	3119	Snow Bros. Jr.
gb	3120	Soccer Mania
gb	3121	Solitaire FunPak
gb	3122	Solomon's Club
gb	3123	Space Invaders
gb	3124	Speedball 2 : Brutal Deluxe
gb	3125	Spider-Man - X-Men - Arcade's Revenge
gb	3126	Spider-Man 2
gb	3127	Spider-Man 3: Invasion of the Spider-Slayers
gb	3128	Spiritual Warfare
gb	3129	Spirou
gb	3130	Splitz
gb	3131	Sports Illustrated : Football & Baseball
gb	3132	Sports Illustrated for Kids: The Ultimate Triple Dare
gb	3133	Spot: The Cool Adventure
gb	3134	Spot: The Cool Adventure
gb	3135	Spud's Adventure
gb	3136	Spy Vs Spy - Operation Boobytrap
gb	3137	Square Deal - The Game Of Two-Dimensional Poker
gb	3139	Star Trek: 25th Anniversary
gb	3140	Star Trek: Generations - Beyond the Nexus
gb	3138	Star Wars
gb	3141	Star Wars
gb	3142	Star Wars: The Empire Strikes Back
gb	3143	Stargate
gb	3144	Street Fighter II
gb	3145	Sumo Fighter
gb	3146	Super Battletank : War in the Gulf
gb	3147	Super Hunchback
gb	3148	Super Mario Land
gb	3149	Super Mario Land 2: 6 Golden Coins
gb	3150	Super R.C. Pro-AM
gb	3151	Super Scrabble
gb	3152	Super Star Wars: Return of the Jedi
gb	3153	Superman
gb	3154	Tail 'Gator
gb	3155	Taiyou no Tenshi Marlowe : Ohanabatake wa Dai-panic
gb	3156	Taz-Mania
gb	3157	Tecmo Bowl
gb	3158	Teenage Mutant Ninja Turtles II: Back from the Sewers
gb	3159	Teenage Mutant Ninja Turtles III: Radical Rescue
gb	3160	Tennis
gb	3161	Terminator 2: Judgment Day
gb	3162	Tesserae
gb	3163	Tetris
gb	3164	Tetris 2
gb	3165	Tetris Attack
gb	2893	The Addams Family: Pugsley's Scavenger Hunt
gb	2909	The Battle Of Olympus
gb	2972	The Fidgetts
gb	2980	The Flintstones: King Rock Treasure Island
gb	2987	The Game of Harmony
gb	3005	The Humans
gb	3028	The Lawnmower Man
gb	3063	The New Chessmaster
gb	3116	The Simpsons : Bart & the Beanstalk
gb	3115	The Simpsons Itchy & Scratchy : Miniature Golf Mad
gb	3118	The Smurfs Nightmare
gb	3202	The XVII Olympic Winter Games : Lillehammer 1994
gb	3166	Tintin : Prisoners of the Sun
gb	3167	Tintin in Tibet
gb	3168	Tiny Toon Adventures
gb	3170	Tiny Toon Adventures 2 : Montana's Movie Madness
gb	3169	Tiny Toon Adventures: Doki Doki Sports Festival
gb	3171	Tip Off
gb	3172	Titus the Fox
gb	3173	Tom & Jerry
gb	3174	Tom and Jerry: Frantic Antics
gb	3175	Top Gun : Guts & Glory
gb	3176	Top Rank Tennis
gb	3177	Total Carnage
gb	3178	Toxic Crusaders
gb	3180	Track Meet
gb	3181	Trax
gb	3182	Trip World
gb	3183	True Lies
gb	3184	Tumble Pop
gb	3185	Turn and Burn: The F-14 Dogfight Simulator
gb	3186	Turok: Battle of the Bionosaurs
gb	3187	Turrican
gb	3188	Uchuu no Kishi Tekkaman Blade
gb	3189	Ultraman Ball
gb	3007	Un Indien dans la Ville
gb	3190	Urban Strike
gb	3191	V-Rally: Championship Edition
gb	3192	Volley Fire
gb	3193	Wario Land II
gb	3194	We're Back!
gb	3195	Wizardry Gaiden III: Scripture of the Dark
gb	3196	Wordtris
gb	3197	World Bowling
gb	3198	World Cup USA '94
gb	3199	WWF Superstars
gb	3200	X Ekkusu
gb	3201	Xenon 2 : Megablast
gb	3204	Yoshi's Cookie
gb	3205	Zen: Intergalactic Ninja
gb	3206	Zoids Densetsu
gb	3207	Zool : Ninja of the 'Nth' Dimension
gb	3208	Zoop
gba	3547	007 : Everything or Nothing
gba	4041	007 : NightFire
gba	3919	2 Game Pack! : Matchbox Missions, Emergency Response + Air, Land and S
gba	3878	2 Game Pack! : Uno + Skip-Bo
gba	3752	2 Games in One! : Dr. Mario + Puzzle League
gba	3532	2 Games in One! : Gauntlet + Rampart
gba	3896	2 Games in One! : Marble Madness + Klax
gba	4073	2 Games in One! : Paperboy + Rampage
gba	4036	2 Games in One! : Spy Hunter + Super Sprint
gba	3477	2K Sports : Major League Baseball 2K7
gba	3948	3 Game Pack! : Candy Land + Chutes and Ladders + Original Memory Game
gba	3784	3 Game Pack! : Ker Plunk! + Toss Across + Tip It
gba	3885	3 Game Pack! : Mouse Trap + Simon + Operation
gba	4115	3 Game Pack! : The Game of Life + Payday + Yahtzee
gba	3575	3 Games in One! : Breakout + Centipede + Warlords
gba	3736	3 Games in One! : Super Breakout + Millipede + Lun
gba	3871	3 Games in One! : Yars' Revenge + Asteroids + Pong
gba	3517	A Sound of Thunder
gba	3681	Ace Combat Advance
gba	3945	Ace Lightning
gba	4243	Action Man : Robot Atak
gba	4215	Activision Anthology
gba	3476	Advance Guardian Heroes
gba	3570	Advance Play Edition - Ice Climber
gba	3585	Advance Wars
gba	3986	Advance Wars 2 : Black Hole Rising
gba	3237	Aero the Acro-Bat : Rascal Rival Revenge
gba	3733	Agassi Tennis Generation
gba	3674	Agent Hugo - Roborumble
gba	3243	Aggressive Inline
gba	4126	AirForce Delta Storm
gba	3415	Alex Rider : Stormbreaker
gba	3771	Alien Hominid
gba	4183	Alienators : Evolution Continues
gba	3737	All Grown Up! : Express Yourself
gba	4224	All-Star Baseball 2003 Featuring Derek Jeter
gba	3263	All-Star Baseball 2004 Featuring Derek Jeter
gba	3937	Altered Beast : Guardian of the Realms
gba	3627	American Bass Challenge
gba	3540	American Dragon : Jake Long, Rise of the Huntsclan
gba	3901	American Idol
gba	3556	An American Tail : Fievel's Gold Rush
gba	4070	Animal Snap : Rescue Them 2 by 2
gba	3985	Animaniacs - Lights, Camera, Action!
gba	3568	Antz : Extreme Racing
gba	3988	Archer Maclean's 3D Pool
gba	3290	Arctic Tale
gba	4206	Army Men : Operation Green
gba	4079	Army Men : Turf Wars
gba	3494	Army Men Advance
gba	3458	Around the World in 80 Days
gba	3261	Arthur and the Invisibles
gba	3797	Asterix & Obelix : Bash Them All!
gba	3565	Astro Boy : Omega Factor
gba	3930	Astérix & Obélix XXL
gba	3495	Atari Anniversary Advance
gba	3493	Atomic Betty
gba	3417	ATV : Quad Power Racing
gba	3791	ATV : Thunder Ridge Riders
gba	4244	Avatar : The Last Airbender
gba	4185	Avatar : The Last Airbender – The Burning Earth
gba	4097	Babar to the Rescue
gba	3877	Back to Stone
gba	4081	Back Track
gba	3863	Backyard Baseball
gba	4220	Backyard Baseball 2006
gba	3831	Backyard Basketball
gba	3294	Backyard Football
gba	3262	Backyard Football 2006
gba	3282	Backyard Hockey
gba	4182	Backyard Skateboarding
gba	3544	Backyard Sports - Baseball 2007
gba	4233	Backyard Sports - Football 2007
gba	4213	Backyard Sports : Basketball 2007
gba	3904	Baldur's Gate : Dark Alliance
gba	3961	Ballistic: Ecks Vs. Sever
gba	3464	Banjo-Kazooie : Grunty's Revenge
gba	3221	Banjo-Pilot
gba	3579	Barbie : The Princess and the Pauper
gba	4147	Barbie and the Magic of Pegasus
gba	3633	Barbie as The Island Princess
gba	3761	Barbie Groovy Games
gba	3931	Barbie Horse Adventures : Blue Ribbon Race
gba	3356	Barbie in the 12 Dancing Princesses
gba	3663	Barnyard
gba	3256	Baseball Advance
gba	4245	Batman : Rise of Sin Tzu
gba	3934	Batman : Vengeance
gba	3968	Batman Begins
gba	4216	Battle B-Daman
gba	3587	Battle B-Daman : Fire Spirits!
gba	3740	BattleBots : Beyond the BattleBox
gba	4204	Battletoads
gba	4225	Beyblade G-Revolution
gba	3307	Beyblade V-Force : Ultimate Blader Jam
gba	4211	Bibi Blocksberg - Der Magische Hexenkreis
gba	4184	Bibi Und Tina - Ferien Auf Dem Martinshof
gba	3308	Big Mutha Truckers
gba	4082	Bionicle
gba	3466	Bionicle : Matoran Adventures
gba	3252	Bionicle : Maze of Shadows
gba	3416	Bionicle Heroes
gba	3226	Black Belt Challenge
gba	4132	Blackthorne
gba	4221	Blades of Thunder
gba	3443	Blender Bros.
gba	4236	Blue Angelo - Angels From The Shrine
gba	3490	BMX Trick Racer
gba	3345	Board Game Classics
gba	4098	Boktai 2 : Solar Boy Django
gba	4042	Boktai : The Sun Is in Your Hand
gba	4246	Bomberman Max 2 : Blue Advance
gba	3451	Bomberman Max 2 : Red Advance
gba	4111	Bomberman Tournament
gba	3661	Bookworm
gba	3413	Boulder Dash EX
gba	3305	Boxing Fever
gba	3634	Bratz
gba	3402	Bratz : Babyz
gba	3730	Bratz : Forever Diamondz
gba	3915	Bratz : Rock Angelz
gba	3499	Bratz : The Movie
gba	4006	Breath of Fire
gba	3917	Breath of Fire II
gba	4152	Britney's Dance Beat
gba	4175	Broken Circle
gba	3958	Broken Sword : The Shadow of the Templars
gba	3461	Brother Bear
gba	4247	Bruce Lee : Return of the Legend
gba	3649	Bubble Bobble : Old & New
gba	3887	Buffy the Vampire Slayer : Wrath of the Darkhul Ki
gba	3537	Butt-Ugly Martians : B.K.M. Battles
gba	3765	Cabbage Patch Kids : The Patch Puppy Rescue
gba	3376	Cabela's Big Game Hunter
gba	3795	Cabela's Big Game Hunter : 2005 Adventures
gba	4045	Caesars Palace Advance : Millennium Gold Edition
gba	3590	Camp Lazlo : Leaky Lake Games
gba	3574	Capcom Classics Mini Mix
gba	3616	Car Battler Joe
gba	3327	Care Bears : The Care Quests
gba	3646	Carrera Power Slide
gba	4248	Cars
gba	3405	Cars : Mater-National Championship
gba	4235	Cartoon Network Block Party
gba	3550	Cartoon Network Speedway
gba	3369	Casper
gba	3617	Castlevania : Aria of Sorrow
gba	4249	Castlevania : Circle of the Moon
gba	4165	Castlevania : Harmony of Dissonance
gba	3880	Catwoman
gba	3526	Catz
gba	4096	Charlie and the Chocolate Factory
gba	4104	Charlotte's Web
gba	3433	Chessmaster
gba	3430	Chicken Little
gba	3719	Chicken Shoot
gba	3620	Chicken Shoot 2
gba	3971	ChuChu Rocket!
gba	3377	CIMA : The Enemy
gba	3349	Cinderella : Magical Dreams
gba	3276	Classic NES Series : Bomberman
gba	3872	Classic NES Series : Castlevania
gba	3857	Classic NES Series : Dr. Mario
gba	3621	Classic NES Series : Metroid
gba	3828	Classic NES Series : Pac-Man
gba	3518	Classic NES Series : Super Mario Bros.
gba	3492	Classic NES Series : The Legend of Zelda
gba	3318	Classic NES Series : Xevious
gba	3722	Classic NES Series : Zelda II, The Adventure of Li
gba	3470	Cocoto : Platform Jumper
gba	3990	Cocoto Kart Racer
gba	4205	Codename : Kids Next Door, Operation S.O.D.A.
gba	3386	Colin McRae Rally 2.0
gba	3604	Columns Crown
gba	4133	Comix Zone
gba	3745	Contra Advance : The Alien Wars EX
gba	4186	Corvette
gba	3219	Crash Bandicoot 2 : N-Tranced
gba	4250	Crash Bandicoot : The Huge Adventure
gba	3705	Crash Bandicoot Purple : Ripto's Rampage
gba	4116	Crash Nitro Kart
gba	4080	Crash of the Titans
gba	3837	Crazy Chase
gba	3510	Crazy Frog Racer
gba	3731	Crazy Taxi : Catch a Ride
gba	3342	Creatures
gba	3973	Crouching Tiger, Hidden Dragon
gba	3882	Cruis'n Velocity
gba	3489	Crushed Baseball
gba	3812	CT Special Forces
gba	3353	CT Special Forces 2 : Back in the Trenches
gba	3763	CT Special Forces 3 : Bioterror
gba	3581	Cubix : Robots for Everyone, Clash 'N Bash
gba	3360	Curious George
gba	3361	Danny Phantom : The Ultimate Enemy
gba	3777	Danny Phantom : Urban Jungle
gba	3484	Daredevil
gba	4166	Darius R
gba	3739	Dark Arena
gba	3338	Dave Mirra Freestyle BMX 2
gba	3813	Dave Mirra Freestyle BMX 3
gba	3447	David Beckham Soccer
gba	3924	Davis Cup
gba	3720	Dead to Rights
gba	3292	Deal or No Deal
gba	3422	Defender
gba	3891	Defender of the Crown
gba	4189	DemiKids : Dark Version
gba	3573	DemiKids : Light Version
gba	4023	Demon Driver : Time to Burn Rubber!
gba	3462	Denki Blocks!
gba	3801	Desert Strike Advance
gba	4251	Dexter's Laboratory : Chess Challenge
gba	3379	Dexter's Laboratory : Deesaster Strikes!
gba	4227	Diddy Kong Pilot
gba	4351	Digimon - Nova Red (Completed)
gba	3520	Digimon : Battle Spirit
gba	3699	Digimon : Battle Spirit 2
gba	3850	Digimon Racing
gba	4352	Digimon Virus
gba	3606	Dinotopia : The Timestone Pirates
gba	3694	Disney Princess
gba	3840	Disney Princess : Royal Adventure
gba	4068	Disney Sports : Basketball
gba	3452	Disney Sports : Football
gba	3245	Disney Sports : Motocross
gba	3506	Disney Sports : Skateboarding
gba	3552	Disney Sports : Snowboarding
gba	3824	Disney Sports : Soccer
gba	3389	Disney's Aladdin
gba	3655	Disney's Atlantis : The Lost Empire
gba	3947	Disney's Party
gba	4001	DK : King of Swing
gba	3231	Dogz
gba	3317	Dogz 2
gba	4038	Dogz : Fashion
gba	3325	Dokapon
gba	3821	Donald Duck Advance
gba	3291	Donkey Kong
gba	4012	Donkey Kong Country
gba	4054	Donkey Kong Country 2
gba	4252	Donkey Kong Country 3
gba	3962	Doom
gba	3957	Doom II
gba	3936	Dora the Explorer : Dora's World Adventure!
gba	3664	Dora the Explorer : Super Spies
gba	3480	Dora the Explorer : Super Star Adventures!
gba	3724	Dora the Explorer : The Search for the Pirate Pig's Treasure
gba	3531	Double Dragon Advance
gba	3773	Downforce
gba	3910	Dr. Muto
gba	3553	Dr. Seuss' : The Cat in the Hat
gba	3893	Dr. Sudoku
gba	4253	Dragon Ball : Advanced Adventure
gba	4254	Dragon Ball GT : Transformation
gba	4103	Dragon Ball Z : Buu's Fury
gba	4232	Dragon Ball Z : Collectible Card Game
gba	4255	Dragon Ball Z : Supersonic Warriors
gba	4256	Dragon Ball Z : Taiketsu
gba	3927	Dragon Ball Z : The Legacy of Goku
gba	4056	Dragon Ball Z : The Legacy of Goku II
gba	4353	Dragon Ball Z Team Training
gba	4148	Dragon Quest Monsters : Caravan Heart
gba	3465	Dragon Tales : Dragon Adventures
gba	3232	Dragon's Rock
gba	4198	Drake & Josh
gba	3509	Drill Dozer
gba	3315	Driv3r
gba	3935	Driven
gba	3427	Driver 2 Advance
gba	3278	Drome Racers
gba	3751	Droopy's Tennis Open
gba	4144	Dual Blades
gba	3515	Duel Masters : Kaijudo Showdown
gba	3782	Duel Masters : Sempai Legends
gba	3845	Duel Masters : Shadow of the Code
gba	3841	Duke Nukem Advance
gba	3486	Dungeons & Dragons : Eye of the Beholder
gba	3755	Dynasty Warriors Advance
gba	4257	E.T. The Extra-Terrestrial
gba	3385	Earthworm Jim
gba	3847	Earthworm Jim 2
gba	3775	Ecks vs. Sever
gba	3622	Ed, Edd n Eddy : Jawbreakers!
gba	3979	Ed, Edd n Eddy : The Mis-Edventures
gba	3350	Egg Mania
gba	3687	Elf : The Movie
gba	3805	Elf Bowling 1 & 2
gba	3288	Enchanted : Once Upon Andalasia
gba	3491	Eragon
gba	3996	ESPN Final Round Golf 2002
gba	3217	ESPN Great Outdoor Games : Bass 2002
gba	3644	ESPN International Winter Sports 2002
gba	4088	ESPN Winter X-Games Snowboarding 2
gba	3316	ESPN X-Games Skateboarding
gba	3483	European Super League
gba	4024	Ever Girl
gba	3756	Excitebike
gba	3827	Extreme Ghostbusters : Code Ecto-1
gba	3253	Extreme Skate Adventure
gba	3419	F-14 Tomcat
gba	3423	F-Zero : GP Legend
gba	3685	F-Zero : Maximum Velocity
gba	3519	F1 2002
gba	4199	F24 Stealth Fighter
gba	4176	Famicom Mini - Dai-2-ji Super Robot Taisen
gba	4168	Famicom Mini 08 - Mappy
gba	4188	Famicom Mini 10 - Star Soldier
gba	3297	Family Feud
gba	3697	Fantastic 4
gba	3503	Fantastic 4 : Flame On
gba	3228	Fear Factor Unleashed
gba	4110	FIFA Soccer 06
gba	3960	FIFA Soccer 07
gba	3750	FIFA Soccer 2003
gba	3497	FIFA Soccer 2004
gba	3679	FIFA Soccer 2005
gba	3625	FIFA World Cup: Germany 2006
gba	4018	Fightbox
gba	4040	Fila Decathlon
gba	3982	Final Fantasy I & II : Dawn of Souls
gba	3942	Final Fantasy IV Advance
gba	3339	Final Fantasy Tactics Advance
gba	3826	Final Fantasy V Advance
gba	3442	Final Fantasy VI Advance
gba	4061	Final Fight One
gba	3618	Finding Nemo
gba	3387	Finding Nemo: The Continuing Adventures
gba	3572	Fire Emblem
gba	3336	Fire Emblem - Fûin No Tsurugi
gba	3734	Fire Emblem : The Sacred Stones
gba	3693	Fire Pro Wrestling
gba	4146	Fire Pro Wrestling 2
gba	4178	Flashback Legends
gba	3396	Flushed Away
gba	3521	Ford Racing 3
gba	3230	Fortress
gba	3666	Foster's Home for Imaginary Friends
gba	4179	Frank Herbert's Dune - Ornithopter Assault
gba	3224	Franklin the Turtle
gba	4106	Franklin's Great Adventures
gba	3268	Freekstyle
gba	3536	Frogger Advance : The Great Quest
gba	3668	Frogger's Adventures 2 : The Lost Wand
gba	3778	Frogger's Adventures : Temple of the Frog
gba	3602	Frogger's Journey : The Forgotten Relic
gba	4155	Gadget Racers
gba	3652	Galidor : Defenders of the Outer Dimension
gba	3348	Game & Watch Gallery 4
gba	4196	Games Explosion!
gba	3964	Garfield : The Search for Pooky
gba	4031	Garfield and His Nine Lives
gba	4015	Gauntlet : Dark Legacy
gba	3507	Gekido Advance : Kintaro's Revenge
gba	4229	Gem Smashers
gba	4234	Gensou Suikoden - Card Stories
gba	3355	Ghost Rider
gba	4087	Global Star : Sudoku Fever
gba	3823	Go! Go! Beckham! : Adventure on Soccer Island
gba	3779	Godzilla : Domination!
gba	3612	Golden Nugget Casino
gba	3972	Golden Sun
gba	3932	Golden Sun : The Lost Age
gba	4217	GP-1 Racing
gba	3626	Gradius Galaxies
gba	4063	Grand Theft Auto Advance
gba	4011	Green Eggs and Ham by Dr. Seuss
gba	4156	Greg Hastings' Tournament Paintball Max'd
gba	3414	Gremlins : Stripe vs Gizmo
gba	3832	GT Advance 2 : Rally Racing
gba	4134	GT Advance 3 : Pro Concept Racing
gba	3473	GT Advance : Championship Racing
gba	3332	Gt Racers
gba	3980	Guilty Gear X : Advance Edition
gba	3811	Gumby vs. the Astrobots
gba	3260	Gunstar Future Heroes
gba	4053	Guy Roux Manager 2002
gba	4226	Hagane No Renkinjutsushi - Meisou No Rondo
gba	4222	Hajime No Ippo - The Fighting!
gba	3269	Hamtaro : Ham-Ham Games
gba	4119	Hamtaro : Ham-Ham Heartbreak
gba	3790	Hamtaro : Rainbow Rescue
gba	3508	Happy Feet
gba	3596	Hardcore Pinball
gba	4127	Hardcore Pool
gba	3392	Harlem Globetrotters : World Tour
gba	3859	Harry Potter : Quidditch World Cup
gba	3220	Harry Potter and the Chamber of Secrets
gba	3949	Harry Potter and the Goblet of Fire
gba	3727	Harry Potter and the Order of the Phoenix
gba	3781	Harry Potter and the Prisoner of Azkaban
gba	3398	Harry Potter and the Sorcerer's Stone
gba	3624	Harvest Moon : Friends of Mineral Town
gba	3748	Harvest Moon : More Friends of Mineral Town
gba	3564	Heidi - The Game
gba	3456	Hello Kitty : Happy Party Pals
gba	3285	Herbie : Fully Loaded
gba	3323	Hey Arnold! : The Movie
gba	3246	Hi Hi Puffy AmiYumi : Kaznapped!
gba	3914	High Heat Major League Baseball 2002
gba	4048	High Heat Major League Baseball 2003
gba	3457	High School Musical : Livin' the Dream
gba	3939	Home on the Range
gba	3436	Horsez
gba	3597	Hot Potato!
gba	3925	Hot Wheels : All Out
gba	3858	Hot Wheels : Burnin' Rubber
gba	3899	Hot Wheels : Stunt Track Challenge
gba	3628	Hot Wheels : Velocity X
gba	3216	Hot Wheels : World Race
gba	3584	Hugo 2 In 1
gba	4000	Hugo : Bukkazoom!
gba	4034	Hugo : The Evil Mirror
gba	3796	I Spy Challenger!
gba	3879	Ice Age
gba	3767	Ice Age 2 : The Meltdown
gba	4163	Ice Nine
gba	3788	Ignition Collection - Volume 1
gba	3759	Inspector Gadget : Advance Mission
gba	3688	Inspector Gadget Racing
gba	4094	International Karate Advanced
gba	3814	International Karate Plus
gba	3390	International Superstar Soccer
gba	3500	International Superstar Soccer Advance
gba	3362	Invader
gba	4069	Iridion 3D
gba	3747	Iridion II
gba	3527	It's Mr. Pants
gba	3975	Jackie Chan Adventures : Legend of the Darkhand
gba	3623	James Pond : Codename Robocod
gba	3793	Jazz Jackrabbit
gba	3347	Jet Grind Radio
gba	3854	Jimmy Neutron Boy Genius
gba	3561	Jonny Moseley Mad Trix
gba	3410	Juka and the Monophonic Menace
gba	3654	Jurassic Park III : Island Attack
gba	3881	Jurassic Park III : Park Builder
gba	4259	Jurassic Park III : The DNA Factor
gba	4260	Justice League : Injustice for All
gba	4261	Justice League Chronicles
gba	3860	Justice League Heroes : The Flash
gba	4049	Kao the Kangaroo
gba	3459	Karnaaj Rally
gba	3340	Kelly Slater's Pro Surfer
gba	3900	Kid Paddle
gba	4207	Kid's Cards
gba	3593	Kien
gba	3946	Kill Switch
gba	3662	Killer 3D Pool
gba	3955	Kim Possible
gba	3267	Kim Possible 2 : Drakken's Demise
gba	3978	Kim Possible III : Team Possible
gba	3578	Kingdom Hearts : Chain of Memories
gba	3609	Kirby & the Amazing Mirror
gba	4262	Kirby : Nightmare in Dream Land
gba	3259	Klonoa 2 : Dream Champ Tournament
gba	4052	Klonoa : Empire of Dreams
gba	3807	Knights' Kingdom
gba	3997	Koala Brothers : Outback Adventures
gba	3870	Konami Collector's Series : Arcade Advanced
gba	3374	Konami Krazy Racers
gba	3868	Kong : King of Atlantis
gba	3554	Kong : The 8th Wonder of the World
gba	3766	Kong : The Animated Series
gba	3313	Kurukuru Kururin
gba	3421	L'Aigle De Guerre
gba	3839	Lady Sia
gba	4296	Lara Croft Tomb Raider : Legend
gba	3938	Lara Croft Tomb Raider : The Prophecy
gba	3535	Legends of Wrestling II
gba	3488	LEGO Bionicle
gba	3818	LEGO Island 2 : The Brickster's Revenge
gba	3696	LEGO Island : Xtreme Stunts
gba	4264	LEGO Racers 2
gba	3283	LEGO Soccer Mania
gba	4101	LEGO Star Wars : The Video Game
gba	4265	LEGO Star Wars II - The Original Trilogy
gba	3639	Lemony Snicket's A Series of Unfortunate Events
gba	3522	Let's Ride! : Dreamer
gba	3601	Let's Ride! : Friends Forever
gba	4194	Let's Ride! : Sunshine Stables
gba	3647	Lilo & Stitch
gba	3468	Lilo & Stitch 2 : Haemsterviel Havoc
gba	4203	Little Einsteins
gba	3684	Little League Baseball 2002
gba	3533	Lizzie McGuire 2 : Lizzie Diaries
gba	3548	Lizzie McGuire 3 : Homecoming Havoc
gba	3223	Lizzie McGuire : On the Go!
gba	4008	Looney Tunes : Back in Action
gba	4266	Looney Tunes: Double Pack - Dizzy Driving / Acme Antics
gba	4228	Love Hina Advance - Shukufuku No Kane Wa Naru Kana
gba	3324	Lucky Luke Wanted
gba	4180	Lufia : The Ruins of Lore
gba	4062	Lunar Legend
gba	4044	M&M's : Blast!
gba	4086	M&M's : Break 'em
gba	4267	Madagascar
gba	3287	Madagascar : Operation Penguin
gba	3645	Madden NFL 06
gba	3225	Madden NFL 07
gba	3240	Madden NFL 2002
gba	4181	Madden NFL 2003
gba	3496	Madden NFL 2004
gba	3439	Madden NFL 2005
gba	4046	Magical Quest 2 Starring Mickey & Minnie
gba	3637	Magical Quest 3 Starring Mickey & Donald
gba	4010	Magical Quest Starring Mickey & Minnie
gba	3406	Magical Vacation
gba	4100	Majesco's Rec Room Challenge
gba	3842	Majesco's Sports Pack
gba	4192	Mandrake The Magician
gba	3311	Maniac Racers Advance
gba	3411	Manic Miner
gba	3320	March of the Penguins
gba	3883	Mario & Luigi : Superstar Saga
gba	3455	Mario Golf : Advance Tour
gba	4240	Mario Kart : Super Circuit
gba	4268	Mario Party Advance
gba	3974	Mario Pinball Land
gba	3657	Mario Tennis : Power Tour
gba	4241	Mario vs. Donkey Kong
gba	3690	Marvel : Ultimate Alliance
gba	3559	Mary-Kate and Ashley : Girls Night Out
gba	3746	Mary-Kate and Ashley Sweet 16 : Licensed to Drive
gba	3299	Masters of the Universe He-Man : Power of Grayskull
gba	4085	Mat Hoffman's Pro BMX
gba	3542	Mat Hoffman's Pro BMX 2
gba	3343	Matchbox Cross Town Heroes
gba	3450	Math Patrol : The Kleptoid Threat
gba	3741	Max Payne
gba	3926	Maya The Bee - Sweet Gold
gba	3434	Maya The Bee - The Great Adventure
gba	3431	Mazes of Fate
gba	3304	Mech Platoon
gba	4150	Medabots : Metabee
gba	3258	Medabots : Rokusho
gba	3562	Medabots AX : Metabee Ver.
gba	3437	Medabots AX : Rokusho Ver.
gba	3952	Medal of Honor : Infiltrator
gba	3862	Medal of Honor : Underground
gba	3902	Meet the Robinsons
gba	3408	Mega Man & Bass
gba	3426	Mega Man Battle Chip Challenge
gba	3271	Mega Man Battle Network
gba	3424	Mega Man Battle Network 2
gba	3365	Mega Man Battle Network 3 : Blue Version
gba	3372	Mega Man Battle Network 3 : White Version
gba	3418	Mega Man Battle Network 4 : Blue Moon
gba	3864	Mega Man Battle Network 4 : Red Sun
gba	3678	Mega Man Battle Network 5 : Team Colonel
gba	3836	Mega Man Battle Network 5 : Team Proto Man
gba	3541	Mega Man Battle Network 6 : Cybeast Falzar
gba	3994	Mega Man Battle Network 6 : Cybeast Gregar
gba	4145	Mega Man Zero
gba	3966	Mega Man Zero 2
gba	3273	Mega Man Zero 3
gba	4269	Mega Man Zero 4
gba	4140	Men in Black : The Series
gba	4270	Metal Slug Advance
gba	3833	Metroid : Zero Mission
gba	4142	Metroid Fusion
gba	3995	Micromachines
gba	3329	Midnight Club : Street Racing
gba	3726	Midway's Greatest Arcade Hits
gba	3382	Mighty Beanz Pocket Puzzles
gba	4239	Mijn Dierenpraktijk
gba	3912	Mike Tyson Boxing
gba	3524	Minority Report : Everybody Runs
gba	3768	Mission : Impossible : Operation Surma
gba	3359	MLB SlugFest 20-04
gba	4214	Mobile Suit Gundam Seed : Battle Assault
gba	4354	Moemon Devil 3RdX
gba	4016	Monopoly
gba	3886	Monster Force
gba	3264	Monster House
gba	3523	Monster Jam : Maximum Destruction
gba	3279	Monster Rancher Advance
gba	3614	Monster Rancher Advance 2
gba	3460	Monster Truck Madness
gba	3920	Monster Trucks
gba	3454	Monster Trucks Mayhem
gba	3545	Monster! Bass Fishing
gba	3395	Monsters, Inc.
gba	3270	Moorhen 3 - The Chicken Chase!
gba	4271	Mortal Kombat : Deadly Alliance
gba	4272	Mortal Kombat : Tournament Edition
gba	3388	Mortal Kombat Advance
gba	4118	Mother 1+2
gba	3487	Mother 3
gba	3762	Moto GP
gba	4177	Motocross Challenge
gba	4114	Motoracer Advance
gba	3691	Mr. Driller 2
gba	3929	Mr. Nutz
gba	4032	Ms. Pac-Man : Maze Madness
gba	3918	Mucha Lucha! : Mascaritas of the Lost Code
gba	3605	Muppet Pinball Mayhem
gba	3448	MX 2002 featuring Ricky Carmichael
gba	4095	My Animal Centre In Africa
gba	3249	My Little Pony : Crystal Princess, The Runaway Rainbow
gba	4013	Namco Museum
gba	3916	Namco Museum : 50th Anniversary
gba	3723	Nancy Drew : Message in a Haunted Mansion
gba	4273	Naruto : Ninja Council
gba	3825	Naruto : Ninja Council 2
gba	3373	NASCAR Heat 2002
gba	3289	NBA Jam 2002
gba	3632	Need for Speed : Most Wanted
gba	3643	Need for Speed : Porsche Unleashed
gba	3650	Need for Speed : Underground
gba	3394	Need for Speed : Underground 2
gba	4274	Need for Speed Carbon : Own the City
gba	4028	Next Generation Tennis
gba	3834	NFL Blitz 20-02
gba	4231	NFL Blitz 20-03
gba	3467	NHL 2002
gba	4208	NHL Hitz 20-03
gba	3234	Nicktoons : Attack of the Toybots
gba	3280	Nicktoons : Battle for Volcano Island
gba	3876	Nicktoons : Freeze Frame Frenzy
gba	3798	Nicktoons Racing
gba	4030	Nicktoons Unite!
gba	3956	Ninja Five-0
gba	3928	No Rules : Get Phat
gba	3399	Noddy : A Day in Toyland
gba	3391	Oddworld : Munch's Oddysee
gba	3438	One Piece
gba	3592	Onimusha Tactics
gba	3698	Open Season
gba	3954	Operation Armored Liberty
gba	4174	Oriental Blue : Ao no Tengai
gba	4237	Ottifanten Pinball
gba	3428	Over the Hedge
gba	3407	Over the Hedge : Hammy Goes Nuts!
gba	4167	Overstorm
gba	4202	Ozzy & Drix
gba	3706	Pac-Man Collection
gba	3682	Pac-Man Pinball Advance
gba	3636	Pac-Man World
gba	3630	Pac-Man World 2
gba	3803	Paws & Claws : Best Friends, Dogs & Cats
gba	4242	Paws & Claws : Pet Resort
gba	3970	Payback
gba	4355	pekins-ruby-hack
gba	4026	Peter Pan : Return to Neverland
gba	3829	Peter Pan : The Motion Picture Event
gba	4200	Petz : Hamsterz Life 2
gba	3953	Petz Vet
gba	4169	Pferd & Pony 2 in 1
gba	4123	Phalanx
gba	3333	Phantasy Star Collection
gba	4230	Phantom, The
gba	4035	Phil of the Future
gba	3760	Piglet's Big Game
gba	3710	Pinball Advance
gba	3638	Pinball Challenge Deluxe
gba	4141	Pinball Tycoon
gba	3676	Pink Panther : Pinkadelic Pursuit
gba	3571	Pinky And The Brain - The Masterplan
gba	3923	Pinobee : Wings of Adventure
gba	3704	Pirates of the Caribbean : Dead Man's Chest
gba	3378	Pirates of the Caribbean : The Curse of the Black
gba	3453	Pitfall : The Lost Expedition
gba	3409	Pitfall : The Mayan Adventure
gba	4209	Pixeline I Pixieland
gba	3838	Planet Monsters
gba	4130	Planet of the Apes
gba	4131	Pocket Dogs
gba	3721	Pocket Music
gba	3635	Pocket Professor : Kwik Notes, Vol. 1
gba	3429	Pocky & Rocky with Becky
gba	4330	Pokemon - Clays Calamity 2 (Completed)
gba	4331	Pokemon - Clays Calamity 3 (Completed)
gba	4332	Pokemon - Demon Island (Completed)
gba	4333	Pokemon - Dumbdumb Island (Completed)
gba	4334	Pokemon - Emerald Squared (Completed)
gba	4357	Pokemon - Emeralds Eight (Completed)
gba	4335	Pokemon - Giratinas Legend (Beta) (Italian)
gba	4303	Pokemon - Ice Blue (Completed)
gba	4358	Pokemon - Lightbolt (Beta)
gba	4359	Pokemon - Mega Sol X Ultimate Edition (Completed) (Spanish)
gba	4360	Pokemon - Meta Fire Red X (Completed)
gba	4304	Pokemon - Noon (Completed)
gba	4361	Pokemon - Perfect Emerald (Completed)
gba	4362	Pokemon - Pocket Gaiden (Completed)
gba	4363	Pokemon - Reboot (Completed)
gba	4299	Pokemon - ROWE
gba	4364	Pokemon - Team Magma Edition (Beta)
gba	4365	Pokemon - Tioh The Mark of The Sky (Completed) (Chinese)
gba	4366	Pokemon - Voyager (Beta)
gba	4301	Pokemon : Omega Ruby
gba	4367	Pokemon Altered Emerald
gba	4336	Pokemon Black White Advanced
gba	4368	Pokemon Blue Legend
gba	4337	Pokemon Cloud White 2 v215
gba	4338	Pokemon Cloud White 3 v222
gba	4339	Pokemon Cosmic Emerald v2018
gba	4369	Pokemon Daia
gba	4340	Pokemon Dark Rising - 46271
gba	4341	Pokemon Delta Fusion
gba	4342	Pokemon Delta Green
gba	4343	Pokemon Derpizard
gba	4344	Pokemon Desert Bus
gba	4345	Pokemon Dimension Legends
gba	4346	Pokemon Discovery
gba	4347	Pokemon Electro Ball
gba	4370	Pokemon Emerald Advanced v0.7
gba	4371	Pokemon Emerald Green
gba	4372	Pokemon Emerald Horizons 1.02
gba	4348	Pokemon Extreme Red
gba	4373	Pokemon Fire Burn
gba	4349	Pokemon Fire Red Omega - 34870
gba	4350	Pokemon Flare
gba	4374	Pokemon Glimmering Emerald_v1.1.0
gba	4305	Pokemon Heiwa
gba	4375	Pokemon Heros Path
gba	4306	Pokemon Hyper Emerald 807
gba	4307	Pokemon Johto League
gba	4376	Pokemon Kairos
gba	4308	Pokemon Lunar
gba	4309	Pokemon Mega
gba	4310	Pokemon Mirage of Tales (v3.0)
gba	4311	Pokemon Moon Emerald
gba	4312	Pokemon Naranja
gba	4313	Pokemon New FireRed
gba	4377	Pokemon Nukleon_alpha_2.0
gba	4314	Pokemon Orange Islands v3.3
gba	4315	Pokemon Periwinkle Version
gba	4316	Pokemon Rocket Science
gba	4317	Pokemon Ruby Merodia
gba	4318	Pokemon Scarlet Blaze
gba	4319	Pokemon Shining Opal
gba	4320	Pokemon Snowy White
gba	4378	Pokemon Star Red
gba	4379	Pokemon Sun Moon GBA
gba	4321	Pokemon Sunset Orange
gba	4322	Pokemon The Tree of Time
gba	4323	Pokemon Thunder Yellow French
gba	4380	Pokemon Times
gba	4324	Pokemon Twilight
gba	4325	Pokemon Ultra Red
gba	4302	Pokemon Unbound
gba	4381	Pokemon Valen
gba	4382	Pokemon X Inazuma Eleven
gba	4383	Pokemon Zaru
gba	4356	Pokémblem
gba	3669	Pokémon : Emerald Version
gba	3817	Pokémon : FireRed Version
gba	4298	Pokémon : Fused Dimensions
gba	3943	Pokémon : LeafGreen Version
gba	4159	Pokémon : Ruby Version
gba	3441	Pokémon : Sapphire Version
gba	4297	Pokémon Emerald Version
gba	4329	Pokémon Fantasia
gba	4300	Pokémon GS Chronicles
gba	3875	Pokémon Mystery Dungeon : Red Rescue Team
gba	3849	Pokémon Pinball : Ruby & Sapphire
gba	4326	Pokémon Ultra Shiny Gold Sigma
gba	4328	Pokémon Victory Fire
gba	4327	Pokémon: Evolved
gba	3940	Polarium Advance
gba	3702	Polly Pocket! : Super Splash Island
gba	4276	Popeye : Rush for Spinach
gba	3677	Postman Pat And The Greendale Rocket
gba	3560	Power Rangers : Dino Thunder
gba	3800	Power Rangers : Ninja Storm
gba	3383	Power Rangers : Time Force
gba	4277	Power Rangers : Wild Force
gba	3641	Power Rangers S.P.D.
gba	3445	Prehistorik Man
gba	3921	Premier Action Soccer
gba	3286	Premier Manager 2003-04
gba	4138	Premier Manager 2004-2005
gba	3485	Premier Manager 2005-2006
gba	4197	Prince of Persia - The Sands of Time & Lara Croft
gba	3393	Prince of Persia : The Sands of Time
gba	3475	Princess Natasha : Student, Secret Agent, Princess
gba	3607	Punch King : Arcade Boxing
gba	3505	Puppy Luv : Spa and Resort
gba	3909	Puyo Pop
gba	3594	Puyo Pop Fever
gba	3695	Quad Desert Fury
gba	4219	Qwak
gba	3218	R-Type III : The Third Lightning
gba	3479	Racing Fever
gba	3884	Racing Gears Advance
gba	4128	Rampage : Puzzle Attack
gba	3989	Rapala Pro Fishing
gba	3729	Ratatouille
gba	3987	Rave Master : Special Attack Force!
gba	3274	Rayman 3
gba	3890	Rayman : 10th Anniversary
gba	4278	Rayman : Hoodlum's Revenge
gba	3474	Rayman Advance
gba	4279	Rayman: Raving Rabbids
gba	3613	Razor Freestyle Scooter
gba	3222	Ready 2 Rumble Boxing : Round 2
gba	3501	Rebelstar : Tactical Command
gba	3757	Reign of Fire
gba	3314	Rescue Heroes : Billy Blazes!
gba	3844	Resident Evil 2
gba	3463	Rhythm Tengoku
gba	3227	River City Ransom EX
gba	3753	Riviera : The Promised Land
gba	3368	Road Rash : Jailbreak
gba	3582	Road Trip : Shifting Gears
gba	4195	Robopon 2 : Cross Version
gba	3651	Robopon 2 : Ring Version
gba	3516	Robot Wars - Extreme Destruction
gba	3370	Robot Wars : Advanced Destruction
gba	3513	Robotech : The Macross Saga
gba	3959	Robots
gba	4051	Rock n' Roll Racing
gba	3555	Rock'em Sock'em Robots
gba	4161	Rocket Power - Dream Scheme
gba	3855	Rocket Power : Beach Bandits
gba	4083	Rocket Power : Zero Gravity Zone
gba	3774	Rocky
gba	3310	Rugrats : Castle Capers
gba	4066	Rugrats : Go Wild
gba	3255	Rugrats : I Gotta Go Party
gba	3665	Sabre Wulf
gba	3908	Sabrina : The Teenage Witch, Potion Commotion
gba	3330	Salt Lake 2002
gba	4043	Samurai Deeper Kyo
gba	3772	Samurai Jack : The Amulet of Time
gba	3498	Santa Claus Jr. Advance
gba	3328	Santa Claus Saves The Earth
gba	3653	Scooby-Doo
gba	3856	Scooby-Doo 2 : Monsters Unleashed
gba	3640	Scooby-Doo and the Cyber Chase
gba	3903	Scooby-Doo! : Mystery Mayhem
gba	3869	Scooby-Doo! : Unmasked
gba	3689	Scrabble
gba	3381	Scrabble Blast!
gba	3236	Scurge : Hive
gba	3354	SD Gundam Force
gba	3357	Sea Trader : Rise of Taipan
gba	3776	Secret Agent Barbie : Royal Jewels Mission
gba	3239	Sega Arcade Gallery
gba	3366	Sega Rally Championship
gba	4022	Sega Smash Pack
gba	3440	Serious Sam Advance
gba	3363	Shaman King : Legacy of the Spirits, Soaring Hawk
gba	3303	Shaman King : Legacy of the Spirits, Sprinting Wolf
gba	4139	Shaman King : Master of Spirits
gba	3472	Shaman King : Master of Spirits 2
gba	4077	Shamu's Deep Sea Adventures
gba	3754	Shark Tale
gba	3998	Shaun Palmer's Pro Snowboarder
gba	3403	Sheep
gba	3469	Shining Force : Resurrection of the Dark Dragon
gba	4072	Shining Soul
gba	3512	Shining Soul II
gba	4280	Shrek 2
gba	3683	Shrek 2 : Beg for Mercy
gba	3557	Shrek : Hassle at the Castle
gba	3711	Shrek : Reekin' Havoc
gba	3703	Shrek : Smash n' Crash Racing
gba	4074	Shrek : Super Slam
gba	3546	Shrek : Swamp Kart Speedway
gba	3538	Shrek the Third
gba	3742	Sigma Star Saga
gba	3873	Silent Scope
gba	3444	SimCity 2000
gba	3346	Sims : Bustin' Out, The
gba	3671	Sitting Ducks
gba	3384	Sky Dancers : They Magically Fly!
gba	3302	Smashing Drive
gba	3326	Smuggler's Run
gba	3576	Smurfs, The - The Revenge Of The Smurfs
gba	3558	Snood
gba	3420	Snood 2 : On Vacation
gba	3567	Soccer Kid
gba	4057	Sonic Advance
gba	4005	Sonic Advance 2
gba	4281	Sonic Advance 3
gba	4282	Sonic Battle
gba	3608	Sonic Pinball Party
gba	4137	Sonic The Hedgehog : Genesis
gba	4158	Space Channel 5 : Ulala's Cosmic Attack
gba	3412	Space Invaders
gba	4283	Space Twins
gba	3529	Speedball 2 - Brutal Deluxe
gba	3502	Spider-Man
gba	3425	Spider-Man 2
gba	4286	Spider-Man 3
gba	4284	Spider-Man : Battle for New York
gba	4285	Spider-Man : Mysterio's Menace
gba	3992	Spirit : Stallion of the Cimarron, Search for Home
gba	3244	Spirits & Spells
gba	4287	SpongeBob SquarePants : Battle for Bikini Bottom
gba	4089	SpongeBob SquarePants : Creature from the Krusty K
gba	3380	SpongeBob SquarePants : Lights, Camera, Pants!
gba	3735	SpongeBob SquarePants : Revenge of the Flying Dutc
gba	3897	SpongeBob SquarePants : SuperSponge
gba	4136	SpongeBob's Atlantis SquarePantis
gba	4187	Sports Illustrated for Kids : Baseball
gba	3692	Sports Illustrated for Kids : Football
gba	3293	Spy Hunter
gba	3284	Spy Kids 3-D : Game Over
gba	4037	Spy Kids Challenger
gba	3334	Spy Muppets : License to Croak
gba	3786	Spyro 2 : Season of Flame
gba	3715	Spyro : Fusion
gba	3977	Spyro : Season of Ice
gba	3375	Spyro: Attack of the Rhynocs
gba	3686	SSX 3
gba	3514	SSX Tricky
gba	3588	Stadium Games
gba	4288	Star Wars : Episode II : Attack of the Clones
gba	4029	Star Wars : Episode III, Revenge of the Sith
gba	4164	Star Wars : Flight of the Falcon
gba	3806	Star Wars : Jedi Power Battles
gba	3595	Star Wars : The New Droid Army
gba	3611	Star Wars Trilogy : Apprentice of the Force
gba	3629	Star X
gba	3999	Starsky & Hutch
gba	4071	Steel Empire
gba	3238	Steven Gerrard's Total Soccer 2002
gba	3563	Strawberry Shortcake - Ice Cream Island - Riding C
gba	4143	Strawberry Shortcake : Summertime Adventure
gba	3322	Strawberry Shortcake : Summertime Adventure, Special Edition
gba	3810	Strawberry Shortcake : Sweet Dreams
gba	4153	Street Fighter Alpha 3
gba	3853	Street Jam Basketball
gba	3335	Street Racing Syndicate
gba	3991	Strike Force Hydra
gba	3257	Stuart Little 2
gba	3701	Stuntman
gba	3525	Summon Night : Swordcraft Story
gba	4135	Summon Night : Swordcraft Story 2
gba	3861	Super Army War
gba	3309	Super Bubble Pop
gba	3672	Super Bust-A-Move
gba	3906	Super Collapse! II
gba	3482	Super Dodge Ball Advance
gba	4160	Super Dropzone : Intergalactic Rescue Mission
gba	3352	Super Duper Sumos
gba	3725	Super Ghouls'n Ghosts
gba	3816	Super Hornet FA 18F
gba	4289	Super Mario Advance
gba	3815	Super Mario Advance 2 : Super Mario World
gba	3241	Super Mario Advance 4 : Super Mario Bros. 3
gba	3312	Super Monkey Ball Jr.
gba	3235	Super Puzzle Fighter II Turbo
gba	4084	Super Robot Taisen : Original Generation
gba	3732	Super Robot Taisen : Original Generation 2
gba	4223	Super Robot Taisen J
gba	3272	Super Street Fighter II Turbo : Revival
gba	3566	Superman : Countdown to Apokolips
gba	3583	Superman Returns : Fortress of Solitude
gba	4090	Surf's Up
gba	3965	Sword of Mana
gba	3281	Tactics Ogre : The Knight of Lodis
gba	3658	Tak 2 : The Staff of Dreams
gba	3504	Tak : The Great Juju Challenge
gba	3432	Tak and the Power of Juju
gba	3713	Tales of Phantasia
gba	3892	Tang Tang
gba	3341	Tarzan : Return to the Jungle
gba	4238	Taxi 3
gba	3449	Teen Titans
gba	4075	Teen Titans 2
gba	3401	Teenage Mutant Ninja Turtles
gba	4290	Teenage Mutant Ninja Turtles 2 : Battle Nexus
gba	4076	Tekken Advance
gba	4121	Ten Pin Alley 2
gba	3599	Tennis Masters Series 2003
gba	4055	Terminator 3 : Rise of the Machines
gba	3528	Tetris Worlds
gba	3830	Texas Hold 'em Poker
gba	4149	TG Rally
gba	3944	That's So Raven
gba	4060	That's So Raven 2 : Supernatural Style
gba	3804	The Adventures of Jimmy Neutron Boy Genius : Attac
gba	3251	The Adventures of Jimmy Neutron Boy Genius : Jet F
gba	3371	The Adventures of Jimmy Neutron Boy Genius vs. Jim
gba	3331	The Amazing Virtual Sea-Monkeys
gba	3358	The Ant Bully
gba	3717	The Barbie Diaries : High School Mystery
gba	3716	The Bee Game
gba	4058	The Berenstain Bears and the Spooky Old Tree
gba	3306	The Bible Game
gba	3233	The Cat in the Hat by Dr. Seuss
gba	4162	The Cheetah Girls
gba	3888	The Chronicles of Narnia : The Lion Witch and, The
gba	4009	The Fairly OddParents! : Breakin' da Rules
gba	4193	The Fairly OddParents! : Clash with the Anti-World
gba	4210	The Fairly OddParents! : Enter the Cleft
gba	3539	The Fairly OddParents! : Shadow Showdown
gba	3675	The Flintstones : Big Trouble in Bedrock
gba	3481	The Grim Adventures of Billy & Mandy
gba	3993	The Haunted Mansion
gba	3680	The Hobbit
gba	4258	The Incredible Hulk
gba	3874	The Incredibles
gba	3610	The Incredibles : Rise of the Underminer
gba	4105	The Invincible Iron Man
gba	3591	The Jungle Book
gba	4039	The King of Fighters EX : NeoBlood
gba	3708	The King of Fighters EX2 : Howling Blood
gba	3780	The Land Before Time
gba	3894	The Land Before Time : Into the Mysterious Beyond
gba	3397	The Legend of Spyro : A New Beginning
gba	3843	The Legend of Spyro : The Eternal Night
gba	4113	The Legend of Zelda : A Link to the Past & Four Sw
gba	4263	The Legend of Zelda : The Minish Cap
gba	3749	The Lion King 1 1/2
gba	3769	The Little Mermaid : Magic in Two Kingdoms
gba	3673	The Lord of the Rings : The Fellowship of the Ring
gba	3963	The Lord of the Rings : The Return of the King
gba	4112	The Lord of the Rings : The Third Age
gba	3670	The Lord of the Rings : The Two Towers
gba	3865	The Lost Vikings
gba	4212	The Morning Adventure
gba	3819	The Mummy
gba	3248	The Muppets : On with the Show!
gba	3783	The Pinball of the Dead
gba	4275	The Polar Express
gba	3984	The Powerpuff Girls : Him and Seek
gba	3707	The Powerpuff Girls : Mojo Jojo A-Go-Go
gba	4027	The Proud Family
gba	4109	The Revenge of Shinobi
gba	3758	The Ripping Friends
gba	3530	The Santa Clause 3 : The Escape Clause
gba	3298	The Scorpion King : Sword of Osiris
gba	3265	The Simpsons : Road Rage
gba	3983	The Sims 2
gba	3851	The Sims 2 : Pets
gba	3250	The SpongeBob SquarePants Movie
gba	3478	The Suite Life of Zack & Cody : Tipton Caper
gba	4017	The Sum of All Fears
gba	3619	The Three Stooges
gba	3543	The Tower SP
gba	4157	The Urbz : Sims in the City
gba	3976	The Wild
gba	3764	The Wild Thornberrys : Chimp Chase
gba	3898	The Wild Thornberrys Movie
gba	4065	Three-in-One Pack : Connect Four + Perfection + Trouble
gba	4064	Three-in-One Pack : Risk + Battleship + Clue
gba	3446	Three-in-One Pack : Sorry! + Aggravation + Scrabble Junior
gba	3534	Thunder Alley
gba	3820	Thunderbirds
gba	3319	Thunderbirds : International Rescue
gba	3738	Tiger Woods PGA Tour 2004
gba	3728	Tiger Woods PGA Tour Golf
gba	4059	Tim Burton's The Nightmare Before Christmas : The
gba	3905	Tiny Toon Adventures : Scary Dreams
gba	3367	Tiny Toon Adventures : Wacky Stackers
gba	4092	Tir Et But - Edition Champions Du Monde
gba	4190	Titeuf : Méga Compet'
gba	3300	Titeuf : Ze Gag Machine
gba	3277	TMNT
gba	3808	Toca World Touring Cars
gba	3586	Tokyo Xtreme Racer Advance
gba	3712	Tom and Jerry : The Magic Ring
gba	4291	Tom and Jerry in Infurnal Escape
gba	3967	Tom and Jerry Tales
gba	3714	Tom Clancy's Rainbow Six : Rogue Spear
gba	3660	Tom Clancy's Splinter Cell
gba	3580	Tom Clancy's Splinter Cell : Pandora Tomorrow
gba	3951	Tonka : On the Job
gba	4050	Tony Hawk's American Sk8land
gba	4108	Tony Hawk's Downhill Jam
gba	4099	Tony Hawk's Pro Skater 2
gba	3848	Tony Hawk's Pro Skater 3
gba	4091	Tony Hawk's Pro Skater 4
gba	4025	Tony Hawk's Underground
gba	4033	Tony Hawk's Underground 2
gba	3642	Top Gear GT Championship
gba	3822	Top Gun : Combat Zones
gba	3648	Top Gun : Firestorm Advance
gba	4107	Top Spin 2
gba	4014	Totally Spies!
gba	3296	Totally Spies! 2 : Undercover
gba	4384	Touhoumon Cirno
gba	4003	Treasure Planet
gba	4067	Trick Star
gba	4007	Tringo
gba	3913	Trollz : Hair Affair!
gba	4020	Tron 2.0 : Killer App
gba	3718	Turbo Turtle Adventure
gba	3866	Turok Evolution
gba	3770	Tweety and the Magic Gems
gba	4154	Ty the Tasmanian Tiger 2 : Bush Rescue
gba	3247	Ty the Tasmanian Tiger 3 : Night of the Quinkan
gba	4201	Tyrian 2000
gba	4173	Ui-ire - World Soccer Winning Eleven
gba	3577	Ultimate Arcade Games
gba	3895	Ultimate Beach Soccer
gba	3659	Ultimate Brain Games
gba	3615	Ultimate Card Games
gba	3744	Ultimate Muscle : The Kinnikuman Legacy, The Path of the Superhero
gba	3792	Ultimate Puzzle Games
gba	3337	Ultimate Spider-Man
gba	3364	Ultimate Winter Games
gba	3700	Unfabulous
gba	3295	Uno 52
gba	3911	Uno Free Fall
gba	3981	Urban Yeti!
gba	3275	V-Rally 3
gba	4151	Van Helsing
gba	3809	VeggieTales : LarryBoy and the Bad Apple
gba	3835	Vip
gba	3603	Virtua Tennis
gba	4093	Virtual Kasparov
gba	3631	W.i.t.c.h.
gba	4004	Wade Hixton's Counter Punch
gba	3266	Wakeboarding Unleashed featuring Shaun Murray
gba	4117	Waliou Xunbao Ji
gba	3941	WarioWare : Twisted!
gba	3598	WarioWare, Inc. : Mega Microgame$!
gba	3551	Whac-A-Mole
gba	3511	Who Wants to Be a Millionaire
gba	4002	Who Wants To Be A Millionaire - 2nd Edition
gba	4120	Who Wants To Be A Millionaire Junior
gba	4172	Wilden Fussball-Kerle, Die - Entscheidung im Teufe
gba	4191	Wilden Fussball-Kerle, Die - Gefahr im Wilde Kerle
gba	3794	Wing Commander : Prophecy
gba	4021	Wings
gba	3789	Winnie the Pooh's Rumbly Tumbly Adventure
gba	3969	Winnie the Pooh's Rumbly Tumbly Adventure & Rayman
gba	3344	Winter Sports
gba	3889	WinX Club
gba	3787	WinX Club : Quest for the Codex
gba	3471	Wolfenstein 3D
gba	4047	Woody Woodpecker in Crazy Castle 5
gba	4218	Word Safari : The Friendship Totems
gba	3852	World Championship Poker
gba	3802	World Poker Tour
gba	4171	World Reborn
gba	3667	World Tennis Stars
gba	4122	Worms Blast
gba	4292	Worms World Party
gba	3400	WTA Tour Tennis
gba	4102	WWE : Road to WrestleMania X8
gba	3242	WWE : Survivor Series
gba	3709	WWF : Road to WrestleMania
gba	3846	X-Bladez : Inline Skater
gba	3785	X-Men : Reign of Apocalypse
gba	3922	X-Men : The Official Game
gba	3907	X2 : Wolverine's Revenge
gba	4129	XS Moto
gba	4293	xXx
gba	3549	Yaoxi Dao
gba	3321	Yggdra Union : We'll Never Fight Alone
gba	4125	Yoshi : Topsy-Turvy
gba	3933	Yu Yu Hakusho - Ghost Files: Spirit Detective
gba	3351	Yu Yu Hakusho - Ghost Files: Tournament Tactics
gba	3799	Yu-Gi-Oh! 7 Trials to Glory: World Championship Tournament 2005
gba	3656	Yu-Gi-Oh! : Destiny Board Traveler
gba	3600	Yu-Gi-Oh! : The Sacred Cards
gba	4124	Yu-Gi-Oh! : World Championship Tournament 2004
gba	3743	Yu-Gi-Oh! Dungeon Dice Monsters
gba	4295	Yu-Gi-Oh! GX : Duel Academy
gba	4294	Yu-Gi-Oh! Reshef of Destruction
gba	4019	Yu-Gi-Oh! The Eternal Duelist Soul
gba	4078	Yu-Gi-Oh! Ultimate Masters: World Championship Tournament 2006
gba	3950	Yu-Gi-Oh! Worldwide Edition: Stairway to the Destined Duel
gba	3589	Zapper : One Wicked Cricket!
gba	3254	Zatchbell! : Electric Arena
gba	3569	Zidane : Football Generation 2002
gba	3229	Zoey 101
gba	3435	Zoids Legacy
gba	3404	Zone of the Enders : The Fist of Mars
gba	3301	ZooCube
gba	3867	Zooo
gba	4170	ZZZ(notgame):Yoshi Sample
gbc	4630	007 : The World Is Not Enough
gbc	4631	10-Pin Bowling
gbc	4632	102 Dalmatians : Puppies to the Rescue
gbc	4570	1942
gbc	4633	3-D Ultra Pinball : Thrillride
gbc	4634	3D Pocket Pool
gbc	4635	720 Degrees
gbc	4689	A Bug's Life
gbc	4636	Action Man: Search for Base X
gbc	4639	Airforce Delta
gbc	5038	Aladdin
gbc	4640	Alfred's Adventure
gbc	4641	Alice in Wonderland
gbc	4642	Aliens : Thanatos Encounter
gbc	4643	All Star Tennis 2000
gbc	4644	All-Star Baseball 2000
gbc	4645	All-Star Baseball 2001
gbc	4646	Alone in the Dark: The New Nightmare
gbc	4647	Animorphs
gbc	4648	Antz
gbc	4649	Antz Racing
gbc	4650	Antz World Sportz
gbc	4651	Arcade Hits : Joust & Defender
gbc	4519	Arle no Bouken: Mahou no Jewel
gbc	4653	Armada : FX Racers
gbc	4654	Armorines : Project S.W.A.R.M.
gbc	4655	Army Men
gbc	4657	Army Men 2
gbc	4656	Army Men : Air Combat
gbc	4428	Army Men : Sarge's Heroes 2
gbc	4658	Arthur's Absolutely Fun Day!
gbc	4662	Asteroids
gbc	4659	Astérix & Obélix
gbc	4660	Astérix & Obélix vs Caesar
gbc	4661	Astérix Sur La Trace d'Idéfix
gbc	4663	Atlantis : The Lost Empire
gbc	4664	ATV Racing
gbc	4446	ATV Racing & Karate Joe
gbc	4665	Austin Powers : Oh, Behave!
gbc	4666	Austin Powers: Welcome to My Underground Lair
gbc	4667	Azure Dreams
gbc	4668	Babe and Friends
gbc	4669	Baby Felix : Halloween
gbc	4670	Backgammon
gbc	4491	Ballistic
gbc	4569	Barbie - Ocean Discovery
gbc	4671	Barbie : Fashion Pack Games
gbc	4622	Barbie : Magic Genie Adventure
gbc	4512	Barbie : Pet Rescue
gbc	4672	Bass Masters Classic
gbc	4869	Batman : Chaos in Gotham
gbc	4673	Batman Beyond : Return of the Joker
gbc	4674	Batman of the Future : Return of the Joker
gbc	4675	Battleship
gbc	4676	BattleTanx
gbc	4677	Bear in the Big Blue House
gbc	4566	Beast Fighter
gbc	4678	Beauty and the Beast : A Board Game Adventure
gbc	4549	Benjamin Bluemchen - Ein Verrueckter Tag Im Zoo
gbc	4514	Bibi Blocksberg: Im Bann der Hexenkugel
gbc	4479	Bibi Und Tina - Fohlen Felix In Gefahr
gbc	4679	Billy Bob's Huntin' 'n' Fishin'
gbc	4680	Bionic Commando : Elite Forces
gbc	4681	Bionic Commando : Elite Forces
gbc	4390	Black Bass : Lure Fishing
gbc	4682	Blade
gbc	4683	Blaster Master : Enemy Below
gbc	4534	Blue's Clues : Blue's Alphabet Book
gbc	4410	Boarder Zone
gbc	4476	Bob Et Bobette - Les Dompteurs Du Temps
gbc	4684	Bob the Builder : Fix it Fun!
gbc	4685	Bomberman Max : Blue Champion
gbc	4686	Bomberman Max : Blue Champion
gbc	4687	Bomberman Max : Red Challenger
gbc	4688	Bomberman Quest
gbc	4488	Buffy the Vampire Slayer
gbc	4507	Bugs Bunny : Crazy Castle 3
gbc	4590	Bugs Bunny in Crazy Castle 4
gbc	4520	Bust-A-Move 4
gbc	4408	Bust-A-Move Millennium
gbc	4606	Buzz Lightyear of Star Command
gbc	4615	Caesars Palace II
gbc	4486	Cannon Fodder
gbc	4472	Card Sharks
gbc	4690	Carl Lewis Athletics 2000
gbc	4525	Carmageddon : Carpocalypse Now
gbc	4552	Casper
gbc	4691	Caterpillar Construction Zone
gbc	4692	Catwoman
gbc	4693	Catz : Your Virtual Petz Palz
gbc	4694	Centipede
gbc	4695	Championship Motocross 2001 featuring Ricky Carmic
gbc	4696	Chase H.Q. : Secret Police
gbc	4697	Chessmaster
gbc	4698	Chicken Run
gbc	4699	Classic Bubble Bobble
gbc	4700	Colin McRae Rally
gbc	4701	Commander Keen
gbc	4702	Conker's Pocket Tales
gbc	4703	Cool Bricks
gbc	4704	Croc
gbc	4705	Croc 2
gbc	4706	Cruis'n Exotica
gbc	4707	Crystalis
gbc	4708	Cubix : Robots for Everyone, Race 'n Robots
gbc	4387	CyberTiger
gbc	4709	Daffy Duck : Fowl Play
gbc	4710	Daikatana
gbc	4711	Daiku no Gen-san : Kachikachi no Tonkachi ga Kachi
gbc	4712	Dave Mirra Freestyle BMX
gbc	4713	David Beckham Soccer
gbc	4714	Deer Hunter
gbc	4715	Deja Vu I & II: The Casebooks of Ace Harding
gbc	4716	Denki Blocks!
gbc	4717	Dexter's Laboratory : Robot Rampage
gbc	4838	Die Maus
gbc	4718	Dinosaur
gbc	4719	Dinosaur'us
gbc	4748	Disney's The Emperor's New Groove
gbc	4720	Diva Starz : Mall Mania
gbc	4721	Dogz
gbc	4722	Donald Duck : Goin' Quackers
gbc	4723	Donkey Kong Country
gbc	4724	Donkey Kong Country
gbc	4725	Donkey Kong GB : Dinky Kong & Dixie Kong
gbc	4726	Doug's Big Game
gbc	4727	Dracula : Crazy Vampire
gbc	4728	Dragon Ball Z : Legendary Super Warriors
gbc	4729	Dragon Dance
gbc	4730	Dragon Dance
gbc	4731	Dragon Tales : Dragon Adventures
gbc	4732	Dragon Tales : Dragon Adventures
gbc	4733	Dragon Tales : Dragon Wings
gbc	4734	Dragon Warrior I & II
gbc	4735	Dragon Warrior I & II
gbc	4736	Dragon Warrior III
gbc	4737	Dragon Warrior III
gbc	4594	Dragon Warrior Monsters
gbc	4521	Dragon Warrior Monsters 2 : Cobi's Journey
gbc	4738	Dragon Warrior Monsters 2 : Tara's Adventure
gbc	4739	Dragon Warrior Monsters 2 : Tara's Adventure
gbc	4557	Dragon's Lair
gbc	4740	Dragon's Lair
gbc	4394	Driver : You are the Wheelman
gbc	4741	Driver : You are the Wheelman
gbc	4742	Driver : You are the Wheelman
gbc	4499	Dropzone
gbc	4743	Dropzone
gbc	4602	Duke Nukem
gbc	4483	Dynamike
gbc	4561	E.T. : The Extra-Terrestrial and the Cosmic Garden
gbc	4621	E.T. : The Extra-Terrestrial, Digital Companion
gbc	4744	E.T. : The Extra-Terrestrial, Digital Companion
gbc	4625	E.T. : The Extra-Terrestrial, Escape from Planet E
gbc	4745	Earthworm Jim : Menace 2 the Galaxy
gbc	4746	ECW Hardcore Revolution
gbc	4503	Elmo's ABCs
gbc	4545	ESPN International Track & Field
gbc	4473	ESPN National Hockey Night
gbc	4749	ESPN National Hockey Night
gbc	4750	Evel Knievel
gbc	4751	Extreme Ghostbusters
gbc	4752	Extreme Sports with the Berenstain Bears
gbc	4753	Extreme Sports with the Berenstain Bears
gbc	4754	F-1 World Grand Prix
gbc	4755	F-18 Thunder Strike
gbc	4567	F1 Championship Season 2000
gbc	4756	F1 Championship Season 2000
gbc	4757	F1 Racing Championship
gbc	4758	F1 World Grand Prix II for Game Boy Color
gbc	4508	FIFA 2000
gbc	4759	Fix & Foxi : Episode 1 Lupo
gbc	4588	Flipper & Lopaka
gbc	4761	Force 21
gbc	4577	Formula One 2000
gbc	4762	Fort Boyard
gbc	4536	Frogger
gbc	4763	Frogger 2
gbc	4498	Full Time Soccer
gbc	4399	Full Time Soccer & Hang Time Basketball
gbc	4764	Galaga : Destination Earth
gbc	4414	Game & Watch Gallery 2
gbc	4553	Game & Watch Gallery 3
gbc	4765	Game Boy Gallery 4
gbc	4455	Geheimnis Der Happy Hippo-insel, Das
gbc	4413	Gekido
gbc	4767	Gex 3 : Deep Pocket Gecko
gbc	4388	Gex : Enter the Gecko
gbc	4766	Gex : Enter the Gecko
gbc	4449	Ghosts'n Goblins
gbc	4487	Gift
gbc	4768	Gobs of Games
gbc	4770	Godzilla : The Series, Monster Wars
gbc	4769	Godzilla: The Series
gbc	4771	Gold and Glory: The Road to El Dorado
gbc	4772	Golden Goal
gbc	4773	Grand Theft Auto
gbc	4774	Grand Theft Auto 2
gbc	4775	Grandia : Parallel Trippers
gbc	4776	Gremlins Unleashed
gbc	4530	Gute Zeiten Schlechte Zeiten Quiz
gbc	4778	Halloween Racer
gbc	4779	Halloween Racer
gbc	4780	Hamtaro : Ham-Hams Unite!
gbc	4541	Hands of Time
gbc	4781	Hang Time Basketball
gbc	4480	Harley-Davidson Motor Cycles : Race Across America
gbc	4397	Harry Potter 3
gbc	4782	Harry Potter and the Chamber of Secrets
gbc	4783	Harry Potter and the Chamber of Secrets
gbc	4784	Harry Potter and the Sorcerer's Stone
gbc	4785	Harry Potter and the Sorcerer's Stone
gbc	4614	Harvest Moon 2 GBC
gbc	4786	Harvest Moon 2 GBC
gbc	4787	Harvest Moon 3 GBC
gbc	4788	Harvest Moon 3 GBC
gbc	4435	Harvest Moon GBC
gbc	4789	Harvest Moon GBC
gbc	4522	Hello Kitty No Magical Museum
gbc	4790	Hello Kitty's Cube Frenzy
gbc	4574	Hercules - The Legendary Journeys
gbc	4395	Heroes of Might and Magic
gbc	4554	Heroes of Might and Magic II
gbc	4791	Hexcite : The Shapes of Victory
gbc	4792	Hole In One Golf
gbc	4442	Hollywood Pinball
gbc	4386	Hot Wheels : Stunt Track Driver
gbc	4596	Hoyle Card Games
gbc	4793	Hoyle Casino
gbc	4518	Hugo - The Evil Mirror
gbc	4795	Hugo 2 1/2
gbc	4794	Hugo : Black Diamond Fever
gbc	4617	Hype: The Time Quest
gbc	4796	Indiana Jones and the Infernal Machine
gbc	4403	Inspector Gadget : Operation Madkactus
gbc	4404	International Karate 2000
gbc	4797	International Rally
gbc	4798	International Superstar Soccer 2000
gbc	4799	International Superstar Soccer 99
gbc	4800	International Superstar Soccer 99
gbc	4560	International Track & Field
gbc	4430	Janosch - Das Grosse Panama-spiel
gbc	4623	Jay Und Die Spielzeugdiebe
gbc	4580	Jeff Gordon XS Racing
gbc	4801	Jeremy McGrath Supercross 2000
gbc	4612	Jimmy White's Cueball
gbc	4586	JumpStart Dino Adventure : Field Trip
gbc	4803	Jurassic Boy 2
gbc	4423	Kaept'n Blaubaer - Die Verrueckte Schatzsuche
gbc	4804	Karate Joe
gbc	4805	Keep the Balance
gbc	4575	Keitai Denjuu Telefang - Power Version
gbc	4607	Kelly Club : Clubhouse Fun
gbc	4806	Ken Griffey Jr.'s Slugfest
gbc	4807	Kirby : Tilt 'n' Tumble
gbc	4808	Kirikou
gbc	4809	Klax
gbc	4810	Klustar
gbc	4811	Knockout Kings
gbc	4424	Konami Gb Collection Vol. 1
gbc	4437	Konami Gb Collection Vol. 2
gbc	4497	Konami Gb Collection Vol. 3
gbc	4599	Konami Gb Collection Vol. 4
gbc	4813	Las Vegas Cool Hand
gbc	4460	Laura
gbc	4814	Legend of the River King 2
gbc	4815	Legend of the River King GBC
gbc	4822	LEGO Alpha Team
gbc	4823	LEGO Alpha Team
gbc	4598	LEGO Island 2 : The Brickster's Revenge
gbc	4824	LEGO Island 2 : The Brickster's Revenge
gbc	4400	LEGO Racers
gbc	4825	LEGO Racers
gbc	4420	LEGO Stunt Rally
gbc	4826	LEGO Stunt Rally
gbc	4465	Lemmings
gbc	4506	Lil' Monster
gbc	4827	Lion King : Simba's Mighty Adventure, The
gbc	4828	Little Magic
gbc	4829	Little Nicky
gbc	4830	Logical
gbc	4597	Looney Tunes
gbc	4572	Looney Tunes : Carrot Crazy
gbc	4587	Looney Tunes : Twouble!
gbc	4441	Looney Tunes Collector : Alert!
gbc	4515	Looney Tunes Racing
gbc	4831	Lucky Luke
gbc	4604	Lucky Luke: Desperado Train
gbc	4832	Lufia: The Legend Returns
gbc	4471	M&M's Minis Madness
gbc	4833	Madden NFL 2000
gbc	4426	Madden NFL 2001
gbc	4393	Madden NFL 2002
gbc	4432	Magi Nation
gbc	4834	Magical Chase GB : Minarai Mahoutsukai Kenja no Tani e
gbc	4501	Magical Drop
gbc	4523	Magical Tetris Challenge
gbc	4467	Marble Madness
gbc	4535	Mario Golf
gbc	4835	Mario Tennis
gbc	4836	Marvin Strikes Back!
gbc	4494	Mary-Kate & Ashley : Get a Clue!
gbc	4457	Mary-Kate and Ashley : Crush Course
gbc	4531	Mary-Kate and Ashley : Pocket Planner
gbc	4547	Mary-Kate and Ashley : Winners Circle
gbc	4601	Mat Hoffman's Pro BMX
gbc	4448	Matchbox Emergency Patrol
gbc	4417	Maus, Die - Verrueckte Olympiade
gbc	4839	Maya the Bee & Her Friends
gbc	4434	Maya the Bee: Garden Adventures
gbc	4840	Mega Man Xtreme
gbc	4843	Mega Man Xtreme
gbc	4841	Mega Man Xtreme 2
gbc	4842	Mega Man Xtreme 2
gbc	4844	Megami Tensei Gaiden : Last Bible II
gbc	4391	Meitantei Conan - Karakuri Jiin Satsujin Jiken
gbc	4845	Men in Black 2 : The Series
gbc	4411	Men in Black : The Series
gbc	4592	Merlin
gbc	4846	Metal Gear Solid
gbc	4847	Metal Walker
gbc	4542	Mia Hamm Soccer Shootout
gbc	4848	Mickey's Racing Adventure
gbc	4484	Mickey's Speedway USA
gbc	4849	Micro Machines 1 and 2 : Twin Turbo
gbc	4850	Micro Machines V3
gbc	4516	Micro Maniacs
gbc	4611	Microsoft : The 6 in 1 Puzzle Collection Entertain
gbc	4628	Microsoft : The Best of Entertainment Pack
gbc	4450	Microsoft Pinball Arcade
gbc	4652	Midway presents Arcade Hits: Spy Hunter / Moon Patrol
gbc	4445	Millennium Winter Sports
gbc	4579	Missile Command
gbc	4851	Mission: Impossible
gbc	4852	Monkey Puncher
gbc	4578	Monopoly
gbc	4853	Monster Rancher Battle Card GB
gbc	4576	Monster Rancher Explorer
gbc	4854	Monsters, Inc.
gbc	4418	Montezuma's Return!
gbc	4855	Moomin's Tale
gbc	4405	Moorhen 3 - The Chicken Chase!
gbc	4438	Moorhuhn 2 - Die Jagd Geht Weiter
gbc	4401	Mortal Kombat 4
gbc	4856	Motocross Maniacs 2
gbc	4857	Mr Nutz
gbc	4858	Mr. Driller
gbc	4859	Ms. Pac-Man: Special Color Edition
gbc	4860	MTV Sports : Pure Ride
gbc	4568	MTV Sports : Skateboarding featuring Andy MacDonal
gbc	4595	MTV Sports : T.J. Lavin's Ultimate BMX
gbc	4864	N.Y. Race
gbc	4427	NASCAR 2000
gbc	4865	NASCAR Challenge
gbc	4532	NASCAR Heat
gbc	4609	NASCAR Racers
gbc	4581	NBA 3 on 3 featuring Kobe Bryant
gbc	4429	NBA Hoopz
gbc	4584	NBA In the Zone
gbc	4610	NBA In the Zone 2000
gbc	4517	NBA Jam '99
gbc	4492	NBA Jam 2001
gbc	4867	NBA Show Time : NBA on NBC
gbc	4469	NFL Blitz
gbc	4870	NFL Blitz 2000
gbc	4511	NFL Blitz 2001
gbc	4496	NHL 2000
gbc	4407	NHL Blades of Steel
gbc	4474	NHL Blades of Steel 2000
gbc	4544	Nicktoons Racing
gbc	4871	No Fear : Downhill Mountain Biking
gbc	4872	Noddy and the Birthday Party
gbc	4873	NSYNC : Get to the Show
gbc	4629	Nushi Tsuri Adventure - Kite No Bouken
gbc	4874	O'Leary Manager 2000
gbc	4425	Oddworld Adventures II
gbc	4533	Original Moorhuhn Jagd, Die
gbc	4443	Ottifanten - Kommando Stoertebeker
gbc	4573	Pac-Man : Special Color Edition
gbc	4406	Painter
gbc	4481	Paperboy
gbc	4875	Papyrus
gbc	4876	Perfect Dark
gbc	4495	Pitfall : Beyond the Jungle
gbc	4620	Planet of the Apes
gbc	4877	Player Manager 2001
gbc	4582	Pocket Billiards - Funk The 9 Ball
gbc	4613	Pocket Bomberman
gbc	4878	Pocket Bomberman
gbc	4546	Pocket Bowling
gbc	4527	Pocket Music
gbc	4879	Pocket Racing
gbc	4548	Pocket Smash Out
gbc	4493	Pocket Smash Out & Race Time
gbc	4880	Pocket Soccer
gbc	4589	Pokemon Green
gbc	4882	Pokémon : Crystal Version
gbc	4884	Pokémon : Gold Version
gbc	4509	Pokémon : Silver Version
gbc	4885	Pokémon : Silver Version
gbc	4881	Pokémon Crystal Version
gbc	4883	Pokémon Gold Version
gbc	4485	Pokémon Pinball
gbc	4886	Pokémon Pinball
gbc	4539	Pokémon Puzzle Challenge
gbc	4887	Pokémon Puzzle Challenge
gbc	4513	Pokémon Trading Card Game
gbc	4888	Pokémon Trading Card Game
gbc	4889	Polaris SnoCross
gbc	4447	Pong : The Next Level
gbc	4422	Pooh and Tigger's Hunny Safari
gbc	4890	Portal Runner
gbc	4389	Power Quest
gbc	4891	Power Rangers : Lightspeed Rescue
gbc	4439	Power Rangers : Time Force
gbc	4892	Power Spike : Pro Beach Volleyball
gbc	4894	Prince Naseem Boxing
gbc	4571	Prince of Persia
gbc	4421	Pro Darts
gbc	4895	Pro Pool
gbc	4896	Project S-11
gbc	4504	Puchi Carat
gbc	4396	Pumuckls Abenteuer Bei Den Piraten
gbc	4583	Pumuckls Abenteuer Im Geisterschloss
gbc	4897	Puzzle Master
gbc	4558	Puzzled
gbc	4898	Q*bert
gbc	4899	QIX Adventure
gbc	4900	Quest : Brian's Journey
gbc	4461	Quest : Fantasy Challenge
gbc	4608	Quest for Camelot
gbc	4901	R-Type DX
gbc	4556	Race Time
gbc	4565	Radikal Bikers
gbc	4398	Rainbow Islands
gbc	4903	Rampage 2 : Universal Tour
gbc	4902	Rampage : World Tour
gbc	4904	Rampart
gbc	4905	Rats!
gbc	4906	Rayman
gbc	4907	Rayman 2 : The Great Escape
gbc	4908	Razor Freestyle Scooter
gbc	4909	Ready 2 Rumble Boxing
gbc	4910	Rescue Heroes : Fire Frenzy
gbc	4911	Resident Evil
gbc	4913	Resident Evil Gaiden
gbc	4912	Resident Evil: Gaiden
gbc	4914	Return of the Ninja
gbc	4915	Revelations : The Demon Slayer
gbc	4563	Rhino Rumble
gbc	4916	Rip-Tide Racer
gbc	4917	Road Champs : BXS Stunt Biking
gbc	4918	Road Rash
gbc	4919	Roadsters
gbc	4564	Roadsters '98
gbc	4920	Robin Hood
gbc	4921	RoboCop
gbc	4922	Robopon : Sun Version
gbc	4923	Robot Wars : Metal Mayhem
gbc	4924	Rocket Power : Gettin' Air
gbc	4925	Rocky Mountain Trophy Hunter
gbc	4433	Roland Garros French Open
gbc	4543	Ronaldo V-Soccer
gbc	4926	Ronaldo V-Soccer
gbc	4927	Roswell Conspiracies - Aliens, Myths & Legends
gbc	4482	Rox
gbc	4550	Rugrats : Time Travelers
gbc	4928	Rugrats : Totally Angelica
gbc	4929	Rugrats in Paris : The Movie
gbc	4930	Sabrina : The Animated Series, Spooked!
gbc	4600	Sabrina : The Animated Series, Zapped!
gbc	4562	San Francisco Rush 2049
gbc	4931	Santa Claus Junior
gbc	4559	Scooby-Doo! : Classic Creep Capers
gbc	4605	Scrabble
gbc	4932	Sesame Street Sports
gbc	4747	Sesame Street: Elmo's 123s
gbc	4524	Sewing Machine Operation Software
gbc	4591	Sgt. Rock : On the Frontline
gbc	4933	Shadowgate Classic
gbc	4458	Shamus
gbc	4477	Shanghai Pocket
gbc	4934	Shantae
gbc	4463	Shaun Palmer's Pro Snowboarder
gbc	4935	Shrek : Fairy Tale Freakdown
gbc	4502	Snoopy No Hajimete No Otsukai
gbc	4540	Snoopy Tennis
gbc	4937	Snow White and the Seven Dwarfs
gbc	4555	Soccer Manager
gbc	4938	Space Invaders
gbc	4452	Space Invasion
gbc	4415	Space Invasion & Karate Joe
gbc	4627	Space Invasion & Painter
gbc	4939	Space Marauder
gbc	4392	Spacestation Silicon Valley
gbc	4454	Spawn
gbc	4940	Speedy Gonzales : Aztec Adventure
gbc	4470	Spider-Man
gbc	4943	Spider-Man
gbc	4941	Spider-Man 2 : The Sinister Six
gbc	4942	Spider-Man 2 : The Sinister Six
gbc	4618	Spirou Robbedoes - The Robot Invasion
gbc	4510	SpongeBob SquarePants : Legend of the Lost Spatula
gbc	4944	Spy vs. Spy
gbc	5032	Star Wars : Yoda Stories
gbc	4464	Star Wars Episode I : Obi-Wan's Adventures
gbc	4945	Star Wars Episode I : Obi-Wan's Adventures
gbc	4402	Star Wars Episode I : Racer
gbc	4946	Street Fighter Alpha: Warriors' Dreams
gbc	4459	Stuart Little : The Journey Home
gbc	4489	Super Bombliss Dx
gbc	4947	Super Breakout!
gbc	4948	Super Chinese Fighter EX
gbc	4949	Super Mario Bros. Deluxe
gbc	4528	Supercross Freestyle
gbc	4624	Survival Kids
gbc	4626	Survival Kids 2 - Dasshutsu!! Futago Shima!
gbc	4950	Suzuki Alstare Extreme Racing
gbc	4505	Swing
gbc	4951	SWIV
gbc	4952	Sylvanian Families : Otogi no Kuni no Pendant
gbc	4953	Sylvanian Melodies : Mori no Nakama to Odori Masho!
gbc	4619	Tabaluga
gbc	4478	Tarzan
gbc	4385	Taxi 2
gbc	4616	Taxi 3
gbc	4954	Tazmanian Devil : Munching Madness
gbc	4955	Tech Deck Skateboarding
gbc	4956	Test Drive 2001
gbc	4957	Test Drive 6
gbc	4958	Test Drive Cycles
gbc	4466	Test Drive Le Mans
gbc	4959	Test Drive Off-Road 3
gbc	4960	Tetris DX
gbc	4961	Tetris DX
gbc	4529	Tezhong Budui 2 - Jidi
gbc	4637	The Adventures of Elmo in Grouchland
gbc	4638	The Adventures of the Smurfs
gbc	4409	The Battle Of Vietnam
gbc	4419	The Dukes of Hazzard : Racing for Home
gbc	4537	The F.A. Premier League Stars 2001
gbc	4462	The Fish Files
gbc	4760	The Flintstones: Burgertime in Bedrock
gbc	4777	The Grinch
gbc	4812	The Land Before Time
gbc	4816	The Legend of Zelda : Link's Awakening DX
gbc	4817	The Legend of Zelda : Link's Awakening DX
gbc	4818	The Legend of Zelda : Oracle of Ages
gbc	4819	The Legend of Zelda : Oracle of Ages
gbc	4820	The Legend of Zelda : Oracle of Seasons
gbc	4821	The Legend of Zelda : Oracle of Seasons
gbc	4468	The Little Mermaid II : Pinball Frenzy
gbc	4837	The Mask of Zorro
gbc	4862	The Mummy
gbc	4861	The Mummy Returns
gbc	4863	The Muppets
gbc	4866	The Nations : Land of Legends
gbc	4416	The New Addams Family Series
gbc	4868	The New Adventures of Mary-Kate & Ashley
gbc	4538	The Powerpuff Girls : Bad Mojo Jojo
gbc	4475	The Powerpuff Girls : Battle Him
gbc	4893	The Powerpuff Girls: Paint the Townsville Green
gbc	4585	The Rugrats Movie
gbc	4526	The Simpsons : Night of the Living Treehouse of Ho
gbc	4936	The Smurfs' Nightmare
gbc	5017	The Wild Thornberrys : Rambler
gbc	4962	Thunder Blast Man
gbc	4963	Thunderbirds
gbc	4964	Tiger Woods PGA Tour 2000
gbc	4965	Tintin : Prisoners of the Sun
gbc	4453	Tintin In Tibet
gbc	4967	Tiny Toon Adventures : Dizzy's Candy Quest
gbc	4966	Tiny Toon Adventures: Buster Saves the Day
gbc	4968	Titus the Fox : To Marrakech and Back
gbc	4969	TNN Outdoors Fishing Champ
gbc	4970	TOCA Touring Car Championship
gbc	4971	Toki Tori
gbc	4972	Tom & Jerry
gbc	4974	Tom and Jerry in Mouse Attacks!
gbc	4973	Tom and Jerry: Mouse Hunt
gbc	4975	Tom Clancy's Rainbow Six
gbc	4976	Tomb Raider
gbc	4977	Tomb Raider : Curse of the Sword
gbc	4978	Tonic Trouble
gbc	4436	Tonka Construction Site
gbc	4979	Tonka Raceway
gbc	4980	Tony Hawk's Pro Skater
gbc	4981	Tony Hawk's Pro Skater 2
gbc	4982	Tony Hawk's Pro Skater 3
gbc	4451	Toobin'
gbc	4983	Toonsylvania
gbc	4984	Tootuff
gbc	4985	Top Gear Pocket
gbc	4987	Top Gear Pocket
gbc	4986	Top Gear Pocket 2
gbc	4988	Top Gun : Fire Storm
gbc	4593	Total Soccer 2000
gbc	4989	Towers : Lord Baniff's Deceit
gbc	4990	Toy Story 2
gbc	4991	Toy Story Racer
gbc	4992	Trick Boarder
gbc	4993	Triple Play 2001
gbc	4994	Trouballs
gbc	4996	Turok 2 : Seeds of Evil
gbc	4997	Turok 3 : Shadow of Oblivion
gbc	4995	Turok : Rage Wars
gbc	4998	Tweenies : Doodles' Bones
gbc	4999	Tweety's High-Flying Adventure
gbc	5000	Tyco RC : Racin' Ratz
gbc	4440	Tyrannosaurus Tex
gbc	4412	Tyrian 2000
gbc	5001	Ultimate Fighting Championship
gbc	5002	Ultimate Paint Ball
gbc	5003	Ultimate Surfing
gbc	5004	Uno
gbc	5005	V-Rally : Edition 99
gbc	4500	Vegas Games
gbc	5006	Vigilante 8
gbc	5007	VIP
gbc	5008	Wacky Races
gbc	5009	Walt Disney World Quest : Magical Racing Tour
gbc	4802	Walt Disney's The Jungle Book : Mowgli's Wild Adventure
gbc	5010	Wario Land 3
gbc	5011	Wario Land II
gbc	5012	Warlocked
gbc	5013	Warriors of Might and Magic
gbc	5014	WCW Mayhem
gbc	5015	Wendy : Every Witch Way
gbc	4444	Wendy: Der Traum von Arizona
gbc	4551	Wetrix GB
gbc	5016	Who Wants to Be a Millionaire : 2nd Edition
gbc	4456	Wings of Fury
gbc	5018	Winnie the Pooh : Adventures in the 100 Acre Wood
gbc	5019	Wizardry Empire
gbc	5020	Woody Woodpecker
gbc	5021	Woody Woodpecker Racing
gbc	5022	World Destruction League : Thunder Tanks
gbc	5023	Worms Armageddon
gbc	5024	WWF Attitude
gbc	4490	WWF Betrayal
gbc	4431	WWF WrestleMania 2000
gbc	5025	X-Men : Mutant Academy
gbc	5026	X-Men: Mutant Wars
gbc	5027	X-Men: Wolverine's Rage
gbc	5028	Xena : Warrior Princess
gbc	5029	Xtreme Sports
gbc	5030	Xtreme Wheels
gbc	5031	Yars' Revenge
gbc	4603	Yogi Bear : Great Balloon Blast
gbc	5033	Yu-gi-oh! Dark Duel Stories
gbc	5034	Yu-gi-oh! Dark Duel Stories
gbc	5035	Zebco Fishing!
gbc	5036	Zidane Football Generation
gbc	5037	Zoboomafoo : Playtime in Zobooland
jaguar	5040	Air Cars
jaguar	5041	Alien vs. Predator
jaguar	5042	Atari Karts
jaguar	5043	Atari Karts
jaguar	5044	Attack of the Mutant Penguins
jaguar	5045	BattleSphere Gold
jaguar	5046	Brutal Sports Football
jaguar	5047	Bubsy in Fractured Furry Tales
jaguar	5048	Bubsy in Fractured Furry Tales
jaguar	5049	Cannon Fodder
jaguar	5050	Checkered Flag
jaguar	5051	Club Drive
jaguar	5052	Cybermorph
jaguar	5053	Defender 2000
jaguar	5054	Doom
jaguar	5055	Double Dragon V: The Shadow Falls
jaguar	5056	Dragon: The Bruce Lee Story
jaguar	5057	Evolution: Dino Dudes
jaguar	5058	Fever Pitch Soccer
jaguar	5059	Fight for Life
jaguar	5060	Flashback: The Quest for Identity
jaguar	5061	Flip Out!
jaguar	5062	Hover Strike
jaguar	5063	Hyper Force
jaguar	5064	I-War
jaguar	5077	International Sensible Soccer : World Champions
jaguar	5065	Iron Soldier
jaguar	5066	Kasumi Ninja
jaguar	5067	Missile Command 3D
jaguar	5039	NBA Jam T.E. (U)
jaguar	5068	Pinball Fantasies
jaguar	5069	Pitfall: The Mayan Adventure
jaguar	5070	Pitfall: The Mayan Adventure
jaguar	5071	Power Drive Rally
jaguar	5072	Protector (Special Edition)
jaguar	5073	Raiden
jaguar	5074	Rayman
jaguar	5075	Rayman
jaguar	5076	Ruiner Pinball
jaguar	5078	Skyhammer
jaguar	5079	Soccer Kid
jaguar	5080	Super Burnout
jaguar	5081	SuperCross 3D
jaguar	5082	Syndicate
jaguar	5083	Tempest 2000
jaguar	5084	Theme Park
jaguar	5085	Total Carnage
jaguar	5086	Towers II
jaguar	5087	Trevor McFur in the Crescent Galaxy
jaguar	5088	Troy Aikman NFL Football
jaguar	5089	Ultra Vortek
jaguar	5090	Val d'Isère Skiing and Snowboarding
jaguar	5091	White Men Can't Jump
jaguar	5092	Wolfenstein 3D
jaguar	5093	Worms
jaguar	5094	Zero 5
jaguar	5095	Zool 2
jaguar	5096	Zoop
mame	5182	'88 Games
mame	5185	'99 - The Last War
mame	5166	005
mame	5167	10-Yard Fight
mame	5781	1000 Miglia : Great 1000 Miles Rally
mame	5168	1941: Counter Attack
mame	5169	1943 : The Battle Of Midway
mame	5170	1943 Kai : Midway Kaisen
mame	5171	1945k III
mame	6162	2 On 2 Open Ice Challenge
mame	5177	4 En Raya
mame	5178	4 Fun In 1
mame	5176	4-D Warriors
mame	6691	600
mame	5180	64th. Street - A Detective Story
mame	5181	7jigen No Youseitachi - Mahjong 7 Dimensions
mame	5097	9 Ball Shootout (set 1)
mame	5188	A.B. Cop
mame	5098	Ace Driver - Racing Evolution (Rev. AD2, World)
mame	5099	Ace Driver - Victory Lap (Rev. ADV2, World)
mame	5584	Acrobatic Dog-Fight
mame	5191	Act-Fancer: Cybernetick Hyper Weapon
mame	5194	Action Fighter
mame	5192	Action Hollywood
mame	5193	Aero Fighters
mame	6453	Aero Fighters Special
mame	5696	Aeroboto
mame	5189	After Burner
mame	5190	After Burner II
mame	5220	Age of Heroes - Silkroad 2
mame	5100	Agent Super Bond (Super Cobra conversion)
mame	5196	Agress - Missile Daisenryaku
mame	5101	Ah Eikou No Koshien (Japan)
mame	5197	Air Assault
mame	5198	Air Attack
mame	5199	Air Attack
mame	5200	Air Buster: Trouble Specialty Raid Unit
mame	5195	Air Gallet
mame	5231	Air Rescue
mame	5201	Airwolf
mame	5202	Ajax
mame	6764	Alexey Pajitnov's Welltris
mame	5205	Alien Challenge
mame	5207	Alien Sector
mame	5208	Alien Syndrome
mame	5204	Alien3: The Gun
mame	5206	Aliens
mame	5186	All American Football
mame	5209	Alpha Fighter / Head On
mame	5211	Alpine Racer 2
mame	5210	Alpine Ski
mame	5212	Altair
mame	5213	Altered Beast
mame	6027	Amazing Maze
mame	5215	Ambush
mame	5839	American Horseshoes
mame	5217	American Speedway
mame	5216	Amidar
mame	5218	Angel Kids
mame	5219	Anteater
mame	5221	Apache 3
mame	5222	Apb - All Points Bulletin
mame	5224	Apparel Night
mame	5225	Appoooh
mame	5226	Aqua Jack
mame	5227	Arabian Fight
mame	5228	Arabian Magic
mame	5229	Arcade Classics
mame	5230	Arch Rivals
mame	5232	Argus
mame	5234	Ark Area
mame	5233	Arkanoid
mame	5236	Arkanoid - Revenge Of Doh
mame	5237	Arlington Horse Racing
mame	5240	Arm Wrestling
mame	5238	Armed Formation
mame	5281	Armed Police Batrider
mame	5239	Armored Car
mame	5241	Ashura Blaster
mame	5242	ASO: Armored Scrum Object
mame	5243	Assault
mame	5245	Asterix
mame	5246	Asteroids
mame	5244	Asteroids Deluxe
mame	5248	Astra SuperStars
mame	5249	Astro Blaster
mame	5250	Astro Fighter
mame	5252	Asuka & Asuka
mame	5253	Asura Blade - Sword Of Dynasty
mame	5254	Asura Buster - Eternal Warriors
mame	5187	Atari Baseball
mame	5255	Atari Football
mame	6457	Atari Soccer
mame	5257	Athena
mame	5102	Athena No Hatena ?
mame	5103	Atlantic City Action
mame	5259	Atomic Point
mame	5617	Atomic Punk
mame	5260	Avalanche
mame	5261	Avenging Spirit
mame	5262	Aztarac
mame	5263	Azurian Attack
mame	5402	B-wings
mame	5372	B.Rap Boys
mame	5104	Baby Phoenix-gv System
mame	5265	Back Fire
mame	5381	Back Street Soccer
mame	5264	Backfire!
mame	5266	Bad Dudes vs. Dragonninja
mame	5267	Bagman
mame	5268	Bakatonosama Mahjong Manyuuki
mame	5269	Bakutotsu Kijuutei
mame	5270	Bal Cube
mame	5271	Balloon Bomber
mame	5272	Balloon Brothers
mame	5274	Baluba-louk No Densetsu
mame	6212	Banbam
mame	5276	Bang Bang Ball
mame	5275	Bang!
mame	5277	Bank Panic
mame	5278	Barrier
mame	5279	Baseball: The Season II
mame	5380	Basketball
mame	5282	Batsugun
mame	5287	Battlantis
mame	5289	Battle Bakraid: Unlimited Version
mame	5280	Battle Bubble
mame	5293	Battle Chopper
mame	5286	Battle Cross
mame	5294	Battle Cruiser M-12
mame	5304	Battle Garegga
mame	5384	Battle K-Road
mame	5283	Battle Lane! Vol. 5
mame	5258	Battle of Atlantis
mame	5285	Battle Rangers
mame	5379	Battle Shark
mame	5284	Battlecry
mame	5385	Battletoads
mame	5105	Bay Route (Datsu bootleg)
mame	6760	Beach Festival World Championship 1997
mame	5295	Beam Invader
mame	5296	Beathead
mame	5345	Bells & Whistles
mame	5297	Ben Bero Beh
mame	5298	Beraboh Man
mame	5301	Bermuda Triangle
mame	5302	Berzerk
mame	5291	Best Bout Boxing
mame	5303	Best of Best
mame	5306	Big Event Golf
mame	5307	Big Karnak
mame	5309	Big Striker
mame	5310	Bio Attack
mame	5311	Biomechanical Toy
mame	5315	Birdie King
mame	5316	Birdie King 2
mame	5317	Birdie King 3
mame	5312	Birdie Try
mame	5313	Bishi Bashi Championship Mini Game Senshuken
mame	5331	Black Hole
mame	5332	Black Panther
mame	5333	Black Tiger
mame	5318	Black Touch '96
mame	5401	Black Widow
mame	5349	Blade Master
mame	5319	Blades Of Steel
mame	5320	Blandia
mame	5321	Blandia
mame	5325	Blast Off
mame	5322	Blasted
mame	5323	Blaster
mame	5344	Blasteroids
mame	5324	Blasto
mame	5326	Blaze On
mame	5327	Blazer
mame	5328	Blazing Lazers
mame	5348	Blazing Tornado
mame	5335	Block Carnival
mame	5337	Block Gal
mame	5338	Block Gal
mame	5339	Block Hole
mame	5340	Block Out
mame	5334	Blockade
mame	5336	Blocken
mame	5341	Blood Bros.
mame	5342	Blood Storm
mame	5343	Blood Warrior
mame	5329	Bloody Roar 2: Bringer of the New Age
mame	5346	Blue Hawk
mame	5347	Blue Print
mame	5353	Body Slam
mame	5354	Bogey Manor
mame	5355	Boggy '84
mame	5356	Bomb Bee
mame	5357	Bomb Jack
mame	5314	Bomb Jack Twin
mame	5358	Bombs Away
mame	5352	Bonanza Bros.
mame	5359	Bonk's Adventure - Arcade Version
mame	5360	Bonze Adventure
mame	5361	Boogie Wings
mame	5362	Boomer Rang'r
mame	5363	Boot Hill
mame	5373	Borderline
mame	5364	Borench
mame	5365	Born To Fight
mame	5366	Bosconian
mame	5367	Bottom Of The Ninth
mame	5368	Boulder Dash / Boulder Dash Part 2
mame	5290	Bouncing Balls
mame	5370	Boxy Boy
mame	5371	Brain
mame	5378	Brave Blade
mame	5376	Break Thru
mame	5374	Brick Zone
mame	5107	Bubble 2000
mame	5106	Bubble 2000 (Korea, with adult pictures)
mame	6824	Bubble Bobble
mame	5386	Bubble Memories: The Story of Bubble Bobble III
mame	5388	Bubble Symphony
mame	5387	Bubble Trouble
mame	5389	Buccaneers
mame	5390	Bucky O'Hare
mame	5391	Buggy Boy
mame	5392	Buggy Challenge
mame	5396	Bull Fighter
mame	5393	Bullet
mame	5394	Bullet
mame	5395	Bullfight
mame	5397	Bulls Eye Darts
mame	5377	Bump 'n' Jump
mame	5382	BurgerTime
mame	5398	Burglar X
mame	5399	Buriki One
mame	5400	Burning Force
mame	5375	Burning Rival
mame	5403	Bygone
mame	5404	Cabal
mame	5405	Cadash
mame	5407	Caliber 50
mame	5408	Calipso
mame	5409	Calorie Kun Vs Moguranian
mame	5410	Cameltry
mame	5411	Cannon Ball
mame	5412	Canyon Bomber
mame	5413	Capcom Bowling
mame	5500	Captain Silver
mame	5873	Car Hunt / Deep Scan
mame	5414	Car Jamboree
mame	5415	Carrera
mame	5416	Cat And Mouse
mame	5417	Cavelon
mame	6054	Centipede
mame	5424	Cerberus
mame	5426	Chack'n Pop
mame	5425	Chain Reaction
mame	5427	Challenger
mame	5429	Chameleon
mame	5428	Chameleon 24
mame	5430	Champion Base Ball
mame	5436	Champion Boxing
mame	5450	Champion Pro Wrestling
mame	5432	Champion Wrestler
mame	5431	Championship Bowling
mame	5446	Chance Kun
mame	5406	Change Air Blade
mame	5433	Changes
mame	5434	Charlie Ninja
mame	5435	Chase H.Q.
mame	5437	Check Man
mame	5438	Checkmate
mame	5439	Cheeky Mouse
mame	5440	Cheese Chase
mame	5441	Chelnov - Atomic Runner
mame	5449	Chequered Flag
mame	5499	Chicken Shift
mame	5108	Chiller (version 3.0)
mame	5442	Chimera Beast
mame	5443	China Gate
mame	5444	China Town
mame	5445	Chinese Hero
mame	5447	Choplifter
mame	5448	Chopper I
mame	5451	Circus
mame	5452	Circus Charlie
mame	5453	Cisco Heat
mame	5454	City Bomber
mame	5455	City Connection
mame	5460	Clash-road
mame	5457	Cleopatra Fortune
mame	5458	Cloak & Dagger
mame	5459	Cloud 9
mame	5461	Clutch Hitter
mame	5463	Cobra-command
mame	5464	Colony 7
mame	5466	Combat Hawk
mame	5465	Combat School
mame	5467	Commando
mame	5468	Commando
mame	5469	Complex X
mame	5470	Congo Bongo
mame	5471	Continental Circus
mame	5472	Contra
mame	5473	Cookie & Bibi 2
mame	5474	Cool Minigame Collection
mame	5475	Cool Riders
mame	5476	Cop 01
mame	5478	Cosmic Alien
mame	5418	Cosmic Avenger
mame	5477	Cosmic Cop
mame	5479	Cosmic Guerilla
mame	5480	Cosmo
mame	5481	Cosmo Gang The Video
mame	5721	Cosmo Police Galivan
mame	5482	Cosmos
mame	5483	Cotton: Fantastic Night Dreams
mame	5484	Country Club
mame	5492	Crack Down
mame	5485	Crater Raider
mame	5487	Crazy Balloon
mame	5421	Crazy Climber
mame	5422	Crazy Climber 2
mame	5486	Crazy Fight
mame	5456	Crazy Kong
mame	5498	Crazy Rally
mame	5423	Crazzy Clownz
mame	5489	Crime City
mame	5490	Crime Fighters
mame	5491	Crime Fighters
mame	5493	Cross Pang
mame	5488	Crowns Golf In Hawaii
mame	5419	Crude Buster
mame	5496	Crusher Makochan
mame	5420	Crystal Castles
mame	5503	Cuby Bop
mame	5504	Cue Brick
mame	5505	Curve Ball
mame	5506	Cute Fighter
mame	5507	Cybattler
mame	5508	Cyber Cycles
mame	5509	Cyvern - The Dragon Weapons
mame	5534	D-con
mame	5535	D-day
mame	5536	D. D. Crew
mame	5510	Dacholer
mame	5511	Daikaiju No Gyakushu
mame	5512	Daioh
mame	5515	Dan-ku-ga
mame	5513	Danger Zone
mame	5544	Dangerous Dungeons
mame	5514	Dangerous Seed
mame	5517	Darius
mame	5519	Darius Gaiden - Silver Hawk
mame	5520	Darius Gaiden - Silver Hawk Extra Version
mame	5518	Darius II
mame	5521	Dark Edge
mame	5523	Dark Planet
mame	5524	Dark Seal
mame	5525	Dark Tower
mame	5526	Darwin 4078
mame	5173	Datsun 280 Zzzap
mame	5546	Dead Angle
mame	5547	Dead Connection
mame	5548	Dead Eye
mame	5549	Deer Hunting Usa V4.3
mame	5550	Defender
mame	5581	Demon Front
mame	5554	Demon's World
mame	5553	Demoneye-x
mame	5552	Demons & Dragons
mame	5555	Denjin Makai
mame	5557	Depthcharge
mame	5558	Deroon Derodero
mame	5559	Desert Breaker
mame	5560	Desert War
mame	5561	Destroyer
mame	5564	Devastators
mame	5562	Devil Fish
mame	5563	Devil World
mame	5565	Devil Zone
mame	5566	Diamond Run
mame	5567	Diet Go Go
mame	5568	Dig Dug
mame	5569	Dig Dug II
mame	5570	Digger
mame	5571	Dingo
mame	5572	Dino Rex
mame	5574	Disco Boy
mame	5573	Disco No.1
mame	5575	Diver Boy
mame	5576	Dj Boy
mame	5596	Do! Run Run
mame	5583	Dock Man
mame	5537	DoDonPachi
mame	5538	DoDonPachi II - Bee Storm
mame	5539	DoDonPachi III
mame	5585	Dog Fight
mame	5586	Dog Patch
mame	5587	Dogyuun
mame	5588	Doki Doki Penguin Land
mame	5589	Domino Man
mame	5590	Dominos
mame	5591	Dommy
mame	5592	Don Doko Don
mame	5577	Donkey Kong
mame	5578	Donkey Kong 3
mame	5579	Donkey Kong Junior
mame	5593	DonPachi
mame	5594	Dorachan
mame	5595	Dorodon
mame	5527	Double Axle
mame	5540	Double Dragon
mame	5542	Double Dragon 3 - The Rosetta Stone
mame	5541	Double Dragon II - The Revenge
mame	5543	Double Dribble
mame	5528	Double Wings
mame	5598	Downtown / Mokugeki
mame	5611	Dr. Micro
mame	5612	Dr. Toppel's Adventure
mame	5532	Dragon Ball Z V.r.v.s.
mame	5603	Dragon Bowl
mame	5529	Dragon Breed
mame	5604	Dragon Buster
mame	5599	Dragon Gun
mame	5605	Dragon Master
mame	5614	Dragon Spirit
mame	5606	Dragon Unit / Castle Of Dragon
mame	5530	DragonBall Z
mame	5531	Dragonball Z 2 - Super Battle
mame	5600	Dragoon Might
mame	5602	Dream Shopper
mame	5613	Dream Soccer '94
mame	5601	Dream World
mame	5607	Dribbling
mame	5608	Drift Out
mame	5609	Driving Force
mame	5971	Dungeon Magic
mame	5616	Dyger
mame	5618	Dyna Gear
mame	5533	Dynamic Country Club
mame	5620	Dynamic Shoot Kyousou
mame	5619	Dynamic Ski
mame	5621	Dynamite Duke
mame	5545	Dynamite Dux
mame	5580	Dynamite League
mame	5622	Dynasty Wars
mame	5642	E-swat - Cyber Police
mame	5626	E.D.F. : Earth Defense Force
mame	5623	Eagle Shot Golf
mame	5628	Eggor
mame	5184	Eight Ball Action
mame	5629	Eight Forces
mame	5630	Elevator Action
mame	5631	Eliminator
mame	5632	Empire City - 1931
mame	5633	Enduro Racer
mame	5634	Enforce
mame	5635	Enigma II
mame	5637	Equites
mame	5636	Escape From The Planet Of The Robot Monsters
mame	5638	Escape Kids
mame	5641	ESP Ra.De.
mame	5639	Espgaluda
mame	5640	Espial
mame	5644	Evil Stone
mame	5645	Excelsior
mame	5647	Exciting Soccer II
mame	5648	Exerion
mame	5649	Explosive Breaker
mame	5652	Extermination
mame	5651	Exterminator
mame	5625	Extra Bases
mame	5650	Extreme Downhill
mame	5653	Exzisus
mame	5654	Eyes
mame	5656	F-1 Grand Prix
mame	5657	F-1 Grand Prix Part II
mame	5655	F1 Exhaust Note
mame	5658	Face Off
mame	5693	Fancy World: Earth of Crisis
mame	5755	Fantastic Journey
mame	5659	Fantasy
mame	5660	Fantasy Land
mame	5662	Fantasy Zone
mame	5661	Fantasy Zone II: The Tears of Opa-Opa
mame	5663	Fast Lane
mame	6507	Faster, Harder, More Challenging Q*bert
mame	5664	Fatal Fury : Wild Ambition
mame	5665	Fever SOS
mame	5670	Field Day
mame	5668	Fighter's History
mame	5708	Fighters' Impact A
mame	5667	Fighting Basketball
mame	5669	Fighting Hawk
mame	5671	Fighting Roller
mame	5674	Final Blow
mame	5666	Final Fight Revenge
mame	5676	Final Lap
mame	5672	Final Lap 2
mame	5673	Final Lap 3
mame	5707	Final Star Force
mame	5677	Final Tetris
mame	5675	Finalizer - Super Transformation
mame	5678	Finest Hour
mame	5679	Fire Battle
mame	5681	Fire Hawk
mame	5682	Fire One
mame	5683	Fire Shark
mame	5684	Fire Trap
mame	5685	Fire Truck / Smokey Joe
mame	5680	Firebeast
mame	5687	FixEight
mame	5688	Flashgal
mame	5689	Flicky
mame	5691	Fly-boy
mame	5692	Flying Tiger
mame	5695	Football Champ
mame	5175	Forty-love
mame	5697	Four Trax
mame	5698	Freeze
mame	5699	Frenzy
mame	5700	Frisky Tom
mame	5706	Frog & Spiders
mame	5701	Frogger
mame	5702	Frogs
mame	6568	From TV Animation Slam Dunk - Super Slams
mame	5703	Front Line
mame	5709	Funky Bee
mame	5694	Funky Fish
mame	5710	Funky Jet
mame	5712	Funny Bubble
mame	5713	Funny Strip
mame	5714	Future Spy
mame	5747	G.I. Joe
mame	5716	Gaia Crusaders
mame	5738	Gain Ground
mame	5799	Galactic Warriors
mame	5717	Galaga
mame	5718	Galaga '88
mame	5719	Galaxian
mame	5736	Galaxy Force 2
mame	5109	Galaxy Games Bios
mame	5720	Galaxy Gunners
mame	5110	Gals Hustler
mame	5728	Gang Busters
mame	5723	Gardia
mame	5724	Garyo Retsuden
mame	5726	Gauntlet
mame	5725	Gauntlet 2
mame	5731	Gee Bee
mame	5732	Gemini Wing
mame	5733	Genix Family
mame	5734	Genpei Toumaden
mame	5556	Ghost Chaser Densei
mame	5739	Ghost Hunter
mame	5751	Ghosts'n Goblins
mame	5741	Ghouls'n Ghosts
mame	5742	Ghouls'n Ghosts
mame	5743	Ghox
mame	5744	Gigandes
mame	5745	Gigas
mame	5746	Gigas Mark II
mame	5748	Ginga Ninkyouden
mame	6045	Gionbana
mame	5749	Gladiator
mame	6401	Gladiator 1984
mame	5903	Global Champion
mame	6800	Go Go Mr. Yamaguchi / Yuke Yuke Yamaguchi-kun
mame	5753	Go Go! Mile Smile
mame	5737	Goalie Ghost
mame	5752	Godzilla
mame	5754	Goindol
mame	5756	Gold Bug
mame	5757	Gold Medalist
mame	5758	Golden Axe
mame	5715	Golden Axe: The Revenge of Death Adder
mame	5735	Golden Fire II
mame	5780	Golden Tee Golf
mame	5759	Golly! Ghost!
mame	5760	Gomoku Narabe Renju
mame	5761	Gondomania
mame	5763	Gorf
mame	5764	Got-cha Mini Game Festival
mame	5767	Gradius III
mame	5729	Grand Cross
mame	5778	Grand Striker - Human Cup
mame	5777	Grand Striker 2
mame	5768	Gratia - Second Earth
mame	5779	Great Swordsman
mame	5727	Green Beret
mame	5776	Grid Seeker: Project Storm Hammer
mame	5770	Gridiron Fight
mame	5771	Gridlee
mame	5772	Grind Stormer
mame	5773	Grobda
mame	5774	Ground Effects / Super Ground Effects
mame	5775	Growl
mame	5769	Guardians: Denjin Makai II
mame	5798	Guerrilla War
mame	5750	Guided Missile
mame	5783	Gulf Storm
mame	5784	Gulf War II
mame	5791	Gun & Frontier
mame	5788	Gun Fight
mame	5792	Gun Master
mame	5794	Gun.Smoke
mame	5785	Gunbird
mame	5787	Gundhara
mame	5790	Gunforce - Battle Fire Engulfed Terror Island
mame	5789	GunForce II
mame	5793	Gunpey
mame	5795	Guts N' Glory
mame	5796	Guwange
mame	5797	Guzzler
mame	6194	Gyakuten!! Puzzle Bancho
mame	5800	Gypsy Juggler
mame	5801	Gyrodine
mame	5802	Gyruss
mame	5803	Hachoo!
mame	5804	Hal21
mame	5805	Halley's Comet
mame	5806	Hammer
mame	5827	Hammerin' Harry
mame	5807	Hang-on
mame	5808	Hang-on Jr.
mame	5111	Happy 6-in-1 (ver. 102CN)
mame	5809	Hard Hat
mame	5811	Hard Head
mame	5810	Hard Head 2
mame	5812	Hard Yardage
mame	5112	Harem
mame	5113	Hasamu (Japan)
mame	5813	Hat Trick
mame	5815	Haunted Castle
mame	5817	Head On
mame	5819	Head On
mame	5818	Head On 2
mame	5820	Heated Barrel
mame	5814	Heavy Barrel
mame	5850	Heavy Metal
mame	5851	Heavy Smash
mame	5852	Heavyweight Champ
mame	5821	Hebereke No Popoon
mame	5822	Heiankyo Alien
mame	5823	Helifire
mame	5824	Hellfire
mame	5825	Hexa
mame	5826	Hexion
mame	5828	High Impact Football
mame	5853	High Way Race
mame	5829	Hippodrome
mame	5831	Hit The Ice
mame	5832	Hoccer
mame	5833	Holosseum
mame	5834	Hook
mame	5835	Hoops
mame	5837	Hopper Robo
mame	5836	Hopping Mappy
mame	5840	Hot Chase
mame	5842	Hot Rod
mame	5843	Hot Shocker
mame	5844	Hot Shots Tennis
mame	5841	Hotdog Storm
mame	5846	Hunchback
mame	5847	Hunchback at the Olympics
mame	5848	Hustle
mame	5854	Hydra
mame	5816	Hyper Crash
mame	6663	Hyper Olympic
mame	5855	Hyper Pacman
mame	5856	Hyper Sports
mame	5865	I'm Sorry
mame	5876	I, Robot
mame	5859	Igmo
mame	5861	Ikari III - The Rescue
mame	5860	Ikari Warriors
mame	5862	Ikki
mame	5864	Image Fight
mame	5863	Imago
mame	5868	In the Hunt
mame	5858	Indoor Soccer
mame	5866	Insector
mame	5867	Insector X
mame	5869	Intrepid
mame	5874	Invinco
mame	5875	Iq-block
mame	6156	Ironman Ivan Stewart's Super Off-road
mame	6157	Ironman Ivan Stewart's Super Off-road Track-pak
mame	5877	Itazura Tenshi
mame	5878	Ixion
mame	5891	J. J. Squawkers
mame	5881	Jack Rabbit
mame	5879	Jack the Giantkiller
mame	5880	Jackal
mame	5884	Jackie Chan - The Kung-fu Master
mame	5885	Jackie Chan In Fists Of Fire
mame	5882	Jail Break
mame	5889	Jitsuryoku!! Pro Yakyuu
mame	5892	Joe & Mac Returns
mame	6601	John Elway's Team Quarterback
mame	5893	Journey
mame	5894	Joust
mame	5895	Joyful Road
mame	5897	Jr. Pac-Man
mame	5887	Judge Dredd
mame	5898	Jump Bug
mame	5899	Jump Coaster
mame	5900	Jump Shot
mame	5886	Jumping Cross
mame	5890	Jumping Jack
mame	5901	Jungler
mame	5902	Juno First
mame	5896	Jurassic Park
mame	5247	Kamikaze
mame	5905	Kamikaze Cabbie
mame	5906	Kangaroo
mame	5907	Kaos
mame	5908	Karate Blazers
mame	5915	Karate Champ
mame	5910	Karian Cross
mame	5911	Karnov
mame	5917	Ketsui - Kizuna Jigoku Tachi
mame	5918	Kick Boy
mame	5920	Kick Goal
mame	5921	Kick Off
mame	5922	Kick Rider
mame	5925	Kick Start - Wheelie King
mame	5919	Kicker
mame	5923	Kickle Cubicle / Meikyu Jima
mame	5838	Kid No Hore Hore Daisakusen
mame	5924	KiKi KaiKai
mame	5928	Killer Comet
mame	5115	Killer Instinct
mame	5931	Killer Instinct
mame	5114	Killer Instinct 2
mame	5932	Killer Instinct 2
mame	5929	King & Balloon
mame	5930	King Of Boxer
mame	5933	Kitten Kaboodle
mame	5934	Klax
mame	5936	Knightmare
mame	5937	Knights of the Round
mame	5941	Knights of Valour
mame	5942	Knights of Valour 2 Plus - Nine Dragons
mame	5943	Knights of Valour Super Heroes
mame	5913	Knuckle Bash
mame	5914	Knuckle Bash 2
mame	5935	Knuckle Joe
mame	5643	Kokontouzai Eto Monogatari
mame	5938	Konami Gt
mame	5116	Konami's Open Golf Championship (ver EAE)
mame	6220	Konami's Ping-pong
mame	5939	Konek-gorbunok
mame	5350	Konkyuu No Hoshi
mame	5945	Kozmik Kroozr
mame	5944	Kozure Ookami
mame	5946	Krazy Bowl
mame	5948	Kung-fu Taikun
mame	5949	Kuri Kinton
mame	5947	Kusayakyuu
mame	5950	Kyros
mame	5952	Lady Bug
mame	6153	Lady Master of Kung Fu
mame	5953	Laguna Racer
mame	5954	Land Maker
mame	5987	Land Sea Air Squad
mame	5955	Lasso
mame	5958	Last Mission
mame	5951	Last Striker
mame	5959	Lazer Command
mame	5686	Lee Trevino's Fighting Golf
mame	5961	Legend
mame	5981	Legend of Hero Tonma
mame	5982	Legend of Makai
mame	5990	Legendary Wings
mame	5962	Legion: Spinner-87
mame	5963	Lemmings
mame	5964	Leprechaun
mame	5494	Lethal Crash Race
mame	5965	Lethal Enforcers
mame	5960	Lethal Enforcers II: Gun Fighters
mame	5966	Lethal Justice
mame	5967	Lethal Thunder
mame	5968	Levers
mame	5970	Liberator
mame	5969	Lightning Fighters
mame	5916	Lightning Swords
mame	5972	Liquid Kids
mame	5973	Little Robin
mame	5974	Lizard Wizard
mame	5977	Lock 'n' Chase
mame	5978	Lock-on
mame	5979	Loco-motion
mame	5980	Logger
mame	5983	Looping
mame	5984	Lost Tomb
mame	5985	Lover Boy
mame	5988	Lucky & Wild
mame	5976	Lunar Lander
mame	5986	Lunar Rescue
mame	5989	Lupin III
mame	5991	M-4
mame	6047	M.I.A.: Missing in Action
mame	5117	Mace - The Dark Age (boot ROM 1.0ce, HDD 1.0b)
mame	5118	Mace - The Dark Age (HDD 1.0a)
mame	5993	Mace: The Dark Age
mame	5994	Macho Mouse
mame	5997	Macross Plus
mame	5998	Mad Alien
mame	5999	Mad Crasher
mame	6000	Mad Donna
mame	6001	Mad Motor
mame	6090	Mad Planets
mame	6002	Mad Shark
mame	6004	Mag Max
mame	6003	Magic Bubble
mame	6030	Magical Cat Adventure
mame	6044	Magical Crystals
mame	6005	Magical Spot
mame	5203	Mahjong Angel Kiss
mame	6008	Main Event
mame	6009	Major Title
mame	5495	Make Trax
mame	6010	Mania Challenge
mame	6011	Maniac Square
mame	6012	Many Block
mame	6013	Mappy
mame	6065	Marchen Maze
mame	6014	Marine Boy
mame	6015	Mariner
mame	6020	Mario Bros.
mame	6016	Markham
mame	6017	Mars
mame	6102	Martial Champion
mame	6019	Marvel Land
mame	6018	Marvin's Maze
mame	5904	Masked Riders Club Battle Race
mame	6021	Master of Weapon
mame	6023	Mat Mania
mame	6024	Max Rpm
mame	6025	Mayday
mame	6026	Mayhem 2002
mame	6028	Maze Invaders
mame	6068	Maze Of Flott
mame	6029	Mazinger Z
mame	6031	Meadows Lanes
mame	6032	Mega Blast
mame	6034	Mega Zone
mame	6033	Megatack
mame	6036	Merlin's Money Maze
mame	6037	Mermaid
mame	6038	Meta Fox
mame	6039	Metal Black
mame	6041	Metal Clash
mame	6100	Metal Soldier Isaac II
mame	6042	Metamoqester
mame	6040	Metamorphic Force
mame	6043	Metro-cross
mame	6111	Michael Jackson's Moonwalker
mame	6049	Midnight Resistance
mame	6048	Midnight Run: Road Fighters 2
mame	6050	Mighty Guy
mame	6055	Mighty Monkey
mame	6112	Mighty Warriors
mame	6052	Mikie
mame	5782	Mille Miglia 2: Great 1000 Miles Rally
mame	6053	Millipede
mame	6056	Minefield
mame	6057	Mini Vaders
mame	6066	Minky Monkey
mame	6826	Mirai Ninja
mame	6058	Mirax
mame	6060	Missile Command
mame	5992	Mission 660
mame	6059	Mission Craft
mame	6095	Mister Viking
mame	6097	Mobile Suit Gundam
mame	5730	Mobile Suit Gundam Final Shooting
mame	5786	Mobile Suit Gundam: EX Revue
mame	6069	Mogu Chan
mame	6070	Mogura Desse
mame	6071	Momoko 120%
mame	6074	Money Money
mame	6072	Monster Bash
mame	6064	Monster Maulers
mame	6073	Monte Carlo
mame	5119	Moon Alien Part 2
mame	6078	Moon Cresta
mame	6089	Moon Patrol
mame	6079	Moon Quasar
mame	6098	Moon Shuttle
mame	6099	Moon Shuttle
mame	6080	Moonwar
mame	6081	More More
mame	6082	More More Plus
mame	6061	Mortal Kombat
mame	6062	Mortal Kombat 2
mame	6063	Mortal Kombat 3
mame	5120	Mortal Kombat 4 (version 3.0)
mame	6083	Mosaic
mame	6084	Moto Frenzy
mame	6085	Motos
mame	6086	Mouja
mame	6087	Mouse Attack
mame	6096	Mouse Shooter Gogo
mame	6103	Mouse Trap
mame	6088	Mouser
mame	6091	Mr. Dig
mame	6803	Mr. Do!
mame	5582	Mr. Do's Castle
mame	5597	Mr. Do's Wild Ride
mame	6093	Mr. Goemon
mame	5330	Mr. Jong
mame	6094	Mr. Kougar
mame	6101	Ms. Pac-Man
mame	5172	Ms. Pac-man/Galaga - 20th Anniversary Class of 1981 Reunion
mame	6104	Mug Smashers
mame	6143	Multi 5 / New Multi Game 5
mame	6105	Multi Game
mame	6106	Multi Game 2
mame	5121	Multi Game 3
mame	6107	Mustache Boy
mame	6109	Mutant Fighter
mame	6067	Mutant Night
mame	6110	Mvp
mame	6113	MX5000
mame	6114	My Hero
mame	6117	Mysterious Stones - Dr. John's Adventure
mame	6115	Mystic Marathon
mame	6116	Mystic Riders
mame	6118	Mystic Warriors
mame	6152	N-sub
mame	6154	N.y. Captor
mame	6128	Namco Classic Collection Vol.1
mame	6119	Naname De Magic!
mame	6120	NARC
mame	6121	Nastar
mame	6122	NATO Defense
mame	6123	Naughty Boy
mame	6144	Naughty Mouse
mame	6124	Nba Hangtime
mame	6125	NBA Jam
mame	6126	NBA Jam Tournament Edition
mame	6129	Neck-n-neck
mame	5765	Nemesis
mame	6130	Nemesis
mame	6132	Net Wars
mame	5292	New Atomic Punk - Global Quest
mame	6149	New Rally X
mame	6133	New Sinbad 7
mame	6155	New York! New York!
mame	6141	Night Driver
mame	6151	Night Stocker
mame	6134	Night Striker
mame	6127	Ninja Baseball Bat Man
mame	6135	Ninja Clowns
mame	6140	Ninja Emaki
mame	6406	Ninja Gaiden
mame	5912	Ninja Kazan
mame	6150	Ninja Spirit
mame	6137	Ninja-Kid II
mame	6138	Ninja-kun: Adventure of Devil Castle
mame	6142	Nitro Ball
mame	6146	No Man's Land
mame	6147	Nostradamus
mame	6148	Nova 2001
mame	6170	Off The Wall
mame	6158	Oh My God!
mame	6159	Oli-boo-chu
mame	6160	Omega Fighter
mame	5122	Onna Sanshirou - Typhoon Gal
mame	6161	Opa Opa
mame	6169	Operation Thunderbolt
mame	6163	Operation Wolf
mame	6164	Orbs
mame	6165	Ordyne
mame	6166	Oriental Legend / Xi You Shi E Zhuan
mame	5123	Oriental Legend Special Plus / Xi You Shi E Zhuan Super Plus
mame	6168	Osman
mame	6172	Out Run
mame	6173	Out Zone
mame	6174	Ozma Wars
mame	6175	P-47 - The Phantom Fighter
mame	6176	P-47 Aces
mame	6248	P.O.W.: Prisoners of War
mame	6181	Pac & Pal
mame	6178	Pac-Land
mame	6179	Pac-Man
mame	6182	Pac-man Plus
mame	6180	Pac-Mania
mame	6177	Pack'n Bang Bang
mame	6183	Paddle Mania
mame	5124	Pairs (Nichibutsu, Japan 890822)
mame	6184	Palamedes
mame	6185	Pandora's Palace
mame	6186	Pang
mame	6187	Pang Pom's
mame	6188	Panic Street
mame	6189	Panther
mame	6265	Parallel Turn
mame	6190	Parodius Da!
mame	6191	Pass
mame	6203	Peek-a-boo!
mame	6204	Peggle
mame	6207	Pengo
mame	6206	Penguin Adventure
mame	6205	Penguin Brothers
mame	6229	Penguin-kun Wars
mame	6208	Pepper II
mame	6196	Perfect Billiard
mame	6210	Performan
mame	6211	Pesadelo
mame	6213	Phantom II
mame	6214	Phoenix
mame	6215	Phozon
mame	6216	Pig Newton
mame	6217	Pig Out: Dine Like a Swine!
mame	6218	Pigskin 621ad
mame	6192	Pinball Action
mame	6219	Pinbo
mame	6253	Ping Pong Masters '93
mame	6193	Pioneer Balloon
mame	6221	Pipe Dream
mame	6222	Pipi & Bibi's
mame	6223	Pirates
mame	6224	Pistol Daimyo no Bōken
mame	6227	Pit & Run - F-1 Race
mame	6226	Pit Fighter
mame	6225	Pitfall II
mame	6231	Playball!
mame	6233	Pleiads
mame	6234	Plotting
mame	6235	Plump Pop
mame	6236	Plus Alpha
mame	6201	Pocket Gal
mame	6228	Pocket Gal Deluxe
mame	6237	Poizone
mame	6238	Polaris
mame	6239	Pole Position II
mame	6240	Pollux
mame	6241	Poly-play
mame	6242	Ponpoko
mame	6243	Pooyan
mame	6244	Pop Flamer
mame	6245	Pop'n Pop
mame	6246	Porky
mame	6247	Pound For Pound
mame	6249	Power Balls
mame	6202	Power Drift
mame	6250	Power Drive
mame	6251	Power Instinct
mame	6275	Power Instinct 2
mame	6232	Power Instinct Legends
mame	6252	Power Play
mame	6260	Power Spikes
mame	6261	Power Surge
mame	6195	Prebillian
mame	6254	Prehistoric Isle in 1930
mame	6255	Premier Soccer
mame	6363	Pretty Soldier Sailor Moon
mame	6678	Pro Baseball Skill Tryout
mame	6257	Pro Soccer
mame	6258	Pro Sports - Bowling, Tennis, And Golf
mame	6256	Progress
mame	6262	Psychic 5
mame	6264	Psychic Force
mame	6263	Psycho Soldier
mame	6167	Psycho-Nics Oscar
mame	6266	Puckman Pockimon
mame	5125	Pulsar
mame	6268	Punk Shot
mame	6269	Pururun
mame	6591	Puzzle & Action: Tant-R
mame	6197	Puzzle Bobble
mame	6198	Puzzle Bobble 2
mame	6199	Puzzle Bobble 3
mame	6200	Puzzle Bobble 4
mame	6277	Puzzle Break
mame	6270	Puzzle Club
mame	6276	Puzzle De Bowling
mame	5179	Puzzle King
mame	6271	Puzzle Star
mame	6716	Puzzle Uo Poko
mame	6272	Puzzli
mame	6273	Puzznic
mame	6267	Pu·Li·Ru·La
mame	6278	Q*bert
mame	6279	Q-bert's Qubes
mame	6280	Quartet
mame	6281	Quester
mame	6282	Qwak
mame	6353	R-Shark
mame	6356	R-Type
mame	6357	R-Type II
mame	6358	R-Type Leo
mame	6283	R2D Tank
mame	6284	Rabbit
mame	6285	Rabio Lepus
mame	6287	Racing Beat
mame	6286	Racing Hero
mame	6288	Rack 'em Up
mame	6289	Radar Scope
mame	6290	Radical Radial
mame	6291	Rafflesia
mame	6292	Raiden
mame	6294	Raiden DX
mame	6308	Raiden Fighters 2 - Operation Hell Dive
mame	6293	Raiden II
mame	6295	Raiders
mame	6296	Raiders5
mame	6547	Raiga - Strato Fighter
mame	6297	Raimais
mame	6307	Rainbow Islands
mame	6298	Rally Bike / Dash Yarou
mame	6299	Rally X
mame	6300	Rambo III
mame	6301	Rampage
mame	6332	Rampage: World Tour
mame	6303	Rapid Fire V1.1
mame	6302	Rapid Hero
mame	6304	Rastan
mame	6305	Razzmatazz
mame	6309	Reactor
mame	6310	Recalhorn
mame	6311	Recordbreaker
mame	6312	Red Alert
mame	6313	Red Clash
mame	6524	Red Hawk
mame	6315	Red Robin
mame	6314	Redline Racer
mame	6316	Regulus
mame	6318	Renegade
mame	5223	Rescue
mame	6319	Rescue
mame	6320	Return of the Invaders
mame	5888	Return of the Jedi
mame	6321	Rezon
mame	6322	Ribbit!
mame	6325	Riddle Of Pythagoras
mame	6324	Ridge Racer
mame	6323	Ridge Racer 2
mame	6326	Rim Rockin' Basketball
mame	6327	Ring Rage
mame	6328	Riot City
mame	6329	Rip Cord
mame	6330	Risky Challenge
mame	6351	River Patrol
mame	6333	Road Fighter
mame	6352	Road Riot's Revenge
mame	6338	Robo Wres 2001
mame	6335	RoboCop
mame	6336	RoboCop 2
mame	6337	Robotron: 2084
mame	6341	Roc'n Rope
mame	6339	Rock Climber
mame	6340	Rock'n Rage
mame	6342	Rod Land
mame	6343	Rohga Armor Force
mame	6331	Roller Jammer
mame	6345	Rollergames
mame	6346	Rolling Crash / Moon Base
mame	6355	Rolling Thunder
mame	6354	Rolling Thunder 2
mame	6347	Rompers
mame	6348	Rough Racer
mame	6350	Round Up 5 - Super Delta Force
mame	6349	Round-up
mame	6359	Rygar
mame	6360	Ryu Jin
mame	6505	S.P.Y. - Special Project Y
mame	6511	S.R.D. Mission
mame	6513	S.S. Mission
mame	6577	S.v.g. - Spectral Vs Generation
mame	6362	Saboten Bombers
mame	5126	Sadari
mame	6537	Saint Dragon
mame	6364	Salamander
mame	6365	Samurai
mame	6366	Samurai Aces
mame	6679	Samurai Nihon-ichi
mame	6367	Sand Scorpion
mame	6390	SAR: Search And Rescue
mame	6368	Sarge
mame	6369	Sasuke Vs. Commander
mame	6806	Satan Of Saturn
mame	6415	Satan's Hollow
mame	6370	Sauro
mame	6378	Schmeiser Robo
mame	6380	Scion
mame	6383	Scooter Shooter
mame	6384	Scramble
mame	6385	Scrambled Egg
mame	6386	Screw Loose
mame	6387	Sd Fighters
mame	6131	SD Gundam Neo Battling
mame	6388	SD Gundam Psycho Salamander no Kyoui
mame	5551	SDI - Strategic Defense Initiative
mame	6399	Sea Fighter Poseidon
mame	6391	Sea Wolf
mame	6392	Secret Agent
mame	6448	Secret Agent
mame	5127	Sega Rally Championship (Revision C)
mame	6465	Segasonic The Hedgehog
mame	5129	Seibu Cup Soccer
mame	5128	Seibu Cup Soccer (set 1)
mame	6393	Seicross
mame	6394	Sel Feena
mame	6395	Senjyo
mame	6400	SF-X
mame	6403	Shackled
mame	6411	Shadow Dancer
mame	6404	Shadow Force
mame	6405	Shadowland
mame	6407	Shanghai Kid
mame	6409	Shark Attack
mame	6680	Shingen Samurai-fighter
mame	6825	Shinobi
mame	6413	Shocking
mame	6414	Shogun Warriors
mame	6417	Shoot Out
mame	6416	Shooting Gallery
mame	6418	Shot Rider
mame	6419	Shuffleshot
mame	6420	Shuuz
mame	6421	Side By Side 2
mame	6422	Side Pocket
mame	6423	Side Trak
mame	6424	Silent Dragon
mame	6426	Silk Worm
mame	6428	Sindbad Mystery
mame	6429	Sinistar
mame	6431	Skull & Crossbones
mame	6430	Skull Fang
mame	6432	Sky Adventure
mame	6433	Sky Alert
mame	6434	Sky Army
mame	6435	Sky Base
mame	6436	Sky Bumper
mame	6437	Sky Chuter
mame	6438	Sky Diver
mame	6439	Sky Fox
mame	6440	Sky Kid
mame	6441	Sky Kid Deluxe
mame	6442	Sky Lancer
mame	6443	Sky Raider
mame	5705	Sky Shark
mame	6444	Sky Skipper
mame	6445	Sky Smasher
mame	6446	Sky Soldiers
mame	6447	Slap Shot
mame	6450	Snacks'n Jaxson
mame	6449	Snake Pit
mame	6451	Snap Jack
mame	6452	Snapper
mame	5940	Snezhnaja Koroleva
mame	6454	Snow Board Championship
mame	6456	Snow Bros. - Nick & Tom
mame	6455	Snow Bros. 2 : With New Elves
mame	6458	Sokonuke Taisen Game
mame	6462	Sol Divide: Sword of Darkness
mame	6459	Solar Fox
mame	6460	Solar Quest
mame	6461	Soldam
mame	5214	Soldier Girl Amazon
mame	6463	Solitary Fighter
mame	6464	Solomon's Key
mame	5130	Sonic Boom (FD1094 317-0053)
mame	6006	Sorcer Striker
mame	6522	Sorcer Striker
mame	6466	Sotsugyo Shousho
mame	6467	Soul Calibur
mame	6516	Space Attack
mame	6468	Space Beam
mame	6469	Space Cruiser
mame	6482	Space Encounters
mame	6492	Space Fighter Mark II
mame	6483	Space Force
mame	6476	Space Fury
mame	6471	Space Guerrilla
mame	6472	Space Gun
mame	6410	Space Harrier
mame	6473	Space Intruder
mame	6484	Space Invaders '95: The Attack Of Lunar Loonies
mame	5871	Space Invaders / Space Invaders M
mame	6470	Space Invaders DX
mame	5870	Space Invaders II
mame	5872	Space Invaders Part 2
mame	6474	Space Odyssey
mame	6486	Space Position
mame	6523	Space Tactics
mame	6477	Space Walk
mame	6475	Space Zap
mame	6479	Spark Man
mame	6480	Spatter
mame	6379	Special Criminal Investigation
mame	6485	Special Forces
mame	6489	Spectar
mame	6490	Speed Ball
mame	6487	Speed Ball - Contest at Neonworld
mame	6491	Speed Spin
mame	6493	Spiders
mame	6494	Spiker
mame	6495	Spinal Breakers
mame	6496	Splash!
mame	6497	Splat!
mame	6498	Splatter House
mame	6499	Splendor Blast
mame	6501	Springer
mame	6502	Sprint 1
mame	6503	Sprint 4
mame	6504	Sprint 8
mame	6506	Spy Hunter II
mame	6509	Squash
mame	5131	St-v Bios
mame	6541	Stack Columns
mame	6525	Star Castle
mame	6526	Star Cruiser
mame	6527	Star Fighter
mame	6528	Star Fire
mame	6529	Star Force
mame	6531	Star Guards
mame	6533	Star Jacker
mame	6536	Star Trek : Strategic Operations Simulator
mame	6530	Stargate
mame	6532	Starhawk
mame	6535	Starship 1
mame	6542	Steel Force
mame	6402	Steel Gunner
mame	6538	Steel Worker
mame	6540	Stinger
mame	6543	Stompin'
mame	6544	Stone Ball
mame	5165	Storm Blade
mame	6397	Straight Flush
mame	6545	Strata Bowling
mame	6546	Strategy X
mame	6488	Stratovox
mame	6548	Streaking
mame	6549	Street Fighter II Champion Edition (Rainbow bootleg set 3)
mame	6396	Street Fighter II' - Champion Edition (Rainbow)
mame	6398	Street Football
mame	6552	Street Heat
mame	6551	Strength & Skill
mame	6374	Strike Bowling
mame	6550	Strike Force
mame	6539	Strike Gunner S.T.G
mame	6361	Strikers 1945
mame	6553	Subroc-3d
mame	6554	Subs
mame	6376	Success Joe
mame	6518	Sunset Riders
mame	6519	Sunset Riders
mame	6371	Super Bagman
mame	6373	Super Basketball
mame	6375	Super Breakout
mame	6557	Super Bug
mame	6555	Super Burger Time
mame	6372	Super Champion Baseball
mame	6558	Super Chase - Criminal Termination
mame	6381	Super Cobra
mame	6382	Super Contra
mame	6500	Super Cross II
mame	6377	Super Cup Finals
mame	6389	Super Doubles Tennis
mame	6559	Super Game III
mame	6564	Super Glob
mame	6408	Super Hang-On
mame	6412	Super High Impact
mame	6565	Super League
mame	5711	Super Mouse
mame	6561	Super Pac-Man
mame	6478	Super Pang
mame	6481	Super Pinball Action
mame	6508	Super Qix
mame	6510	Super Real Darwin
mame	6567	Super Rider
mame	6512	Super Space Invaders '91
mame	5996	Super Spacefortress Macross II
mame	6517	Super Speed Race
mame	6520	Super Speed Race Junior
mame	6521	Super Stingray
mame	6562	Super Tank
mame	6569	Super Trio
mame	6576	Super Visual Football: European Sega Cup
mame	6578	Super Volleyball
mame	5133	Super World Stadium '92 (Japan)
mame	5132	Super World Stadium (Japan)
mame	6583	Super Zaxxon
mame	6563	Super-x
mame	6556	Superbike
mame	6514	Superior Soldiers
mame	6560	Superman
mame	6571	Surprise Attack
mame	6573	Survival
mame	6572	Survival Arts
mame	6575	Suzuka 8 Hours
mame	6574	Suzuka 8 Hours 2
mame	6579	SWAT
mame	6580	SWAT Police
mame	6581	Swimmer
mame	6515	Syusse Oozumou
mame	6582	Syvalion
mame	6645	T.N.K III
mame	5134	Table Tennis Champions
mame	6584	Tac/Scan
mame	6585	Tactician
mame	5308	Tag Team Wrestling
mame	6586	Tailgunner
mame	5845	Taito Cup Finals
mame	6274	Taito Power Goal
mame	6587	Talbot
mame	6588	Tank Battalion
mame	6589	Tank Busters
mame	6590	Tank Force
mame	6592	Tao Taido
mame	6593	Tapper
mame	6594	Targ
mame	6595	Tazz-Mania
mame	6596	Tecmo Bowl
mame	6767	Tecmo Knight
mame	6703	Tecmo World Cup '94
mame	6602	Teddyboy Blues
mame	6603	Tee'd Off
mame	6640	Teenage Mutant Ninja Turtles
mame	6641	Teenage Mutant Ninja Turtles: Turtles in Time
mame	6642	Teenage Mutant Ninja Turtles: Turtles in Time
mame	6604	Teeter Torture
mame	6605	Tehkan World Cup
mame	6607	Tempest
mame	6608	Tengai
mame	6259	Tennis
mame	6609	Terra Cresta
mame	6610	Terra Force
mame	5256	Tetris
mame	6613	Tetris
mame	5135	Tetris (set 4, Japan, System 16a) (set 4, Japan, System 16A, FD1094 317-0093)
mame	6611	Tetris Plus
mame	6612	Tetris Plus 2
mame	6624	Th Strikes Back
mame	6046	The Adventures of Major Havoc
mame	6334	The Adventures of Robby Roto!
mame	6092	The Amazing Adventures of Mr. F. Lea
mame	5251	The Astyanax
mame	5288	The Battle-Road
mame	5299	The Berenstain Bears in Big Paw's Cave
mame	5300	The Berlin Wall
mame	5369	The Bounty
mame	6606	The Brain Washing Game
mame	5627	The Cliffhanger: Edward Randy
mame	5502	The Combatribes
mame	5497	The Crystal of Kings
mame	6614	The Deep
mame	6615	The End
mame	5690	The FairyLand Story
mame	5516	The Fallen Angels
mame	5704	The Final Round
mame	5722	The Game Paradise - Master of Shooting!
mame	6616	The Gladiator / Road Of The Sword / Shen Jian
mame	6617	The Hand
mame	5830	The History of Martial Arts
mame	5909	The Karate Tournament
mame	5926	The Killing Blade
mame	5927	The Killing Blade Plus
mame	6317	The Last Apostle Puppetshow
mame	5956	The Last Day
mame	5975	The Legend of Kage
mame	6425	The Legend of Silkroad
mame	5522	The Lost Castle In Darkmist
mame	6007	The Main Event
mame	6022	The Masters of Kin
mame	6644	The Next Space
mame	6136	The Ninja Kids
mame	6139	The Ninja Warriors
mame	6171	The Outfoxies
mame	6209	The Percussor
mame	5740	The Real Ghostbusters
mame	6035	The Real Ghostbusters
mame	6344	The Return of Ishtar
mame	6427	The Simpsons
mame	5174	The Three Stooges In Brides Is Brides
mame	6636	The Tin Star
mame	6646	The Tower of Druaga
mame	6619	Thief
mame	6625	Thunder & Lightning
mame	6620	Thunder Blade
mame	6597	Thunder Ceptor
mame	6626	Thunder Cross
mame	6621	Thunder Cross II
mame	5305	Thunder Dragon 2
mame	6600	Thunder Dragon 2
mame	6627	Thunder Fox
mame	6618	Thunder Heroes
mame	6623	Thunder Hoop
mame	6682	Thunder Strike
mame	6622	Thunder Zone
mame	6643	Thundercade
mame	6628	Tickee Tickats
mame	6629	Tiger Heli
mame	6630	Timber
mame	6631	Time Crisis
mame	6632	Time Pilot
mame	6662	Time Pilot '84
mame	6633	Time Scanner
mame	6634	Time Soldiers
mame	6635	Time Tunnel
mame	6637	Title Fight
mame	6647	Toffy
mame	6648	Toggle
mame	6649	Toki
mame	6651	Toki no Senshi: Chrono-Soldier
mame	6650	Tokio
mame	6652	Tomahawk 777
mame	6653	Toobin'
mame	6655	Top Gunner
mame	6675	Top Ranking Stars
mame	6656	Top Speed
mame	6657	Tornado Baseball
mame	6658	Toryumon
mame	6599	Touchdown Fever
mame	6683	Tough Turf
mame	6638	Toukidenshou - Angel Eyes
mame	5235	Tournament Arkanoid
mame	6659	Tournament Table
mame	6661	Toypop
mame	6664	Tranquilizer Gun
mame	6665	Transformer
mame	6666	Traverse Usa / Zippy Race
mame	6670	Tri-pool
mame	6668	Trick Trap
mame	6667	Tricky Doc
mame	6669	Trio The Punch - Never Forget Me...
mame	6672	Trog
mame	6673	Tron
mame	6674	Trophy Hunting - Bear & Moose V1.0
mame	6671	Tropical Angel
mame	6676	Truxton
mame	6677	Truxton II
mame	6684	Tube Panic
mame	6685	Tugboat
mame	6686	Tumble Pop
mame	6687	Tunnel Hunt
mame	6688	Turbo
mame	6689	Turbo Force
mame	6660	Turbo Out Run
mame	6690	Turkey Hunting Usa Outdoor
mame	6681	Turkey Shoot
mame	6692	Turtle Ship
mame	6693	Tutankham
mame	6694	Twin Action
mame	6696	Twin Cobra
mame	6598	Twin Cobra II
mame	6697	Twin Eagle - Revenge Joe's Brother
mame	6698	Twin Falcons
mame	6699	Twin Hawk
mame	6700	Twin Qix
mame	6701	Twin Squash
mame	6695	Twinbee
mame	6702	Two Tigers
mame	6704	Tylz
mame	5624	U.N. Defense Force: Earth Joker
mame	6731	U.s. Championship V'ball
mame	6719	U.s. Classic
mame	6712	Ultimate Mortal Kombat 3
mame	6707	Ultimate Tennis
mame	6705	Ultra Balloon
mame	6709	Ultra Tank
mame	6720	Ultra Toukon Densetsu
mame	6710	Ultra X Weapons
mame	6708	Ultraman
mame	6711	Ultraman Club - Tatakae! Ultraman Kyoudai!!
mame	6713	Uncle Poo
mame	6714	Under Fire
mame	6706	Undercover Cops
mame	6715	UniWar S
mame	6718	Up Scope
mame	6717	Up'n Down
mame	6108	USAAF Mustang
mame	5136	V Goal Soccer (Europe)
mame	6721	Valkyrie no Densetsu
mame	6722	Valtric
mame	6723	Vamf X1/2
mame	6726	Van-Van Car
mame	6725	Vanguard
mame	6724	Vanguard II
mame	6727	Vapor Trail: Hyper Offence Formation
mame	6744	Varia Metal
mame	6728	Vasara
mame	6729	Vasara 2
mame	6730	Vastar
mame	6733	Vendetta
mame	6734	Venture
mame	6749	Versus Net Soccer
mame	6736	Victory Road
mame	5183	Video Eight Ball
mame	5849	Video Hustler
mame	6737	Vigilante
mame	6738	Vimana
mame	6740	Vindicators
mame	6739	Vindicators Part II
mame	6741	Violence Fight
mame	6742	Violent Storm
mame	6743	Viper
mame	6732	Virtua Bowling
mame	6735	Virtua Fighter Remix
mame	6746	Virtual On 2: Oratorio Tangram
mame	6745	Volfied
mame	6747	Vortex
mame	6748	Vs Gong Fight
mame	6306	Vs. Atari R.b.i. Baseball
mame	5273	Vs. Balloon Fight
mame	5383	Vs. Battle City
mame	5501	Vs. Castlevania
mame	5462	Vs. Clu Clu Land
mame	5610	Vs. Dr. Mario
mame	5615	Vs. Duck Hunt
mame	5646	Vs. Excitebike
mame	5857	Vs. Ice Climber
mame	5995	Vs. Mach Rider
mame	6051	Vs. Mighty Bomb Jack
mame	5883	Vs. Ninja Jajamaru Kun
mame	6230	Vs. Platoon
mame	5351	Vs. Raid On Bungeling Bay
mame	6534	Vs. Star Luster
mame	6566	Vs. Super Mario Bros.
mame	6570	Vs. Super Xevious
mame	6639	Vs. T.k.o. Boxing
mame	6750	Vs. Tetris
mame	5762	Vs. The Goonies
mame	6654	Vs. Top Gun
mame	5766	Vulcan Venture
mame	6751	Vulcan Venture
mame	6752	Wacko
mame	6793	Wai Wai Jockey Gate-in!
mame	6753	Wall Street
mame	5137	Wally Wo Sagase! (rev B, Japan, FD1094 317-0197B)
mame	6754	Wanted
mame	6785	War of Aero: Project MEIOU
mame	6780	War Of The Worlds
mame	6755	Wardner
mame	6756	Warp & Warp
mame	6757	Warrior Blade - Rastan Saga Episode III
mame	6776	Water Match
mame	6758	Water Ski
mame	6763	Wec Le Mans 24
mame	6766	Wheels & Fire
mame	6076	Wild West C.O.W.-Boys of Moo Mesa
mame	6077	Wild West C.O.W.-Boys of Moo Mesa
mame	6789	Wild Western
mame	6768	Wily Tower
mame	6769	Wing Force
mame	6787	Wing Shooting Championship V2.00
mame	6770	Wink
mame	6771	Wiping
mame	6772	Wit's
mame	6773	Wiz
mame	6774	Wizard Fire
mame	6781	Wizard Of Wor
mame	6762	Wonder Boy
mame	6759	Wonder Boy III - Monster Lair
mame	6777	Wonder Momo
mame	6778	Wonder Planet
mame	6761	World Beach Volley
mame	6775	World Court
mame	6765	World Grand Prix
mame	6782	World Rally
mame	6783	World Rally 2: Twin Racing
mame	6788	World Series: The Season
mame	6786	World Stadium
mame	6779	World Wars
mame	6784	Wrestle War
mame	6791	Wwf Superstars
mame	6792	Wwf Wrestlefest
mame	6790	WWF: Wrestlemania
mame	6794	Wyvern F-0
mame	6797	X Multiply
mame	6796	X-Men
mame	6795	Xexex
mame	6798	Xor World
mame	6799	XX Mission
mame	6802	Yam! Yam!?
mame	6801	Yamato
mame	6804	Yie Ar Kung-Fu
mame	6805	Yosaku To Donbei
mame	6807	Zaviga
mame	6808	Zaxxon
mame	6809	Zektor
mame	6818	Zen Nippon Pro-Wrestling Featuring Virtua
mame	6810	Zero Hour
mame	6811	Zero Point
mame	6812	Zero Point 2
mame	6813	Zero Team Usa
mame	6814	Zero Team Usa
mame	6815	Zero Wing
mame	6816	Zig Zag
mame	6817	Zing Zing Zip
mame	6145	Zippy Bug
mame	6819	Zoar
mame	6820	Zodiack
mame	6821	Zombie Raid
mame	5138	Zunzunkyou no Yabou (Japan)
mame	6822	Zwackery
mame	6823	Zzyzzyxx
mame	5139	ZZZ(notgame):Arcadia System Bios
mame	5140	ZZZ(notgame):Atari Psx
mame	5141	ZZZ(notgame):Atari System 1 Bios
mame	5142	ZZZ(notgame):Atlus Psx
mame	5143	ZZZ(notgame):Crystal System Bios
mame	5164	ZZZ(notgame):Cvs Bios
mame	5144	ZZZ(notgame):Deco Cassette System
mame	5145	ZZZ(notgame):Hyper Neogeo 64 Bios
mame	5146	ZZZ(notgame):Konami Viper Bios
mame	5957	ZZZ(notgame):Last Fighting
mame	5147	ZZZ(notgame):Max-a-flex
mame	5148	ZZZ(notgame):Mega Play Bios
mame	5149	ZZZ(notgame):Mega-tech
mame	6075	ZZZ(notgame):Monza Gp
mame	5150	ZZZ(notgame):Mpu4 Video Firmware
mame	5151	ZZZ(notgame):Multi Amenity Cassette System Bios
mame	5152	ZZZ(notgame):Nintendo Super System Bios
mame	5153	ZZZ(notgame):Pgm (Polygame Master)
mame	5154	ZZZ(notgame):Playchoice-10 Bios
mame	5155	ZZZ(notgame):Ps Arcade 95
mame	5156	ZZZ(notgame):Saturn (USA)
mame	5157	ZZZ(notgame):Skns Sprite
mame	5158	ZZZ(notgame):System Gx
mame	5159	ZZZ(notgame):Taito Fx1
mame	5160	ZZZ(notgame):Taito Gnet
mame	5161	ZZZ(notgame):Tps
mame	5162	ZZZ(notgame):Zn1
mame	5163	ZZZ(notgame):Zn2
mastersystem	6931	20 em 1
mastersystem	6930	4 Pak All Action
mastersystem	6911	94 Super World Cup Soccer
mastersystem	6938	Ace of Aces
mastersystem	6827	Action Fighter
mastersystem	6940	Aerial Assault
mastersystem	6941	After Burner
mastersystem	6942	Air Rescue
mastersystem	6935	Aladdin
mastersystem	6933	Alex Kidd - Bmx Trial
mastersystem	6943	Alex Kidd : High-Tech World
mastersystem	6944	Alex Kidd : The Lost Stars
mastersystem	6835	Alex Kidd in Miracle World
mastersystem	6945	Alex Kidd in Shinobi World
mastersystem	6946	Alf
mastersystem	6908	Alibaba And 40 Thieves
mastersystem	6947	Alien 3
mastersystem	6948	Alien Storm
mastersystem	6949	Alien Syndrome
mastersystem	6950	Altered Beast
mastersystem	6951	Andre Agassi Tennis
mastersystem	6952	Arcade Smash Hits
mastersystem	6850	Argos No Juujiken
mastersystem	6907	Ariel : The Little Mermaid
mastersystem	6875	Assault City
mastersystem	6934	Asterix
mastersystem	6956	Astro Warrior
mastersystem	6955	Astro Warrior & Pit Pot
mastersystem	6953	Astérix and the Great Rescue
mastersystem	6954	Astérix and the Secret Mission
mastersystem	6957	Ayrton Senna's Super Monaco GP II
mastersystem	6958	Aztec Adventure : The Golden Road to Paradise
mastersystem	6959	Back to the Future Part II
mastersystem	6960	Back to the Future Part III
mastersystem	6837	Baku Baku Animal
mastersystem	6961	Bank Panic
mastersystem	6962	Basket Ball Nightmare
mastersystem	6963	Batman Returns
mastersystem	6964	Battle Out Run
mastersystem	6845	Battletoads in Battlemaniacs
mastersystem	6889	Black Belt
mastersystem	6965	Black Belt
mastersystem	6966	Blade Eagle 3-D
mastersystem	6855	Block Hole
mastersystem	6967	Bomber Raid
mastersystem	6968	Bonanza Bros.
mastersystem	6910	Bonkers Wax Up!
mastersystem	6969	Bram Stoker's Dracula
mastersystem	6970	Bubble Bobble
mastersystem	6971	Buggy Run
mastersystem	6870	C_so!
mastersystem	6972	California Games
mastersystem	6973	California Games II
mastersystem	6974	Captain Silver
mastersystem	6975	Casino Games
mastersystem	6932	Castelo Rá-Tim-Bum
mastersystem	6976	Castle of Illusion Starring Mickey Mouse
mastersystem	6977	Champions of Europe
mastersystem	6978	Championship Hockey
mastersystem	6979	Cheese Cat-astrophe Starring Speedy Gonzales
mastersystem	6980	Choplifter
mastersystem	6981	Chuck Rock
mastersystem	6982	Chuck Rock II : Son of Chuck
mastersystem	6983	Cloud Master
mastersystem	6984	Columns
mastersystem	6929	Comic Bakery
mastersystem	6985	Cool Spot
mastersystem	6986	Cosmic Spacehead
mastersystem	6988	Cyborg Hunter
mastersystem	6863	Cyborg Z
mastersystem	6989	Daffy Duck in Hollywood
mastersystem	6877	Dallyeora Pigu-wang
mastersystem	6990	Danan : The Jungle Fighter
mastersystem	6991	Dead Angle
mastersystem	6992	Deep Duck Trouble Starring Donald Duck
mastersystem	6885	Desert Speedtrap Starring Road Runner and Wile E.
mastersystem	6993	Desert Strike
mastersystem	6994	Dick Tracy
mastersystem	6891	Dinobasher Starring Bignose the Caveman
mastersystem	6995	Double Dragon
mastersystem	6996	Double Hawk
mastersystem	6867	Dr. Hello
mastersystem	6936	Dr. Robotnik's Mean Bean Machine
mastersystem	6997	Dragon : The Bruce Lee Story
mastersystem	6998	Dragon Crystal
mastersystem	6999	Dynamite Duke
mastersystem	7000	Dynamite Dux
mastersystem	6871	Dynamite Headdy
mastersystem	6900	E-SWAT
mastersystem	6902	E.i. - Exa Innova
mastersystem	6916	Eagles 5
mastersystem	6832	Earthworm Jim
mastersystem	6842	Ecco : The Tides of Time
mastersystem	7001	Ecco the Dolphin
mastersystem	7002	Enduro Racer
mastersystem	6924	F-1 Spirit - The Way To Formula-1
mastersystem	7003	F-16 Fighting Falcon
mastersystem	7004	F1
mastersystem	6883	Fa Tetris
mastersystem	6920	Fa Tetris
mastersystem	7005	Fantastic Dizzy
mastersystem	6922	Fantasy Zone
mastersystem	7006	Fantasy Zone : The Maze
mastersystem	7007	Fantasy Zone II
mastersystem	6836	FIFA International Soccer
mastersystem	7008	Fire & Forget II
mastersystem	6851	Fire & Ice
mastersystem	6854	Flashpoint
mastersystem	7010	Forgotten Worlds
mastersystem	6886	Férias Frustradas do Pica Pau
mastersystem	7011	G-LOC Air Battle
mastersystem	6923	Gaegujangi Ggachi
mastersystem	7012	Gain Ground
mastersystem	6906	Galactic Protector
mastersystem	7013	Galaxy Force
mastersystem	6888	Gangcheol Robocop
mastersystem	7014	Gangster Town
mastersystem	7015	Gauntlet
mastersystem	7016	Ghost House
mastersystem	7017	Ghostbusters
mastersystem	7018	Ghouls'n Ghosts
mastersystem	7019	Global Defense
mastersystem	7065	Global Gladiators
mastersystem	7020	Golden Axe
mastersystem	7021	Golden Axe Warrior
mastersystem	7022	Golfamania
mastersystem	7023	Golvellius : Valley of Doom
mastersystem	7024	GP Rider
mastersystem	6881	Great Baseball (1985)
mastersystem	7025	Great Basketball
mastersystem	7026	Great Football
mastersystem	6848	Great Golf
mastersystem	7027	Great Ice Hockey
mastersystem	7028	Great Soccer
mastersystem	7029	Great Volleyball
mastersystem	6893	Gun.smoke
mastersystem	7032	Hang-On
mastersystem	7030	Hang-On & Astro Warrior
mastersystem	7031	Hang-On & Safari Hunt
mastersystem	7033	Heroes of the Lance
mastersystem	6890	High School Kimengumi
mastersystem	7034	Home Alone
mastersystem	6838	Hook
mastersystem	6892	Hoshi Wo Sagashite...
mastersystem	7035	Impossible Mission
mastersystem	7038	Indiana Jones and the Last Crusade: The Action Game
mastersystem	7039	James 'Buster' Douglas Knockout Boxing
mastersystem	7040	James Bond 007 : The Duel
mastersystem	7041	James Pond 2 : Codename RoboCod
mastersystem	6914	Jang Pung 3
mastersystem	6925	Janggun-ui Adeul
mastersystem	7042	Joe Montana Football
mastersystem	7044	Jurassic Park
mastersystem	7045	Kenseiden
mastersystem	6873	King & Balloon
mastersystem	7046	King's Quest : Quest for the Crown
mastersystem	7047	Klax
mastersystem	7048	Krusty's Fun House
mastersystem	7049	Kung Fu Kid
mastersystem	7050	Land of Illusion Starring Mickey Mouse
mastersystem	7051	Laser Ghost
mastersystem	6901	Legend of Illusion Starring Mickey Mouse
mastersystem	7052	Lemmings
mastersystem	7053	Line of Fire
mastersystem	7055	Lord of the Sword
mastersystem	6844	Machinegun Joe
mastersystem	7057	Marble Madness
mastersystem	7059	Marksman Shooting & Trap Shooting
mastersystem	7058	Marksman Shooting & Trap Shooting & Safari Hunt
mastersystem	7060	Master of Darkness
mastersystem	7061	Masters of Combat
mastersystem	7062	Maze Hunter 3-D
mastersystem	6841	Megumi Rescue
mastersystem	7063	Mercs
mastersystem	7064	Michael Jackson's Moonwalker
mastersystem	6876	Mickey's Ultimate Challenge
mastersystem	7066	Micro Machines
mastersystem	7067	Miracle Warriors : Seal of the Dark Lord
mastersystem	7068	Missile Defense 3-D
mastersystem	7069	Monopoly
mastersystem	6872	Montezuma's Revenge featuring Panama Joe
mastersystem	6903	Mopiranger
mastersystem	6937	Mortal Kombat
mastersystem	6847	Mortal Kombat 3
mastersystem	7070	Mortal Kombat II
mastersystem	7071	Ms. Pac-Man
mastersystem	7072	My Hero
mastersystem	6921	Nba Jam
mastersystem	6882	Nemesis
mastersystem	6896	New Boggle Boggle 2
mastersystem	7074	Ninja Gaiden
mastersystem	7076	Olympic Gold
mastersystem	7077	Operation Wolf
mastersystem	7079	Out Run
mastersystem	7080	Out Run 3-D
mastersystem	7081	Out Run Europa
mastersystem	7082	Pac-Mania
mastersystem	7083	Paperboy
mastersystem	7084	Parlour Games
mastersystem	6830	Pat Riley Basketball
mastersystem	6858	Penguin Adventure
mastersystem	7085	Penguin Land
mastersystem	7086	PGA Tour Golf
mastersystem	6849	Phantasy Star
mastersystem	6912	Phantasy Star
mastersystem	7087	Pit Fighter
mastersystem	6852	Pit Pot: The Magical Castle
mastersystem	6868	Pooyan
mastersystem	7088	Populous
mastersystem	7089	Poseidon Wars 3-D
mastersystem	6865	Power Boggle Boggle
mastersystem	7090	Power Strike
mastersystem	7091	Power Strike II
mastersystem	7092	Predator 2
mastersystem	7093	Prince of Persia
mastersystem	7094	Pro Wrestling
mastersystem	7095	Psychic World
mastersystem	7096	Psycho Fox
mastersystem	7097	Putt & Putter
mastersystem	6887	Puznic
mastersystem	7098	Quartet
mastersystem	6918	Quest for the Shaven Yak Starring Ren Hoek & Stimp
mastersystem	7099	R-Type
mastersystem	7100	R.C. Grand Prix
mastersystem	6843	Rainbow Islands
mastersystem	7101	Rambo : First Blood Part II
mastersystem	7102	Rambo III
mastersystem	7103	Rampage
mastersystem	7104	Rampart
mastersystem	7105	Rastan
mastersystem	7106	Reggie Jackson Baseball
mastersystem	7107	Renegade
mastersystem	7108	Rescue Mission
mastersystem	6862	Road Fighter
mastersystem	7109	Road Rash
mastersystem	7110	RoboCop 3
mastersystem	7111	RoboCop versus The Terminator
mastersystem	7112	Rocky
mastersystem	7113	Running Battle
mastersystem	7114	Sagaia
mastersystem	6869	Sangokushi 3
mastersystem	6909	Satellite 7
mastersystem	7115	Scramble Spirits
mastersystem	7116	Sega Chess
mastersystem	7117	Sega World Tournament Golf
mastersystem	7118	Sensible Soccer : European Champions
mastersystem	7119	Shadow Dancer : The Secret of Shinobi
mastersystem	7120	Shadow of the Beast
mastersystem	6899	Shanghai
mastersystem	7121	Shinobi
mastersystem	7122	Shooting Gallery
mastersystem	6879	Sitio do Picapau Amarelo
mastersystem	6880	Sky Jaguar
mastersystem	6905	Slap Shot
mastersystem	6884	Solomon No Kagi - Oujo Rihita No Namida
mastersystem	6878	Sonic Blast
mastersystem	7126	Sonic Chaos
mastersystem	7127	Sonic Spinball
mastersystem	7128	Sonic the Hedgehog
mastersystem	6834	Sonic the Hedgehog 2
mastersystem	6919	Sonic's Edusoft
mastersystem	7129	Space Gun
mastersystem	6926	Space Harrier
mastersystem	7130	Space Harrier 3-D
mastersystem	7131	Special Criminal Investigation
mastersystem	6927	Speedball
mastersystem	7132	Speedball 2
mastersystem	7133	SpellCaster
mastersystem	7135	Spider-Man
mastersystem	7134	Spider-Man : Return of the Sinister Six
mastersystem	7136	Sports Pad Football
mastersystem	7137	Spy vs. Spy
mastersystem	6894	Star Wars
mastersystem	6829	Street Fighter II
mastersystem	6853	Street Master
mastersystem	7138	Streets of Rage
mastersystem	7139	Streets of Rage II
mastersystem	7140	Strider
mastersystem	7141	Strider II
mastersystem	7142	Submarine Attack
mastersystem	6864	Suho Jeonsa
mastersystem	6904	Sukeban Deka II - Shoujo Tekkamen Densetsu
mastersystem	7143	Summer Games
mastersystem	6913	Super Boy 4
mastersystem	6928	Super Boy II
mastersystem	6917	Super Futebol
mastersystem	7144	Super Kick Off
mastersystem	7145	Super Monaco GP
mastersystem	7146	Super Off Road
mastersystem	6898	Super Racing
mastersystem	7147	Super Smash T.V.
mastersystem	7148	Super Space Invaders
mastersystem	7149	Super Tennis
mastersystem	7150	Superman : The Man of Steel
mastersystem	7151	T2 : The Arcade Game
mastersystem	7152	Taito Chase H.Q.
mastersystem	6846	Taz in Escape from Mars
mastersystem	7153	Taz-Mania
mastersystem	7154	Tecmo World Cup '93
mastersystem	7155	Teddy Boy
mastersystem	7156	Tennis Ace
mastersystem	7157	Terminator 2 : Judgment Day
mastersystem	6939	The Addams Family
mastersystem	6987	The Cyber Shinobi
mastersystem	6915	The Dinosaur Dooley
mastersystem	6866	The Excellent Dizzy Collection
mastersystem	6895	The Flash
mastersystem	7009	The Flintstones
mastersystem	7036	The Incredible Crash Dummies
mastersystem	7037	The Incredible Hulk
mastersystem	7043	The Jungle Book
mastersystem	7054	The Lion King
mastersystem	7056	The Lucky Dime Caper Starring Donald Duck
mastersystem	6859	The Maze of Galious - Knightmare II
mastersystem	7073	The New Zealand Story
mastersystem	7075	The Ninja
mastersystem	7078	The Ottifants
mastersystem	7123	The Simpsons : Bart vs. the Space Mutants
mastersystem	7124	The Simpsons : Bart vs. the World
mastersystem	7125	The Smurfs
mastersystem	6857	The Smurfs Travel the World
mastersystem	7158	The Terminator
mastersystem	6856	The Three Dragon Story
mastersystem	7171	The XVII Olympic Winter Games - Lillehammer 1994
mastersystem	7159	Thunder Blade
mastersystem	7160	Time Soldiers
mastersystem	7161	Tom & Jerry : The Movie
mastersystem	6861	Toto World 3
mastersystem	7162	Transbot
mastersystem	7163	Trivial Pursuit : Genus Edition
mastersystem	7164	Ultima IV : Quest of the Avatar
mastersystem	7165	Ultimate Soccer
mastersystem	7166	Vigilante
mastersystem	6839	Virtua Fighter Animation
mastersystem	7167	Walter Payton Football
mastersystem	7168	Wanted
mastersystem	7169	Where in the World is Carmen Sandiego?
mastersystem	6833	Wimbledon
mastersystem	7170	Wimbledon II
mastersystem	7172	Wolfchild
mastersystem	7173	Wonder Boy
mastersystem	7174	Wonder Boy III : The Dragon's Trap
mastersystem	7175	Wonder Boy in Monster Land
mastersystem	7176	Wonder Boy in Monster World
mastersystem	6860	Wonsiin
mastersystem	6840	Woody Pop
mastersystem	7177	World Class Leader Board
mastersystem	7178	World Cup Italia '90
mastersystem	7179	World Cup USA 94
mastersystem	7180	World Games
mastersystem	7181	World Grand Prix
mastersystem	7182	WWF Wrestlemania : Steel Cage Challenge
mastersystem	6897	X-Men : Mojo World
mastersystem	6828	Xenon 2
mastersystem	6874	Xyzolog
mastersystem	7183	Ys : The Vanished Omens
mastersystem	7184	Zaxxon 3-D
mastersystem	6831	Zillion
mastersystem	7185	Zillion II : The Tri Formation
mastersystem	7186	Zool : Ninja of the 'Nth' Dimension
megadrive	7292	3 Ninjas Kick Back
megadrive	7293	6-Pak
megadrive	7294	688 Attack Sub
megadrive	7463	A Dinosaur's Tale
megadrive	7295	Aaahh!!! Real Monsters
megadrive	7296	Action 52
megadrive	7297	Addams Family Values
megadrive	7302	Aero the Acro-Bat
megadrive	7303	Aero the Acro-Bat 2
megadrive	7193	Aerobiz
megadrive	7304	Aerobiz
megadrive	7239	After Burner II
megadrive	7305	After Burner II
megadrive	7306	Air Buster
megadrive	7307	Air Diver
megadrive	7282	Aladdin
megadrive	7308	Aladdin
megadrive	7309	Alex Kidd in the Enchanted Castle
megadrive	7262	Alien 3
megadrive	7310	Alien 3
megadrive	7311	Alien Soldier
megadrive	7312	Alien Storm
megadrive	7313	Alisia Dragoon
megadrive	7314	Altered Beast
megadrive	7315	Altered Beast
megadrive	7316	American Gladiators
megadrive	7317	Andre Agassi Tennis
megadrive	7318	Animaniacs
megadrive	7320	Arcade Classics
megadrive	7321	Arch Rivals : The Arcade Game
megadrive	7322	Arcus Odyssey
megadrive	7323	Ariel the Little Mermaid
megadrive	7324	Arnold Palmer Tournament Golf
megadrive	7325	Arrow Flash
megadrive	7326	Art Alive
megadrive	7327	Art of Fighting
megadrive	7328	Astérix and the Great Rescue
megadrive	7329	Astérix and the Power of the Gods
megadrive	7330	Atomic Robo-Kid
megadrive	7331	Atomic Runner
megadrive	7332	ATP Tour Championship Tennis
megadrive	7333	Australian Rugby League
megadrive	7334	Awesome Possum... ...Kicks Dr. Machino's Butt
megadrive	7240	Ayrton Senna's Super Monaco GP II
megadrive	7336	Ayrton Senna's Super Monaco GP II
megadrive	7337	B.O.B.
megadrive	7338	Back to the Future Part III
megadrive	7339	Ball Jacks
megadrive	7340	Ballz 3D : The Battle of the Ballz
megadrive	7341	Barbie Super Model
megadrive	7343	Barkley Shut Up and Jam 2
megadrive	7342	Barkley Shut Up and Jam!
megadrive	7344	Barney's Hide & Seek Game
megadrive	7345	Bass Masters Classic
megadrive	7346	Bass Masters Classic : Pro Edition
megadrive	7348	Batman : Revenge of the Joker
megadrive	7347	Batman : The Video Game
megadrive	7349	Batman Forever
megadrive	7350	Batman Returns
megadrive	7351	Battle Squadron
megadrive	7352	Battlemaster
megadrive	7353	BattleTech : A Game of Armored Combat
megadrive	7203	Battletoads
megadrive	7355	Battletoads
megadrive	7354	Battletoads & Double Dragon
megadrive	7356	Beast Wrestler
megadrive	7357	Beauty and the Beast : Belle's Quest
megadrive	7358	Beauty and the Beast : Roar of the Beast
megadrive	7359	Beavis and Butt-Head
megadrive	7361	Best of the Best : Championship Karate
megadrive	7362	Beyond Oasis
megadrive	7363	Beyond Oasis
megadrive	7364	Bible Adventures
megadrive	7365	Bill Walsh College Football
megadrive	7366	Bill Walsh College Football 95
megadrive	7367	Bimini Run
megadrive	7227	Bio Hazard Battle
megadrive	7368	Bio Hazard Battle
megadrive	7369	Blades of Vengeance
megadrive	7370	Blaster Master 2
megadrive	7371	Blockbuster World Video Game Championship II
megadrive	7372	Blockout
megadrive	7373	Bloodshot
megadrive	7374	Body Count
megadrive	7375	Body Count
megadrive	7235	Bomber
megadrive	7376	Bonanza Brothers
megadrive	7377	Bonkers
megadrive	7378	Boogerman : A Pick and Flick Adventure
megadrive	7379	Boxing Legends of the Ring
megadrive	7380	Bram Stoker's Dracula
megadrive	7381	Brett Hull Hockey '95
megadrive	7382	Brian Lara Cricket
megadrive	7383	Brian Lara Cricket 96
megadrive	7384	Brutal : Paws of Fury
megadrive	7385	Bubba 'N' Stix
megadrive	7386	Bubble and Squeak
megadrive	7387	Bubsy II
megadrive	7388	Bubsy in : Claws Encounters of the Furred Kind
megadrive	7389	Buck Rogers : Countdown to Doomsday
megadrive	7390	Budokan : The Martial Spirit
megadrive	7391	Bugs Bunny in Double Trouble
megadrive	7392	Bulls versus Blazers and the NBA Playoffs
megadrive	7393	Bulls vs Lakers and the NBA Playoffs
megadrive	7394	Burning Force
megadrive	7395	Cadash
megadrive	7396	Caesars Palace
megadrive	7397	Cal Ripken Jr. Baseball
megadrive	7398	Caliber.50
megadrive	7399	California Games
megadrive	7400	Cannon Fodder
megadrive	7401	Captain America and the Avengers
megadrive	7266	Captain Planet and the Planeteers
megadrive	7402	Captain Planet and the Planeteers
megadrive	7202	Castle of Illusion Estrelando Mickey Mouse
megadrive	7403	Castle of Illusion Starring Mickey Mouse
megadrive	7404	Castlevania : Bloodlines
megadrive	7405	Centurion : Defender of Rome
megadrive	7407	Chakan
megadrive	7406	Chakan - The Forever Man
megadrive	7408	Champions World Class Soccer
megadrive	7409	Championship Bowling
megadrive	7410	Championship Pool
megadrive	7411	Championship Pro-Am
megadrive	7412	Chase H.Q. II
megadrive	7413	Chavez II
megadrive	7414	Cheese Cat-Astrophe Starring Speedy Gonzales
megadrive	7415	Chester Cheetah : Wild Wild Quest
megadrive	7416	Chi Chi's Pro Challenge Golf
megadrive	7417	Chiki Chiki Boys
megadrive	7208	Chuck Rock
megadrive	7418	Chuck Rock
megadrive	7419	Chuck Rock II : Son of Chuck
megadrive	7420	Clay Fighter
megadrive	7421	Cliffhanger
megadrive	7422	Clue
megadrive	7423	Coach K College Basketball
megadrive	7424	College Football USA 96
megadrive	7425	College Football USA 97
megadrive	7426	College Football's National Championship
megadrive	7427	College Football's National Championship II
megadrive	7428	College Slam
megadrive	7429	Columns III
megadrive	7430	Combat Cars
megadrive	7431	Comix Zone
megadrive	7432	Comix Zone
megadrive	7251	Contra : Hard Corps
megadrive	7433	Contra : Hard Corps
megadrive	7434	Cool Spot
megadrive	7435	Cosmic Spacehead
megadrive	7436	Crack Down
megadrive	7437	Cross Fire
megadrive	7238	Crusader of Centy
megadrive	7439	Crusader of Centy
megadrive	7440	Crystal's Pony Tale
megadrive	7438	Crüe Ball : Heavy Metal Pinball
megadrive	7441	Cutthroat Island
megadrive	7442	Cyber-Cop
megadrive	7443	Cyberball
megadrive	7444	Cyborg Justice
megadrive	7445	Daffy Duck in Hollywood
megadrive	7983	Daisenpuu
megadrive	7446	Dark Castle
megadrive	7447	Dashin' Desperadoes
megadrive	7448	David Crane's Amazing Tennis
megadrive	7449	David Robinson's Supreme Court
megadrive	7450	Davis Cup World Tour
megadrive	7451	Deadly Moves
megadrive	7453	Death Duel
megadrive	7237	DEcapAttack
megadrive	7454	DEcapAttack
megadrive	7455	Demolition Man
megadrive	7456	Desert Demolition Starring Road Runner and Wile E.
megadrive	7457	Desert Strike : Return to the Gulf
megadrive	7458	Devilish : The Next Possession
megadrive	7459	Dick Tracy
megadrive	7460	Dick Vitale's 'Awesome, Baby!' College Hoops
megadrive	7461	Dino Dini's Soccer
megadrive	7462	Dino Land
megadrive	7466	DJ Boy
megadrive	7250	Donald in Maui Mallard
megadrive	7467	Donald in Maui Mallard
megadrive	7468	Doom Troopers
megadrive	7469	Double Clutch
megadrive	7470	Double Dragon
megadrive	7471	Double Dragon 3 : The Arcade Game
megadrive	7472	Double Dragon V : The Shadow Falls
megadrive	7473	Double Dribble : The Playoff Edition
megadrive	7474	Dr. Robotnik's Mean Bean Machine
megadrive	7253	Dragon : The Bruce Lee Story
megadrive	7475	Dragon : The Bruce Lee Story
megadrive	7476	Dragon's Fury
megadrive	7477	Dragon's Revenge
megadrive	7478	Duke Nukem 3D
megadrive	7479	Dune : The Battle for Arrakis
megadrive	7480	Dungeons & Dragons : Warriors of the Eternal Sun
megadrive	7481	Dynamite Duke
megadrive	7482	Dynamite Headdy
megadrive	7483	Earnest Evans
megadrive	7484	Earth Defense
megadrive	7485	Earthworm Jim
megadrive	7486	Earthworm Jim 2
megadrive	7488	Ecco : The Tides of Time
megadrive	7489	Ecco Jr.
megadrive	7487	Ecco the Dolphin
megadrive	7490	Ecco the Dolphin
megadrive	7230	El. Viento
megadrive	7491	El. Viento
megadrive	7492	Elemental Master
megadrive	7493	ESPN Baseball Tonight
megadrive	7494	ESPN National Hockey Night
megadrive	7495	ESPN Speed World
megadrive	7496	ESPN Sunday Night NFL
megadrive	7497	ESWAT : City Under Siege
megadrive	7498	Eternal Champions
megadrive	7499	Evander Holyfield's 'Real Deal' Boxing
megadrive	7500	Ex-Mutants
megadrive	7501	Exile
megadrive	7502	Exo Squad
megadrive	7503	Exodus : Journey to the Promised Land
megadrive	7504	F-117 Night Storm
megadrive	7505	F-15 Strike Eagle II
megadrive	7506	F-22 Interceptor
megadrive	7507	F1 : World Championship Edition
megadrive	7509	Family Feud
megadrive	7510	Fantasia
megadrive	7511	Fantastic Dizzy
megadrive	7512	Fatal Fury
megadrive	7513	Fatal Fury 2
megadrive	7284	Fatal Labyrinth
megadrive	7514	Fatal Rewind
megadrive	7516	Ferrari Grand Prix Challenge
megadrive	7522	FIFA 97
megadrive	7517	FIFA 98 : Road to World Cup
megadrive	7518	FIFA International Soccer
megadrive	7519	FIFA International Soccer
megadrive	7520	FIFA Soccer 95
megadrive	7521	FIFA Soccer 96
megadrive	7214	FIFA Soccer 97
megadrive	7523	Fighting Masters
megadrive	7525	Fire Shark
megadrive	7276	Flashback : The Quest for Identity
megadrive	7526	Flashback : The Quest for Identity
megadrive	7527	Flicky
megadrive	7528	Flink
megadrive	7530	Foreman for Real
megadrive	7531	Forgotten Worlds
megadrive	7532	Formula One
megadrive	7533	Frank Thomas Big Hurt Baseball
megadrive	7534	Frogger
megadrive	7535	Fun 'n' Games
megadrive	7536	Funny World & Balloon Boy
megadrive	7515	Férias Frustradas do Pica-Pau
megadrive	7537	G-LOC Air Battle
megadrive	7538	Gadget Twins
megadrive	7204	Gaiares
megadrive	7539	Gaiares
megadrive	7540	Gain Ground
megadrive	7541	Galaxy Force II
megadrive	7542	Garfield : Caught in the Act
megadrive	7543	Gargoyles
megadrive	7905	Garry Kitchen's Super Battletank : War in the Gulf
megadrive	7285	Gauntlet IV
megadrive	7544	Gemfire
megadrive	7545	General Chaos
megadrive	7546	Generations Lost
megadrive	7547	Genghis Khan II : Clan of the Gray Wolf
megadrive	7548	George Foreman's KO Boxing
megadrive	7549	Ghostbusters
megadrive	7550	Ghouls'n Ghosts
megadrive	7551	Gods
megadrive	7220	Golden Axe
megadrive	7286	Golden Axe
megadrive	7279	Golden Axe 3
megadrive	7552	Golden Axe II
megadrive	7553	Golden Axe III
megadrive	7554	Goofy's Hysterical History Tour
megadrive	7555	Granada
megadrive	7558	Greatest Heavyweights
megadrive	7199	Greendog : The Beached Surfer Dude!
megadrive	7559	Greendog : The Beached Surfer Dude!
megadrive	7560	Grind Stormer
megadrive	7561	Growl
megadrive	7562	Gunship
megadrive	7563	Gunstar Heroes
megadrive	7564	Hard Drivin'
megadrive	7243	HardBall '94
megadrive	7273	HardBall '94
megadrive	7565	HardBall '95
megadrive	7566	HardBall III
megadrive	7567	Haunting Starring Polterguy
megadrive	7568	Head-On Soccer
megadrive	7569	Heavy Nova
megadrive	7570	Hellfire
megadrive	7571	Herzog Zwei
megadrive	7572	High Seas Havoc
megadrive	7573	Hit the Ice : The Video Hockey League
megadrive	7574	Home Alone
megadrive	7575	Home Alone 2 : Lost in New York
megadrive	7576	Hook
megadrive	7578	Hurricanes
megadrive	7579	IMG International Tour Tennis
megadrive	7583	Indiana Jones and the Last Crusade
megadrive	7584	Insector X
megadrive	7585	Instruments of Chaos Starring Young Indiana Jones
megadrive	7586	International Rugby
megadrive	7587	International Superstar Soccer Deluxe
megadrive	7588	Ishido : The Way of Stones
megadrive	7589	Izzy's Quest for the Olympic Rings
megadrive	7590	Jack Nicklaus' Power Challenge Golf
megadrive	7591	James 'Buster' Douglas Knockout Boxing
megadrive	7592	James Bond 007 : The Duel
megadrive	7594	James Pond 3
megadrive	7593	James Pond : Underwater Agent
megadrive	7595	James Pond II : Codename, Robocod
megadrive	7596	Jammit
megadrive	7597	Jennifer Capriati Tennis
megadrive	7598	Jeopardy!
megadrive	7599	Jeopardy! : Deluxe Edition
megadrive	7600	Jeopardy! : Sports Edition
megadrive	7601	Jerry Glanville's Pigskin Footbrawl
megadrive	7602	Jewel Master
megadrive	7603	Jimmy White's Whirlwind Snooker
megadrive	7216	Joe & Mac
megadrive	7604	Joe & Mac
megadrive	7605	Joe Montana Football
megadrive	7606	Joe Montana II Sports Talk Football
megadrive	7197	Jogos de Verão
megadrive	7608	John Madden Football
megadrive	7607	John Madden Football '92
megadrive	7213	John Madden Football '93
megadrive	7609	John Madden Football : Championship Edition
megadrive	7610	Jordan vs Bird
megadrive	7611	Joshua & the Battle of Jericho
megadrive	7612	Judge Dredd
megadrive	7613	Junction
megadrive	7615	Jungle Strike : The Sequel to Desert Strike
megadrive	7228	Jurassic Park : Rampage Edition
megadrive	7616	Jurassic Park : Rampage Edition
megadrive	7617	Justice League Task Force
megadrive	7618	Ka-Ge-Ki : Fists of Steel
megadrive	7619	Kawasaki Superbikes
megadrive	7620	Kick Off 3 : European Challenge
megadrive	7621	Kid Chameleon
megadrive	7622	King of the Monsters
megadrive	7623	King of the Monsters 2
megadrive	7624	King Salmon : The Big Catch
megadrive	7625	King's Bounty : The Conqueror's Quest
megadrive	7626	Klax
megadrive	7627	Krusty's Super Fun House
megadrive	7628	La Russa Baseball 95
megadrive	7629	Lakers versus Celtics and the NBA Playoffs
megadrive	7257	Landstalker
megadrive	7630	Landstalker
megadrive	7631	Last Action Hero
megadrive	7632	Last Battle
megadrive	7635	Lemmings
megadrive	7636	Lemmings 2 : The Tribes
megadrive	7637	Lethal Enforcers
megadrive	7638	Lethal Enforcers II : Gun Fighters
megadrive	7639	LHX Attack Chopper
megadrive	7640	Liberty or Death
megadrive	7234	Light Crusader
megadrive	7641	Light Crusader
megadrive	7642	Lightening Force : Quest for the Darkstar
megadrive	7646	Lotus II : R.E.C.S
megadrive	7647	Lotus Turbo Challenge
megadrive	7648	M-1 Abrams Battle Tank
megadrive	7649	Madden NFL '94
megadrive	7650	Madden NFL 95
megadrive	7651	Madden NFL 96
megadrive	7652	Madden NFL 97
megadrive	7653	Madden NFL 98
megadrive	8016	Mallet Legend's Whac-a-Critter
megadrive	7656	Marble Madness
megadrive	7657	Mario Andretti Racing
megadrive	7658	Mario Lemieux Hockey
megadrive	7659	Marko
megadrive	7660	Marsupilami
megadrive	7661	Marvel Land
megadrive	7662	Mary Shelley's Frankenstein
megadrive	7663	Master of Monsters
megadrive	7664	Math Blaster : Episode 1
megadrive	7665	Mazin Saga : Mutant Fighter
megadrive	7666	McDonald's Treasure Land Adventure
megadrive	7667	McDonald's Treasure Land Adventure
megadrive	7668	Mega Bomberman
megadrive	7210	Mega Man : The Wily Wars
megadrive	7669	Mega Man : The Wily Wars
megadrive	7670	Mega SWIV
megadrive	7671	Mega Turrican
megadrive	7672	Menacer 6-Game Cartridge
megadrive	7673	Mercs
megadrive	7280	Michael Jackson's Moonwalker
megadrive	7674	Michael Jackson's Moonwalker
megadrive	7675	Mick & Mack as the Global Gladiators
megadrive	7676	Mickey Mania : The Timeless Adventures of Mickey Mouse
megadrive	7677	Mickey's Ultimate Challenge
megadrive	7678	Micro Machines
megadrive	7679	Micro Machines 2 : Turbo Tournament
megadrive	7680	Micro Machines : Military
megadrive	7246	MicroMachines Turbo Tournament 96
megadrive	7681	Midnight Resistance
megadrive	7682	MIG-29 Fighter Pilot
megadrive	7683	Might and Magic : Gates to Another World
megadrive	7684	Mighty Morphin Power Rangers
megadrive	7268	Mighty Morphin Power Rangers : The Movie
megadrive	7685	Mike Ditka Power Football
megadrive	7686	Minnesota Fats : Pool Legend
megadrive	7687	MLBPA Baseball
megadrive	7688	Monopoly
megadrive	7689	Monster World IV
megadrive	7271	Mortal Kombat
megadrive	7690	Mortal Kombat
megadrive	7692	Mortal Kombat II
megadrive	7691	Mortal Kombat III
megadrive	7987	Mortal Kombat III
megadrive	7693	Mr. Nutz
megadrive	7694	Ms. Pac-Man
megadrive	7695	Muhammad Ali Heavyweight Boxing
megadrive	7241	MUSHA : Metallic Uniframe Super Hybrid Armor
megadrive	7696	MUSHA : Metallic Uniframe Super Hybrid Armor
megadrive	7697	Mutant League Football
megadrive	7698	Mutant League Hockey
megadrive	7699	Mystic Defender
megadrive	7277	Mystic Defense
megadrive	7700	Mystical Fighter
megadrive	7701	NBA Action '94
megadrive	7702	NBA Action '95 Starring David Robinson
megadrive	7703	NBA All-Star Challenge
megadrive	7704	NBA Hang Time
megadrive	7705	NBA Jam
megadrive	7706	NBA Jam : Tournament Edition
megadrive	7707	NBA Live 95
megadrive	7708	NBA Live 96
megadrive	7709	NBA Live 97
megadrive	7710	NBA Live 98
megadrive	7711	NBA Showdown '94
megadrive	7712	NCAA Final Four Basketball
megadrive	7713	NCAA Football
megadrive	7714	New Horizons
megadrive	7715	Newman-Haas IndyCar Featuring Nigel Mansell
megadrive	7716	NFL '95
megadrive	7717	NFL 98
megadrive	7718	NFL Football '94 starring Joe Montana
megadrive	7719	NFL Quarterback Club
megadrive	7720	NFL Quarterback Club 96
megadrive	7721	NFL Sports Talk Football '93 Starring Joe Montana
megadrive	7288	NHL 95
megadrive	7722	NHL 96
megadrive	7723	NHL 97
megadrive	7724	NHL 98
megadrive	7725	NHL All-Star Hockey '95
megadrive	7726	NHL Hockey
megadrive	7287	NHL Hockey '94
megadrive	7727	NHLPA Hockey 93
megadrive	7728	Nigel Mansell's World Championship Racing
megadrive	7729	Nightmare Circus
megadrive	7730	No Escape
megadrive	7731	Nobunaga's Ambition
megadrive	7732	Normy's Beach Babe-O-Rama
megadrive	7733	Old Towers
megadrive	7734	Olympic Gold
megadrive	7735	Olympic Summer Games
megadrive	7736	Onslaught
megadrive	7738	Operation Europe : Path to Victory 1939-45
megadrive	7740	Out of this World
megadrive	7741	Outlander
megadrive	7742	OutRun
megadrive	7743	OutRun 2019
megadrive	7744	OutRunners
megadrive	7745	P.T.O. : Pacific Theater of Operations
megadrive	7746	Pac-Attack
megadrive	7747	Pac-Man 2 : The New Adventures
megadrive	7245	Pac-Mania
megadrive	7748	Pac-Mania
megadrive	7211	Paperboy
megadrive	7750	Paperboy
megadrive	7751	Paperboy 2
megadrive	7752	Pat Riley Basketball
megadrive	7753	Pebble Beach Golf Links
megadrive	7188	Pele!
megadrive	7212	Pele's World Tournament Soccer
megadrive	7754	Pete Sampras Tennis
megadrive	7755	PGA European Tour
megadrive	7756	PGA Tour 96
megadrive	7757	PGA Tour Golf
megadrive	7758	PGA Tour Golf II
megadrive	7759	PGA Tour Golf III
megadrive	7760	Phantasy Star II
megadrive	7761	Phantasy Star II
megadrive	7272	Phantasy Star III : Generations of Doom
megadrive	7762	Phantasy Star III : Generations of Doom
megadrive	7265	Phantasy Star IV
megadrive	7763	Phantasy Star IV
megadrive	7764	Phantom 2040
megadrive	7221	Phelios
megadrive	7765	Phelios
megadrive	7766	Pink Goes to Hollywood
megadrive	7767	Pinocchio
megadrive	7769	Pirates! Gold
megadrive	7248	Pit-Fighter
megadrive	7770	Pit-Fighter
megadrive	7771	Pitfall : The Mayan Adventure
megadrive	7195	Pocahontas
megadrive	7772	Pocahontas
megadrive	7773	Populous
megadrive	7774	Power Drive
megadrive	7775	Power Monger
megadrive	7776	Powerball
megadrive	7777	Predator 2
megadrive	7778	Premier Manager
megadrive	7779	Premier Manager 97
megadrive	7780	Primal Rage
megadrive	7781	Prime Time NFL Starring Deion Sanders
megadrive	7782	Prince of Persia
megadrive	7335	Pro Moves Soccer
megadrive	7783	Pro Quarterback
megadrive	7784	Psycho Pinball
megadrive	7785	Puggsy
megadrive	7786	Pulseman
megadrive	7788	QuackShot Starring Donald Duck
megadrive	7789	Quad Challenge
megadrive	7790	R.B.I. Baseball '93
megadrive	7791	R.B.I. Baseball '94
megadrive	7792	R.B.I. Baseball 3
megadrive	7793	R.B.I. Baseball 4
megadrive	7794	Race Drivin'
megadrive	7795	Radical Rex
megadrive	7796	Raiden Densetsu
megadrive	7797	Rambo III
megadrive	7798	Rampart
megadrive	7799	Ranger X
megadrive	7800	Rastan Saga II
megadrive	7801	Red Zone
megadrive	7804	Revolution X
megadrive	7805	Richard Scarry's Busytown
megadrive	7806	Rings of Power
megadrive	7807	Rise of the Robots
megadrive	7808	Risk
megadrive	7809	Risky Woods
megadrive	7236	Ristar
megadrive	7810	Ristar
megadrive	7274	Road Rash
megadrive	7811	Road Rash
megadrive	7812	Road Rash 3
megadrive	7813	Road Rash II
megadrive	7814	RoadBlasters
megadrive	7815	RoboCop 3
megadrive	7201	RoboCop Versus The Terminator
megadrive	7244	RoboCop Versus The Terminator
megadrive	7816	RoboCop versus The Terminator
megadrive	7817	Rock n' Roll Racing
megadrive	7818	Rocket Knight Adventures
megadrive	7819	Roger Clemens' MVP Baseball
megadrive	7820	Rolling Thunder 2
megadrive	7821	Rolling Thunder 3
megadrive	7822	Rolo to the Rescue
megadrive	7823	Romance of the Three Kingdoms II
megadrive	7824	Romance of the Three Kingdoms III : Dragon of Destiny
megadrive	7825	Rugby World Cup 1995
megadrive	7655	S.S. Lucifer : Man Overboard
megadrive	7232	Sagaia
megadrive	7826	Sagaia
megadrive	7827	Saint Sword
megadrive	7828	Sampras Tennis 96
megadrive	7289	Samurai Shodown
megadrive	7829	Saturday Night Slammasters
megadrive	7281	Scooby-Doo Mystery
megadrive	7830	Scooby-Doo Mystery
megadrive	7831	SeaQuest DSV
megadrive	7832	Second Samurai
megadrive	7833	Sensible Soccer : European Champions
megadrive	7834	Sesame Street Counting Cafe
megadrive	7835	Shadow Blasters
megadrive	7836	Shadow Dancer : The Secret of Shinobi
megadrive	7837	Shadow of the Beast
megadrive	7838	Shadow of the Beast II
megadrive	7839	Shadowrun
megadrive	7840	Shanghai II : Dragon's Eye
megadrive	7841	Shaq-Fu
megadrive	7842	Shining Force
megadrive	7843	Shining Force II
megadrive	7844	Shining Force II
megadrive	7845	Shining in the Darkness
megadrive	7846	Shining in the Darkness
megadrive	7205	Shinobi III : Return of the Ninja Master
megadrive	7847	Shinobi III : Return of the Ninja Master
megadrive	7191	Shove It! ...The Warehouse Game
megadrive	7848	Shove It! ...The Warehouse Game
megadrive	7263	Show do Milhao
megadrive	7849	Side Pocket
megadrive	7852	Skeleton Krew
megadrive	7853	Skitchin'
megadrive	7854	Slaughter Sport
megadrive	7856	Snake Rattle n Roll
megadrive	7857	Socket
megadrive	7858	Sol-Deace
megadrive	7859	Soldiers of Fortune
megadrive	7278	Sonic & Knuckles
megadrive	7860	Sonic & Knuckles + Sonic the Hedgehog : Blue Sphere
megadrive	7863	Sonic 3D Flickies' Island
megadrive	7864	Sonic Spinball
megadrive	7283	Sonic The Hedgehog
megadrive	7865	Sonic The Hedgehog
megadrive	7290	Sonic The Hedgehog 2
megadrive	7861	Sonic The Hedgehog 2
megadrive	7291	Sonic The Hedgehog 3
megadrive	7862	Sonic The Hedgehog 3
megadrive	7189	Sonic the Hedgehog Spinball
megadrive	7866	Sorcerer's Kingdom
megadrive	7867	Space Harrier II
megadrive	7868	Space Invaders '91
megadrive	7869	Sparkster
megadrive	7870	Speedball 2 : Brutal Deluxe
megadrive	7264	Spider-Man
megadrive	7871	Spider-Man
megadrive	7219	Spider-Man & Venom : Maximum Carnage
megadrive	7873	Spider-Man & Venom : Maximum Carnage
megadrive	7875	Spider-Man & X-Men : Arcade's Revenge
megadrive	7872	Spider-Man Vs. The Kingpin
megadrive	7876	Spiritual Warfare
megadrive	7877	Spirou
megadrive	7878	Splatterhouse 2
megadrive	7233	Splatterhouse 3
megadrive	7879	Splatterhouse 3
megadrive	7880	Sport Games
megadrive	7881	Sports Talk Baseball
megadrive	7882	Spot Goes to Hollywood
megadrive	7883	Star Control
megadrive	7884	Star Trek, Deep Space Nine : Crossroads of Time
megadrive	7885	Star Trek, The Next Generation : Echoes from the Past
megadrive	7886	Starflight
megadrive	7887	Stargate
megadrive	7888	Steel Empire
megadrive	7889	Steel Talons
megadrive	7890	Stormlord
megadrive	7891	Street Fighter II' : Special Champion Edition
megadrive	7892	Street Racer
megadrive	7893	Street Smart
megadrive	7259	Streets of Rage
megadrive	7894	Streets of Rage
megadrive	7200	Streets of Rage 2
megadrive	7895	Streets of Rage 2
megadrive	7275	Streets of Rage 3
megadrive	7896	Streets of Rage 3
megadrive	7223	Strider
megadrive	7897	Strider
megadrive	7898	Strider Returns : Journey from Darkness
megadrive	7899	Striker
megadrive	7900	Sub-Terrania
megadrive	7901	Summer Challenge
megadrive	7902	Sunset Riders
megadrive	7903	Super Baseball 2020
megadrive	7904	Super Battleship
megadrive	7906	Super Fantasy Zone
megadrive	7907	Super Hang On
megadrive	7908	Super High Impact
megadrive	7909	Super Hydlide
megadrive	7910	Super Kick Off
megadrive	7267	Super Monaco GP
megadrive	7911	Super Monaco GP
megadrive	7912	Super Off Road
megadrive	7913	Super Skidmarks
megadrive	7914	Super Smash T.V.
megadrive	7187	Super Street Fighter II
megadrive	7915	Super Street Fighter II
megadrive	7916	Super Thunder Blade
megadrive	7917	Super Volleyball
megadrive	7918	Superman
megadrive	7919	Sword of Sodan
megadrive	7920	Sword of Vermilion
megadrive	7196	Syd of Valis
megadrive	7921	Syd of Valis
megadrive	7922	Sylvester & Tweety in Cagey Capers
megadrive	7923	Syndicate
megadrive	7925	T2 : The Arcade Game
megadrive	7926	TaleSpin
megadrive	7927	Target Earth
megadrive	7928	Task Force Harrier EX
megadrive	7929	Taz in Escape from Mars
megadrive	7192	Taz-Mania
megadrive	7930	Taz-Mania
megadrive	7931	Team USA Basketball
megadrive	7932	TechnoClash
megadrive	7933	Technocop
megadrive	7934	Tecmo Super Baseball
megadrive	7935	Tecmo Super Bowl
megadrive	7936	Tecmo Super Bowl II : Special Edition
megadrive	7937	Tecmo Super Bowl III : Final Edition
megadrive	7938	Tecmo Super Hockey
megadrive	7939	Tecmo Super NBA Basketball
megadrive	7940	Tecmo World Cup
megadrive	7941	Teenage Mutant Ninja Turtles : The Hyperstone Heist
megadrive	7942	Teenage Mutant Ninja Turtles : Tournament Fighters
megadrive	7924	Terminator 2 : Judgment Day
megadrive	7944	Test Drive II : The Duel
megadrive	7252	The Addams Family
megadrive	7298	The Addams Family
megadrive	7206	The Adventures of Batman & Robin
megadrive	7299	The Adventures of Batman & Robin
megadrive	7300	The Adventures of Mighty Max
megadrive	7301	The Adventures of Rocky and Bullwinkle and Friends
megadrive	7319	The Aquatic Games Starring James Pond and the Aqua
megadrive	7360	The Berenstain Bears' Camping Adventure
megadrive	7452	The Death and Return of Superman
megadrive	7465	The Disney Collection : QuackShot + Castle of Illu
megadrive	7508	The Faery Tale Adventure
megadrive	7247	The Flintstones
megadrive	7529	The Flintstones
megadrive	7556	The Great Circus Mystery Starring Mickey & Minnie
megadrive	7557	The Great Waldo Search
megadrive	7577	The Humans
megadrive	7580	The Immortal
megadrive	7581	The Incredible Crash Dummies
megadrive	7582	The Incredible Hulk
megadrive	7614	The Jungle Book
megadrive	7633	The Lawnmower Man
megadrive	7634	The Legend of Galahad
megadrive	7643	The Lion King
megadrive	7644	The Lost Vikings
megadrive	7645	The Lost World : Jurassic Park
megadrive	7654	The Magic School Bus
megadrive	7737	The Ooze
megadrive	7739	The Ottifants
megadrive	7749	The Pagemaster
megadrive	7254	The Pirates of Dark Water
megadrive	7768	The Pirates of Dark Water
megadrive	7215	The Punisher
megadrive	7787	The Punisher
megadrive	7802	The Ren & Stimpy Show Presents : Stimpy's Invention
megadrive	7198	The Revenge of Shinobi
megadrive	7803	The Revenge of Shinobi
megadrive	7207	The Secret of Shinobi
megadrive	7850	The Simpsons : Bart vs. the Space Mutants
megadrive	7851	The Simpsons : Bart's Nightmare
megadrive	7226	The Simpsons: Bart vs. the Space Mutants
megadrive	7256	The Simpsons: Bart's Nightmare
megadrive	7218	The Smurfs Travel the World
megadrive	7855	The Smurfs Travel the World
megadrive	7943	The Terminator
megadrive	7951	The Tick
megadrive	7945	Theme Park
megadrive	7946	Thomas the Tank Engine & Friends
megadrive	7947	Thunder Force II
megadrive	7948	Thunder Force III
megadrive	7949	Thunder Force III
megadrive	7950	Thunder Fox
megadrive	7952	Time Killers
megadrive	7953	TinHead
megadrive	7255	Tintin Au Tibet
megadrive	7954	Tintin in Tibet
megadrive	7955	Tiny Toon Adventures : Acme All-Stars
megadrive	7956	Tiny Toon Adventures : Buster's Hidden Treasure
megadrive	7957	TNN Outdoors Bass Tournament '96
megadrive	7958	Todd's Adventures in Slime World
megadrive	7194	ToeJam & Earl
megadrive	7959	ToeJam & Earl
megadrive	7960	ToeJam & Earl in Panic on Funkotron
megadrive	7229	Toki : Going Ape Spit
megadrive	7270	Toki : Going Ape Spit
megadrive	7961	Toki : Going Ape Spit
megadrive	7962	Tom and Jerry : Frantic Antics
megadrive	7464	Tom Mason's Dinosaurs for Hire
megadrive	7963	Tommy Lasorda Baseball
megadrive	7964	Tony La Russa Baseball
megadrive	7965	Top Gear 2
megadrive	7966	Total Football
megadrive	7967	Toughman Contest
megadrive	7968	Toxic Crusaders
megadrive	7969	Toy Story
megadrive	7970	Toys
megadrive	7971	Trampoline Terror!
megadrive	7972	Traysia
megadrive	7974	Triple Play 96
megadrive	7973	Triple Play : Gold Edition
megadrive	7975	Trouble Shooter
megadrive	7976	Troy Aikman NFL Football
megadrive	7977	True Lies
megadrive	7269	Truxton
megadrive	7978	Truxton
megadrive	7979	Turbo Out Run
megadrive	7980	Turma da Mônica na Terra dos Monstros
megadrive	7981	Turrican
megadrive	7982	Twin Cobra : Desert Attack Helicopter
megadrive	7984	Two Crude Dudes
megadrive	7985	Two Tribes : Populous II
megadrive	7986	Tyrants : Fight through Time
megadrive	7988	Ultimate QIX
megadrive	7989	Ultimate Soccer
megadrive	7990	Uncharted Waters
megadrive	7991	Universal Soldier
megadrive	7992	Unnecessary Roughness '95
megadrive	7993	Urban Strike
megadrive	7994	Valis
megadrive	7995	Valis
megadrive	7209	Valis III
megadrive	7996	Valis III
megadrive	7997	Vapor Trail
megadrive	7998	Vectorman
megadrive	7222	Vectorman 2
megadrive	7999	Vectorman 2
megadrive	7874	Venom & Spider-Man : Separation Anxiety
megadrive	8000	Viewpoint
megadrive	8001	Virtua Fighter 2
megadrive	8002	Virtua Racing
megadrive	8003	Virtual Bart
megadrive	8004	Virtual Pinball
megadrive	8005	VR Troopers
megadrive	8006	Wacky Worlds Creativity Studio
megadrive	8007	Wardner
megadrive	8008	Warlock
megadrive	8009	WarpSpeed
megadrive	8010	Warrior of Rome
megadrive	8011	Warrior of Rome II
megadrive	7258	Warsong
megadrive	8012	Warsong
megadrive	8013	Wayne Gretzky and the NHLPA All-Stars
megadrive	8014	Wayne's World
megadrive	8015	WeaponLord
megadrive	8017	Wheel of Fortune
megadrive	7261	Where in the World is Carmen Sandiego?
megadrive	8018	Where in the World is Carmen Sandiego?
megadrive	7224	Where in Time is Carmen Sandiego?
megadrive	7249	Where in Time is Carmen Sandiego?
megadrive	8019	Whip Rush
megadrive	8020	Williams Arcade's Greatest Hits
megadrive	8021	Wimbledon Championship Tennis
megadrive	8022	Wings of Wor
megadrive	8023	Winter Challenge
megadrive	8024	Winter Olympic Games : Lillehammer '94
megadrive	8025	Wiz'n'Liz
megadrive	8026	Wolfchild
megadrive	8027	Wolverine : Adamantium Rage
megadrive	8028	Wonder Boy III : Monster Lair
megadrive	7217	Wonder Boy in Monster World
megadrive	8029	Wonder Boy in Monster World
megadrive	8030	World Championship Soccer II
megadrive	8031	World Class Leaderboard Golf
megadrive	8032	World Heroes
megadrive	8033	World of Illusion Starring Mickey Mouse & Donald D
megadrive	8034	World Series Baseball
megadrive	7260	World Series Baseball '95
megadrive	7190	World Series Baseball '96
megadrive	7242	World Series Baseball 98
megadrive	8035	World Trophy Soccer
megadrive	8036	Worms
megadrive	8037	Wrestle War
megadrive	8038	WWF Raw
megadrive	8039	WWF Royal Rumble
megadrive	8040	WWF Super WrestleMania
megadrive	8041	WWF WrestleMania : The Arcade Game
megadrive	8042	X-Men
megadrive	8043	X-Men 2 : Clone Wars
megadrive	7225	X-Men 2: Clone Wars
megadrive	8044	X-Perts
megadrive	8045	Xenon 2 : Megablast
megadrive	8046	Yogi Bear : Cartoon Capers
megadrive	8047	Ys III
megadrive	8048	YuYu Hakusho : Sunset Fighters
megadrive	8049	Zany Golf
megadrive	8050	Zero the Kamikaze Squirrel
megadrive	8051	Zero Tolerance
megadrive	8052	Zero Wing
megadrive	8053	Zombies Ate My Neighbors
megadrive	7231	Zool : Ninja of the 'Nth' Dimension
megadrive	8054	Zool : Ninja of the 'Nth' Dimension
megadrive	8055	Zoom!
megadrive	8056	Zoop
megadrive	7524	ZZZ(notgame):[BIOS] WonderMega
megadrivebr	8065	Action Fighter
megadrivebr	8057	Aerial Assault
megadrivebr	8058	Air Rescue
megadrivebr	8069	Alex Kidd in Shinobi World
megadrivebr	8067	Alex Kidd: High-Tech World
megadrivebr	8070	Alien Syndrome
megadrivebr	8071	Altered Beast
megadrivebr	8072	Andre Agassi Tennis
megadrivebr	8068	Arekkusu Kiddo no Mirakuru Wārudo
megadrivebr	8073	Argos no Juujiken
megadrivebr	8118	Argos no Juujiken
megadrivebr	8135	As Aventuras da TV Colosso
megadrivebr	8074	Ayrton Senna's Super Monaco GP II [Classic]
megadrivebr	8076	Blade Eagle 3-D
megadrivebr	8077	Bomber Raid
megadrivebr	8078	Bram Stoker's Dracula
megadrivebr	8079	California Games
megadrivebr	8080	Castelo Ra-Tim-Bum
megadrivebr	8081	Castle of Illusion Starring Mickey Mouse
megadrivebr	8082	Chapolim X Drácula: Um Duelo Assustador
megadrivebr	8083	Choplifter
megadrivebr	8084	Cloud Master
megadrivebr	8085	Columns
megadrivebr	8086	Cyborg Hunter
megadrivebr	8087	Daffy Duck in Hollywood
megadrivebr	8102	Das Dschungelbuch (Germany)
megadrivebr	8066	Disney's Aladdin
megadrivebr	8088	Dragon: The Bruce Lee Story
megadrivebr	8089	E-SWAT
megadrivebr	8090	Enduro Racer
megadrivebr	8092	FIFA International Soccer
megadrivebr	8091	Férias Frustradas do Pica Pau
megadrivebr	8093	Gain Ground
megadrivebr	8094	Game Box Série Esportes Radicais
megadrivebr	8095	Geraldinho
megadrivebr	8096	Ghost House
megadrivebr	8097	Ghouls'n Ghosts
megadrivebr	8062	Golden Axe Warrior
megadrivebr	8098	Golvellius: Valley of Doom
megadrivebr	8099	Hang-On
megadrivebr	8075	Hokuto no Ken
megadrivebr	8100	Hook
megadrivebr	8101	James Bond 007: The Duel
megadrivebr	8103	Kenseiden
megadrivebr	8119	Kung Fu Kid
megadrivebr	8063	Lord of the Sword
megadrivebr	8105	Master of Darkness
megadrivebr	8059	Monica 3
megadrivebr	8060	Monica 3
megadrivebr	8107	Mortal Kombat
megadrivebr	8061	Mônica no Castelo do Dragão
megadrivebr	8106	Mônica no Castelo do Dragão
megadrivebr	8108	Ninja Gaiden
megadrivebr	8109	Olympic Gold: Barcelona '92
megadrivebr	8110	OutRun Europa
megadrivebr	8111	Phantasy Star
megadrivebr	8112	Psychic World
megadrivebr	8113	Psycho Fox
megadrivebr	8114	R-Type
megadrivebr	8115	R.C. Grand Prix
megadrivebr	8116	Renegade
megadrivebr	8121	Sapo Xulé vs Os Invasores do Brejo
megadrivebr	8120	Sapo Xulé: SOS Lagoa Poluída
megadrivebr	8122	Sega Chess
megadrivebr	8123	Shinobi
megadrivebr	8124	Sitio do Picapau Amarelo
megadrivebr	8125	Streets of Rage II
megadrivebr	8126	Strider
megadrivebr	8127	Summer Games
megadrivebr	8128	Super Kick Off
megadrivebr	8129	Superman: The Man of Steel
megadrivebr	8130	Taz-Mania
megadrivebr	8104	The Lucky Dime Caper Starring Donald Duck
megadrivebr	8131	Time Soldiers
megadrivebr	8132	Tom and Jerry: The Movie
megadrivebr	8134	Turma da Mônica em O Resgate
megadrivebr	8136	Where in the World Is Carmen Sandiego?
megadrivebr	8137	Winter Olympics: Lillehammer '94
megadrivebr	8117	Wonder Boy
megadrivebr	8133	Wonder Boy in Monster Land
megadrivebr	8138	World Cup Italia '90
megadrivebr	8139	Zillion
megadrivebr	8064	Zillion II : The Tri Formation
model2	8163	Behind... Enemy Lines
model2	8193	Cyber Troopers Virtual-on
model2	8140	Cyber Troopers Virtual-on (Japan, Revision B)
model2	8143	Daytona USA
model2	8144	Daytona USA
model2	8192	Daytona USA
model2	8141	Daytona USA (Japan, To The MAXX)
model2	8142	Daytona USA (Japan, Turbo hack, set 1)
model2	8161	Daytona USA (With Saturn Adverts)
model2	8167	Dead or Alive
model2	8162	Dead Or Alive (Model 2A, Revision A)
model2	8166	Desert Tank
model2	8164	Dynamite Baseball
model2	8165	Dynamite Cop (Export, Model 2A)
model2	8145	Dynamite Deka 2 (Japan, Model 2A)
model2	8146	dyndek2b
model2	8158	dynmcopb
model2	8147	dynmcopc
model2	8168	Fighting Vipers
model2	8169	Gunblade NY
model2	8171	Indy 500
model2	8148	Indy 500 Twin (Revision A)
model2	8172	Last Bronx
model2	8149	lastbrnj
model2	8173	Manx TT SuperBike
model2	8175	Motor Raid
model2	8176	Over Rev
model2	8177	Pilot Kids
model2	8150	Pilot Kids (Model 2A)
model2	8178	Rail Chase 2
model2	8184	Sega Rally Championship
model2	8182	Sega Ski Super G
model2	8151	Sega Touring Car Championship
model2	8180	Sega Water Ski
model2	8183	Sky Target
model2	8179	Sonic the Fighters
model2	8152	srallyp
model2	8181	Super GT 24h
model2	8170	The House of the Dead
model2	8185	Top Skater
model2	8160	topskatu
model2	8186	Virtua Cop
model2	8187	Virtua Cop 2
model2	8155	Virtua Fighter 2
model2	8188	Virtua Fighter 2
model2	8153	Virtua Fighter 2 (Revision A)
model2	8154	Virtua Fighter 2 (Revision B)
model2	8189	Virtua Striker
model2	8159	vstrikro
model2	8190	Wave Runner
model2	8191	Zero Gunner
model2	8156	Zero Gunner (Export, Model 2A)
model2	8157	Zero Gunner (Japan, Model 2B)
model2	8174	ZZZ(notgame):Model2
n64	8404	007: The World Is Not Enough
n64	8251	1080° Snowboarding
n64	8194	40 Winks
n64	8402	Aero Fighters Assault
n64	8252	AeroGauge
n64	8195	Aidyn Chronicles - The First Mage
n64	8196	Air Boarder 64
n64	8261	Akumajou Dracula Mokushiroku Gaiden: Legend of Cornell
n64	8253	All Star Tennis 99
n64	8254	All-Star Baseball 99
n64	8197	Armorines - Project S.W.A.R.M.
n64	8255	Army Men: Air Combat
n64	8256	Asteroids Hyper 64
n64	8257	Automobili Lamborghini
n64	8405	Banjo to Kazooie no Daibouken
n64	8258	Banjo to Kazooie no Daibouken 2
n64	8198	Bassmasters 2000
n64	8406	Batman Beyond: Return of the Joker
n64	8259	BattleTanx: Global Assault
n64	8199	Battlezone : Rise of the Black Dogs
n64	8200	Beetle Adventure Racing!
n64	8201	Blast Corps
n64	8202	Blues Brothers 2000
n64	8203	Body Harvest
n64	8403	Bomberman 64
n64	8260	Bomberman Hero
n64	8204	Buck Bumble
n64	8205	Bust-A-Move 2: Arcade Edition
n64	8206	Carmageddon 64
n64	8262	Castlevania
n64	8208	Chameleon Twist
n64	8207	Chameleon Twist 2
n64	8209	Charlie Blast's Territory
n64	8263	Chopper Attack
n64	8264	Command & Conquer
n64	8265	Conker's Bad Fur Day
n64	8266	Cruis'n USA
n64	8267	Cruis'n World
n64	8268	CyberTiger
n64	8210	Daikatana
n64	8211	Destruction Derby 64
n64	8269	Diddy Kong Racing
n64	8270	Disney's Donald Duck: Goin' Quackers
n64	8212	Donald Duck : Qu@k Att@ck?*!
n64	8271	Donkey Kong 64 [Expansion Pak Bundle]
n64	8272	Doom 64
n64	8213	Dr. Mario 64
n64	8214	Dual Heroes
n64	8274	Duke Nukem: Zero Hour
n64	8275	Earthworm Jim 3D
n64	8276	ECW Hardcore Revolution
n64	8277	Excitebike 64
n64	8278	Extreme-G
n64	8279	Extreme-G
n64	8280	F-1 World Grand Prix II
n64	8281	F-Zero X
n64	8283	FIFA 99
n64	8282	FIFA Road to World Cup 98
n64	8215	Fighters Destiny
n64	8284	Fighting Force 64
n64	8216	Flying Dragon
n64	8285	Forsaken 64
n64	8217	Gauntlet Legends
n64	8286	Gex 3: Deep Cover Gecko
n64	8287	Gex 64: Enter the Gecko
n64	8218	Glover
n64	8288	GoldenEye 007
n64	8289	Hercules: The Legendary Journeys
n64	8290	Hexen
n64	8247	Holy Magic Century
n64	8291	Hot Wheels Turbo Racing
n64	8219	Hybrid Heaven
n64	8292	Hydro Thunder
n64	8220	Iggy's Reckin' Balls
n64	8293	In-Fisherman Bass Hunter 64
n64	8294	International Superstar Soccer '98
n64	8295	International Superstar Soccer 2000
n64	8297	International Track & Field 2000
n64	8221	Jeremy McGrath Supercross 2000
n64	8222	Jet Force Gemini
n64	8296	Jikkyou World Soccer 3
n64	8298	Killer Instinct Gold
n64	8299	Kirby 64: The Crystal Shards
n64	8300	Knife Edge: Nose Gunner
n64	8301	Knockout Kings 2000
n64	8302	Kobe Bryant in NBA Courtside
n64	8223	Lego Racers
n64	8224	Lode Runner 3-D
n64	8273	Looney Tunes Duck Dodgers Starring Daffy Duck
n64	8375	Looney Tunes: Taz Express
n64	8225	Lylat Wars
n64	8305	Mace: The Dark Age
n64	8306	Madden Football 64
n64	8307	Madden NFL 99
n64	8226	Magical Tetris Challenge
n64	8308	Major League Baseball Featuring Ken Griffey, Jr.
n64	8309	Mario Golf
n64	8310	Mario Kart 64
n64	8313	Mario Party
n64	8311	Mario Party 2
n64	8312	Mario Party 3
n64	8336	Mario Story
n64	8314	Mario Tennis
n64	8315	Mega Man 64
n64	8248	Mia Hamm Soccer 64
n64	8316	Mickey's Speedway USA
n64	8317	Micro Machines 64 Turbo
n64	8227	Milo's Astro Lanes
n64	8228	Mischief Makers
n64	8318	Mission: Impossible
n64	8319	Monaco Grand Prix
n64	8320	Monopoly
n64	8321	Monster Truck Madness 64
n64	8322	Mortal Kombat 4
n64	8323	Mortal Kombat Mythologies: Sub-Zero
n64	8324	Mortal Kombat Trilogy
n64	8325	MRC: Multi-Racing Championship
n64	8229	Mystical Ninja Starring Goemon
n64	8326	Nagano Winter Olympics '98
n64	8327	NBA Hangtime
n64	8328	NBA in the Zone 2000
n64	8329	NBA Jam 2000
n64	8330	NBA Live 2000
n64	8331	NBA Live 99
n64	8333	Nuclear Strike 64
n64	8249	O.D.T.
n64	8334	Off Road Challenge
n64	8335	Olympic Hockey 98
n64	8337	Paperboy
n64	8230	Penny Racers
n64	8338	Perfect Dark
n64	8339	PGA European Tour
n64	8340	Pilotwings 64
n64	8342	Pocket Monster Snap
n64	8343	Pocket Monsters Stadium 2
n64	8341	Pokémon Puzzle League
n64	8344	Pokémon Stadium
n64	8231	Premier Manager 64
n64	8346	Quake
n64	8347	Quake II
n64	8232	Rakuga Kids
n64	8349	Rampage 2: Universal Tour
n64	8348	Rampage: World Tour
n64	8233	Rat Attack!
n64	8350	Rayman 2: The Great Escape
n64	8351	Re-Volt
n64	8352	Ready 2 Rumble Boxing
n64	8353	Resident Evil 2
n64	8355	Ridge Racer 64
n64	8354	Road Rash 64
n64	8234	Roadsters Trophy
n64	8235	Robotron 64
n64	8236	Rocket - Robot on Wheels
n64	8356	Rugrats in Paris: The Movie
n64	8357	Rush 2: Extreme Racing USA
n64	8345	Saban's Power Rangers: Lightspeed Rescue
n64	8359	San Francisco Rush 2049
n64	8358	San Francisco Rush: Extreme Racing
n64	8360	Scooby-Doo! Classic Creep Capers
n64	8361	Shadow Man
n64	8237	Shadowgate 64 - Trials of the Four Towers
n64	8250	Sin And Punishment
n64	8372	Smash Remix
n64	8363	Snowboard Kids
n64	8362	Snowboard Kids 2
n64	8366	South Park
n64	8365	South Park Rally
n64	8364	South Park: Chef's Luv Shack
n64	8238	Space Station Silicon Valley
n64	8239	Star Fox 64
n64	8369	Star Wars Episode I: Racer
n64	8367	Star Wars: Rogue Squadron
n64	8368	Star Wars: Shadows of the Empire
n64	8370	StarCraft 64
n64	8240	Starshot : Space Circus Fever
n64	8371	Super Mario 64
n64	8373	Supercross 2000
n64	8374	Superman: The New Superman Adventures
n64	8376	Tetrisphere
n64	8303	The Legend of Zelda: Majora's Mask
n64	8304	The Legend of Zelda: Sands of Time
n64	8332	The New Tetris
n64	8377	Tigger's Honey Hunt
n64	8378	Tom and Jerry in Fists of Furry
n64	8241	Tom Clancy's Rainbow Six
n64	8242	Tonic Trouble
n64	8380	Tony Hawk's Pro Skater
n64	8379	Tony Hawk's Pro Skater 2
n64	8381	Top Gear Hyper-Bike
n64	8382	Top Gear Overdrive
n64	8384	Top Gear Rally
n64	8383	Top Gear Rally 2
n64	8385	Toy Story 2: Buzz Lightyear to the Rescue!
n64	8388	Turok 2: Seeds of Evil
n64	8389	Turok 3: Shadow of Oblivion
n64	8386	Turok: Dinosaur Hunter
n64	8387	Turok: Rage Wars
n64	8390	V-Rally Edition '99
n64	8392	Vigilante 8
n64	8391	Vigilante 8: 2nd Offense
n64	8393	Virtual Chess 64
n64	8394	Virtual Pool 64
n64	8243	War Gods
n64	8244	Wave Race 64
n64	8395	Wayne Gretzky's 3D Hockey '98
n64	8245	Wetrix
n64	8396	WinBack: Covert Operations
n64	8397	Wipeout 64
n64	8398	World Cup 98
n64	8399	World Driver Championship
n64	8400	Worms Armageddon
n64	8246	Xena : Warrior Princess - The Talisman of Fate
n64	8401	Yoshi's Story
n64br	8427	Automobili Lamborghini
n64br	8428	Banjo-Kazooie
n64br	8410	Cruis'n Exotica
n64br	8412	Diddy Kong Racing
n64br	8407	Donald Duck Goin' Quackers
n64br	8413	Doom 64
n64br	8414	FIFA 99
n64br	8415	Gex 3 : Deep Cover Gecko
n64br	8411	GoldenEye 007
n64br	8416	Jet Force Gemini
n64br	8408	Mario Kart 64
n64br	8417	Perfect Dark
n64br	8418	Pokémon Stadium
n64br	8419	Shadow Man
n64br	8420	South Park
n64br	8421	Space Station Silicon Valley
n64br	8422	Star Fox 64
n64br	8423	Super Mario 64
n64br	8409	The Legend of Zelda - Majora's Mask
n64br	8424	The Legend of Zelda : Ocarina of Time
n64br	8425	Turok 2 : Seeds Of Evil
n64br	8426	Turok 3 : Shadow of Oblivion
nds	8429	007 - Blood Stone
nds	8430	007 - Quantum of Solace
nds	8431	100 Classic Book Collection
nds	8432	100 Classic Games
nds	8433	1001 Crosswords
nds	8434	1001 Touch Games
nds	8435	101 Dino Pets
nds	8436	101 In 1 - Explosive Megamix
nds	8437	101 in 1 Sports Megamix
nds	8438	12 Family Games
nds	8439	18 Card Games
nds	8440	2 Games In 1 - Jewel Master - Cradle Of Egypt Mahjongg - Ancient Egypt
nds	8441	4 Elements
nds	8442	4 Game Fun Pack : Monopoly, Boggle, Yahtzee, Battleship
nds	8443	42 All-Time Classics
nds	8444	50 Jeux Incontournables
nds	8445	7 Wonders II
nds	8446	7 Wonders Of The Ancient World
nds	8447	8ball Allstars
nds	8448	Ace Attorney Investigations - Miles Edgeworth
nds	8449	Actionloop
nds	8450	Active Health With Carol Vorderman
nds	8451	Addy - Do You Speak English
nds	8452	Advance Wars - Dual Strike
nds	8453	Advance Wars : Dark Conflict
nds	8454	Adventures Of Pinocchio
nds	8455	Agatha Christie - The ABC Murders
nds	8456	Age De Glace 2, L'
nds	8457	Age of Empires - Mythologies
nds	8458	Age of Empires - The Age of Kings
nds	8459	Air Traffic Controller by DS
nds	8460	Alex Rider - Stormbreaker
nds	8461	Alice in Wonderland
nds	8462	Aliens - Infestation
nds	8463	Aliens in the Attic
nds	8464	All Star Cheerleader
nds	8465	Allied Ace Pilots
nds	8466	Alpha And Omega
nds	8467	Alvin and the Chipmunks - Chipwrecked
nds	8468	Alvin and the Chipmunks - The Squeakquel
nds	8469	Alvin Et Les Chipmunks
nds	8470	Aly And Aj Adventure, The
nds	8471	American Dragon : Jake Long
nds	8472	Amf Bowling Pinbusters!
nds	8473	Ancient Spirits : Columbus Legacy
nds	8474	Angel Cat Sugar
nds	8475	Animal Genius
nds	8476	Animal Life - Africa
nds	8477	Animal Life - Australia
nds	8478	Animal Life - Dinosaurs
nds	8479	Animal Life - Eurasia
nds	8480	Animal Life - North America
nds	8481	Animal Paradise
nds	8482	Animal Planet - Emergency Vets
nds	8483	Animal Planet - Vet Life
nds	8484	Animal World - Big Cats
nds	8485	Animal World - Dinosaurs
nds	8486	Animaniacs - Lights Camera Action
nds	8487	Ankh - Curse of the Scarab King
nds	8488	Anno - Créez Votre Monde
nds	8489	Anno 1701 - Dawn of Discovery
nds	8490	Another Code - Two Memories
nds	8491	Ant Nation
nds	8492	Apassionata : Die Galanacht der Pferde : Meine Show
nds	8493	Apollo Justice - Ace Attorney
nds	8494	Aqua Panic!
nds	8495	Aquarium by DS
nds	8496	Arctic Tale
nds	8497	Are You Smarter than a 10 Year Old
nds	8498	Arkanoid DS
nds	8499	Army Men - Soldiers of Misfortune
nds	8500	Around the World in 80 Days
nds	8501	Art - Das Kunstmagazin Puzzle - Echter Puzzlespass Fuer Unterwegs
nds	8502	Art Academy
nds	8503	Art Of Murder - Fbi Top Secret
nds	8504	Arthur and the Minimoys
nds	8505	Arthur and the Revenge of Maltazard
nds	8507	Asphalt - Urban Gt
nds	8506	Asphalt - Urban Gt 2
nds	8508	Assassin's Creed - Altair's Chronicles
nds	8509	Assassin's Creed II - Discovery
nds	8510	Asterix - Brain Trainer
nds	8511	Asterix - These Romans Are Crazy!
nds	8512	Asterix And Obelix Xxl 2 - Mission Wifix
nds	8513	Asterix At The Olympic Games
nds	8514	Astro Boy - The Video Game
nds	8515	Astrology
nds	8516	Astrology
nds	8517	Atari Greatest Hits - Volume 1
nds	8518	Atlantic Quest
nds	8519	Atv Quad Frenzy
nds	8520	Atv Quad Kings
nds	8521	Avalon Code
nds	8522	Avatar - The Last Airbender - The Burning Earth
nds	8523	Avatar : The Legend Of Aang
nds	8524	Avatar : The Legend Of Aang
nds	8525	Away - Shuffle Dungeon
nds	8526	B Team - Metal Cartoon Squad
nds	8527	B-17 Fortress In The Sky
nds	8528	Baby Fashion Star
nds	8529	Baby Life
nds	8530	Baby Pals
nds	8531	Babysitting Mania
nds	8532	Bakugan - Battle Brawlers - Battle Trainer
nds	8533	Bakugan - Defenders of the Core
nds	8534	Bakugan - Rise of the Resistance
nds	8535	Bakugan : Battle Brawlers
nds	8536	Bakushow : Challenge Your Friends
nds	8537	Balls Of Fury
nds	8538	Band Hero
nds	8539	Bandz Mania
nds	8540	Bangai-O Spirits
nds	8541	Barbie - Groom and Glam Pups
nds	8542	Barbie - Jet, Set & Style!
nds	8543	Barbie and the Three Musketeers
nds	8544	Barbie Cavalière - Stage D'equitation
nds	8545	Barbie Dreamhouse Party
nds	8546	Barbie Fashion Show : An Eye for Style
nds	8547	Barbie In The 12 Dancing Princesses
nds	8548	Barbie Princesse De L'ile Merveilleuse
nds	8549	Barnyard Blast - Swine Of The Night
nds	8550	Batman - The Brave and the Bold - The Videogame
nds	8551	Battles of Prince of Persia
nds	8552	Battleship
nds	8553	Beauty Academy
nds	8554	Beauty Salon
nds	8555	Bee Movie Game
nds	8556	Beetle Junior Ds
nds	8557	Beetle King
nds	8558	Bejeweled 3
nds	8559	Bejeweled Twist
nds	8561	Ben 10 - Alien Force
nds	8560	Ben 10 - Alien Force - Vilgax Attacks
nds	8562	Ben 10 - Protector Of Earth
nds	8563	Ben 10 - Triple Pack
nds	8564	Ben 10 - Ultimate Alien - Cosmic Destruction
nds	8565	Ben 10 : Galactic Racing
nds	8566	Ben 10 : Omniverse
nds	8567	Benoit Sokal Last King Of Africa
nds	8568	Berlitz : My English Coach
nds	8569	Bermuda Triangle
nds	8570	Best Of Arcade Games Ds
nds	8571	Best Of Board Games Ds
nds	8572	Best Of Card Games
nds	8573	Best of Tests DS
nds	8574	Betty Boop's Double Shift
nds	8575	Beyblade - Metal Masters - Nightmare Rex
nds	8576	Beyblade Metal Fusion - Cyber Pegasus
nds	8577	BFF TV
nds	8578	Bibi & Tina - Das Grosse Unwetter
nds	8579	Big Bang Mini
nds	8580	Big Brain Academy
nds	8581	Big Mutha Truckers
nds	8582	Big Word Puzzle Book
nds	8583	Bigfoot Collision Course
nds	8584	Biggest Loser, The
nds	8585	Biker Mice From Mars
nds	8586	Billiard Action
nds	8587	Bionicle Heroes
nds	8588	Bleach - Dark Souls
nds	8589	Bleach - The 3rd Phantom
nds	8590	Bleach - The Blade of Fate
nds	8591	Blood Bowl
nds	8592	Blue Dragon - Awakened Shadow
nds	8593	Blue Dragon Plus
nds	8594	Bob the Builder : Festival of Fun
nds	8595	Boing! Docomodake DS
nds	8596	Bolt
nds	8601	Bomberman
nds	8597	Bomberman 2
nds	8598	Bomberman Land Touch ! 2
nds	8599	Bomberman Land Touch!
nds	8600	Bomberman Story Ds
nds	8602	Boogie
nds	8603	Bookworm
nds	8604	Boulder Dash Rocks
nds	8605	Brain Age 2 - More Training In Minutes A Day!
nds	8606	Brain Assist
nds	8607	Brain Buster Puzzle Pak
nds	8608	Brain Challenge
nds	8609	Bratz - 4 Real
nds	8610	Bratz - Forever Diamondz
nds	8611	Bratz - Girlz Really Rock
nds	8612	Bratz - Super Babyz
nds	8613	Bratz Kidz - Party
nds	8615	Bratz Ponyz
nds	8614	Bratz Ponyz 2
nds	8616	Brave
nds	8617	Brick 'Em All DS
nds	8618	Bridge Training
nds	8619	Broken Sword - Shadow Of The Templars - The Director's Cut
nds	8620	Brothers In Arms Ds
nds	10107	Bubble Bobble Double Shot
nds	10108	Bubble Bobble Revolution
nds	8621	Bubble Guppies
nds	8622	Buffy the Vampire Slayer : Sacrifice
nds	8623	Build-A-Bear Workshop - Welcome to Hugsville
nds	8624	Build-A-Bear Workshop - Where Best Friends Are Mad
nds	8625	Build-A-Lot
nds	8626	Bunnyz
nds	8627	Burnout Legends
nds	8628	Bust-A-Move DS
nds	8629	Busy Scissors
nds	8630	C.o.p. - The Recruit
nds	8632	Cake Mania
nds	8631	Cake Mania 2 - Jill's Next Adventure !
nds	8633	Call of Atlantis
nds	8634	Call Of Duty - Black Ops
nds	8635	Call of Duty - Modern Warfare - Mobilized
nds	8636	Call of Duty - Modern Warfare 3 - Defiance
nds	8637	Call of Duty - World at War
nds	8638	Call of Duty 4 - Modern Warfare
nds	8639	Camp Rock - Le Face À Face
nds	8640	Captain America - Super Soldier
nds	8641	Captain Sabertooth And The Trials By Fire
nds	8642	Carcassonne
nds	8643	Card Games - The Classics
nds	8644	Carnival Games
nds	8648	Cars
nds	8645	Cars - Mater-National Championship
nds	8646	Cars 2
nds	8647	Cars Race-O-Rama
nds	8649	Cartoon Network Racing
nds	8650	Casper's Scare School - Classroom Capers
nds	8651	Casper's Scare School - Spooky Sports Day
nds	10109	Castlevania : Dawn of Sorrow
nds	10119	Castlevania : Order of Ecclesia
nds	10121	Castlevania : Portrait Of Ruin
nds	8652	Casual Classics
nds	8653	Casual Mania
nds	8654	Catan - The First Island
nds	8655	Cate West - The Vanishing Files
nds	8656	Cats & Dogs - The Revenge of Kitty Galore - The Vi
nds	8658	Catz
nds	8657	Catz 2
nds	8659	Chainz Galaxy
nds	8660	Challenge Me - Brain Puzzles
nds	8661	Challenge Me - Maths Workout
nds	8662	Challenge Me - Word Puzzles
nds	8663	Challenge Me : Brain Puzzles 2
nds	8664	Challenge Me Kids - Brain Games
nds	8665	Charlotte's Web
nds	8666	Charm Girls Club - My Fashion Mall
nds	8667	Charm Girls Club - My Fashion Show
nds	8668	Charm Girls Club : My Perfect Prom
nds	8670	Chess
nds	8669	Chess for Kids
nds	8671	Chessmaster - The Art Of Learning
nds	8672	Chicken Blaster
nds	8673	Chicken Hunter
nds	8674	Chicken Little - Ace In Action
nds	8675	Chicken Shoot
nds	8676	Children of Mana
nds	8677	Christmas Carol, A
nds	8678	Christmas Carol, A
nds	8679	Chronicles of Mystery - Curse of the Ancient Templ
nds	8680	Chronicles of Mystery - The Secret Tree of Life
nds	8681	Chrono Trigger
nds	8682	Chronos Twin
nds	8683	Chrysler Classic Racing
nds	8684	City Life Ds
nds	8685	Classic Games : The Premium Selection
nds	8686	Classic Word Games
nds	8687	Clever Kids - Creepy Crawlies
nds	8688	Clever Kids - Farmyard Fun
nds	8689	Clever Kids - Pirates
nds	8690	Clever Kids : Dino Land
nds	8691	Clever Kids : Pony World
nds	8693	Cloudy with a Chance of Meatballs
nds	8692	Cloudy with a Chance of Meatballs 2
nds	8694	Club Penguin - Elite Penguin Force
nds	8695	Club Penguin - Herbert's Revenge
nds	8696	Cocoto Racers
nds	8697	Cocoto Racers
nds	8699	Code Lyoko
nds	8698	Code Lyoko - Fall Of X.a.n.a.
nds	8700	Colin McRae - DiRT 2
nds	8701	Colour Cross
nds	8702	Combat of Giants - Mutant Insects
nds	8703	Combat of Giants : Dinosaurs
nds	8704	Combo Pack - Madagascar 3 - Europe's Most Wanted Croods - Prehistoric Party!, The
nds	8705	Command And Destroy
nds	8706	Contact
nds	10120	Contra 4
nds	8707	Cookie & Cream
nds	8708	Cookie Shop - Create Your Dream Shop
nds	8709	Cooking Guide - Can't Decide What to Eat
nds	8716	Cooking Mama
nds	8710	Cooking Mama 2 : Dinner with Friends
nds	8711	Cooking Mama 3
nds	8712	Cooking Mama World - Combo Pack
nds	8713	Cooking Mama World - Combo Pack
nds	8714	Cooking Mama World - Hobbies & Fun
nds	8715	Cooking Mama World - Outdoor Adventures
nds	8717	Coraline
nds	8718	Cory In The House
nds	8719	Cosmetic Paradise
nds	8720	Countdown - The Game
nds	8721	Coupe Du Monde De La Fifa 2006
nds	8722	Crash : Mind Over Mutant
nds	8723	Crash Boom Bang !
nds	8724	Crash Of The Titans
nds	8725	Crayola Treasure Adventures
nds	8726	Crazy Chicken Carnival
nds	8727	Crazy Circus
nds	8728	Crazy Frog - Collectables Art School
nds	8729	Crazy Frog Racer
nds	8731	Crazy Machines
nds	8730	Crazy Machines 2
nds	8732	Crazy Pig
nds	8733	Crazy School Games
nds	8734	Crime Lab - Body of Evidence
nds	8735	Crime Scene
nds	8736	Crosswor DS
nds	8737	Cruise Line Tycoon
nds	8738	Crystal Mines
nds	8739	Csi - Crime Scene Investigation - Dark Motives
nds	8740	CSI - Crime Scene Investigation - Deadly Intent -
nds	8741	Csi - Crime Scene Investigation - Unsolved!
nds	8742	Culture Générale Pour Les Nuls - Deuxième Edition, La
nds	8743	Custom Robo Arena
nds	8744	D And Co - Ta Maison De Reve En 7 Jours
nds	8745	Dance Floor
nds	8746	Dance! - It's Your Stage
nds	8747	Dancing On Ice
nds	8748	Danny Phantom - Urban Jungle
nds	8749	De Blob 2
nds	8750	Deal or No Deal
nds	8751	Deal or No Deal
nds	8752	Death Jr. And The Science Fair Of Doom
nds	8753	Deep Labyrinth
nds	8754	Deep Sea Aquarium by DS
nds	8755	Defendin' Depenguin
nds	8756	Dementium - The Ward
nds	8757	Dementium II
nds	8758	Der Schatz der Delfine
nds	8759	Devilish
nds	8764	Di-gata Defenders
nds	8760	Diabolik - The Original Sin
nds	8761	Diddl in the Cheesecakeland
nds	8762	Diddl Puzzle - Echter Puzzlespass fuer Unterwegs
nds	8763	Diddy Kong Racing Ds
nds	8765	Digimon World - Dawn
nds	8766	Digimon World - Dusk
nds	8767	Diner Dash
nds	8768	Dino Master - Dig, Discover, Duel
nds	8769	Dinosaur King
nds	8770	Disgaea DS
nds	8771	Disney Big Hero 6 - Battle in the Bay
nds	8772	Disney Friends
nds	8773	Disney Frozen - Olaf's Quest
nds	8774	Disney Planes
nds	8775	Disney Princess - Enchanting Storybooks
nds	8776	Disney Princess : Magical Jewels
nds	8777	Diva Girls - Diva Ballerina
nds	8778	Diva Girls - Diva Dancers
nds	8779	Diva Girls - Making The Music
nds	8780	Diva Girls : Princess on Ice 2
nds	8781	DJ Star
nds	8782	Doctor Who - Evacuation Earth
nds	8783	Dodge Racing - Charger vs Challenger
nds	8784	Dogz
nds	8785	Dolphin Island - Underwater Adventures
nds	8786	Dolphin Island - Underwater Adventures
nds	8787	Dolphin Trainer
nds	8788	Don King Boxing
nds	8789	Donkey Kong - Jungle Climber
nds	8790	Donkey Xote
nds	8791	Doodle Hex
nds	8792	Dora And Friends - Pet Shelter
nds	8793	Dora L'exploratrice - Joyeux Anniversaire
nds	8794	Dora L'exploratrice - Joyeux Anniversaire
nds	8795	Dora the Explorer - Dora Puppy
nds	8796	Dora the Explorer - Dora Saves the Mermaids
nds	8797	Dora The Explorer - Dora Saves the Snow Princess
nds	8798	Dora's Cooking Club
nds	8799	Dr Kawashima's Brain Training - How Old Is Your Br
nds	8800	Dr Reiner Knizia's Brainbenders
nds	8801	Draglade
nds	8803	Dragon Ball - Origins
nds	8802	Dragon Ball - Origins 2
nds	8804	Dragon Ball Kai - Ultimate Butouden
nds	8805	Dragon Ball Z - Attack of the Saiyans
nds	8806	Dragon Ball Z - Goku Densetsu
nds	8807	Dragon Ball Z - Supersonic Warriors 2
nds	8808	Dragon Booster
nds	8809	Dragon Hunters
nds	8810	Dragon Master
nds	8811	Dragon Quest - The Chapters of the Chosen
nds	8812	Dragon Quest - The Hand of the Heavenly Bride
nds	8813	Dragon Quest IX - Sentinels of the Starry Skies
nds	8815	Dragon Quest Monsters - Joker
nds	8814	Dragon Quest Monsters - Joker 2
nds	8816	Dragon Quest VI - Realms of Reverie
nds	8817	Dragon Thrills with Magic Lilly
nds	8818	Drama Queens
nds	8822	Drawn To Life
nds	8819	Drawn to Life - SpongeBob SquarePants Edition
nds	8820	Drawn to Life - The Next Chapter
nds	8821	Drawn to Life Collection
nds	8823	Dream Day - Wedding Destinations
nds	8824	Dream Pinball 3d
nds	8825	Driver Dan's Story Train
nds	8826	Drivers Ed Portable
nds	8827	Driving Theory Training
nds	8828	Driving Theory Training
nds	8829	Dropcast
nds	8830	Ds Kageyama Method
nds	8831	Ducati Moto
nds	8832	Duke Nukem : Critical Mass
nds	8833	Dungeon Maker
nds	8834	Dungeon Raiders
nds	8835	Dynasty Warriors Ds - Fighter's Battle
nds	8836	Ea Playground
nds	8837	Easy Learning - Discover Our World
nds	8838	Easy Piano - Learn, Play & Compose
nds	8839	Ecolis : Save the Forest
nds	8840	Ed Edd'n Eddy - Scam Of The Century
nds	8841	Ed's Farm
nds	8842	Eggheads
nds	8843	El Tigre - The Adventures Of Manny Rivera
nds	8844	Electroplankton
nds	8845	Eledees - The Adventures of Kai and Zero
nds	8846	Elements of Destruction
nds	8847	Elite Beat Agents
nds	8848	Elite Forces : Unit 77
nds	8849	Ellen Whitaker's Horse Life
nds	8850	Elvenland
nds	8851	Emily - My Animal Shelter
nds	8852	Emily - My Dog Paradise
nds	8853	Emily - My Personal Diary
nds	8854	Emily - My Personal Diary
nds	8855	Emily : My Dream Job : Popstar
nds	8856	Emily : My Dream Job : Popstar
nds	8857	Emily Archer - The Curse of King Tut's Tomb
nds	8858	Emily The Strange Strangerous
nds	8859	Emma at the Farm
nds	8860	Emma in the Mountains
nds	8861	Enchanted Folk and the School of Wizardry
nds	8862	Englisch Buddy
nds	8863	Englisch Buddy
nds	8864	English Training - Have Fun Improving Your Skills
nds	8865	Equestrian Training
nds	8866	Eragon
nds	8867	Escape the Museum
nds	8868	Essential Sudoku Ds
nds	8869	Etrian Odyssey
nds	8870	Everything's Rosie
nds	8871	Evolution GT
nds	8872	Exit Ds
nds	8873	F24 Stealth Fighter
nds	8874	Fabulous Finds
nds	8875	Family Fortunes
nds	8876	Family Park Tycoon
nds	8877	Famous - En Route Vers La Gloire
nds	8878	Fantasy Aquarium by DS
nds	8879	Farm Frenzy - Animal Country
nds	8880	Farm Frenzy 3
nds	8881	Farm Life - Manage Your Own Farm
nds	8882	Fashion Designer - Style Icon
nds	8883	Fashion Tycoon
nds	8884	Fast Food Panic
nds	8886	Fee Lili-Rose, La - La Magie des Fees
nds	8887	Feji
nds	8888	Ferrari Challenge - Trofeo Pirelli
nds	8889	FIFA 06
nds	8890	Fifa 07
nds	8891	FIFA 08
nds	8892	FIFA 09
nds	8893	FIFA 10
nds	8894	FIFA Soccer 11
nds	8895	Fifa Street 2
nds	8896	FIFA Street 3
nds	8897	Fifi and the Flowertots - Fifi's Garden Party
nds	8898	Fifi and the Flowertots - Fifi's Garden Party
nds	8899	Final Fantasy 3
nds	8900	Final Fantasy Crystal Chronicles - Ring Of Fates
nds	8901	Final Fantasy IV
nds	8902	Final Fantasy Tactics A2 - Grimoire of the Rift
nds	8903	Final Fantasy XII - Revenant Wings
nds	8904	Finde Die Unterschiede - Foto Frenzy
nds	8905	Finding Nemo - Escape To The Big Blue
nds	8906	Fire Emblem - Shadow Dragon
nds	8908	Fireman Sam
nds	8907	Fireman Sam - Action Stations
nds	8909	Fish Tycoon
nds	8910	Fishdom
nds	8911	Fix It
nds	8912	Fizz
nds	8913	Flips - Too Ghoul for School
nds	8914	Flips - Too Ghoul for School
nds	8915	Flips - Too Ghoul for School
nds	8916	Flips - Too Ghoul for School
nds	8917	Flips - Too Ghoul for School
nds	8918	Flips - Too Ghoul for School
nds	8919	Flips - Too Ghoul for School
nds	8920	Flower, Sun and Rain - Murder and Mystery in Parad
nds	8921	Flunkene Pirater
nds	8922	Flunkerne - Superskurke
nds	8923	Flunkerne : Paa Maanen
nds	8924	Flushed Away
nds	8925	Foot 2 Rue - Nicolas Anelka
nds	8926	Football Academy - Build And Prove Your Football Knowledge
nds	8927	Football Director Ds
nds	8928	Ford Racing 3
nds	8929	Fossil League - Dino Tournament Championship
nds	8930	Foster's Home For Imaginary Friends - Imagination Invaders
nds	8931	Franklin's Great Adventures
nds	8932	Franzoesisch Buddy
nds	8933	Freddi Fish - Abc Under The Sea
nds	8934	Freedom Wings
nds	8935	Freshly-picked - Tingle's Rosy Rupeeland
nds	8936	Fritz
nds	8937	Frogger - Helmet Chaos
nds	8938	Fullmetal Alchemist - Dual Sympathy
nds	8885	Fée Lili-rose 2, La
nds	8958	G-Force
nds	8939	G.I. Joe : The Rise of Cobra
nds	8940	Galactic Taz Ball
nds	8941	Galactik Football
nds	8942	Galaxy Racers
nds	8943	Game Hits
nds	8944	Gardening Guide : How to Get Green Fingers
nds	8945	Gardening Mama
nds	8946	Garfield 2
nds	8947	Garfield Gets Real
nds	8948	Garfield's Fun Fest
nds	8949	Garfield's Nightmare
nds	8950	Gauntlet
nds	8951	Gedaechtnis Trainer
nds	8952	Generator Rex - Agent Of Providence
nds	8953	Geo Puzzle
nds	8954	Geomaster
nds	8955	Geometry Wars : Galaxies
nds	8956	George Of The Jungle And The Search For The Secret
nds	8957	Germany's Next Topmodel - Das Offizielle Spiel zur
nds	8959	Ghost Trick - Phantom Detective
nds	8960	Ghostbusters - The Video Game
nds	8961	Giana Sisters DS
nds	8962	Girls Life - Fashion Addict
nds	8963	Girls Life - Jewellery Style
nds	8964	Girls Life - Makeover
nds	8965	Girls Only
nds	8966	Glory Days 2
nds	8967	Go Diego ! Mission Construction
nds	8968	Go West! - A Lucky Luke Adventure
nds	8969	Go! Go! Cosmo Cops!
nds	8970	Go, Diego, Go! : Great Dinosaur Rescue
nds	8971	Go, Diego, Go! : Safari Rescue
nds	8972	Godzilla Unleashed - Double Smash
nds	8973	Golden Balls
nds	8974	Golden Nugget Casino Ds
nds	8975	Golden Sun - Dark Dawn
nds	8976	Goldene Amulett Des Pharao, Das
nds	8977	GoldenEye - Rogue Agent
nds	8978	GoldenEye 007
nds	8979	Gormiti - The Lords of Nature!
nds	8980	Grand Galop
nds	8981	Grand Theft Auto - Chinatown Wars
nds	8982	Green Lantern - Rise of the Manhunters
nds	8983	Greg Hastings' Tournament Paintball Max'd
nds	8984	Grey's Anatomy - The Video Game
nds	8985	Grinch Who Stole Christmas, The
nds	8986	GripsKids - Mathematik
nds	8987	Guild Ds, The
nds	8988	Guilty Gear : Dust Strikers
nds	8989	Guinness World Records - The Videogame
nds	8992	Guitar Hero - On Tour
nds	8990	Guitar Hero - On Tour - Decades
nds	8991	Guitar Hero - On Tour - Modern Hits
nds	8993	Guitar Rock Tour
nds	8994	Gunpey Ds - Music X Puzzle
nds	8995	Guru Guru
nds	8996	Hamsterz 2
nds	8999	Hannah Montana
nds	8997	Hannah Montana - Music Jam
nds	8998	Hannah Montana - The Movie
nds	9000	Happy Bakery
nds	9002	Happy Feet
nds	9001	Happy Feet 2
nds	9003	Happy Hippo's World Tour
nds	9004	Harlem Globetrotters - World Tour
nds	9005	Harry Potter and the Deathly Hallows - Part 1
nds	9006	Harry Potter and the Deathly Hallows - Part 2
nds	9007	Harry Potter and the Half-Blood Prince
nds	9008	Harry Potter And The Order Of The Phoenix
nds	9009	Harvest Fishing
nds	9010	Harvest Moon - Frantic Farming
nds	9011	Harvest Moon - The Tale of Two Towns
nds	9015	Harvest Moon DS
nds	9012	Harvest Moon DS - Grand Bazaar
nds	9013	Harvest Moon DS - Island of Happiness
nds	9014	Harvest Moon DS - Sunshine Islands
nds	9016	Hasbro Family Game Night
nds	9020	Hell's Kitchen - The Video Game
nds	9017	Hello Baby!
nds	9018	Hello Kitty - Big City Dreams
nds	9019	Hello, Pocoyo!
nds	9021	Henry Hatsworth in the Puzzling Adventure
nds	9022	Heracles - Battle With The Gods
nds	9023	Herbie - Rescue Rally
nds	9024	Heroes Of Hellas 2 - Olympia
nds	9025	Heroes Of Mana
nds	9026	Hi Hi Puffy Amiyumi - The Genie And The Amp
nds	9027	Hi! Hamtaro - Ham-ham Challenge
nds	9028	Hidden Expedition - Titanic
nds	9029	Hidden Mysteries - Buckingham Palace
nds	9030	Hidden Mysteries - Salem Secrets
nds	9031	Hidden Mysteries - Titanic - Secrets of the Fatefu
nds	9032	Hidden Mysteries : Vampire Secrets
nds	9033	Hidden Object Show
nds	9034	High School Musical - Makin' The Cut!
nds	9035	High School Musical 2 - Work This Out!
nds	9036	History : Great Empires : Rome
nds	9037	Holly Hobbie And Friends
nds	9038	Hollywood Files
nds	9039	Honeycomb Beat
nds	9040	Hop - Le Film
nds	9041	Horrible Histories - Ruthless Romans
nds	9042	Horrid Henry : Missions of Mischief
nds	9043	Horrid Henry's Horrid Adventure
nds	9044	Horse & Foal : My Riding Stables
nds	9045	Horseland
nds	9046	Hoshigami
nds	9047	Hospital Giant
nds	9048	Hot Wheels - Battle Force 5
nds	9049	Hot Wheels - Beat That !
nds	9050	Hot Wheels - Track Attack
nds	9051	Hotel Dusk : Room 215
nds	9052	Hotel for Dogs
nds	9053	Hotel Giant Ds
nds	9054	Hotel Transylvania
nds	9055	House M.d. - The Official Game
nds	9056	How To Pass Your Driving Test
nds	9057	How To Train Your Dragon
nds	9058	Hurry Up Hedgehog!
nds	9059	Hysteria Hospital - Emergency Ward
nds	9060	I Did It Mum! - Doll's House
nds	9061	I Did It Mum! - Picture Book
nds	9062	I Did It Mum! - Spelling
nds	9063	I Did It Mum! : Girl
nds	9064	I Love Beauty - Hollywood Makeover
nds	9065	I Love Horses
nds	9066	I Spy Fun House
nds	9074	I'm A Celebrity - Get Me Out Of Here!
nds	9067	iCarly
nds	9068	iCarly
nds	9069	Ice Age 3 - Dawn of the Dinosaurs
nds	9070	Ice Age 4 - Continental Drift - Arctic Games
nds	9071	Ico Soccer
nds	9072	Igor - The Game
nds	9073	IL-2 Sturmovik - Birds of Prey
nds	9075	Imagine - Baby Club
nds	9076	Imagine - Ballet Dancer
nds	9077	Imagine - Beauty Stylist
nds	9078	Imagine - Champion Rider
nds	9079	Imagine - Detective Adventures
nds	9080	Imagine - Doctor
nds	9081	Imagine - Dream Resort
nds	9082	Imagine - Dream Weddings
nds	9083	Imagine - Fashion Designer
nds	9084	Imagine - Fashion Designer
nds	9085	Imagine - Fashion Designer
nds	9086	Imagine - Figure Skater
nds	9087	Imagine - Journalist
nds	9088	Imagine - Movie Star
nds	9089	Imagine - My Boutique
nds	9090	Imagine - My Restaurant
nds	9091	Imagine - Party Planner
nds	9092	Imagine - Rescue Vet
nds	9093	Imagine - Teacher - School Trip
nds	9094	Imagine - Teacher - School Trip
nds	9095	Imagine - Wildlife Keeper
nds	9096	Imagine : Babies
nds	9097	Imagine : Girl Band
nds	9098	Imagine : Happy Cooking
nds	9099	Imagine : Interior Designer
nds	9100	Imagine : Pet Vet
nds	9101	Imagine Artist
nds	9102	Impossible Mission
nds	9106	Inazuma Eleven
nds	9103	Inazuma Eleven 2 - Firestorm
nds	9104	Inazuma Eleven 2 - Ventisca Eterna
nds	9105	Inazuma Eleven 3 the ogre
nds	9107	Indiana Jones and the Staff of Kings
nds	9108	Indoor Sports Club
nds	9109	Inkheart
nds	9110	International Athletics
nds	9112	Iron Man
nds	9111	Iron Man 2
nds	9113	Ivy the Kiwi
nds	9114	Izuna : The Legend of the Ninja
nds	9123	J'apprends L'anglais Cp-cm1
nds	9115	J4g - A Girl's World
nds	9116	Jackass - The Game Ds
nds	9117	Jacqueline Wilson's Tracy Beaker - The Game
nds	9118	Jam Sessions - Sing & Play Guitar
nds	9119	Jambo! Safari : Animal Rescue
nds	9120	James Cameron's Avatar - The Game
nds	9121	James Patterson Women's Murder Club - Crime Et Splendeur
nds	9122	James Pond - Codename Robocod
nds	9124	Jelly Belly : Ballistic Beans
nds	9125	Jenga World Tour
nds	9126	Jetix Puzzle Buzzle
nds	9127	Jewel Adventures
nds	9128	Jewel Land
nds	9129	Jewel Legends - Tree Of Life
nds	9130	Jewel Link - Arctic Quest
nds	9131	Jewel Link - Legends of Atlantis
nds	9132	Jewel Link - Legends of Atlantis
nds	9133	Jewel Link - Safari Quest
nds	9134	Jewel Link : Galactic Quest
nds	9135	Jewel Link Chronicles - Legend Of Athena
nds	9136	Jewel Link Double Pack
nds	9137	Jewel Master - Cradle Of Athena
nds	9139	Jewel Master - Cradle of Egypt
nds	9138	Jewel Master - Cradle of Egypt 2
nds	9140	Jewel Master - Cradle of Persia
nds	9143	Jewel Master - Cradle of Rome
nds	9141	Jewel Master - Cradle of Rome 2
nds	9142	Jewel Master - Cradle of Rome 2
nds	9144	Jewel Master : Atlantis
nds	9147	Jewel Match
nds	9145	Jewel Match 2
nds	9146	Jewel Match 3
nds	9148	Jewel Quest - Expeditions
nds	9149	Jewel Quest - Mysteries - Curse Of The Emerald Tear
nds	9150	Jewel Quest - Solitaire - Solitaire with a Twist!
nds	9151	Jewel Quest 4 - Heritage
nds	9152	Jewel Quest 5 - The Sleepless Star
nds	9153	Jewel Quest Mysteries 2 - Trail of the Midnight He
nds	9154	Jewel Quest Solitaire Trio
nds	9155	Jewel Time Deluxe
nds	9156	Jewels of the Ages
nds	9157	Jewels of the Tropical Lost Island
nds	9158	Jigapix - Love Is
nds	9159	Jigapix : Wonderful World
nds	9160	Jigapix Pets
nds	9161	Joan Jade And The Gates Of Xibalba
nds	9162	Johnny Bravo in the Hukka-Mega-Mighty-Ultra-Extreme Date-O-Rama!
nds	9163	Jonas
nds	9164	Josefiina Alkupolku
nds	9165	Josefiina Alkupolku
nds	9166	Josefiina Alkupolku
nds	9167	Josefine Skolehjelp - Matematikk - Taake I Tallheimen
nds	9168	Journey To The Center Of The Earth
nds	9169	Juiced 2 - Hot Import Nights
nds	9170	Jump Ultimate Stars
nds	9171	Jungle School
nds	9173	Junior Brain Trainer
nds	9174	Junior Brain Trainer
nds	9172	Junior Brain Trainer 2
nds	9175	Junior Classic Books
nds	9176	Junior Classic Games
nds	9177	Junior Mystery Stories
nds	9178	Just Sing !
nds	9179	Just Sing! - Vol. 3
nds	9180	Just Sing! Vol.2
nds	9181	Kakuromaniacs
nds	9182	Kameleon
nds	9183	Kid Paddle - Blorks Invasion
nds	9184	Kilari - Deviens Une Star
nds	9185	Kim Possible - Global Gemini
nds	9186	Kim Possible - Kimmunicator
nds	9187	Kingdom Hearts - 358-2 Days
nds	9188	Kingdom Hearts - Re-Coded
nds	9189	Kira Kira Pop Princess
nds	9190	Kirarin Revolution - Naasan To Issho
nds	9191	Kirby - Mouse Attack
nds	9192	Kirby - Power Paintbrush
nds	9193	Kirby - Power Paintbrush
nds	9194	Kirby Mass Attack
nds	9195	Kirby Super Star Ultra
nds	9196	Kirikou and the Wild Beasts
nds	9197	Knock 'em Downs - World's Fair
nds	9198	Konami Classics Series - Arcade Hits
nds	9199	Korg DS-10 Synthesizer
nds	9202	Kung Fu Panda
nds	9200	Kung Fu Panda - Legendary Warriors
nds	9201	Kung Fu Panda 2
nds	9203	Kung Zhu
nds	9204	Labyrinth
nds	9205	Lanfeust Of Troy
nds	9206	Langenscheidt
nds	9207	Lara Croft Tomb Raider - Legend
nds	9208	Last Window : The Secret of Cape West
nds	9209	Learn To Play Chess With Fritz And Chesster
nds	9210	Learn with Pokemon - Typing Adventure
nds	9211	Learning Maths
nds	9212	Left Brain, Right Brain - Use Both Hands, Train Both Sides
nds	9213	Left Brain, Right Brain 2
nds	9214	Legend Of Kage 2, The
nds	9215	Legend of Kay
nds	9216	Legend Of Spyro - A New Beginning, The
nds	9217	Legend Of Spyro - The Eternal Night, The
nds	9218	Legend of the Guardians - The Owls of Ga'Hoole
nds	9220	LEGO - Rock Band
nds	9221	LEGO Batman - The Videogame
nds	9222	LEGO Batman 2 - DC Super Heroes
nds	9223	LEGO Battles
nds	9224	Lego Friends
nds	9225	LEGO Harry Potter - Years 5-7
nds	9226	Lego Indiana Jones - La Trilogie Originale
nds	9227	LEGO Indiana Jones 2 - The Adventure Continues
nds	9228	LEGO Legends of Chima - Laval's Journey
nds	9229	LEGO Ninjago - The Videogame
nds	9230	Lego Star Wars - La Saga Complète
nds	9231	Lego Star Wars 2 - La Trilogie Originale
nds	9232	Lego Star Wars 3 - The Clone Wars
nds	9233	Lernerfolg Grundschule
nds	9234	Lernerfolg Grundschule
nds	9235	Let's Draw
nds	9236	Let's Play Ballerina
nds	9237	Let's Play Fashion Designer
nds	9238	Let's Play Firemen
nds	9239	Let's Play Flight Attendant
nds	9240	Let's Play Garden
nds	9241	Let's Play Mums
nds	9242	Let's Play Pet Hospitals
nds	9243	Let's Play Schools
nds	9244	Let's Play Shops
nds	9245	Let's Yoga !
nds	9246	LifeSigns - Hospital Affairs
nds	9247	Linda Hyde - Vampire Mansion
nds	9248	Line Rider Freestyle
nds	9249	Lionel Trains - On Track
nds	9250	Little Bears
nds	9251	Little Charley Bear - Toybox Of Fun
nds	9252	Little Mermaid, The - Ariel's Undersea Adventure
nds	9253	Littlest Pet Shop - Beach Friends
nds	9254	Littlest Pet Shop - City Friends
nds	9255	Littlest Pet Shop - Spring
nds	9257	Littlest Pet Shop 3 - Biggest Stars - Blue Team
nds	9258	Littlest Pet Shop 3 - Biggest Stars - Pink Team
nds	9259	Littlest Pet Shop 3 - Biggest Stars - Purple Team
nds	9256	Littlest Pet Shop : Garden
nds	9260	Littlest Pet Shop Hiver
nds	9261	Littlest Pet Shop Jungle
nds	9262	Lock's Quest
nds	9263	Logic Cubes
nds	9264	Logic Island
nds	9265	Logic Machines
nds	9266	Lola And Virginia
nds	9267	Looney Tunes - Cartoon Conductor
nds	9268	Looney Tunes - Duck Amuck
nds	9269	Los Simpson : El Videojuego
nds	9270	Lost Identities
nds	9273	Lost in Blue
nds	9271	Lost In Blue 2
nds	9272	Lost in Blue 3
nds	9274	Lost Treasures Of Alexandria, The
nds	9275	Lostmagic
nds	9276	Love Is... In Bloom - The Flower Shop Garden
nds	9277	Love, Fashion & Friends
nds	9278	Love, Fashion & Friends
nds	9279	Lovely Lisa
nds	9280	Loving Life with Hello Kitty & Friends
nds	9281	Lucky Luke - The Daltons
nds	9282	Luminous Arc
nds	9283	Lunar - Genesis
nds	9284	Lunar Knights
nds	9219	Légende De Spyro - Naissance D'un Dragon, La
nds	9285	M And M's - Break 'em
nds	9290	Madagascar
nds	9286	Madagascar - Escape 2 Africa
nds	9287	Madagascar 2
nds	9288	Madagascar 3 : Europe's Most Wanted
nds	9289	Madagascar Kartz
nds	9291	Madden NFL 06
nds	9292	Madden Nfl 07
nds	9293	Madden NFL 08
nds	9294	Madden Nfl 09
nds	9295	Maestro! Jump In Music
nds	9296	Magic Encyclopedia 2 - Moonlight
nds	9297	Magic Encyclopedia 3
nds	9298	Magic Made Fun: Perform Tricks That Will Amaze You
nds	9299	Magical Starsign
nds	9300	Mah Jong Quest - Expeditions
nds	9304	Mahjong
nds	9301	Mahjong - Eine Reise Um Die Welt
nds	9302	Mahjong 300
nds	9303	Mahjong Mysteries - Ancient Athena
nds	9305	Mahjongg - Ancient Mayas
nds	9306	Mahjongg Ds
nds	9307	Mahjongg Mysteries : Ancient Egypt
nds	9308	Mahjongg Mysteries : Ancient Egypt
nds	9309	Mais Ou Se Cache Carmen Sandiego - Mystere Au Bout Du Monde
nds	9310	Make 10 - A Journey Of Numbers
nds	9311	March Of The Penguins
nds	9312	Margot's Bepuzzled!
nds	9313	Margot's Word Brain
nds	9314	Marie-antoinette Et La Guerre D'indépendance Américaine, Episode 1 - La Fraternité Du Loup
nds	9315	Mario & Luigi - Bowser's Inside Story
nds	10110	Mario & Luigi : Partners in Time
nds	9316	Mario & Sonic at the Olympic Games
nds	9317	Mario & Sonic at the Olympic Winter Games
nds	10111	Mario Hoops 3 on 3
nds	9318	Mario Kart Ds
nds	10106	Mario Party DS
nds	9319	Mario Vs. Donkey Kong 2 - March Of The Minis
nds	9320	Mario Vs. Donkey Kong 2 - Minimini Daikoushin!
nds	9321	Marvel Nemesis - Rise of the Imperfects
nds	9323	Marvel Super Hero Squad
nds	9322	Marvel Super Hero Squad - The Infinity Gauntlet
nds	9324	Marvel Trading Card Game
nds	9325	Mary King's Riding School
nds	9326	Master All Classics
nds	9327	Match 3 Madness
nds	9328	Matchstick Puzzle by DS
nds	9329	Mathe Buddy
nds	9330	Mathe Buddy
nds	9331	Maths Made Simple
nds	9332	Max And The Magic Marker
nds	9334	May's Mysteries - The Secret of Dragonville
nds	9333	Maya
nds	9335	Mechanic Master
nds	9336	Mechassault - Phantom War
nds	9337	Meet The Robinsons
nds	9338	Mega Man Battle Network 5 : Double Team DS
nds	9339	Mega Man Star Force - Leo
nds	9340	Mega Man Star Force - Pegasus
nds	9341	Mega Man Star Force 2 - Zerker x Ninja
nds	9342	Mega Man Star Force 2 - Zerker x Saurian
nds	9343	Mega Man Zero Collection
nds	10112	Mega Man ZX
nds	10113	Mega Man ZX - Advent
nds	9344	Mega Mindy
nds	9345	MegaMan Star Force : Dragon
nds	9346	Megamind - The Blue Defender
nds	9347	Mein Eigener Tierbaby-zoo
nds	9348	Mensch Aergere Dich Nicht - Das Beliebte Original
nds	9349	Metal Slug 7
nds	9350	Meteos
nds	9351	Metroid Prime - Hunters
nds	9352	Metroid Prime Pinball
nds	9353	Miami Crisis
nds	9354	Miami Nights - Singles In The City
nds	9355	Micro Machines V4
nds	9356	Midnight Mysteries - The Edgar Allan Poe Conspirac
nds	9357	Midnight Play! Pack
nds	9358	Miffy's World
nds	9359	Might & Magic - Clash of Heroes
nds	9360	Mijn Droomjob : Verpleegster
nds	9361	Military History - Commander - Europe At War
nds	9362	Mind Your Language : Aprende Espanol!
nds	9363	Mind Your Language : Learn English!
nds	9364	Mind. Body. Soul : Nutrition Matters
nds	9365	Mind. Body. Soul : Nutrition Matters
nds	9366	Mindstorm - Train Your Brain
nds	9367	Mini Ninjas
nds	9368	Miss Spider's Sunny Patch Friends - Harvest Time Hop And Fly
nds	9369	Moi, Moche Et Méchant - Minions En Folie !
nds	9370	Monopoly
nds	9371	Monster Bomber
nds	9372	Monster High - 13 Wishes
nds	9373	Monster High : Ghoul Spirit
nds	9374	Monster High : Skultimate Roller Maze
nds	9375	Monster House
nds	9378	Monster Jam
nds	9376	Monster Jam - Urban Assault
nds	9377	Monster Jam : Path of Destruction
nds	9379	Monster Trucks Ds
nds	9380	Monsters vs Aliens
nds	9381	Moon
nds	9382	Moorhuhn - Jewel Of Darkness
nds	9383	Moorhuhn - Star Karts
nds	9384	Moorhuhn Adventure : The Pharaoh's Treasure
nds	9385	Moorhuhn Jump'n Run - Atlantis
nds	9386	Moshi Monsters - Katsuma Unleashed
nds	9387	Moshi Monsters - Moshling Zoo
nds	9388	Moshi Monsters - Moshlings Theme Park
nds	9389	Moto Racer Ds
nds	9390	Mr Bean
nds	9391	Mr. Driller - Drill Spirits
nds	9392	Mtv Fan Attack
nds	9393	Murder in Venice
nds	9394	Murder On The Titanic
nds	9395	Mushroom Men - Rise of the Fungi
nds	9396	Music - Music For Everyone
nds	9397	Music For Kids
nds	9398	Music Monstars - The Ultimate Music Machine
nds	9399	MX vs ATV Reflex
nds	9400	Mx Vs. Atv Untamed
nds	9403	My Animal Centre
nds	9401	My Animal Centre In Africa
nds	9402	My Animal Centre In Australia
nds	9404	My Baby - Boy
nds	9405	My Baby - Girl
nds	9406	My Baby 2 - Boy & Girl
nds	9407	My Baby 3 And Friends
nds	9408	My Best Friends - Cats & Dogs
nds	9409	My Boyfriend
nds	9410	My Dangerous Pet - Snake
nds	9411	My Dog Coach : Understand Your Dog with Cesar Millan
nds	9412	My Dogs Paradise
nds	9413	My Dress-up
nds	9414	My Farm Around The World
nds	9415	My French Coach
nds	9416	My French Coach
nds	9417	My Friends
nds	9418	My Frogger Toy Trials
nds	9419	My Happy Kitchen
nds	9420	My Horse & Me
nds	9421	My Japanese Coach : Learn to Speak Japanese
nds	9422	My Little Baby
nds	9423	My Little Flufties
nds	9424	My Make-Up
nds	9425	My Own Pet Shelter
nds	9426	My Paris Fashion House
nds	9427	My Pet - Zoo Vet
nds	9428	My Pet Beauty Salon
nds	9429	My Pet Dolphin 2
nds	9430	My Pet Hotel 2
nds	9431	My Pet Kitten
nds	9432	My Pet Parrot
nds	9433	My Pet Pony
nds	9434	My Pet Puppy
nds	9435	My Pet School
nds	9436	My Pet Shop
nds	9437	My Puppy Shop
nds	9438	My Secret World By Imagine
nds	9439	My Spanish Coach - Level 1
nds	9440	My Spanish Coach - Level 1
nds	9441	My Stop Smoking Coach With Allen Carr Easyway - Quit For Good
nds	9442	My Vet Practice - In Australia
nds	9443	My Vet Practice - In the Country
nds	9444	My Weight Loss Coach - Improve Your Health
nds	9445	My Western Horse
nds	9446	My Word Coach - Develop Your Vocabulary
nds	9447	MySims - Agents
nds	9448	MySims - Kingdom
nds	9449	MySims - Party
nds	9450	MySims : Racing
nds	9451	Mysims Skyheroes
nds	9452	Myst
nds	9453	Mysterious Adventures in the Caribbean
nds	9454	Mysterious Case of Dr. Jekyll & Mr Hyde
nds	9455	Mystery Case Files - MillionHeir
nds	9456	Mystery Case Files - Prime Suspects
nds	9457	Mystery Case Files - Ravenhearst
nds	9458	Mystery Detective
nds	9459	Mystery Dungeon - Shiren the Wanderer
nds	9462	Mystery Stories
nds	9463	Mystery Stories
nds	9460	Mystery Stories - Curse of the Ancient Spirits
nds	9461	Mystery Stories - Mountains Of Madness
nds	9465	Mystery Tales 2 - The Spirit Mask
nds	9464	Mystery Tales : Time Travel
nds	9466	Nacho Libre
nds	9467	Nadia Megafun Land
nds	9468	Nadia's World
nds	9469	Namco Museum DS
nds	9470	Nancy Drew - The Deadly Secret Of Olde World Park
nds	9471	Nancy Drew : The Model Mysteries
nds	9472	Nancy Drew : The Mystery of the Clue Bender Society
nds	9473	Nandas Island
nds	9474	Nanostray 2
nds	9475	Naraba World - Le Labyrinthe Des Lumières
nds	9476	Naraba World - Le Mystérieux Palais
nds	9477	Naruto - Ninja Council - European Version
nds	9479	Naruto - Ninja Destiny
nds	9478	Naruto - Ninja Destiny II - European Version
nds	9480	Naruto : Ninja Council 2 : European Version
nds	9481	Naruto Shippuden - Naruto vs Sasuke
nds	9482	Naruto Shippuden - Ninja Council 4
nds	9483	Natalie Brooks : Mystery at Hillcrest High
nds	9484	Natalie Brooks : The Treasures of the Lost Kingdom
nds	9485	Need for Speed - Most Wanted
nds	9486	Need for Speed - Nitro
nds	9487	Need for Speed - ProStreet
nds	9488	Need for Speed - Undercover
nds	9489	Need for Speed - Underground 2
nds	9490	Need For Speed Carbon - Own The City
nds	9491	Neopets Puzzle Adventure
nds	9492	Nervous Brickdown
nds	9493	Neves
nds	9494	New Carnival Games
nds	9495	New International Track & Field
nds	10114	New Super Mario Bros.
nds	9496	New Touch Party Game
nds	9497	New York Times Crosswords, The
nds	9498	Ni Hao, Kai-lan - New Year's Celebration
nds	9499	Nickelodeon Dora and Friends' : Fantastic Flight
nds	9500	Nickelodeon Dora and Friends' : Fantastic Flight
nds	9501	Nicktoons - Attack Of The Toybots
nds	9502	Nicktoons Unite!
nds	9503	Night at the Museum 2 - The Video Game
nds	9504	Ninja Captains
nds	9505	Ninja Gaiden - Dragon Sword
nds	9506	Ninja Reflex
nds	9507	Ninjatown
nds	9508	Nintendo Presents - Crossword Collection
nds	9509	Nintendo Presents - Style Boutique
nds	9510	Nintendo Touch Golf - Birdie Challenge
nds	9511	Nintendogs - Chihuahua And Friends
nds	9512	Nintendogs - Dachshund & Friends
nds	9513	Nintendogs - Dalmatian And Friends
nds	9514	Nintendogs - Labrador & Friends
nds	9515	Nos Voisins Les Hommes - Zamy Pète Les Plombs
nds	9516	Ok! - First For Celebrity News - Puzzle Stars
nds	9517	Oktoberfest - The Official Game
nds	9518	Omg 26 - Our Mini Games
nds	9519	One Piece - Gigant Battle
nds	9520	Ookami Den
nds	9521	Open Season
nds	9522	Operation - Vietnam
nds	9523	Original Frisbee Disc Sports - Ultimate And Golf
nds	9524	Oscar Der Ballonfahrer - Tierische Abenteuer
nds	9525	Oui-oui - Grande Fête Au Pays Des Jouets
nds	9526	Over The Hedge
nds	9527	Overlord Minions
nds	9528	Pac'n Roll
nds	9529	Pac-Pix
nds	9532	Paint By Ds
nds	9530	Paint By Ds - Classic Masterpieces
nds	9531	Paint by DS : Military Vehicles
nds	9533	Pang - Magical Michael
nds	9534	Panzer Tactics Ds
nds	9535	Party Carnival
nds	9536	Pass the Pigs : Let the Good Swines Roll!
nds	9537	Pass Your Driving Theory Test
nds	9538	Pass Your Driving Theory Test
nds	9539	Pawly Pets - My Pet Hotel
nds	9540	Pawly Pets : My Vet Practice
nds	9541	PDC World Championship Darts - The Official Video Game
nds	9542	Peppa Pig - Fun And Games
nds	9543	Peppa Pig - The Game
nds	9544	Peppa Pig : Theme Park Fun
nds	9545	Percy Jackson & the Lightning Thief
nds	9546	Personal Trainer DS for Men
nds	9547	Personal Trainer DS for Women
nds	9548	Personal Yoga Training - Learn In 15 Minutes A Day
nds	9549	Pet Alien - An Intergalactic Puzzlepalooza
nds	9550	Peter Jackson's King Kong - The Official Game Of The Movie
nds	9551	Peter Pan's Playground
nds	9552	Petz - Dogz 2
nds	9553	Petz - Dogz Fashion
nds	9554	Petz - Fantasy
nds	9555	Petz - Fashion Stars
nds	9556	Petz - Hamster Superstar
nds	9557	Petz - My Baby Panda
nds	9558	Petz - My Horse Family
nds	9559	Petz - My Kitten Family
nds	9560	Petz - My Monkey Family
nds	9561	Petz - Nursery 2
nds	9562	Petz - Pony Club
nds	9563	Petz : My Puppy Family
nds	9564	Petz : Nursery
nds	9565	Petz Dog Superstar
nds	9566	Petz Rescue - Wildlife Vet
nds	9569	Pferd & Pony - Die Reitakademie
nds	9567	Pferd & Pony - Die Reitakademie - Das Entscheidend
nds	9568	Pferd & Pony - Die Reitakademie - Das Entscheidend
nds	9570	Pferd And Pony - Mein Gestuet - Ein Leben Fuer Die Pferde
nds	9571	Pferdefreunde Puzzle - Echter Puzzlespass Fuer Unterwegs
nds	9572	Phantasy Star 0
nds	9573	Phil Taylor's Power Play Darts
nds	9576	Phineas and Ferb
nds	9574	Phineas And Ferb - 2 Disney Games
nds	9575	Phineas and Ferb - Across the 2nd Dimension
nds	9577	Phoenix Wright - Ace Attorney - Justice for All
nds	9578	Phoenix Wright - Ace Attorney - Justice for All
nds	9579	Phoenix Wright - Ace Attorney - Trials and Tribula
nds	9580	Phoenix Wright - Ace Attorney - Trials and Tribula
nds	9581	Pic Pic
nds	9582	Picross 3D
nds	9583	Pictionary
nds	9584	PictoImage - Sketch and Guess on Your DS!
nds	9585	Picture Puzzle Collection
nds	9586	Pimp My Ride - Street Racing
nds	9587	Pinball Deluxe
nds	9588	Ping Pals
nds	9589	Pingouins De Madagascar - Le Docteur Blowhole Est De Retour, Les
nds	9590	Pipe Mania
nds	9591	Pippa Funnell
nds	9592	Pippi Longstocking
nds	9593	Pirates - Duels On The High Seas
nds	9594	Pirates Boarding
nds	9595	Pirates Of The Caribbean - Dead Man's Chest
nds	9596	Pirates Of The Caribbean : At World's End
nds	9597	Piraty Karibskogo Morja : Na Kraju Sveta
nds	9598	Pixeline - Hotel Skrottenborg
nds	9599	Pixeline Og Droemmespejlet
nds	9600	Planet 51 - The Game
nds	9601	Planet Rescue : Endangered Island
nds	9602	Plants vs
nds	9603	Platinum Sudoku
nds	9604	Playmobil - Top Agents
nds	9605	Playmobil Interactive - Knight - Hero of the Kingd
nds	9606	Pocoyo Racing
nds	9607	Pogo Island
nds	9608	Point Blank Ds
nds	9610	Pokemon - Black Version
nds	9609	Pokemon - Black Version 2
nds	10116	Pokemon - Diamond Version
nds	9611	Pokemon - Edicion Blanca
nds	9612	Pokemon - Edicion Oro HeartGold
nds	9613	Pokemon - Edicion Perla
nds	10118	Pokemon - Platinum Version
nds	10115	Pokemon - White Version 2
nds	9615	Pokemon Dash
nds	9617	Pokemon Mystery Dungeon - Blue Rescue Team
nds	9618	Pokemon Mystery Dungeon - Explorers of Darkness
nds	9619	Pokemon Mystery Dungeon - Explorers of Sky
nds	9620	Pokemon Mystery Dungeon - Explorers of Time
nds	9621	Pokemon Mystery Dungeon - Explorers of Time
nds	9624	Pokemon Ranger
nds	9622	Pokemon Ranger - Guardian Signs
nds	9623	Pokemon Ranger - Shadows of Almia
nds	10117	Pokemon: SoulSilver Version
nds	9614	Pokémon Conquest
nds	9616	Pokémon Link!
nds	9625	Polar Rampage
nds	9626	Polarium
nds	9627	Pons Englisch - Vokabel Buddy
nds	9628	Pony Friends
nds	9629	Pony Life
nds	9630	Pony Luv
nds	9631	Pop Town
nds	9632	Poptropica Adventures
nds	9633	Populous DS
nds	9635	Postman Pat
nds	9634	Postman Pat - Special Delivery Service
nds	9636	Power Play Pool
nds	9637	Power Rangers - Super Legends
nds	9638	Power Rangers Samurai
nds	9639	Powershot Pinball Constructor
nds	9640	Practise English!
nds	9641	Prey the Stars - Gabu Gabu Planet
nds	9642	Prince Of Persia - The Fallen King
nds	9643	Prince of Persia - The Forgotten Sands
nds	9644	Princess Debut - The Royal Ball
nds	9645	Princess in Love
nds	9646	Princess Isabella - A Witch's Curse
nds	9647	Princess Lillifee - Fairy Magic
nds	9648	Princess Lillifee - Fairy Magic
nds	9649	Princess Lillifee - Fairy Magic
nds	9650	Princess Lillifee - Fairy Magic
nds	9651	Princess Natasha - Student, Secret Agent, Princess
nds	9652	Princess on Ice
nds	9653	Pro Evolution Soccer 2008
nds	9654	Pro Evolution Soccer 6
nds	9655	Professor Heinz Wolff's Gravity
nds	9656	Professor Layton and Pandora's Box
nds	9657	Professor Layton and the Curious Village
nds	9658	Professor Layton and the Lost Future
nds	9659	Professor Layton and the Spectre's Call
nds	9660	Project Rub
nds	9661	Pucca Power Up
nds	9662	Puppy Luv : Spa and Resort
nds	9663	Purr Pals
nds	9664	Puss in Boots
nds	9665	Puyo Pop Fever
nds	9666	Puzzle Bobble Galaxy
nds	9667	Puzzle Chronicles
nds	9668	Puzzle Kingdoms
nds	9669	Puzzle League DS
nds	9670	Puzzle Quest - Challenge of the Warlords
nds	9671	Puzzle Quest - Galactrix
nds	9672	Puzzle Quest 2
nds	9673	Puzzler Brain Games
nds	9674	Puzzler Collection
nds	9677	Puzzler World
nds	9675	Puzzler World 2012
nds	9676	Puzzler World 2013
nds	9678	Raa Raa The Noisy Lion
nds	9679	Rabbids Go Home
nds	9680	Race Driver : GRID
nds	9681	Rainbow Islands Revolution
nds	9682	Ram Racing
nds	9684	Ratatouille
nds	9683	Ratatouille - Food Frenzy
nds	9685	Rayman - Raving Rabbids - TV Party
nds	9686	Rayman : Raving Rabbids
nds	9687	Rayman DS
nds	9688	Rayman Raving Rabbids 2
nds	9689	Ready Steady Cook - The Game
nds	9690	Real Adventures - Pet Vet
nds	9691	Real Adventures - Wild Horses - The Quest For The Golden Horse
nds	9692	Real Crimes - Jack The Ripper
nds	9693	Real Crimes - The Unicorn Killer
nds	9694	Real Soccer 2008
nds	9695	Real Soccer 2009
nds	9696	Real Stories - Best Friends - My Horse
nds	9697	Real Stories - Passion 4 Fashion
nds	9698	Red Bull BC One
nds	9699	Resident Evil - Deadly Silence
nds	9700	Retro Arcade Toppers
nds	9701	Rhapsody - A Musical Adventure
nds	9702	Rhythm 'n Notes
nds	9703	Rhythm Paradise
nds	9704	Ridge Racer Ds
nds	9705	Rijexamen Training 2008 - Code de la Route 2008
nds	9706	Ringling Bros. Circus Friends - Asian Elephants
nds	9707	Rio
nds	9708	Rise of the Guardians
nds	9709	Road To Vegas
nds	9710	Roary - La Voiture De Course
nds	9711	Robots
nds	9712	Rock Band 3
nds	9713	Rock Revolution
nds	9714	Rollercoaster Park
nds	9715	Rollin' Rascals
nds	9716	Rooms : The Main Building
nds	9717	Runaway - A Twist Of Fate
nds	9718	Runaway : The Dream of the Turtle
nds	9719	Rune Factory - A Fantasy Harvest Moon
nds	9720	Rune Factory 2 - A Fantasy Harvest Moon
nds	9721	Safecracker - The Ultimate Puzzle Adventure
nds	9722	Sam Power - Firefighter
nds	9723	Sam Power - Handyman
nds	9724	Sam Power - Policeman
nds	9725	Samantha Swift and the Hidden Roses of Athena
nds	9726	Sarah - Die Hueterin des Einhorns
nds	9727	Sarah - Die Hueterin des Einhorns
nds	9728	Scene It Twilight
nds	9729	Science Papa
nds	9730	Scooby-Doo! - First Frights
nds	9731	Scooby-Doo! : Unmasked
nds	9732	Scooby-Doo! : Who's Watching Who
nds	9733	Scooby-Doo! and the Spooky Swamp
nds	9734	Scrabble Interactive - 2007 Edition
nds	9735	Scrabble Interactive - 2009 Edition
nds	9736	Scribblenauts
nds	9737	Scurge - Hive
nds	9738	Sea Monsters - A Prehistoric Adventure
nds	9739	Sea Park Tycoon
nds	9740	Secret Files - Tunguska
nds	9741	Secret Files 2 - Puritas Cordis
nds	9742	Secret Flirts
nds	9743	Secrets of the Titanic 1912-2012
nds	9744	Sega Superstars Tennis
nds	9745	Seigneur Des Anneaux - La Quête D'aragorn, Le
nds	9746	Settlers, The
nds	9747	Shamu's Deep Sea Adventures
nds	9748	Shane Watson's Power Play Cricket 2011
nds	9750	Shaun The Sheep
nds	9749	Shaun The Sheep - Off His Head
nds	9751	Shaun White Snowboarding
nds	9752	Sherlock Holmes DS : The Mystery of the Mummy
nds	9753	Sherlock Holmes DS and the Mystery of Osborne Hous
nds	9754	Shin Megami Tensei - Devil Survivor 2
nds	9755	Shining Stars - Super Starcade
nds	9756	Shrek - Forever After
nds	9757	Shrek - La Fête Foraine En Délire - Mini-jeux
nds	9758	Shrek - Ogres & Dronkeys
nds	9759	Shrek - Super Slam
nds	9760	Shrek Smash N' Crash Racing
nds	9761	Shrek The Third
nds	9762	Sid Meier's Civilization Revolution
nds	9763	Sight Training : Enjoy Exercising and Relaxing Your Eyes
nds	9764	Sightseeing Puzzle - Echter Puzzlespass fuer Unter
nds	9766	Simanimals
nds	9765	Simanimals Africa
nds	9767	SimCity - Creator
nds	9768	SimCity DS
nds	9769	Sims 2 - Animaux And Cie, Les
nds	9770	Sims 2 - Apartment Pets, The
nds	9771	Sims 3, Les
nds	9772	Skate It
nds	9773	Smart Boy's Gameroom
nds	9774	Smart Boy's Toys Club
nds	9775	Smiley World - Island Challenge
nds	9776	Snk Vs. Capcom - Card Fighters Ds
nds	9777	Sofie - Josefines Lillesoester - Hoensefoetter Og Guleroetter
nds	9778	Sofie - Josefines Lillesoester - Syng, Lek Og Laer
nds	9779	Sokoban DS
nds	9780	Solatorobo - Red The Hunter
nds	9782	Solitaire
nds	9781	Solitaire Mahjong - Ancient China Adventure
nds	9783	Sonic & Sega All-Stars Racing
nds	9784	Sonic Chronicles - The Dark Brotherhood
nds	9785	Sonic Classic Collection
nds	9786	Sonic Colours
nds	9787	Sonic Rush Adventure
nds	9788	Sonny With A Chance
nds	9789	Soul Bubbles
nds	9790	Space Camp
nds	9791	Space Chimps
nds	9793	Space Invaders Extreme
nds	9792	Space Invaders Extreme 2
nds	9794	Spanisch Buddy
nds	9795	Spectrobes : Beyond the Portals
nds	9796	Spellbound
nds	9797	Spider-Man - Edge of Time
nds	9798	Spider-Man - Friend Or Foe
nds	9799	Spider-Man - Shattered Dimensions
nds	9801	Spider-Man 2
nds	9802	Spider-Man 3
nds	9800	Spider-Man : Web of Shadows
nds	9803	Splinter Cell Chaos Theory
nds	9804	Spongebob And Friends - Battle For Volcano Island
nds	9805	Spongebob Squarepants - Creature From The Krusty Krab
nds	9806	SpongeBob SquarePants - Frantic Fry Cook
nds	9807	Spongebob Squarepants - The Yellow Avenger
nds	9808	SpongeBob SquarePants Featuring Nicktoons - Globs
nds	9809	SpongeBob's Atlantis SquarePantis
nds	9810	SpongeBob's Boating Bash
nds	9811	Spongebob's Surf And Skate Roadtrip
nds	9812	Spore Créatures
nds	9813	Spore Hero Arena
nds	9814	Sports Collection
nds	9815	Sports Island DS
nds	9816	Sprung - A Game Where Everyone Scores
nds	9817	Spyro - Shadow Legacy
nds	9818	Squeeballs Party
nds	9819	Squinkies - Surprize Inside
nds	9820	Star Trek - Tactical Assault
nds	9821	Star Wars - The Clone Wars - Republic Heroes
nds	9823	Star Wars - The Force Unleashed
nds	9822	Star Wars - The Force Unleashed II
nds	9824	Star Wars : The Clone Wars : Jedi Alliance
nds	9825	Star Wars Battlefront - Elite Squadron
nds	9826	Star Wars Episode 3 - Revenge Of The Sith
nds	9827	Starz
nds	9828	Steel Horizon
nds	9829	Sternentaenzer - Das Geheimnisvolle Pferd
nds	9830	Stratego Next Edition
nds	9831	Strawberry Shortcake - Strawberryland Games
nds	9832	Strawberry Shortcake - The Four Seasons Cake
nds	9833	Street Football
nds	9834	Successfully Learning English
nds	9835	Sudoku Ball : Detective
nds	9836	Sudoku Gridmaster
nds	9837	Sudokuro - Sudoku And Kakuro Games
nds	9838	Suikoden - Tierkreis
nds	9839	Suite Life Of Zack And Cody, The - Circle Of Spies
nds	9840	Super Black Bass Fishing
nds	9841	Super Fruit Fall
nds	9842	Super Mario 64 Ds
nds	9843	Super Princess Peach
nds	9844	Super Scribblenauts
nds	9845	Super Star Kartz
nds	9846	Superman Returns
nds	9847	Supermodel Makeover By Lauren Luke
nds	9848	Surf's Up
nds	9849	Sushi Academy
nds	9850	Sweet 16
nds	9851	Syberia
nds	9852	Tabaluga - Gruenland In Gefahr
nds	9853	Tak - The Great Juju Challenge
nds	9854	Take A Break's Puzzle Bonanza
nds	9855	Take A Break's Puzzle Bonanza
nds	9856	Tales To Enjoy Puss In Boots
nds	9857	Tales To Enjoy! - The Three Little Pigs
nds	9858	Tales To Enjoy! - The Ugly Duckling
nds	9859	Tamagotchi Connection - Corner Shop 2
nds	9860	Tamagotchi Connexion - Corner Shop
nds	9861	Tamagotchi Connexion : Corner Shop 3
nds	9862	Tangled
nds	9863	Tank Beat
nds	9864	Team Umizoomi
nds	9865	Tecktonik World Tour
nds	9866	Teenage Mutant Ninja Turtles - Arcade Attack
nds	9867	Teenage Mutant Ninja Turtles 3 - Mutant Nightmare
nds	9868	Teenage Zombies - Invasion Of The Alien Brain Thingys
nds	9869	Telly Addicts
nds	9870	Tenchu : Dark Secret
nds	9871	Tennis Elbow
nds	9872	Tennis Masters
nds	9873	Tetris DS
nds	9874	Texas Hold 'em Poker Ds
nds	9875	The Amazing Spider-Man
nds	9876	The Backyardigans
nds	9877	The Chase - Felix Meets Felicity
nds	9878	The Chronicles of Narnia - Prince Caspian
nds	9879	The Chronicles of Narnia : The Lion, the Witch and the Wardrobe
nds	9880	The Clique - Queen Teen
nds	9881	The Croods - Prehistoric Party!
nds	9882	The Golden Compass : The Official Videogame
nds	9883	The Hardy Boys - Treasure on the Tracks
nds	9884	The Humans - Meet The Ancestors!
nds	9885	The Incredible Hulk
nds	9886	The Incredibles - Rise Of The Underminer
nds	9887	The Legend Of Zelda - Phantom Hourglass
nds	9888	The Legend of Zelda - Spirit Tracks
nds	9889	The Magic Roundabout
nds	9890	The Mummy - Tomb Of The Dragon Emperor
nds	9891	The Naked Brothers Band - The Video Game
nds	9892	The Original Rummikub - Brings People Together
nds	9893	The Penguins of Madagascar
nds	9894	The Princess and the Frog
nds	9895	The Professor's Brain Trainer : Logic
nds	9896	The Quest Trio - Jewels, Cards and Tiles
nds	9897	The Quest Trio - Jewels, Cards and Tiles
nds	9898	The Rub Rabbits!
nds	9899	The Secret Saturdays : Beasts of the 5th Sun
nds	9900	The Sims 2
nds	9901	The Smurfs
nds	9902	The Smurfs Collection
nds	9903	The Sun Crossword Challenge
nds	9904	The Tale of Despereaux
nds	9905	The Trash Pack
nds	9906	The Treasures of Montezuma
nds	9907	The Treasures of Montezuma 2
nds	9908	The Urbz - Sims In The City
nds	9909	The Water Horse - Legend Of The Deep
nds	9910	The Whitaker Family Presents - Horse Life
nds	9911	The Woodleys - Summer Sports
nds	9912	The World Ends With You
nds	9913	Theme Park
nds	9914	Think - Kids - Speel Je Slim!
nds	9915	Think - Train Your Brain - Logic Trainer
nds	9916	Think - Train Your Brain - Logic Trainer
nds	9917	Think - Train Your Brain - Logic Trainer
nds	9918	Think - Train Your Brain - Logic Trainer
nds	9919	Thomas & Friends : Hero of the Rails
nds	9920	Thor : God of Thunder
nds	9921	Thrillville - Off The Rails
nds	9922	Tierbabys Puzzle - Echter Puzzlespass Fuer Unterwegs
nds	9924	Tiger Woods PGA Tour
nds	9923	Tiger Woods PGA Tour 08
nds	9925	Tim Stockdale's Riding Star
nds	9926	Timmy Time
nds	9927	TINCan! Escape
nds	9928	Tinker Bell and the Great Fairy Rescue
nds	9929	Tinker Bell and the Great Fairy Rescue
nds	9930	Tinker Bell and the Lost Treasure
nds	9931	Tinker Bell and the Lost Treasure
nds	9932	Titanic Mystery
nds	9933	Titeuf - Mission Nadia
nds	9934	Tmnt
nds	9935	To-fu Collection
nds	9936	Tom And Jerry Tales
nds	9937	Tom Clancy's Endwar
nds	9938	Tomb Raider - Underworld
nds	9939	Tony Hawk's Downhill Jam
nds	9940	Tony Hawk's Motion
nds	9941	Tony Hawk's Proving Ground
nds	9942	Toon-doku - Sudoku With Pictures!
nds	9943	Tootuff - Megafun Land
nds	9944	Tootuff's World
nds	9945	Top Gun
nds	9946	Top Model
nds	9947	Top Model
nds	9948	Top Spin 2
nds	9949	Top Spin 3
nds	9950	Top Trumps - Doctor Who
nds	9951	Top Trumps - Horror And Predators
nds	9952	Tornado
nds	9954	Totally Spies! 2 - Undercover
nds	9955	Totally Spies! 3 - Secret Agents
nds	9956	Totally Spies! 4 - Around The World
nds	9953	Totally Spies! : My Secret Diary
nds	9957	Touch Darts
nds	9960	Touchmaster
nds	9958	Touchmaster 2
nds	9959	Touchmaster 4 - Connect
nds	9961	Toy Shop Tycoon
nds	9962	Toy Story 3
nds	9963	TrackMania DS
nds	9964	Trackmania Turbo
nds	9965	Transformers - Dark of the Moon - Decepticons
nds	9966	Transformers - Dark of the Moon - Decepticons
nds	9967	Transformers - Decepticons
nds	9968	Transformers - Revenge of the Fallen - Autobots Ve
nds	9969	Transformers - Revenge of the Fallen - Decepticons
nds	9970	Transformers - Ultimate Autobots Edition
nds	9971	Transformers - Ultimate Autobots Edition
nds	9972	Transformers - Ultimate Autobots Edition
nds	9973	Transformers - War for Cybertron - Autobots
nds	9974	Transformers - War for Cybertron - Decepticons
nds	9975	Transformers Animated - Le Jeu
nds	9976	Transformers Prime - The Game
nds	9977	Trauma Center - Under the Knife
nds	9978	Travel Coach - Europe 1
nds	9979	Travel Games For Dummies
nds	9980	Treasure Master
nds	9981	Trioncube
nds	9982	Tron Evolution
nds	9983	Tropical Lost Island
nds	9984	Tsumiki - The Infernal Tower
nds	9985	Turbo : Super Stunt Squad
nds	9986	Turn It Around
nds	9987	Ultimate Band
nds	9988	Ultimate Mortal Kombat
nds	9989	Ultimate Spider-Man
nds	9990	Undercover - Dual Motives
nds	9991	Underwater Puzzle - Echter Puzzlespass Fuer Unterwegs
nds	9992	Uno 52
nds	9993	Unsolved Crimes - Affaires Non Classés
nds	9994	Up
nds	9995	Valentines Day
nds	9996	Vampire Legends - Power Of Three
nds	9997	Vampire Moon - The Mystery of the Hidden Sun
nds	9998	Vegas Casino
nds	9999	Vicky - The Viking
nds	10000	Victorious - Hollywood Arts Debut
nds	10001	Victorious - Taking The Lead
nds	10002	Viewtiful Joe - Double Trouble!
nds	10003	Violetta - Rythme Et Musique
nds	10004	Vip News
nds	10005	Vips - Very Important Pets
nds	10006	Virtual Villagers - Erschaffe dein Paradies!
nds	10007	Visual Logic Training
nds	10008	Viva Pinata : Pocket Paradise
nds	10009	Vocabstar English Advanced
nds	10010	Vocabstar English Advanced
nds	10011	Wacky Races - Crash And Dash
nds	10012	Walk with Me!
nds	10013	Wall-E
nds	10014	Warhammer 40,000 : Squad Command
nds	10015	Wario - Master Of Disguise
nds	10016	WarioWare - Do It Yourself
nds	10017	WarioWare - Touched!
nds	10018	Was ist Was : The Earth Adventure
nds	10019	Wedding Planner - Traumhochzeiten Garantiert
nds	10020	Welcome to Animal Crossing - Wild World - Broadcas
nds	10021	Wendy - Das Pferdehospital
nds	10022	What's Cooking - Jamie Oliver
nds	10023	Where the Wild Things Are
nds	10025	Who Wants to Be a Millionaire
nds	10024	Who Wants To Be A Millionaire - 2nd Edition
nds	10026	Wiffle Ball
nds	10027	Willkommen In Der Steinzeit - Ueberleben Ist Alles!
nds	10028	Willy Vandersteen Suske En Wiske - De Texas Rakkers
nds	10029	Winter Sports 2009 : The Next Challenge
nds	10030	Winx Club - Believix In You
nds	10031	Winx Club - Magical Fairy Party
nds	10032	Winx Club - Quest For The Codex
nds	10033	Winx Club - Saving Alfea
nds	10034	Winx Club - Secret Diary 2009
nds	10035	Winx Club - Your Magic Universe
nds	10036	Winx Club : Mission Enchantix
nds	10037	Winx Club Rockstars
nds	10038	WireWay
nds	10039	Witches & Vampires - The Secrets of Ashburry
nds	10040	Wizards of Waverly Place
nds	10041	Wonder Pets! : Save the Animals!
nds	10042	Wonder World Amusement Park
nds	10043	Word Academy
nds	10044	Wordjong
nds	10045	Wordmaster
nds	10046	World Championship Poker Deluxe Series
nds	10047	World Championship Sports - Summer
nds	10048	World Cup of Pool
nds	10049	World Series Of Poker 2008 - Battle For The Bracelets
nds	10050	World Snooker Championship Season 2007-08
nds	10051	Worms - Open Warfare 2
nds	10052	Wwe Smackdown Vs Raw 2008 Featuring Ecw
nds	10053	WWE SmackDown vs Raw 2009 featuring ECW
nds	10054	WWE SmackDown vs Raw 2010 featuring ECW
nds	10058	X-men - The Official Game
nds	10059	X-Men Destiny
nds	10060	X-men Origins - Wolverine
nds	10055	Xg Blast!
nds	10057	Xia-xia
nds	10056	Xiaolin Showdown
nds	10061	Yamaha Supercross
nds	10062	Yeti Quest - Crazy Penguins
nds	10063	Yogi Bear
nds	10064	Yoshi Touch & Go
nds	10065	Yoshi's Island DS
nds	10066	Youda Farmer
nds	10067	Youda Legend - The Curse Of The Amsterdam Diamond
nds	10068	Youda Legend - The Curse Of The Amsterdam Diamond
nds	10069	Youda Safari
nds	10070	Your Riding School
nds	10071	Your Riding School
nds	10072	Ys Strategy
nds	10073	Yu-gi-oh! - World Championship 2007
nds	10074	Yu-Gi-Oh! - World Championship 2008
nds	10075	Yu-Gi-Oh! 5D's - Stardust Accelerator - World Cham
nds	10076	Yu-Gi-Oh! 5D's : World Championship 2010 : Reverse of Arcadia
nds	10077	Yu-Gi-Oh! Duel Monsters GX Card Almanac
nds	10078	Yu-gi-oh! Gx - Spirit Caller
nds	10079	Yu-Gi-Oh! Nightmare Troubadour
nds	10080	Zendoku
nds	10081	Zenses : Rainforest
nds	10082	Zenses Ocean
nds	10083	Zhu Zhu Babies
nds	10085	Zhu Zhu Pets
nds	10084	Zhu Zhu Pets 2 - Featuring The Wild Bunch
nds	10086	Zhu Zhu Princess
nds	10087	Zhu Zhu Puppies
nds	10088	Zoo Hospital
nds	10089	Zoo Keeper
nds	10090	Zoo Tycoon 2 DS
nds	10091	Zoo Tycoon DS
nds	10092	Zoobles! Spring to Life!
nds	10093	Zorro : Quest for Justice
nds	10094	Zubo
nds	10095	ZZZ(notgame):1000 Recettes De Cuisine Avec Elle À Table
nds	10096	ZZZ(notgame):Aging Card Ntr
nds	10097	ZZZ(notgame):Arceus Distribution 2009
nds	10098	ZZZ(notgame):Celebi Distribution 2011
nds	10099	ZZZ(notgame):Darkrai Distribution 2008
nds	10100	ZZZ(notgame):Karrablast-shelmet Distribution 2011
nds	10101	ZZZ(notgame):Keldeo Distribution 2012
nds	10102	ZZZ(notgame):Liberty Pass Distribution
nds	10103	ZZZ(notgame):Nintendo Zone Wireless Distribution Box Ds Card
nds	10104	ZZZ(notgame):Shaymin Distribution 2009
nds	10105	ZZZ(notgame):Zoroark Distribution 2011
neogeo	10261	2020 Super Baseball
neogeo	10134	3 Count Bout
neogeo	10237	Aero Fighters 2
neogeo	10124	Aero Fighters 3
neogeo	10137	Aggressors of Dark Kombat
neogeo	10135	Alpha Mission II
neogeo	10136	Andro Dunos
neogeo	10138	Art of Fighting
neogeo	10139	Art of Fighting 2
neogeo	10140	Art of Fighting 3 : The Path of the Warrior
neogeo	10141	Bang Bead
neogeo	10146	Baseball Stars 2
neogeo	10145	Baseball Stars Professional
neogeo	10159	Battle Flip Shot
neogeo	10260	Blazing Star
neogeo	10142	Blue's Journey
neogeo	10143	Breakers
neogeo	10144	Breakers Revenge
neogeo	10147	Burning Fight
neogeo	10149	Captain Tomaday
neogeo	10148	Crossed Swords
neogeo	10150	Cyber-Lip
neogeo	10151	Double Dragon
neogeo	10152	Eight Man
neogeo	10171	Far East of Eden: Kabuki Klash
neogeo	10155	Fatal Fury 2
neogeo	10156	Fatal Fury 3: Road to the Final Victory
neogeo	10154	Fatal Fury : King of Fighters
neogeo	10153	Fatal Fury Special
neogeo	10158	Fight Fever
neogeo	10157	Football Frenzy
neogeo	10160	Galaxy Fight: Universal Warriors
neogeo	10161	Ganryu
neogeo	10162	Garou: Mark of the Wolves
neogeo	10166	Ghost Pilots
neogeo	10163	Ghostlop
neogeo	10164	Goal! Goal! Goal!
neogeo	10167	Gururin
neogeo	10168	Ironclad
neogeo	10172	Karnov's Revenge
neogeo	10180	King of the Monsters
neogeo	10181	King of the Monsters 2 - The Next Thing
neogeo	10173	Kizuna Encounter - Super Tag Battle
neogeo	10186	Last Resort
neogeo	10184	League Bowling
neogeo	10185	Legend of Success Joe
neogeo	10187	Magical Drop II
neogeo	10188	Magical Drop III
neogeo	10189	Magician Lord
neogeo	10190	Matrimelee
neogeo	10129	Metal Slug - Super Vehicle-001
neogeo	10191	Metal Slug 2 - Super Vehicle-001/II
neogeo	10192	Metal Slug 3
neogeo	10193	Metal Slug 4
neogeo	10194	Metal Slug 5
neogeo	10123	Metal Slug X - Super Vehicle-001
neogeo	10128	Money Puzzle Exchanger
neogeo	10195	Mutation Nation
neogeo	10196	NAM-1975
neogeo	10199	Neo Bomberman
neogeo	10201	Neo Drift Out - New Technology
neogeo	10202	Neo Mr. Do!
neogeo	10133	Neo Turf Masters
neogeo	10200	Neo-Geo Cup '98 - The Road to the Victory
neogeo	10204	Nightmare in the Dark
neogeo	10197	Ninja Combat
neogeo	10198	Ninja Commando
neogeo	10203	Ninja Master's: Haō Ninpō Chō
neogeo	10205	Over Top
neogeo	10206	Panic Bomber
neogeo	10208	Pleasure Goal : 5 on 5 Mini Soccer
neogeo	10209	Pochi and Nyaa
neogeo	10210	Pop 'n Bounce
neogeo	10212	Power Spikes II
neogeo	10211	Prehistoric Isle 2
neogeo	10213	Pulstar
neogeo	10130	Puzzle Bobble
neogeo	10207	Puzzle Bobble 2
neogeo	10214	Puzzle De Pon!
neogeo	10170	Puzzled
neogeo	10221	Rage of the Dragons
neogeo	10215	Ragnagard
neogeo	10216	Real Bout Fatal Fury
neogeo	10217	Real Bout Fatal Fury 2 - The Newcomers
neogeo	10218	Real Bout Fatal Fury Special
neogeo	10219	Riding Hero
neogeo	10220	Robo Army
neogeo	10224	Samurai Shodown
neogeo	10225	Samurai Shodown II
neogeo	10226	Samurai Shodown III
neogeo	10227	Samurai Shodown IV - Amakusa's Revenge
neogeo	10228	Samurai Shodown V
neogeo	10223	Samurai Shodown V Special
neogeo	10229	Savage Reign
neogeo	10231	Sengoku
neogeo	10232	Sengoku 2
neogeo	10233	Sengoku 3
neogeo	10235	Shock Troopers
neogeo	10234	Shock Troopers : 2nd Squad
neogeo	10236	Soccer Brawl
neogeo	10238	Spin Master
neogeo	10243	Stakes Winner
neogeo	10244	Stakes Winner 2
neogeo	10245	Street Hoop
neogeo	10222	Strikers 1945 Plus
neogeo	10230	Super Dodge Ball
neogeo	10239	Super Sidekicks
neogeo	10240	Super Sidekicks 2 - The World Championship
neogeo	10241	Super Sidekicks 3 - The Next Glory
neogeo	10131	SVC Chaos - SNK Vs. Capcom
neogeo	10250	Tecmo World Soccer '96
neogeo	10169	The Irritating Maze
neogeo	10177	The King of Fighters '94
neogeo	10127	The King of Fighters '95
neogeo	10122	The King of Fighters '96
neogeo	10178	The King of Fighters '97
neogeo	10125	The King of Fighters '98
neogeo	10179	The King of Fighters '99 : Millennium Battle
neogeo	10174	The King of Fighters 2000
neogeo	10175	The King of Fighters 2001
neogeo	10126	The King of Fighters 2002
neogeo	10176	The King of Fighters 2003
neogeo	10182	The Last Blade
neogeo	10183	The Last Blade 2
neogeo	10246	The Super Spy
neogeo	10242	The Ultimate 11: SNK Football Championship
neogeo	10132	Thrash Rally
neogeo	10247	Top Hunter: Roddy & Cathy
neogeo	10248	Top Player's Golf
neogeo	10249	Twinkle Star Sprites
neogeo	10251	Viewpoint
neogeo	10165	Voltage Fighter Gowcaizer
neogeo	10252	Waku Waku 7
neogeo	10257	Windjammers
neogeo	10253	World Heroes
neogeo	10254	World Heroes 2
neogeo	10255	World Heroes 2 Jet
neogeo	10256	World Heroes Perfect
neogeo	10258	Zed Blade
neogeo	10259	Zupapa!
neogeocd	10263	2020 Super Baseball
neogeocd	10262	_info
neogeocd	10264	Art of Fighting 3 : The Path of the Warrior
neogeocd	10265	Baseball Stars 2
neogeocd	10266	Breakers
neogeocd	10278	Bust-A-Move
neogeocd	10267	Crossed Swords
neogeocd	10268	Double Dragon
neogeocd	10269	Flying Power Disk
neogeocd	10271	Garou Densetsu 2 : Aratanaru Tatakai
neogeocd	10272	Garou Densetsu 3: Haruka Naru Tatakai
neogeocd	10270	Garou Densetsu : Shukumei no Tatakai
neogeocd	10273	Garou Densetsu Special
neogeocd	10274	Magical Drop II
neogeocd	10275	Magician Lord
neogeocd	10276	Neo Drift Out: New Technology
neogeocd	10277	Pulstar
neogeocd	10279	Samurai Shodown IV: Amakusa's Revenge
neogeocd	10280	Sengoku Denshou
neogeocd	10281	Sonic Wings 3
neogeocd	10282	Top Hunter: Roddy & Cathy
neogeocd	10283	World Heroes
nes	11077	10-Yard Fight
nes	10381	1942
nes	10382	1943 : The Battle of Midway
nes	10365	2048
nes	10383	3-D WorldRunner
nes	10384	720 Degrees
nes	10385	8 Eye's
nes	10796	A Nightmare on Elm Street
nes	10386	Abadox : The Deadly Inner War
nes	10298	Action 52
nes	10389	Advanced Dungeons & Dragons : DragonStrike
nes	10390	Advanced Dungeons & Dragons: Heroes of the Lance
nes	10391	Advanced Dungeons & Dragons: Hillsfar
nes	10392	Advanced Dungeons & Dragons: Pool of Radiance
nes	10284	Adventure Island 3
nes	10393	Adventure Island II
nes	10396	Adventures of Dino Riki
nes	10397	Adventures of Lolo
nes	10398	Adventures of Lolo 2
nes	10399	Adventures of Lolo 3
nes	10402	Adventures of Tom Sawyer
nes	10403	After Burner
nes	10404	Air Fortress
nes	10405	Airwolf
nes	10499	Akumajou Densetsu
nes	10406	Al Unser Jr. Turbo Racing
nes	10407	Aladdin (Hummer Team)
nes	10408	Alfred Chicken
nes	10409	Alien 3
nes	10410	Alien Syndrome
nes	10411	All-Pro Basketball
nes	10412	Alpha Mission
nes	10413	Amagon
nes	10414	American Gladiators
nes	10415	Anticipation
nes	10416	Arch Rivals: A Basketbrawl!
nes	10417	Archon
nes	10418	Arkanoid
nes	10419	Arkista's Ring
nes	10420	Astyanax
nes	10292	Astérix
nes	10421	Athena
nes	10422	Athletic World
nes	10423	Attack of the Killer Tomatoes
nes	10424	Baby Boomer
nes	10425	Back to the Future
nes	10426	Back to the Future Part II & III
nes	10427	Bad Dudes
nes	10428	Bad News Baseball
nes	10429	Bad Street Brawler
nes	10430	Balloon Fight
nes	10431	Bandai Golf: Challenge Pebble Beach
nes	10432	Bandit Kings of Ancient China
nes	10341	Barbie
nes	10434	Barker Bill's Trick Shooting
nes	10531	Base Wars
nes	10435	Baseball
nes	10436	Baseball Simulator 1.000
nes	10437	Baseball Stars
nes	10438	Baseball Stars II
nes	10315	Bases Loaded
nes	10439	Bases Loaded 3
nes	10440	Bases Loaded 4
nes	10441	Bases Loaded II: Second Season
nes	10444	Batman Returns
nes	10442	Batman: Return of the Joker
nes	10443	Batman: The Video Game
nes	10445	Battle Chess
nes	10447	Battleship
nes	10366	Battletoads
nes	10449	Battletoads & Double Dragon
nes	10478	BB Car
nes	10451	Bee 52
nes	10452	Beetlejuice
nes	10453	Best of the Best: Championship Karate
nes	10350	Bible Adventures
nes	10285	Bible Buffet
nes	10454	Big Nose Freaks Out
nes	10455	Big Nose the Caveman
nes	10456	Bigfoot
nes	10457	Bill & Ted's Excellent Video Game Adventure
nes	10458	Bill Elliott's NASCAR Challenge
nes	10461	Blackjack
nes	10367	Blade Buster
nes	10462	Blades of Steel
nes	10466	Bo Jackson Baseball
nes	10467	Bomberman
nes	10468	Bomberman II
nes	10469	Bonk's Adventure
nes	10470	Boulder Dash
nes	10472	Bram Stoker's Dracula
nes	10473	Break Time: The National Pool Tour
nes	10474	BreakThru
nes	10475	Bubble Bath Babes
nes	10476	Bubble Bobble
nes	10477	Bubble Bobble: Part 2
nes	10481	Bump 'n' Jump
nes	10482	Burai Fighter
nes	10483	BurgerTime
nes	10484	Cabal
nes	10485	Caesars Palace
nes	10486	California Games
nes	10487	Caltron 6 in 1
nes	10488	Capcom's Gold Medal Challenge '92
nes	10489	Captain America and the Avengers
nes	10490	Captain Comic: The Adventure
nes	10491	Captain Planet and the Planeteers
nes	10335	Captain Skyhawk
nes	10492	Casino Kid
nes	10493	Casino Kid II
nes	10494	Castelian
nes	10495	Castle of Deceit
nes	10497	Castlequest
nes	10290	Castlevania
nes	10498	Castlevania II: Simon's Quest
nes	10500	Caveman Games
nes	10501	Challenge of the Dragon
nes	10502	Championship Bowling
nes	10503	Championship Pool
nes	10504	Championship Rally
nes	10296	Chase
nes	10505	Cheetahmen II
nes	10507	Chiller
nes	10317	Chip 'n Dale : Rescue Rangers
nes	10353	Chip 'n Dale : Rescue Rangers 2
nes	10508	Chris Evert & Ivan Lendl in Top Players' Tennis
nes	10509	Chubby Cherub
nes	10463	Chō Wakusei Senki Metafight
nes	10510	Circus Caper
nes	10511	City Connection
nes	10512	Clash at Demonhead
nes	10513	Classic Concentration
nes	10514	Cliffhanger
nes	10515	Clu Clu Land
nes	10516	Cobra Command
nes	10517	Cobra Triangle
nes	10518	Code Name: Viper
nes	10519	Color a Dinosaur
nes	10521	Conan
nes	10522	Conflict
nes	10368	Contra
nes	10524	Contra Force
nes	10525	Cool World
nes	10526	Cowboy Kid
nes	10527	Crackout
nes	10528	Crash 'n' the Boys: Street Challenge
nes	10529	Crystal Mines
nes	10532	Cyberball
nes	10533	Cybernoid: The Fighting Machine
nes	10534	Dance Aerobics
nes	10369	Danny Sullivan's Indy Heat
nes	10535	Darkman
nes	10537	Dash Galaxy in the Alien Asylum
nes	10859	Dash Yarou
nes	10815	Datsugoku
nes	10471	David Crane's A Boy and His Blob : Trouble on Blob
nes	10538	Day Dreamin' Davey
nes	10539	Days of Thunder
nes	10541	Death Race
nes	10345	Deathbots
nes	10550	Debiru Wārudo
nes	10542	Defender II
nes	10543	Defender of the Crown
nes	10544	Defenders of Dynatron City
nes	10545	Deja Vu
nes	10546	Demon Sword
nes	10547	Desert Commander
nes	10548	Destination Earthstar
nes	10549	Destiny of an Emperor
nes	10551	Dick Tracy
nes	10552	Die Hard
nes	10553	Dig Dug II: Trouble in Paradise
nes	10554	Digger : The Legend of the Lost City
nes	10555	Dirty Harry
nes	10394	Disney Adventures in the Magic Kingdom
nes	10450	Disney's Beauty and the Beast
nes	10536	Disney's Darkwing Duck
nes	10574	Disney's DuckTales
nes	10575	Disney's DuckTales 2
nes	10975	Disney's TaleSpin
nes	10724	Disney's The Little Mermaid
nes	10556	Dizzy the Adventurer
nes	10294	Donkey Kong
nes	10557	Donkey Kong 3
nes	10558	Donkey Kong Classics
nes	10331	Donkey Kong Jr.
nes	10559	Donkey Kong Jr. Math
nes	10560	Double Dare
nes	10561	Double Dragon
nes	10307	Double Dragon II : The Revenge
nes	10562	Double Dragon III: The Sacred Stones
nes	10287	Double Dribble
nes	10329	Double Strike : Aerial Attack Force
nes	10868	Downtown Nekketsu Monogatari
nes	10563	Dr. Chaos
nes	10564	Dr. Jekyll and Mr. Hyde
nes	10352	Dr. Mario
nes	10565	Dragon Fighter
nes	10566	Dragon Power
nes	10567	Dragon Spirit: The New Legend
nes	10496	Dragon Unit
nes	10305	Dragon Warrior
nes	10568	Dragon Warrior II
nes	10569	Dragon Warrior III
nes	10570	Dragon Warrior IV
nes	10571	Dragon's Lair
nes	10297	Driar
nes	10572	Dropzone
nes	10321	Dudes with Attitude
nes	10576	Dungeon Magic: Sword of the Elements
nes	10577	Dusty Diamond's All-Star Softball
nes	10578	Dynowarz: Destruction of Spondylus
nes	10579	Elevator Action
nes	10580	Eliminator: Boat Duel
nes	10332	Elite
nes	10582	Excitebike
nes	10344	Exodus - Journey To The Promised Land
nes	10583	F-117A Stealth Fighter
nes	10584	F-15 Strike Eagle
nes	10320	F15 City War
nes	10867	Family Boxing
nes	10585	Family Feud
nes	10587	Fantasy Zone
nes	10588	Faria : A World of Mystery & Danger!
nes	10355	Faxanadu
nes	10589	Felix the Cat
nes	10590	Ferrari Grand Prix Challenge
nes	10591	Fester's Quest
nes	10592	Final Fantasy
nes	10594	Fisher-Price: Firehouse Rescue
nes	10595	Fisher-Price: I Can Remember
nes	10596	Fisher-Price: Perfect Fit
nes	10598	Flight of the Intruder
nes	10601	Flying Dragon: The Secret Scroll
nes	10602	Flying Warriors
nes	10603	Formula 1 Sensation
nes	10604	Formula One: Built to Win
nes	10605	Fox's Peter Pan & the Pirates : The Revenge of Captain Hook
nes	10606	Frankenstein: The Monster Returns
nes	10607	Freedom Force
nes	10608	Friday the 13th
nes	10609	Fun House
nes	10610	G.I. Joe: A Real American Hero
nes	10611	G.I. Joe: The Atlantis Factor
nes	10612	Galactic Crusader
nes	10613	Galaga
nes	10614	Galaxy 5000
nes	10448	Garry Kitchen's Battletank
nes	10616	Gauntlet [Gray Cart]
nes	10617	Gauntlet II
nes	10982	Geki Kame Ninja Den
nes	10618	Gemfire
nes	10619	Genghis Khan
nes	10620	George Foreman's KO Boxing
nes	10621	Ghostbusters
nes	10358	Ghostbusters II
nes	10623	Ghoul School
nes	10624	Goal!
nes	10625	Goal! Two
nes	10530	God Slayer: Haruka Tenkuu no Sonata
nes	10627	Godzilla 2: War of the Monsters
nes	10626	Godzilla: Monster of Monsters!
nes	10628	Golf
nes	10629	Golf Grand Slam
nes	10630	Golgo 13: Top Secret Episode
nes	10632	Gotcha! The Sport!
nes	10633	Gradius
nes	10342	Great Deal
nes	10635	Greg Norman's Golf Power
nes	10636	Gremlins 2: The New Batch
nes	10638	Guerrilla War
nes	10639	Gumshoe
nes	10640	Gun-Nac
nes	10641	Gun.Smoke
nes	10642	Gyromite
nes	10643	Gyruss
nes	10644	Hammerin' Harry: Concrete Edition
nes	10645	Harlem Globetrotters
nes	10646	Hatris
nes	10647	Heavy Barrel
nes	10648	Heavy Shreddin'
nes	10649	High Speed
nes	10853	Highway Star
nes	10459	Hitler no Fukkatsu: Top Secret
nes	10650	Hogan's Alley
nes	10286	Hokuto No Ken
nes	10597	Hokuto no Ken
nes	10651	Hollywood Squares
nes	10360	Home Alone
nes	10652	Home Alone 2: Lost in New York
nes	10653	Hook
nes	10654	Hoops
nes	10655	Hudson Hawk
nes	10656	Hydlide
nes	10657	Ice Climber
nes	10658	Ice Hockey
nes	10346	Ikari III : The Rescue
nes	10304	Ikari Warriors
nes	10659	Ikari Warriors II: Victory Road
nes	10660	Image Fight
nes	10662	Impossible Mission II
nes	10308	Indiana Jones and the Last Crusade
nes	10310	Indiana Jones and the Temple of Doom
nes	10664	Infiltrator
nes	10665	Iron Tank: The Invasion of Normandy
nes	10309	IronSword : Wizards & Warriors II
nes	10666	Isolated Warrior
nes	10667	Ivan 'Ironman' Stewart's Super Off Road
nes	10668	Jack Nicklaus' Greatest 18 Holes of Major Championship Golf
nes	10669	Jackal
nes	10670	Jackie Chan's Action Kung Fu
nes	10671	James Bond Jr
nes	10672	Jaws
nes	10673	Jeopardy! 25th Anniversary Edition
nes	10674	Jeopardy! Junior Edition
nes	10675	Jetsons : Cogswell's Caper, The
nes	10676	Jimmy Connors Tennis
nes	10677	Joe & Mac
nes	10678	John Elway's Quarterback
nes	10679	Jordan vs Bird: One on One
nes	10322	Joshua & the Battle of Jericho
nes	10681	Joust
nes	10683	Jurassic Park
nes	10684	Kabuki Quantum Fighter
nes	11069	Kame no Ongaeshi: Urashima Densetsu
nes	10288	Karate Champ
nes	10686	Karnov
nes	10687	Kick Master
nes	10688	Kick Off
nes	10689	Kickle Cubicle
nes	10690	Kid Icarus
nes	10691	Kid Klown in Night Mayor World
nes	10692	Kid Kool and the Quest for the Seven Wonder Herbs
nes	10338	Kid Niki : Radical Ninja
nes	10693	King Neptune's Adventure
nes	10364	King of Kings, The Early Years
nes	10694	King's Knight
nes	10695	King's Quest V
nes	10696	Kings of the Beach - Professional Beach Volleyball
nes	10299	Kirby's Adventure
nes	10793	Kiwi Kraze : A Bird-Brained Adventure!
nes	10697	Kiwi Kraze: A Bird-Brained Adventure!
nes	10698	Klash Ball
nes	10699	Klax
nes	10700	Knight Rider
nes	10701	Konami Hyper Soccer
nes	10702	Krazy Kreatures
nes	10704	Krusty's Fun House
nes	10705	Kung Fu
nes	10706	Kung-Fu Heroes
nes	10581	L'Empereur
nes	10370	Lan Master
nes	10707	Laser Invasion
nes	10708	Last Action Hero
nes	10371	Lawn Mower
nes	10711	Lee Trevino's Fighting Golf
nes	10712	Legacy of the Wizard
nes	10714	Legend Of Prince Valiant, The
nes	10715	Legend of the Ghost Lion
nes	10717	Legendary Wings
nes	10718	Legends of the Diamond : The Baseball Championship Game
nes	10719	Lemmings
nes	10720	Lethal Weapon
nes	10333	Linus Spacehead's Cosmic Crusade
nes	10723	Little League Baseball: Championship Series
nes	10727	Little Samson
nes	10728	Lode Runner
nes	10730	Loopz
nes	10731	Low G Man: The Low Gravity Man
nes	10372	Lunar Pool
nes	10732	M.C. Kids
nes	10733	M.U.L.E.
nes	10735	Mach Rider
nes	10736	Mad Max
nes	10738	Magic Darts
nes	10739	Magic Johnson's Fast Break
nes	10741	Magician
nes	10742	MagMax
nes	10319	Major League Baseball
nes	10622	Makaimura
nes	10743	Maniac Mansion
nes	10744	Mappy-Land
nes	10745	Marble Madness
nes	10746	Mario Bros
nes	10747	Mario is Missing!
nes	10748	Mario's Time Machine
nes	10540	Mashou
nes	10749	Master Chu and the Drunkard Hu
nes	10523	Maten Douji
nes	10363	Maxi 15
nes	10750	Mechanized Attack
nes	10757	Menace Beach
nes	10758	Mendel Palace
nes	10759	Mermaids of Atlantis: The Riddle of the Magic Bubble
nes	10760	Metal Fighter
nes	10761	Metal Gear
nes	10762	Metal Mech: Man & Machine
nes	10763	Metal Storm
nes	10764	Metroid
nes	10765	Michael Andretti's World GP
nes	10766	Mickey Mousecapade
nes	10767	Mickey's Adventure in Numberland
nes	10768	Mickey's Safari in Letterland
nes	10769	Micro Machines
nes	10770	Mig 29 Soviet Fighter
nes	10771	Might & Magic: Secret of the Inner Sanctum
nes	10772	Mighty Bomb Jack
nes	10773	Mighty Final Fight
nes	10334	Mike Tyson's Punch-Out!!
nes	10774	Millipede
nes	10775	Milon's Secret Castle
nes	10776	Mission Cobra
nes	10777	Mission: Impossible
nes	10778	Monopoly
nes	10779	Monster in My Pocket
nes	10780	Monster Party
nes	10781	Monster Truck Rally
nes	10782	Moon Ranger
nes	10783	Motor City Patrol
nes	10784	Mr. Gimmick
nes	10785	Ms. Pac-Man (Namco)
nes	10786	Muppet Adventure: Chaos at the Carnival
nes	10788	Mystery Quest
nes	10789	NARC
nes	10865	Nekketsu Kouha Kunio Kun
nes	10790	NES Open Tournament Golf
nes	10791	NES Play Action Football
nes	10792	New Ghostbusters II
nes	10794	NFL Football
nes	10795	Nigel Mansell's World Championship Racing
nes	10797	Nightshade
nes	10798	Ninja Crusaders
nes	10802	Ninja Kid
nes	10799	Ninja Ryukenden
nes	10800	Ninja Ryukenden II: Ankoku no Jashinken
nes	10801	Ninja Ryukenden III: Yomi no Hakobune
nes	10803	Nintendo World Championships 1990
nes	10804	Nintendo World Cup
nes	10805	Noah's Ark
nes	10806	Nobunaga's Ambition
nes	10807	Nobunaga's Ambition
nes	10808	North & South
nes	10809	Operation Secret Storm
nes	10289	Operation Wolf
nes	10810	ORB-3D
nes	10811	Othello
nes	10812	Over Horizon
nes	10813	Overlord
nes	10814	P'radikus Conflict
nes	10816	Pac-Man
nes	10293	Pac-Man (Namco)
nes	10817	Pac-Mania
nes	10725	Pajama Hero Nemo
nes	10818	Palamedes
nes	10820	Paperboy
nes	10821	Paperboy 2
nes	10822	Parodius
nes	10823	Pesterminator: The Western Exterminator
nes	10824	Phantom Fighter
nes	10825	Pictionary: The Game of Video Quick Draw
nes	10327	Pin Bot
nes	10826	Pinball
nes	10827	Pinball Quest
nes	10828	Pipe Dream
nes	10829	Pirates!
nes	10312	Platoon
nes	10302	Popeye
nes	10830	Power Blade
nes	10831	Power Blade 2
nes	10832	Power Punch II
nes	10833	Predator
nes	10834	Prince of Persia
nes	10835	Princess Tomato in the Salad Kingdom
nes	10836	Pro Sport Hockey
nes	10313	Pro Wrestling
nes	10837	Punch-Out!!
nes	10839	Puss 'n Boots: Pero's Great Adventure
nes	10840	Puzzle
nes	10841	Puzznic
nes	10340	Pyramid
nes	10842	Q*bert
nes	10291	QIX
nes	10843	Quattro Adventure
nes	10844	Quattro Arcade
nes	10845	Quattro Sports
nes	10847	R.B.I. Baseball 2
nes	10848	R.B.I. Baseball 3
nes	10846	R.B.I. Baseball [Licensed Version]
nes	10354	R.C. Pro-Am
nes	10849	R.C. Pro-Am II
nes	10850	Race America
nes	10851	Racket Attack
nes	10852	Rackets & Rivals
nes	10854	Rad Racer II
nes	10855	Rad Racket: Deluxe Tennis II
nes	10680	Raf World
nes	10856	Raid 2020
nes	10857	Raid on Bungeling Bay
nes	10858	Rainbow Islands
nes	10860	Rambo
nes	10861	Rampage
nes	10862	Rampart (Jaleco)
nes	10615	Red Arremer II
nes	10863	Remote Control
nes	10866	Rescue: The Embassy Mission
nes	10869	Road Fighter
nes	10870	Road Runner
nes	10871	RoadBlasters
nes	10337	Robin Hood : Prince of Thieves
nes	10373	RoboCop
nes	10873	RoboCop 2
nes	10874	RoboCop 3
nes	10875	Robodemons
nes	10937	Robot Block
nes	10872	Robowarrior
nes	10876	Rock 'n' Ball
nes	10877	Rocket Ranger
nes	10879	Rockin' Kats
nes	10751	Rockman
nes	10752	Rockman 2
nes	10753	Rockman 3
nes	10754	Rockman 4
nes	10755	Rockman 5
nes	10756	Rockman 6
nes	10881	Roger Clemens' MVP Baseball
nes	10882	Rollerball
nes	10883	Rollerblade Racer
nes	10884	RollerGames
nes	10885	Rolling Thunder
nes	10886	Romance of the Three Kingdoms
nes	10888	Roundball: 2-On-2 Challenge
nes	10889	Rush'n Attack
nes	10890	S.C.A.T.: Special Cybernetic Attack Team
nes	11051	Saiyuuki World 2: Tenjoukai no Majin
nes	10721	Salamander
nes	10887	Sangokushi II
nes	10891	Secret Scout in the Temple of Demise
nes	10892	Section-Z
nes	10893	Seicross
nes	10520	Senjou no Okami
nes	10895	Sesame Street 1 2 3
nes	10897	Sesame Street A B C
nes	10896	Sesame Street ABC & 123
nes	10898	Sesame Street Countdown
nes	10894	Sesame Street: Big Bird's Hide & Speak
nes	10899	Shadow of the Ninja
nes	10900	Shadowgate
nes	10901	Shatterhand
nes	10902	Shingen the Ruler
nes	10903	Shinobi
nes	10904	Shockwave
nes	10905	Shooting Range
nes	10906	Short Order / Eggsplode!
nes	10907	Side Pocket
nes	10908	Silent Assault
nes	10311	Silent Service
nes	10909	Silkworm
nes	10910	Silver Surfer
nes	10374	Sir Ababol
nes	10913	Skate or Die
nes	10914	Skate or Die 2: The Search for Double Trouble
nes	10915	Ski or Die
nes	10916	Skull & Crossbones
nes	10917	Sky Kid
nes	10306	Sky Shark
nes	10918	Slalom
nes	10919	Smash T.V.
nes	10300	Smurfs, The
nes	10920	Snake Rattle n Roll
nes	10921	Snake's Revenge
nes	10922	Snoopy's Silly Sports Spectacular!
nes	10923	Snow Brothers
nes	10924	Soccer
nes	10925	Solar Jetman: Hunt for the Golden Warpship
nes	10926	Solitaire
nes	10927	Solomon's Key
nes	10593	Solomon's Key 2
nes	10928	Solomon's Key 2
nes	10929	Solstice: The Quest for the Staff of Demnos
nes	10930	Space Shuttle Project
nes	10931	Spelunker
nes	10932	Spider-Man: Return of the Sinister Six
nes	10359	Spiritual Warfare
nes	10933	Spot: The Video Game
nes	10934	Spy Hunter
nes	10935	Spy vs. Spy
nes	10936	Sqoon
nes	10938	Stadium Events
nes	10939	Stanley: The Search for Dr. Livingston
nes	10940	Star Force
nes	10941	Star Soldier
nes	10942	Star Trek: 25th Anniversary
nes	10943	Star Trek: The Next Generation
nes	10944	Star Voyager
nes	10945	Star Wars
nes	10946	Star Wars: The Empire Strikes Back
nes	10947	Starship Hector
nes	10361	StarTropics
nes	10948	Stealth ATF
nes	10949	Stinger
nes	10375	Streemerz
nes	10376	Streemerz
nes	10950	Street Cop
nes	10951	Street Fighter 2010: The Final Fight
nes	10952	Strider
nes	10953	Stunt Kids
nes	10954	Sunday Funday: The Ride
nes	10956	Super Cars
nes	10726	Super chinese 2
nes	10955	Super Contra
nes	10957	Super Dodge Ball
nes	10958	Super Glove Ball
nes	10377	Super Mario Bros.
nes	10356	Super Mario Bros. + Duck Hunt
nes	10357	Super Mario Bros. + Duck Hunt + World Class Track Meet
nes	10573	Super Mario Bros. / Duck Hunt
nes	10348	Super Mario Bros. / Tetris / Nintendo World Cup
nes	10960	Super Mario Bros. 2
nes	10961	Super Mario Bros. 3
nes	10962	Super Pitfall
nes	10963	Super Spike V'Ball
nes	10964	Super Spike V'Ball + Nintendo World Cup
nes	10965	Super Sprint
nes	10966	Super Spy Hunter
nes	10967	Super Team Games
nes	10968	Super Turrican
nes	10969	Superman
nes	10970	Swamp Thing
nes	10971	Sword Master
nes	10972	Swords and Serpents
nes	10351	Taboo : The Sixth Sense
nes	10734	Tag Team Match: M.U.S.C.L.E.
nes	10973	Tag Team Wrestling
nes	10974	Tagin' Dragon
nes	10959	Talking Super Jeopardy!
nes	10976	Target: Renegade
nes	10977	Tecmo Baseball
nes	10318	Tecmo Bowl
nes	10978	Tecmo Cup Soccer Game
nes	10295	Tecmo NBA Basketball
nes	10979	Tecmo Super Bowl
nes	10980	Tecmo World Cup Soccer
nes	10981	Tecmo World Wrestling
nes	10378	Teenage Mutant Ninja Turtles
nes	10984	Teenage Mutant Ninja Turtles 2: The Manhattan Project
nes	10983	Teenage Mutant Ninja Turtles: Tournament Fighters
nes	10985	Tennis
nes	10986	Terminator 2: Judgment Day
nes	10988	Terra Cresta
nes	10989	Tetris
nes	10990	Tetris Flash
nes	10387	The Addams Family
nes	10388	The Addams Family : Pugsley's Scavenger Hunt
nes	10395	The Adventures of Bayou Billy
nes	11078	The Adventures of Gilligan's Island
nes	10400	The Adventures of Rad Gravity
nes	10401	The Adventures of Rocky and Bullwinkle and Friends
nes	10433	The Bard's Tale
nes	10446	The Battle of Olympus
nes	10460	The Black Bass
nes	10464	The Blue Marlin
nes	10465	The Blues Brothers
nes	10479	The Bugs Bunny Birthday Blowout
nes	10480	The Bugs Bunny Crazy Castle
nes	10506	The Chessmaster
nes	10586	The Fantastic Adventures of Dizzy
nes	10599	The Flintstones : The Rescue of Dino & Hoppy
nes	10600	The Flintstones: The Surprise at Dinosaur Peak!
nes	10631	The Goonies II
nes	10634	The Great Waldo Search
nes	10637	The Guardian Legend: Secret Edition
nes	10314	The Hunt for Red October
nes	10661	The Immortal
nes	10663	The Incredible Crash Dummies
nes	10682	The Jungle Book
nes	10685	The Karate Kid
nes	10703	The Krion Conquest
nes	10709	The Last Ninja
nes	10710	The Last Starfighter
nes	10716	The Legend of Banjo
nes	10713	The Legend of Kage
nes	10301	The Legend of Zelda
nes	10722	The Lion King
nes	10729	The Lone Ranger
nes	10737	The Mafat Conspiracy
nes	10740	The Magic of Scheherazade
nes	10787	The Mutant Virus : Crisis in a Computer World
nes	10838	The Punisher
nes	10864	The Ren & Stimpy Show : Buckeroo$!
nes	10878	The Rocketeer
nes	10362	The Simpsons : Bart vs. the Space Mutants
nes	10911	The Simpsons: Bart vs. the World
nes	10912	The Simpsons: Bartman Meets Radioactive Man
nes	10987	The Terminator
nes	10991	The Three Stooges
nes	11028	The Ultimate Stuntman
nes	11029	The Uncanny X-Men
nes	10339	The Untouchables
nes	11073	The Young Indiana Jones Chronicles
nes	10992	Thunder & Lightning
nes	10993	Thunderbirds
nes	10994	Thundercade
nes	10379	Tiger Jenny
nes	10995	Tiger-Heli
nes	10996	Tiles of Fate
nes	10997	Time Lord
nes	10998	Times of Lore
nes	10999	Tiny Toon Adventures
nes	11000	Tiny Toon Adventures 2: Trouble in Wackyland
nes	11001	Tiny Toon Adventures Cartoon Workshop
nes	11002	To the Earth
nes	11003	Toki
nes	11004	Tom & Jerry : The Ultimate Game of Cat and Mouse!
nes	11005	Tombs & Treasure
nes	11006	Toobin'
nes	11007	Top Gun: The Second Mission
nes	11079	Total Recall
nes	11008	Totally Rad
nes	11009	Touchdown Fever
nes	11010	Town & Country Surf Designs II: Thrilla's Surfari
nes	11011	Town & Country Surf Designs: Wood & Water Rage
nes	11012	Toxic Crusaders
nes	11013	Track & Field
nes	10323	Track & Field II
nes	11014	Treasure Master
nes	11015	Trog!
nes	11016	Trojan
nes	11017	Trolls in Crazyland
nes	11018	Trolls on Treasure Island
nes	11019	Twin Cobra
nes	11020	Twin Eagle
nes	11021	Ufouria: The Saga
nes	11022	Ultima: Exodus Remastered
nes	11023	Ultima: Quest of the Avatar
nes	11024	Ultima: Warriors of Destiny
nes	11025	Ultimate Air Combat
nes	11026	Ultimate Basketball
nes	11027	Ultimate League Soccer
nes	11030	Uncharted Waters
nes	10347	Underground Adventure
nes	11031	Uninvited
nes	11032	Urban Champion
nes	11033	Vegas Dream
nes	11034	Venice Beach Volleyball
nes	11035	Vice: Project Doom
nes	11036	Videomation
nes	11037	Vindicators
nes	11038	Volleyball
nes	11039	Wacky Races
nes	11040	Wall Street Kid
nes	11041	Wally Bear and the NO! Gang
nes	10819	Wanpaku Kokkun no Gourmet World
nes	11042	Wario's Woods
nes	11043	Wayne Gretzky Hockey
nes	11044	Wayne's World
nes	10324	WCW World Championship Wrestling
nes	11045	Werewolf: The Last Warrior
nes	10330	Wheel of Fortune
nes	11046	Wheel of Fortune: Family Edition
nes	11048	Wheel of Fortune: Featuring Vanna White
nes	11047	Wheel of Fortune: Junior Edition
nes	10336	Where in Time is Carmen Sandiego?
nes	11049	Where's Waldo?
nes	11050	Who Framed Roger Rabbit
nes	11052	Widget
nes	10316	Wild Gunman
nes	11053	Willow
nes	11054	Win, Lose or Draw
nes	10349	Winter Games
nes	11055	Wizardry: Knight of Diamonds - The Second Scenario
nes	11056	Wizardry: Proving Grounds of the Mad Overlord
nes	10326	Wizards & Warriors
nes	11057	Wizards & Warriors III: Kuros - Visions of Power
nes	11058	Wolverine
nes	11059	World Champ : Super Boxing Great Fight
nes	10325	World Class Track Meet
nes	11060	World Games
nes	10343	Wrath of the Black Manta
nes	11061	Wrecking Crew
nes	11062	Wurm: Journey to the Center of the Earth
nes	11063	WWF King of the Ring
nes	11064	WWF WrestleMania
nes	11065	WWF WrestleMania Challenge
nes	11066	WWF WrestleMania: Steel Cage Challenge
nes	11067	Xenophobe
nes	11068	Xevious: The Avenger
nes	11070	Yo! Noid
nes	11071	Yoshi no Tamago
nes	11072	Yoshi's Cookie
nes	10880	Yousei Monogatari Rod Land
nes	11074	Zanac
nes	10328	Zelda II : The Adventure of Link
nes	11075	Zen: Intergalactic Ninja
nes	10303	Zoda's Revenge : StarTropics II
nes	11076	Zombie Nation
nes	10380	Zooming Secretary
o2em	11082	4 en 1 Ligne
o2em	11081	4 in 1 Row
o2em	11178	Air Battle
o2em	11179	Air Battle
o2em	11118	American Football
o2em	11085	Armored Encounter + Sub Chase
o2em	11086	Atlantis
o2em	11087	Attack of the Timelord
o2em	11088	Baseball
o2em	11165	Basket Game
o2em	11089	Billard Electrique
o2em	11090	Billiard Americain
o2em	11091	Blackjack
o2em	11093	Blockout + Breakdown
o2em	11094	Bombardeio Submarino + Tiro ao Alvo
o2em	11096	Buraco Negro!
o2em	11098	Catch the Ball + Noughts and Crosses
o2em	11099	Chat et Souris
o2em	11100	Chess
o2em	11101	Chinese Logic
o2em	11102	Clay Pigeon
o2em	11103	Comando Noturno
o2em	11104	Computer Golf
o2em	11105	Computer Intro!
o2em	11106	Computer Programmer
o2em	11108	Conquest of the World
o2em	11109	Cosmic Conflict!
o2em	11110	Cosmic Conflict!
o2em	11111	Cosmic Conflict!
o2em	11112	Course de Voitures + Autodrome + Cryptogramme
o2em	11134	Crazy Chase
o2em	11113	Demon Attack
o2em	11115	Desafio Chines
o2em	11116	Dynasty
o2em	11170	Electronic Billiards
o2em	11126	Electronic Soccer & Electronic Ice Hockey
o2em	11117	Electronic Table Football
o2em	11187	Faire du Ski
o2em	11198	Flipper Game
o2em	11119	Football Electronique + Hockey Electronique
o2em	11120	Freedom Fighters
o2em	11080	Frogger
o2em	11121	Frogger
o2em	11122	Golf
o2em	11107	Guerre de l'Espace
o2em	11124	Guerre Laser
o2em	11125	Gunfighter
o2em	11128	Interpol
o2em	11129	Invaders From Hyperspace
o2em	11130	Jeu de quilles +Basket Ball
o2em	11131	Jumping Acrobats
o2em	11132	Jumping Acrobats
o2em	11133	K.C. Munchkin
o2em	11135	Keyboard Creations
o2em	11157	Keyboard Creations
o2em	11136	Killer Bees
o2em	11137	Kinder Im Verkehr 1
o2em	11204	Kinder Im Verkehr 1
o2em	11138	La Quete des Anneaux
o2em	11139	Labyrinth Game, A + Supermind
o2em	11140	Las Vegas
o2em	11141	Las Vegas Blackjack!
o2em	11097	Las Vegas Gambling
o2em	11142	Laser War
o2em	11154	Le Mur Magique
o2em	11212	Loony Balloon
o2em	11114	Marksman & Depthcharge
o2em	11143	Martian Threat
o2em	11144	Martian Threat
o2em	11145	Matchmaker + Logix + Buzzword
o2em	11146	Mathematician + Echo
o2em	11147	Mathematician + Echo
o2em	11148	Missão Impossível + Viagem Programada
o2em	11149	Monkeyshines
o2em	11150	Morse
o2em	11151	Morse
o2em	11153	Munchkin
o2em	11155	Musician
o2em	11156	Neutron Star
o2em	11158	Nightfighter
o2em	11159	Nightmare
o2em	11160	Nimble Numbers Ned
o2em	11161	O Malabarista + Jogo da Velha
o2em	11162	O Segredo do Farao
o2em	11163	Out Of This World + Helicopter Rescue
o2em	11164	P.T. Barnum's Acrobats
o2em	11166	Pairs + Space Rendezvous + Logic
o2em	11167	Pickaxe Pete
o2em	11168	Pinball
o2em	11169	Play Tag
o2em	11127	Playschool Maths
o2em	11171	Popeye
o2em	11172	Popeye
o2em	11173	Power Lords
o2em	11174	Power Lords
o2em	11175	Prendre l'Argent et Fuir
o2em	11176	Q*bert
o2em	11177	Quest for the Rings
o2em	11189	Race + Spinout + Cryptogram
o2em	11180	Robot City
o2em	11181	Samurai
o2em	11182	Satellite Attack
o2em	11183	Secret of the Pharaohs
o2em	11184	Shark Hunter
o2em	11185	Showdown in 2100 A.D.
o2em	11186	Sid The Spellbinder
o2em	11084	Skiing
o2em	11188	Smithereens!
o2em	11083	Space Monster
o2em	11190	Spider-Man
o2em	11191	Spider-Man
o2em	11192	Stone Sling
o2em	11193	Super Bee
o2em	11194	Super Bee
o2em	11195	Super Cobra
o2em	11196	Super Cobra
o2em	11197	Take the Money and Run
o2em	11095	Ten Pin Bowling + Basketball
o2em	11092	The Blobbers
o2em	11123	The Great Wall Street Fortune Hunt
o2em	11152	The mousing cat
o2em	11199	Turtles
o2em	11200	Turtles
o2em	11201	Tutankham
o2em	11202	Type & Tell
o2em	11203	UFO!
o2em	11205	Verkehrsspiele 2
o2em	11206	Volleyball
o2em	11207	Volleyball Electronique
o2em	11208	Wall Street
o2em	11209	War of Nerves
o2em	11210	ZZZ(notgame):[bios] Magnavox Odyssey2
o2em	11211	ZZZ(notgame):[bios] Philips C52
pcengine	11214	1941: Counter Attack
pcengine	11215	1943: Kai
pcengine	11237	Adventure Island
pcengine	11213	Aero Blasters
pcengine	11216	Aldynes: The Mission Code for Rage Crisis
pcengine	11241	Alice in Wonderdream
pcengine	11217	Alien Crush
pcengine	11218	Atomic Robo-Kid Special
pcengine	11219	Batman
pcengine	11220	Bomberman '93
pcengine	11274	Bomberman '94
pcengine	11221	Bomberman: Users Battle
pcengine	11224	Burning Angels
pcengine	11225	Coryoon - Child Of Dragon
pcengine	11226	Cratermaze
pcengine	11227	Cross Wiber: Cyber-Combat-Police
pcengine	11228	Cyber-Core
pcengine	11229	Darius Alpha
pcengine	11230	Darius Plus
pcengine	11232	Devil Crash - Naxat Pinball
pcengine	11233	Die Hard
pcengine	11231	Disney's Darkwing Duck
pcengine	11234	Don Doko Don
pcengine	11235	Double Dungeons
pcengine	11236	Dragon Spirit
pcengine	11238	Dungeon Explorer
pcengine	11239	Final Blaster
pcengine	11240	Final Soldier: Special Version
pcengine	11242	Galaga '88
pcengine	11243	Ghost Manor
pcengine	11244	Gokuraku! Chuka Taisen
pcengine	11245	Jackie Chan
pcengine	11246	Juuouki
pcengine	11247	Legend of Hero Tonma
pcengine	11249	Magical Chase
pcengine	11250	Makai Prince Dorabochan
pcengine	11251	Metal Stoker
pcengine	11252	Mr. Heli
pcengine	11253	Neutopia
pcengine	11255	Ninja Ryuukenden
pcengine	11257	Ordyne
pcengine	11222	PC Genjin
pcengine	11223	PC Genjin 2
pcengine	11258	Power Gate
pcengine	11259	Psycho Chaser
pcengine	11260	R-Type
pcengine	11261	R-Type
pcengine	11262	Reflectron
pcengine	11256	Saigo no Nindou: Ninja Spirit
pcengine	11269	Saint Dragon
pcengine	11263	Santatlantean
pcengine	11264	Sinistron
pcengine	11265	Soldier Blade
pcengine	11266	SonSon II
pcengine	11267	Street Fighter II: Champion Edition
pcengine	11268	Strip Fighter II
pcengine	11254	Takahashi Meijin No Shin Bouken Jima
pcengine	11270	Terra Cresta II
pcengine	11248	The Legendary Axe
pcengine	11271	Turrican
pcengine	11272	Valkyrie no Densetsu
pcengine	11273	Vigilante
pcenginecd	11276	Doraemon - Nobita No Dorabian Night
pcenginecd	11275	The Addams Family
psx	261	007 : El mundo nunca es suficiente
psx	262	007 : Tomorrow Never Dies
psx	263	2002 FIFA World Cup
psx	556	360 Three Sixty
psx	264	3Xtreme
psx	557	4-4-2 Soccer
psx	265	Ace Combat 2
psx	266	Ace Combat 3 : Electrosphere
psx	558	Action Man : Destruction X
psx	559	Action Man : Operation Extreme
psx	560	Adiboo & Paziral's Secret
psx	562	Adidas Power Soccer
psx	561	Adidas Power Soccer 98
psx	267	Agent Armstrong
psx	268	Air Combat
psx	563	Alexi Lalas International Soccer
psx	269	Alien Resurrection
psx	705	Alien Trilogy
psx	697	Alone in the Dark: One-Eyed Jack's Revenge
psx	702	Alone in the Dark: The New Nightmare
psx	591	Alundra
psx	270	Alundra 2 : A New Legend Begins
psx	271	Amerzone : El Legado del Explorador
psx	272	Ape Escape
psx	592	Apocalypse
psx	564	Aqua GT
psx	273	Arc the Lad Collection : Arc the Lad III
psx	565	Area 51
psx	566	Ark of Time
psx	593	Armored Core
psx	274	Army Men - Air Attack 2
psx	275	Army Men - Sarge's Heroes
psx	567	Army Men : Land, Sea, Air
psx	568	Army Men : Lock 'n' Load
psx	569	Army Men : Omega Soldier
psx	570	Army Men : Operation Meltdown
psx	594	Army Men World War: Team Assault
psx	276	Assault : Retribution
psx	277	Atlantis : The Lost Continent
psx	571	Atlantis : The Lost Tales
psx	278	Azure Dreams
psx	279	Ballblazer Champions
psx	280	Barbie : Race & Ride
psx	281	Barbie : Super Sports
psx	595	Barbie Explorer
psx	282	Barça Manager 2000
psx	596	Batman Forever: The Arcade Game
psx	284	Battle Arena Toshinden
psx	283	Battle Arena Toshinden 3
psx	599	Bloody Roar
psx	598	Bloody Roar II
psx	572	Bomberman World
psx	285	Brave Fencer Musashi
psx	600	Breath of Fire III
psx	601	Breath of Fire IV
psx	286	Broken Sword : La Leyenda de los Templarios
psx	287	Broken Sword II: Las Fuerzas del Mal
psx	288	BursTrick : Wake Boarding!!
psx	289	C : The Contra Adventure
psx	290	C-12 - Final Resistance
psx	698	Capcom vs SNK Millenium Fight 2000 Pro
psx	291	Cardinal Syn
psx	602	Carmageddon
psx	603	Casper
psx	573	Casper : Friends Around the World
psx	699	Castlevania Chronicles
psx	604	Castlevania: Symphony of the Night
psx	292	Chaos Break
psx	293	Chronicles Of The Sword
psx	294	Chrono Cross
psx	701	Chrono Trigger
psx	295	City Of Lost Children, The
psx	296	Civilization II
psx	606	Clock Tower
psx	605	Clock Tower: Ghost Head
psx	297	Colin Mcrae Rally
psx	300	Colony Wars
psx	298	Colony Wars - Red Sun
psx	299	Colony Wars : Vengeance
psx	301	Contra : Legacy of War
psx	302	Cool Boarders 4
psx	303	Countdown Vampires
psx	304	Coupe Du Monde 98
psx	693	Courier Crisis : The Saga of the Modern Fatalist
psx	305	Cover Ops Nuclear Dawn / Chase The Express
psx	306	Covert Ops : Nuclear Dawn
psx	608	Crash Bandicoot
psx	607	Crash Bandicoot 2 - Cortex no Gyakushuu!
psx	703	Crash Bandicoot 3 Warped
psx	704	Crash Bash
psx	708	Crash Bash
psx	610	Crash Team Racing
psx	307	Croc 2
psx	609	Croc: Legend of The Gobbos
psx	308	Crusaders Of Might And Magic
psx	309	Crypt Killer
psx	311	Darkstalkers 3
psx	310	Darkstalkers : The Night Warriors
psx	312	Darkstone
psx	313	Dead or Alive
psx	314	Defcon 5
psx	315	Destrega
psx	316	Destruction Derby 2
psx	317	Devil Dice
psx	318	Devil Man
psx	574	Die Hard Trilogy
psx	319	Die Hard Trilogy 2 - Viva Las Vegas
psx	611	Digimon Rumble Arena
psx	612	Digimon World
psx	575	Digimon World 2003
psx	320	DigimonWorld 2
psx	707	Dino Crisis
psx	706	Dino Crisis 2
psx	321	Disney / Pixar - A Bug's Life
psx	322	Disney / Pixar - Monsters Inc - Scare Island
psx	323	Disney / Pixar - Toy Story 2 - Buzz Lightyear To The Rescue!
psx	324	Disney La Super-Diver Casa de Goofy
psx	325	Disney Ven à la Fiesta! con Winnie the Pooh
psx	327	Disney's 101 Dalmatians II : Patch's London Adventure
psx	328	Disney's Aladdin In Nasira's Revenge
psx	329	Disney's Dinosaur
psx	330	Disney's Donald Duck Quack Attack
psx	613	Disney's Hercules Action Game
psx	331	Disney's Peter Pan - Adventures In Neverland
psx	614	Disney's Tarzan
psx	332	Disney's The Emperor's New Groove
psx	333	Disney's The Lion King - Simba's Mighty Adventure
psx	334	Disney's Treasure Planet
psx	326	Disney/pixar Buzz Lightyear Of Star Command
psx	335	Doom
psx	337	Dracula 2 : El Ultimo Santuario
psx	336	Dracula : Resurreccion
psx	700	Dragon Ball Final Bout
psx	615	Dragon Ball Z: Idainaru Dragon Ball Densetsu
psx	616	Dragon Ball Z: Ultimate Battle 22
psx	338	Dragon Valor
psx	339	Dream Story - Les Aventures de Tim et Lola
psx	617	Driver
psx	618	Driver 2
psx	340	Duke Nukem : Land of the Babes
psx	341	Duke Nukem : Time To Kill
psx	342	Dune 2000
psx	343	Egypte 2 - La Prophétie D'héliopolis
psx	344	Einhander
psx	345	Evil Dead : Hail to the King
psx	690	Exciting Pro Wrestling
psx	346	Expendable
psx	619	Fantastic Four
psx	620	Fatal Fury: Wild Ambition
psx	348	Fear Effect
psx	347	Fear Effect 2 : Retro Helix
psx	349	Fifa - Road To World Cup '98
psx	350	Fifa 2000
psx	351	FIFA 2001
psx	352	FIFA 99
psx	353	FIFA Football 2002
psx	354	FIFA Football 2003
psx	355	FIFA Football 2004
psx	356	FIFA Football 2005
psx	622	Fighting Force
psx	621	Fighting Force 2
psx	357	Final Doom
psx	694	Final Fantasy Chronicles : Final Fantasy IV
psx	623	Final Fantasy IX
psx	624	Final Fantasy Origins
psx	625	Final Fantasy Tactics
psx	626	Final Fantasy V
psx	627	Final Fantasy VI
psx	358	Final Fantasy VII
psx	628	Final Fantasy VIII
psx	359	Firo & Klawd
psx	360	Floating Runner - Quest For The 7 Crystals
psx	361	Forsaken
psx	362	Forsaken
psx	363	From TV Animation One Piece : Grand Battle! 2
psx	364	Front Mission 3
psx	365	Future Cop : L.A.P.D.
psx	629	G Darius
psx	374	G-police
psx	373	G-Police : Weapons of Justice
psx	366	Galerians
psx	367	Gauntlet Legends
psx	368	Gekido : Urban Fighters
psx	369	Gekioh : Shooting King
psx	576	Gex : Deep Cover Gecko
psx	370	Ghost In The Shell
psx	371	Global Domination
psx	372	Gold And Glory - The Road To El Dorado
psx	631	Gran Turismo
psx	630	Gran Turismo 2
psx	633	Grand Theft Auto
psx	632	Grand Theft Auto 2
psx	634	Guilty Gear
psx	376	Gundam Battle Assault
psx	375	Gundam Battle Assault 2
psx	377	Gungage
psx	378	Gunship
psx	379	Hard Edge
psx	636	Harry Potter and the Philosopher's Stone
psx	635	Harry Potter to Himitsu no Heya
psx	380	Heart of Darkness
psx	381	Herc's Adventures
psx	382	Hogs of War
psx	637	Hugo
psx	638	Hugo 2
psx	383	Hydro Thunder
psx	384	Ian Livingstone's Deathtrap Dungeon
psx	385	In Cold Blood
psx	386	In the Hunt
psx	639	Independence Day
psx	387	Inspector Gadget : Gadget's Crazy Maze
psx	640	Inuyasha: Sengoku Otogi Kassen
psx	388	Iron Man And X-o Manowar In Heavy Metal
psx	389	Jackie Chan Stuntmaster
psx	390	Jade Cocoon : Story of the Tamamayu
psx	391	Jeff Wayne's The War Of The Worlds
psx	392	Jersey Devil
psx	393	Jet Moto 3
psx	394	Jim Henson's The Hoobs
psx	395	Jungle Book - Rhythm N'groove, The
psx	396	K-1 Revenge
psx	597	Kain the Vampire
psx	397	Kickboxing
psx	399	King's Field
psx	398	King's Field 2
psx	400	Kingsley's Adventure
psx	401	Klonoa : Door to Phantomile
psx	402	Koudelka
psx	403	Kula World
psx	404	Kurushi Final
psx	405	Land Before Time - The Return To Great Valley, The
psx	406	Legacy Of Kain - Soul Reaver
psx	407	Legacy Of Kain - Soul Reaver
psx	641	Legend of Legaia
psx	642	Legend of Mana
psx	408	LEGO Island 2 : The Brickster's Revenge
psx	409	Lifeforce Tenka
psx	410	Lilo And Stitch - Trouble In Paradise
psx	411	Little Mermaid 2, The
psx	414	Lma Manager
psx	412	Lma Manager 2001
psx	413	Lma Manager 2002
psx	415	Loaded
psx	416	Lode Runner
psx	417	Looney Tunes : Sheep Raider
psx	418	Louvre : La maldicion final
psx	419	Lunar 2 - Eternal Blue Complete
psx	420	Machine Hunter
psx	577	Magical Drop III
psx	421	Magical Tetris Challenge
psx	423	Marvel Super Heroes
psx	422	Marvel Super Heroes vs. Street Fighter
psx	424	Marvel vs. Capcom : Clash of Super Heroes
psx	425	Maximum Force
psx	426	MDK
psx	644	Medal of Honor
psx	643	Medal of Honor: Underground
psx	646	MediEvil
psx	645	MediEvil 2
psx	651	Mega Man 8
psx	647	Mega Man X3
psx	648	Mega Man X4
psx	649	Mega Man X5
psx	650	Mega Man X6
psx	427	Men In Black - The Series - Crashdown
psx	428	Metal Gear Solid - Vr Missions
psx	652	Metal Gear Solid : Double Pack
psx	653	Metal Slug X
psx	429	Mickey's Wild Adventure
psx	430	Monkey Hero
psx	431	Monkey Magic
psx	654	Mortal Kombat 3
psx	432	Mortal Kombat 4
psx	433	Mortal Kombat Mythologies Sub-zero
psx	655	Mortal Kombat Trilogy
psx	434	Mr. Driller
psx	578	Ms. Pac-Man Maze Madness
psx	435	Mulan Story Studio
psx	436	Muppet Monster Adventure
psx	437	Muppet RaceMania
psx	438	NBA Live 2000
psx	439	NBA Live 2001
psx	440	NBA Live 2002
psx	441	Nba Live 2003
psx	442	NBA Live 99
psx	443	Necronomicon : El Alba de las Tinieblas
psx	579	Need for Speed : Porsche 2000
psx	580	Need for Speed : Road Challenge
psx	581	Need for Speed II
psx	656	Need for Speed III: Poursuite infernale
psx	444	Nekketsu Oyako
psx	658	Nightmare Creatures
psx	657	Nightmare Creatures II
psx	445	Ninja : Shadow of Darkness
psx	446	Noddy's Magic Adventure
psx	447	O.D.T.
psx	448	Oddworld - Abe's Exoddus
psx	449	Oddworld : Abe's Oddysee
psx	450	Omega Boost
psx	452	One
psx	451	One Piece : Grand Battle!
psx	454	Pac-Man World
psx	453	Pac-Man World 20th Anniversary
psx	659	Pandemonium 2
psx	660	Pandemonium!
psx	455	Panzer Bandit
psx	662	Parasite Eve
psx	661	Parasite Eve II
psx	456	Pepsiman
psx	457	Pequenos Guerreros
psx	458	Philosoma Art Book Movie Cd-rom
psx	459	Pocket Fighter
psx	460	Poy Poy
psx	461	Primera División Stars
psx	582	Pro Pinball - Fantastic Journey
psx	583	Pro Pinball - Timeshock !
psx	584	Pro Pinball : Big Race USA
psx	462	Project Overkill
psx	463	Psychic Force
psx	464	Punky Skunk
psx	465	Quake 2
psx	480	R-Type Delta
psx	466	Raiden Project, The
psx	467	Rampage : Through Time
psx	468	Rapid Reload
psx	469	RayCrisis : Series Termination
psx	471	Rayman
psx	470	Rayman 2 : The Great Escape
psx	588	Rayman Junior
psx	585	Rayman Junior - Level 2
psx	586	Rayman Junior : Level 1
psx	587	Rayman Junior : Level 3
psx	589	Rayman Rush
psx	472	Razmoket À Paris - Le Film, Les
psx	474	Re-Loaded : The Hardcore Sequel
psx	473	ReBoot
psx	663	Resident Evil 1.5
psx	696	Resident Evil 2
psx	664	Resident Evil 3 Nemesis 2 Disc
psx	665	Resident Evil Survivor (PAL)
psx	475	Ridge Racer Type 4 Collectors Demo
psx	476	Rising Zan : The Samurai Gunman
psx	477	Rival Schools : United by Fate
psx	478	Road Rash
psx	479	Ronin Blade
psx	481	Rugrats - Search For Reptar
psx	482	Rugrats - Studio Tour
psx	483	Running Wild
psx	484	Saban's Power Rangers : Time Force
psx	486	Samurai Shodown 3
psx	485	Samurai Shodown : Warriors Rage
psx	487	Shadow Madness
psx	488	Silent Bomber
psx	666	Silent Hill Trial
psx	489	Silhouette Mirage
psx	490	Sled Storm
psx	590	Smurf Racer!
psx	491	Sno Pokeler
psx	492	Sol Divide
psx	493	Space Debris
psx	494	Spice World
psx	667	Spider-Man
psx	668	Spider-Man 2: Enter Electro
psx	495	Spongebob Squarepants - Supersponge
psx	497	Spyro 2 : Ripto's Rage!
psx	496	Spyro 3: Year of the Dragon
psx	669	Spyro the Dragon
psx	498	Star Ocean : The Second Story
psx	499	Star Wars : Episode I, The Phantom Menace
psx	500	Star Wars : Rebel Assault II, The Hidden Empire
psx	501	Star Wars Episode 1 - Jedi Power Battles
psx	670	Star Wars: Dark Forces
psx	502	Street Fighter : The Movie
psx	504	Street Fighter Alpha 2
psx	505	Street Fighter Alpha 3
psx	503	Street Fighter Alpha : Warriors' Dreams
psx	671	Street Fighter EX Plus Alpha
psx	672	Street Fighter EX2 Plus
psx	674	Strider
psx	673	Strider 2
psx	506	Stuart Little 2
psx	507	Suikoden II
psx	508	Sydney 2000
psx	675	Syphon Filter
psx	509	Syphon Filter 2
psx	510	Syphon Filter 3
psx	511	T'ai Fu : Wrath of the Tiger
psx	512	Tales Of Destiny
psx	513	Technomage - Return Of Eternity
psx	676	Tekken 2
psx	677	Tekken 3
psx	678	Tekken [Long Box]
psx	514	Teletubbies - Play With The Teletubbies
psx	515	Tenchu 2 : Birth of the Stealth Assassins
psx	679	Tenchu: Stealth Assassins
psx	516	Test Drive 5
psx	517	Test Drive 6
psx	518	The Adventure of Little Ralph
psx	519	The Adventures of Lomax
psx	695	The Incredible Hulk : The Pantheon Saga
psx	520	The King of Fighters '99
psx	521	The Legend of Dragoon
psx	522	The Lost World : Jurassic Park
psx	523	The X-Files
psx	524	This Is Football 2
psx	525	Tigger's Honey Hunt
psx	681	Time Crisis
psx	680	Time Crisis: Project Titan
psx	526	Tiny Tank
psx	527	Tobal 2
psx	528	Tobal No. 1
psx	685	Tomb Raider
psx	529	Tomb Raider Chronicles
psx	682	Tomb Raider II
psx	683	Tomb Raider III: Adventures of Lara Croft
psx	684	Tomb Raider: The Last Revelation
psx	530	Tombi! / Tomba!
psx	531	Tombi! 2 / Tomba! 2 - The Evil Swine Return
psx	686	Tony Hawk's Pro Skater 4
psx	532	Trap Gunner
psx	533	Treasures of the Deep
psx	687	Twisted Metal
psx	534	Twisted Metal 4
psx	535	Uefa Champions League - Season 1998-99
psx	536	UEFA Champions League : Season 1999-2000
psx	537	UEFA Champions League : Season 2000-2001
psx	538	UEFA Euro 2000
psx	539	Vagrant Story
psx	540	Valkyrie Profile
psx	541	Vampire Hunter D
psx	542	Vandal Hearts II
psx	543	Versailles - A Game Of Intrigue
psx	544	Who Wants to Be a Millionaire ?
psx	545	Wild 9
psx	547	Wild Arms
psx	546	Wild Arms 2
psx	688	Wipeout 3
psx	689	Worms Armageddon
psx	548	Wu-Tang Taste the Pain
psx	551	X-Men 2: Mutant Academy
psx	552	X-Men : Mutant Academy
psx	553	X-Men vs. Street Fighter
psx	691	Xena: Warrior Princess
psx	549	Xenocracy : The Ultimate Solar War
psx	550	Xenogears
psx	692	Yu-Gi-Oh! Forbidden Memories
psx	554	Z
psx	555	Zero Divide 2: The Secret Wish
sega32x	11278	After Burner
sega32x	11280	BC Racers
sega32x	11281	Blackthorne
sega32x	11282	Brutal: Above the Claw
sega32x	11283	Cyber Brawl
sega32x	11284	DarXide
sega32x	11285	Doom
sega32x	11286	FIFA Soccer 96
sega32x	11287	Golf Magazine Presents 36 Great Holes Starring Fred Couples
sega32x	11277	Knuckles' Chaotix
sega32x	11288	Kolibri
sega32x	11289	Metal Head
sega32x	11290	Mortal Kombat II
sega32x	11291	Motocross Championship
sega32x	11292	NBA Jam Tournament Edition
sega32x	11293	NFL Quarterback Club
sega32x	11295	Pitfall: The Mayan Adventure
sega32x	11296	Primal Rage
sega32x	11297	RBI Baseball '95
sega32x	11298	Shadow Squadron ~ Stellar Assault
sega32x	11299	Soulstar X
sega32x	11300	Space Harrier
sega32x	11301	Star Trek: Starfleet Academy - Starship Bridge Simulator
sega32x	11302	Star Wars Arcade
sega32x	11303	T-Mek
sega32x	11304	Tempo
sega32x	11279	The Amazing Spider-Man: Web of Fire
sega32x	11305	Toughman Contest
sega32x	11306	Virtua Fighter
sega32x	11307	Virtua Hamster
sega32x	11308	Virtua Racing Deluxe
sega32x	11309	World Series Baseball Starring Deion Sanders
sega32x	11310	WWF RAW
sega32x	11311	WWF WrestleMania: The Arcade Game
sega32x	11312	X-Men
sega32x	11294	Zaxxon's Motherbase 2000
snes	12091	2020 Super Baseball
snes	11337	3 Ninjas Kick Back
snes	11339	90 Minutes : European Prime Goal
snes	12094	A.S.P. - Air Strike Patrol
snes	11340	AAAHH!!! Real Monsters
snes	11341	ABC Monday Night Football
snes	11342	ACME Animation Factory
snes	11343	ActRaiser
snes	11344	ActRaiser 2
snes	11345	Addams Family Values
snes	11509	Advanced Dungeons & Dragons: Eye of the Beholder
snes	11352	Adventures of Yogi Bear
snes	12095	Aero Fighters
snes	11353	Aero the Acro-Bat
snes	11354	Aero the Acro-Bat 2
snes	11355	Aerobiz
snes	11356	Aerobiz Supersonic
snes	11357	Air Cavalry
snes	11920	Akumajo Dracula
snes	11358	Al Unser Jr.'s Road to the Top
snes	11359	Alien 3
snes	11360	Alien vs. Predator
snes	11361	American Gladiators
snes	11362	An American Tail : Fievel Goes West
snes	11363	Andre Agassi Tennis
snes	11364	Animaniacs
snes	11365	Arcade's Greatest Hits Atari Collection 1
snes	11367	Arcana
snes	11368	Archer Maclean's Super Dropzone
snes	11369	Ardy Lightfoot
snes	11370	Arkanoid: Doh It Again
snes	11373	Asterix
snes	11372	Asterix & Obelix
snes	11374	Axelay
snes	11375	B.O.B.
snes	11405	Baby Kaizo World
snes	11376	Ballz 3D
snes	11377	Barbie: Super Model
snes	11378	Barbie: Vacation Adventure
snes	11379	Barkley: Shut Up and Jam!
snes	11380	Bass Masters Classic
snes	11381	Bass Masters Classic: Pro Edition
snes	11382	Bassin's Black Bass
snes	11383	Batman Forever
snes	11384	Batman Returns
snes	11385	Battle Blaze
snes	11386	Battle Cars
snes	11387	Battle Clash
snes	11388	Battle Grand Prix
snes	11389	Battletoads & Double Dragon
snes	11390	Battletoads in Battlemaniacs
snes	11391	Bazooka Blitzkrieg
snes	11393	Beavis and Butt-head
snes	11394	Bebe's Kids
snes	11395	Beethoven: The Ultimate Canine Caper!
snes	11396	Best of the Best: Championship Karate
snes	11397	Big Sky Trooper
snes	11398	Biker Mice from Mars
snes	11399	Bill Laimbeer's Combat Basketball
snes	11400	Bill Walsh College Football
snes	11401	BioMetal
snes	12097	Bishoujo Senshi Sailor Moon
snes	11402	Blackthorne
snes	11403	BlaZeon: The Bio-Cyborg Challenge
snes	11563	Bokujou Monogatari
snes	11406	Bonkers
snes	11407	Boogerman: A Pick and Flick Adventure
snes	11409	Brain Lord
snes	11411	Bram Stoker's Dracula
snes	11412	Brandish
snes	11413	Brawl Brothers
snes	11414	BreakThru!
snes	11415	Breath of Fire
snes	11416	Breath of Fire II
snes	11417	Brett Hull Hockey
snes	11418	Brett Hull Hockey
snes	11419	Bronkie the Bronchiasaurus
snes	11420	Brunswick World: Tournament of Champions
snes	11421	Brutal: Paws of Fury
snes	11422	Bubsy II
snes	11423	Bubsy in: Claws Encounters of the Furred Kind
snes	11424	Bugs Bunny Rabbit Rampage
snes	11425	Bulls Vs Blazers and the NBA Playoffs
snes	11426	Bust-a-Move
snes	11454	C2 - Clay Fighter 2: Judgment Clay
snes	11427	Cacoma Knight in Bizyland
snes	11428	Cal Ripken Jr. Baseball
snes	11429	California Games II
snes	11430	Cannon Fodder
snes	11432	Capcom's MVP Football
snes	11433	Capcom's Soccer Shootout
snes	11434	Captain America and the Avengers
snes	11435	Captain Commando
snes	11436	Captain Novolin
snes	11437	Carrier Aces
snes	11438	Casper
snes	11439	Castlevania: Dracula X
snes	11440	Champions World Class Soccer
snes	11441	Championship Pool
snes	11442	Championship Soccer '94
snes	11443	Chavez
snes	11408	Chavez II
snes	11444	Chavez II
snes	11446	Chester Cheetah: Too Cool to Fool
snes	11447	Chester Cheetah: Wild Wild Quest
snes	11448	Choplifter III
snes	12082	Choukou Goukami Xardion
snes	11449	Chrono Trigger
snes	11450	Chuck Rock
snes	11483	Classic Kong
snes	11452	ClayFighter
snes	11453	ClayFighter: Tournament Edition
snes	11455	Claymates
snes	11456	Cliffhanger
snes	11457	Clue
snes	11458	College Football USA 97
snes	11459	College Slam
snes	11331	Conker's High Rule Tail
snes	11462	Contra III: The Alien Wars
snes	11463	Cool Spot
snes	11464	Cool World
snes	11465	Cutthroat Island
snes	11466	Cyber Spin
snes	11467	Cybernator
snes	11468	D-Force
snes	11469	Daffy Duck: The Marvin Missions
snes	11940	Darius Force
snes	11470	Darius Twin
snes	11471	David Crane's Amazing Tennis
snes	11472	Daze Before Christmas
snes	12015	Dead Dance
snes	11474	Demolition Man
snes	11475	Demon's Crest
snes	11476	Dennis
snes	11745	Densetsu no Ōga Batoru
snes	11477	Desert Strike: Return to the Gulf
snes	11478	Dig & Spike Volleyball
snes	11480	Dino Dini's Soccer
snes	11479	DinoCity
snes	11481	Dirt Racer
snes	11482	Dirt Trax FX
snes	11322	Disney's Aladdin
snes	11392	Disney's Beauty and the Beast
snes	11992	Disney's Timon & Pumbaa's Jungle Games
snes	12007	Disney's Toy Story
snes	12096	Donkey Kong Country
snes	11323	Donkey Kong Country 2: Diddy's Kong Quest
snes	11324	Donkey Kong Country 3: Dixie Kong's Double Trouble!
snes	11316	Doom
snes	11484	Doom
snes	11485	Doomsday Warrior
snes	11486	Double Dragon V: The Shadow Falls
snes	11488	Dragon View
snes	11489	Dragon's Lair
snes	11487	Dragon: The Bruce Lee Story
snes	11490	Drakkhen
snes	11491	Dream T.V.
snes	11493	Dungeon Master
snes	11494	E.V.O.: Search for Eden
snes	11495	Earth Defense Force
snes	11496	EarthBound
snes	11497	Earthworm Jim
snes	11498	Earthworm Jim 2
snes	11499	Eek! the cat
snes	11501	Emmitt Smith Football
snes	11502	Equinox
snes	11503	ESPN Baseball Tonight
snes	11504	ESPN National Hockey Night
snes	11505	ESPN Speed World
snes	11506	ESPN Sunday Night NFL
snes	11653	Estpolis Denki II
snes	11431	Exertainment Mountain Bike Rally
snes	11507	Exertainment Mountain Bike Rally
snes	11313	Exertainment Mountain Bike Rally + Speed Racer
snes	11508	Extra Innings
snes	11960	F-15 Super Strike Eagle
snes	11510	F-Zero
snes	11511	F1 Pole Position
snes	11512	F1 Pole Position 2
snes	11513	F1 ROC II: Race of Champions
snes	11514	F1 ROC II: Race of Champions
snes	11515	F1 World Championship Edition
snes	11516	Faceball 2000
snes	11517	Family Dog
snes	11518	Family Feud
snes	11519	Fatal Fury
snes	11521	Fatal Fury Special
snes	11523	FIFA International Soccer
snes	11524	FIFA Soccer 96
snes	11525	FIFA Soccer 97
snes	11522	FIFA: Road to World Cup 98
snes	11526	Fighter's History
snes	11528	Final Fantasy II
snes	11325	Final Fantasy III
snes	11527	Final Fantasy: Mystic Quest
snes	11529	Final Fight
snes	11530	Final Fight 2
snes	11326	Final Fight 3
snes	11531	Final Fight Guy
snes	11534	Firepower 2000
snes	11535	First Samurai
snes	11536	Flashback: The Quest for Identity
snes	11538	Football Fury
snes	11539	Foreman for Real
snes	11540	Frank Thomas' Big Hurt Baseball
snes	11541	Frantic Flea
snes	11542	Frogger
snes	11543	Full Throttle: All-American Racing
snes	11544	Fun 'n Games
snes	11520	Garō Densetsu 2: Aratanaru Tatakai
snes	11545	Gemfire
snes	11546	Genghis Khan II: Clan of the Gray Wolf
snes	11547	George Foreman's KO Boxing
snes	11548	Ghoul Patrol
snes	11549	Goal!
snes	11550	Gods
snes	11551	Goofy to Max - Kaizoku Shima no Daibouken
snes	11788	Gouketsuji Ichizoku
snes	11552	GP-1
snes	11553	GP-1
snes	11554	Gradius III
snes	11557	Gunforce
snes	11558	Hagane: The Final Conflict
snes	11559	HAL's Hole in One Golf
snes	11560	Hammerlock Wrestling
snes	12016	Hanna Barbera's Turbo Toons
snes	11561	HardBall III
snes	11562	Harley's Humongous Adventure
snes	11564	Head-On Soccer
snes	11314	Hebereke's Popoon
snes	11565	Hebereke's Popoon
snes	11758	Hello Pac-Man
snes	11566	Hit the Ice: The Video Hockey League
snes	11532	Holy Striker
snes	11567	Home Alone
snes	11568	Home Alone 2: Lost in New York
snes	11569	Home Improvement: Power Tool Pursuit!
snes	11570	Hook
snes	11572	Hungry Dinosaurs
snes	11574	Hurricanes
snes	11328	Hyper V-Ball
snes	11575	HyperZone
snes	11577	Illusion of Time
snes	11578	Imperium
snes	11579	Incantation
snes	11582	Indiana Jones' Greatest Adventures
snes	11584	Inspector Gadget
snes	11329	International Superstar Soccer
snes	11585	International Superstar Soccer Deluxe
snes	11586	International Tennis Tour
snes	11589	Izzy's Quest for the Olympic Rings
snes	11590	J.R.R. Tolkien's The Lord of the Rings: Volume 1
snes	11591	Jack Nicklaus Golf
snes	11592	James Bond Jr
snes	11593	Jammit
snes	11594	Jelly Boy
snes	11595	Jeopardy!
snes	11596	Jeopardy! Deluxe Edition
snes	11597	Jeopardy! Sports Edition
snes	11600	Jim Power: The Lost Dimension in 3D
snes	11601	Jimmy Connors Pro Tennis Tour
snes	11602	Jimmy Houston's Bass Tournament U.S.A.
snes	11603	Joe & Mac
snes	11604	Joe & Mac 2: Lost in the Tropics
snes	11605	John Madden Football
snes	11606	John Madden Football
snes	11607	Judge Dredd
snes	11609	Jungle Strike
snes	11610	Jurassic Park
snes	11611	Jurassic Park Part 2 : The Chaos Continues
snes	11612	Justice League Task Force
snes	11613	Ka-Blooey
snes	11614	Kawasaki Caribbean Challenge
snes	11615	Kawasaki Superbike Challenge
snes	11616	Ken Griffey Jr. Presents Major League Baseball
snes	11617	Ken Griffey Jr.'s Winning Run
snes	11619	Kevin Keegan's Player Manager
snes	11620	Kick Off
snes	11621	Kick Off 3: European Challenge
snes	11622	Kid Klown in Crazy Chase
snes	11623	Killer Instinct
snes	11624	King Arthur & the Knights of Justice
snes	11625	King Arthur's World
snes	12093	King of Dragons
snes	11626	King of the Monsters
snes	11627	King of the Monsters 2
snes	11330	Kirby Super Star
snes	11628	Kirby's Avalanche
snes	11629	Kirby's Dream Course
snes	11630	Kirby's Dream Land 3
snes	11631	Knights of the Round
snes	11632	Krusty's Super Fun House
snes	11633	Kyle Petty's No Fear Racing
snes	11634	Lagoon
snes	11635	Lamborghini: American Challenge
snes	12032	Las Vegas Dream
snes	11636	Last Action Hero
snes	11638	Legend
snes	11640	Lemmings
snes	11641	Lemmings 2: The Tribes
snes	11761	Lennus: Kodai Kikai no Kioku
snes	11642	Lester the Unlikely
snes	11643	Lethal Enforcers
snes	11644	Lethal Weapon
snes	11645	Liberty or Death
snes	11647	Lock On
snes	11648	Looney Tunes B-Ball
snes	11649	Lost Vikings 2
snes	11662	Lothar Matthaus Super Soccer
snes	11651	Lucky Luke
snes	11652	Lufia & the Fortress of Doom
snes	11654	Madden NFL '94
snes	11655	Madden NFL 95
snes	11656	Madden NFL 96
snes	11657	Madden NFL 97
snes	11658	Madden NFL 98
snes	11659	Magic Boy
snes	11660	Magic Sword
snes	11618	Makeruna! Makendo
snes	11663	Mario is Missing!
snes	11664	Mario Paint
snes	11665	Mario's Early Years: Fun with Letters
snes	11666	Mario's Early Years: Fun with Numbers
snes	11667	Mario's Early Years: Preschool Fun
snes	11668	Mario's Time Machine
snes	11669	Mark Davis' The Fishing Master
snes	11670	Marko's Magic Football
snes	11671	Marvel Super Heroes in War of the Gems
snes	11672	Mary Shelley's Frankenstein
snes	11674	Math Blaster: Episode 1
snes	11675	Maui Mallard in Cold Shadow
snes	11676	Mecarobot Golf
snes	11677	MechWarrior
snes	11678	MechWarrior 3050
snes	11680	Mega Man 7
snes	11681	Mega Man Soccer
snes	11682	Mega Man X
snes	11683	Mega Man X2
snes	11684	Mega Man X3
snes	11679	Mega-Lo-Mania
snes	11685	Metal Combat: Falcon's Revenge
snes	11686	Metal Marines
snes	11687	Metal Morph
snes	11688	Metal Warriors
snes	11689	Michael Andretti's Indy Car Challenge
snes	11690	Michael Jordan: Chaos in the Windy City
snes	11691	Mickey Mania
snes	11692	Mickey's Playtown Adventure - A Day Of Discovery!
snes	11693	Mickey's Ultimate Challenge
snes	11694	Micro Machines
snes	11695	Micro Machines 2: Turbo Tournament
snes	11366	Midway Presents Arcade's Greatest Hits: The Atari Collection 1
snes	11696	Might and Magic II
snes	11697	Might and Magic III: Isles of Terra
snes	11699	Mighty Morphin Power Rangers
snes	11700	Mighty Morphin Power Rangers: The Fighting Edition
snes	11701	Mighty Morphin Power Rangers: The Movie
snes	11702	MLBPA Baseball
snes	11703	Mohawk & Headphone Jack
snes	11704	Monopoly
snes	11332	Mortal Kombat
snes	11705	Mortal Kombat II
snes	11321	Mortal Kombat III
snes	11706	Mr. Do!
snes	11707	Mr. Nutz
snes	11708	Ms. Pac-Man
snes	11709	Musya
snes	11710	Natsume Championship Wrestling
snes	11711	NBA All-Star Challenge
snes	11712	NBA Give 'n Go
snes	11713	NBA Hang Time
snes	11714	NBA Jam
snes	11715	NBA Jam Tournament Edition
snes	11716	NBA Live 95
snes	11717	NBA Live 96
snes	11718	NBA Live 97
snes	11719	NBA Live 98
snes	11720	NBA Showdown
snes	11722	NCAA Final Four Basketball
snes	11723	NCAA Football
snes	11725	Newman-Haas IndyCar Featuring Nigel Mansell
snes	11726	NFL Football
snes	11727	NFL Quarterback Club
snes	11728	NFL Quarterback Club 96
snes	11729	NHL '94
snes	11730	NHL '94
snes	11731	NHL '94
snes	11732	NHL '94
snes	11733	NHL '94
snes	11734	NHL Stanley Cup
snes	11735	NHLPA Hockey 93
snes	11736	Nickelodeon GUTS
snes	11737	Nigel Mansell's World Championship Racing
snes	11738	Ninja Gaiden Trilogy
snes	11739	Ninjawarriors
snes	11949	Nintendo Scope 6
snes	11740	No Escape
snes	11317	Nobunaga's Ambition
snes	11741	Nobunaga's Ambition
snes	11742	Nolan Ryan's Baseball
snes	11743	Nosferatu
snes	11744	Obitus
snes	11746	Olympic Summer Games
snes	11747	On the Ball
snes	11748	Operation Europe: Path to Victory 1939-45
snes	11749	Operation Logic Bomb: The Ultimate Search & Destroy
snes	11750	Operation Thunderbolt
snes	11751	Oscar
snes	11752	Out of This World
snes	11753	Out to Lunch
snes	11754	Outlander
snes	11315	P.T.O. : Pacific Theater of Operations
snes	11755	P.T.O. II: Pacific Theater of Operations
snes	11756	Pac-Attack
snes	11757	Pac-in-Time
snes	11759	Packy & Marlon
snes	11762	Paperboy 2
snes	11763	Parodius Da!
snes	11765	PGA European Tour
snes	11766	PGA Tour 96
snes	11767	PGA Tour Golf
snes	11768	Phalanx
snes	11769	Phantom 2040
snes	11770	Pieces
snes	11771	Pilotwings
snes	11772	Pinball Dreams
snes	11773	Pinball Fantasies
snes	11774	Pink Goes to Hollywood
snes	11775	Pinocchio
snes	11777	Pit-Fighter
snes	11778	Pitfall: The Mayan Adventure
snes	11779	Plok
snes	11780	Pocky & Rocky
snes	11781	Pocky & Rocky 2
snes	11782	Pop'n TwinBee
snes	11783	Pop'n Twinbee - Rainbow Bell Adventures
snes	11784	Populous
snes	11785	Populous II: Trials of the Olympian Gods
snes	11786	Porky Pig's Haunted Holiday
snes	11787	Power Drive
snes	11789	Power Moves
snes	11790	Power Piggs of the Dark Age
snes	11791	Power Rangers Zeo : Battle Racers
snes	11792	Powermonger
snes	11793	Prehistorik Man
snes	11794	Primal Rage
snes	11795	Prince of Persia
snes	11796	Prince of Persia 2
snes	11797	Pro Quarterback
snes	11798	Pro Sport Hockey
snes	11799	Push-Over
snes	11800	Putty Squad
snes	11801	Q*bert 3
snes	11802	R-Type III
snes	11804	Race Drivin'
snes	11805	Radical Rex
snes	11806	Raiden Trad
snes	11807	Rampart
snes	11808	Ranma 1/2: Hard Battle
snes	11809	Rap Jam: Volume One
snes	11810	Realm
snes	11811	Redline F-1 Racer
snes	11812	Relief Pitcher
snes	11817	Revolution X
snes	11818	Rex Ronan: Experimental Surgeon
snes	11819	Riddick Bowe Boxing
snes	11820	Rise of the Phoenix
snes	11821	Rise of the Robots
snes	11822	Rival Turf!
snes	11823	Road Riot 4WD
snes	11824	Road Runner's Death Valley Rally
snes	11825	RoboCop 3
snes	11826	RoboCop Versus The Terminator
snes	11828	Rock n' Roll Racing
snes	11830	Rocko's Modern Life: Spunky's Dangerous Day
snes	11831	Rocky Rodent
snes	11832	Roger Clemens' MVP Baseball
snes	11833	Romance of the Three Kingdoms II
snes	11835	Romance of the Three Kingdoms IV: Wall of Fire
snes	11803	RPM Racing
snes	11836	Run Saber
snes	11371	Ryuuko No Ken
snes	11837	Samurai Shodown
snes	11834	San Goku Shi III
snes	11838	Saturday Night Slam Masters
snes	11839	Scooby-Doo Mystery
snes	11840	SeaQuest DSV
snes	11841	Secret of Evermore
snes	11333	Secret of Mana
snes	11843	Shadowrun
snes	11844	Shanghai II: Dragon's Eye
snes	11845	Shaq-Fu
snes	11846	Shien's Revenge
snes	11451	Sid Meier's Civilization
snes	11847	Side Pocket
snes	11848	SimAnt
snes	11849	SimCity
snes	11850	SimCity 2000
snes	11851	SimEarth: The Living Planet
snes	11853	Sink or Swim
snes	11854	SkulJagger: Revolt of the Westicans
snes	11855	Skyblazer
snes	11827	Slapstick
snes	11856	Smart Ball
snes	11857	Smash Tennis
snes	11859	Smurfs, The
snes	11935	SMW2+
snes	11860	Snow White in Happily Ever After
snes	11861	Soldiers of Fortune
snes	11862	Sonic Blast Man
snes	11863	Sonic Blast Man II
snes	11864	SOS
snes	11865	Soul Blazer
snes	11866	Space Ace
snes	11867	Space Football: One on One
snes	11868	Space Invaders
snes	11870	Spanky's Quest
snes	11871	Sparkster
snes	11873	Spectre
snes	11874	Speed Racer in My Most Dangerous Adventures
snes	11875	Speedy Gonzales: Los Gatos Bandidos
snes	11876	Spider-Man
snes	11877	Spider-Man & Venom: Maximum Carnage
snes	11878	Spider-Man & X-Men : Arcade's Revenge
snes	11879	Spindizzy Worlds
snes	11880	Spirou
snes	11882	Sports Illustrated: Championship Football & Baseball
snes	11885	Star Trek: Deep Space Nine - Crossroads of Time
snes	11886	Star Trek: Starfleet Academy - Starship Bridge Simulator
snes	11887	Star Trek: The Next Generation - Future's Past
snes	11888	Stargate
snes	11883	Starwing
snes	11884	Starwing
snes	11889	Steel Talons
snes	11890	Sterling Sharpe: End 2 End
snes	11891	Stone Protectors
snes	11892	Street Combat
snes	11893	Street Fighter Alpha 2
snes	11894	Street Fighter II
snes	11895	Street Fighter II Turbo
snes	11896	Street Hockey '95
snes	11897	Street Racer
snes	11898	Strike Gunner S.T.G
snes	11900	Sunset Riders
snes	11939	Super 3D Noah's Ark
snes	11869	Super Aleste
snes	11903	Super Alfred Chicken
snes	11905	Super Baseball Simulator 1.000
snes	11906	Super Bases Loaded
snes	11908	Super Bases Loaded
snes	11907	Super Bases Loaded 3: License to Steal
snes	11910	Super Battleship
snes	11912	Super Battletank 2
snes	11911	Super Battletank: War in the Gulf
snes	11913	Super Black Bass
snes	11319	Super Bomberman
snes	11914	Super Bomberman
snes	11915	Super Bomberman 2
snes	11917	Super Bowling
snes	11919	Super Caesars Palace
snes	11921	Super Chase H.Q.
snes	11922	Super Conflict: The Mideast
snes	11923	Super Copa
snes	11924	Super Dany
snes	11925	Super Double Dragon
snes	11721	Super Dunk Shot
snes	11909	Super Famista
snes	11916	Super Genjin
snes	11926	Super Ghouls 'n Ghosts
snes	11927	Super Goal! 2
snes	11928	Super Godzilla
snes	11929	Super High Impact
snes	11930	Super Ice Hockey
snes	11583	Super Inindo: Datou Nobunaga
snes	11931	Super International Cricket
snes	11932	Super James Pond
snes	11320	Super Mario All-Stars
snes	11933	Super Mario All-Stars
snes	11334	Super Mario Kart
snes	11934	Super Mario RPG: Legend of the Seven Stars
snes	12092	Super Mario World
snes	11936	Super Metroid
snes	11937	Super Morph
snes	11938	Super Ninja Boy
snes	11941	Super Off Road
snes	11942	Super Off Road: The Baja
snes	11918	Super Pang
snes	11943	Super Pinball: Behind the Mask
snes	11944	Super Play Action Football
snes	11945	Super Punch-Out!!
snes	11946	Super Putty
snes	11947	Super R-Type [FAH-1]
snes	11948	Super R.B.I. Baseball
snes	11950	Super Slam Dunk
snes	11951	Super Slap Shot
snes	11952	Super Smash T.V.
snes	11953	Super Soccer
snes	11954	Super Soccer Champ
snes	11955	Super Solitaire
snes	11956	Super Star Wars
snes	11957	Super Star Wars: Return of the Jedi
snes	11958	Super Star Wars: The Empire Strikes Back
snes	11959	Super Street Fighter II
snes	11961	Super Tennis
snes	11962	Super Troll Islands
snes	11963	Super Turrican
snes	11964	Super Turrican 2
snes	11965	Super Valis IV
snes	11966	Super Widget
snes	11967	Suzuka 8 Hours
snes	11968	SWAT Kats: The Radical Squadron
snes	11969	Syndicate
snes	11970	Syvalion
snes	11971	T2: The Arcade Game
snes	11901	Takahashi Meijin no Daibouken Jima
snes	11902	Takahashi Meijin no Daibouken Jima II
snes	11461	Tatakae Genshijin 2 Rookie no Bouken
snes	11972	Taz-Mania
snes	11973	Tecmo Secret of the Stars
snes	11974	Tecmo Super Baseball
snes	11975	Tecmo Super Bowl
snes	11976	Tecmo Super Bowl II: Special Edition
snes	11977	Tecmo Super Bowl III: Final Edition
snes	11978	Tecmo Super NBA Basketball
snes	11979	Teenage Mutant Hero Turtles: Tournament Fighters
snes	11335	Teenage Mutant Ninja Turtles IV: Turtles In Time
snes	11982	Tenchi Sōzō
snes	11980	Terminator 2: Judgment Day
snes	11336	Tetris & Dr. Mario
snes	11983	Tetris 2
snes	11984	Tetris Attack
snes	11346	The Addams Family
snes	11347	The Addams Family: Pugsley's Scavenger Hunt
snes	11348	The Adventures of Batman & Robin
snes	11349	The Adventures of Dr. Franken
snes	11350	The Adventures of Kid Kleets
snes	11698	The Adventures of Mighty Max
snes	11351	The Adventures of Rocky and Bullwinkle and Friends
snes	11404	The Blues Brothers
snes	11410	The Brainies
snes	11445	The Chessmaster
snes	11460	The Combatribes
snes	11473	The Death and Return of Superman
snes	11492	The Duel : Test Drive II
snes	11533	The Firemen
snes	11537	The Flintstones
snes	11327	The Flintstones : The Treasure of Sierra Madrock
snes	11555	The Great Circus Mystery - Starring Mickey & Minni
snes	11556	The Great Waldo Search
snes	11571	The Humans
snes	11573	The Hunt for Red October
snes	11576	The Ignition Factor
snes	11580	The Incredible Crash Dummies
snes	11581	The Incredible Hulk
snes	11587	The Irem Skins Game
snes	11588	The Itchy & Scratchy Game
snes	11598	The Jetsons: Invasion of the Planet Pirates
snes	11608	The Jungle Book
snes	11637	The Lawnmower Man
snes	11639	The Legend of the Mystical Ninja
snes	11646	The Lion King
snes	11650	The Lost Vikings
snes	11661	The Magical Quest Starring Mickey Mouse
snes	11673	The Mask
snes	11760	The Pagemaster
snes	11764	The Peace Keepers
snes	11776	The Pirates of Dark Water
snes	11813	The Ren & Stimpy Show : Buckeroo$!
snes	11814	The Ren & Stimpy Show : Fire Dogs
snes	11815	The Ren & Stimpy Show : Time Warp
snes	11816	The Ren & Stimpy Show : Veediots!
snes	11829	The Rocketeer
snes	11338	The Shadow
snes	11842	The Shadow
snes	11988	The Shadow
snes	11852	The Simpsons : Bart's Nightmare
snes	11858	The Smurfs travel the world
snes	11881	The Sporting News Baseball
snes	11904	The Super Aquatic Games Starring the Aquabats
snes	11981	The Terminator
snes	12018	The Twisted Tales of Spike McFang
snes	12029	The Untouchables
snes	12061	The Wizard of Oz
snes	11985	Theme Park
snes	11986	Thomas the Tank Engine & Friends
snes	11987	Thunder Spirits
snes	11991	Time Cop
snes	11989	Time Slip
snes	11990	Time Trax
snes	11993	Tin Star
snes	11994	Tintin : Prisoners of the Sun
snes	11995	Tintin in Tibet
snes	11996	Tiny Toon Adventures: Buster Busts Loose!
snes	11997	Tiny Toon Adventures: Wacky Sports Challenge
snes	11998	TKO Super Championship Boxing
snes	11999	TNN Bass Tournament of Champions
snes	11872	Todd McFarlane's Spawn: The Video Game
snes	12000	Tom and Jerry
snes	12001	Tommy Moe's Winter Extreme : Skiing and Snowboarding
snes	12002	Tony Meola's Sidekicks Soccer
snes	12004	Top Gear 2
snes	12005	Top Gear 3000
snes	12003	Top Racer
snes	12006	Total Carnage
snes	12008	Toys: Let the Toy Wars Begin!
snes	12009	Troddlers
snes	12010	Troy Aikman NFL Football
snes	12011	True Golf Classics: Pebble Beach Golf Links
snes	12012	True Golf Classics: Waialae Country Club
snes	12013	True Golf Classics: Wicked 18
snes	12014	True Lies
snes	12017	Turn and Burn: No-Fly Zone
snes	12019	U.N. Squadron
snes	12020	Ultima: Runes of Virtue II
snes	12022	Ultima: The Black Gate
snes	12021	Ultima: The False Prophet
snes	12023	Ultimate Fighter
snes	12024	Ultimate Mortal Kombat 3
snes	12025	Ultraman
snes	12026	Uncharted Waters
snes	11724	Uncharted Waters: New Horizons
snes	12027	Uniracers
snes	12028	Universal Soldier
snes	12030	Urban Strike
snes	12031	Utopia: The Creation of a Nation
snes	12033	Venom - Spider-Man: Separation Anxiety
snes	12034	Virtual Bart
snes	12035	Virtual Soccer
snes	12036	Vortex
snes	12037	War 2410
snes	12038	War 3010: The Revolution
snes	12039	Wario's Woods
snes	12040	Warlock
snes	12041	WarpSpeed
snes	12042	WaterWorld
snes	12043	Wayne Gretzky and the NHLPA All-Stars
snes	12044	Wayne's World
snes	12045	WCW Super Brawl Wrestling
snes	12046	We're Back!: A Dinosaur's Story
snes	12047	WeaponLord
snes	12048	Wheel of Fortune
snes	12049	Wheel of Fortune: Deluxe Edition
snes	12050	Where in the World Is Carmen Sandiego?
snes	12051	Where in Time Is Carmen Sandiego?
snes	12052	Whirlo
snes	12053	Whizz
snes	11599	Wild C.A.T.S.
snes	12054	Wild Guns
snes	12055	WildSnake
snes	11899	WildTrax
snes	12056	Wing Commander
snes	12057	Wing Commander: The Secret Missions
snes	12058	Wings 2: Aces High
snes	12059	Winter Gold
snes	12060	Winter Olympic Games: Lillehammer '94
snes	12062	Wizardry V: Heart of the Maelstrom
snes	12063	Wolfchild
snes	12064	Wolfenstein 3-D
snes	12065	Wolverine: Adamantium Rage
snes	12066	Wordtris
snes	12067	World Class Rugby
snes	11500	World Cup Striker
snes	12068	World Cup USA 94
snes	12069	World Heroes
snes	12070	World Heroes 2
snes	12071	World League Soccer
snes	12072	World Masters Golf
snes	12073	World Soccer '94: Road to Glory
snes	11318	World Soccer 94 : Road to Glory
snes	12074	Worms
snes	12075	WWF Raw
snes	12076	WWF Royal Rumble
snes	12077	WWF Super WrestleMania
snes	12078	WWF WrestleMania: The Arcade Game
snes	12080	X-Kaliber 2097
snes	12081	X-Men: Mutant Apocalypse
snes	12079	X-Zone
snes	12083	Yakouchuu
snes	12084	Yoshi's Road Hunting
snes	12085	Young Merlin
snes	12086	Ys III: Wanderers from Ys
snes	12087	Zero the Kamikaze Squirrel
snes	12088	Zombies Ate My Neighbors
snes	12089	"Zool: Ninja of the ""Nth"" Dimension"
snes	12090	Zoop
snesbr	12098	3 Ninjas Kick Back
snesbr	12322	Aaahh!!! Real Monsters
snesbr	12105	ActRaiser
snesbr	12104	ActRaiser 2
snesbr	12108	Aero Fighters
snesbr	12099	Aerobiz
snesbr	12109	Air Cavalry
snesbr	12111	Alcahest
snesbr	12112	Alcahest
snesbr	12324	Alien 3
snesbr	12326	Alien Versus Predator
snesbr	12113	Animaniacs
snesbr	12114	Arcana
snesbr	12115	Arkanoid : Doh It Again
snesbr	12116	Battle Cars
snesbr	12100	Battle Soccer : Field no Hasha
snesbr	12117	Battletoads & Double Dragon
snesbr	12118	Battletoads in Battlemaniacs
snesbr	12328	Biker Mice from Mars
snesbr	12321	BioMetal
snesbr	12119	Bishoujo Senshi Sailor Moon R
snesbr	12120	Blackthorne
snesbr	12122	Bobby's World
snesbr	12123	Bonkers
snesbr	12124	Brain Lord
snesbr	12126	Brandish
snesbr	12127	Breath of Fire
snesbr	12128	Breath of Fire II
snesbr	12129	Bubsy II
snesbr	12130	Bubsy in : Claws Encounters of the Furred Kind
snesbr	12131	Bugs Bunny : Rabbit Rampage
snesbr	12132	Captain America and the Avengers
snesbr	12133	Captain Commando
snesbr	12134	Captain Tsubasa V: Hasha no Shougou Campione
snesbr	12135	Choplifter III
snesbr	12136	Chrono Trigger
snesbr	12138	Claymates
snesbr	12139	Cliffhanger
snesbr	12140	Clock Tower
snesbr	12323	Contra III - The Alien Wars (NES)
snesbr	12142	Cool Spot
snesbr	12320	Cutthroat Island
snesbr	12327	CutThroat Island teste
snesbr	12143	Cybernator
snesbr	12144	Daffy Duck : The Marvin Missions
snesbr	12145	Daze Before Christmas
snesbr	12147	Demolition Man
snesbr	12148	Demon's Crest
snesbr	12110	Disney's Aladdin
snesbr	12325	Donkey Kong Country
snesbr	12149	Donkey Kong Country 2 : Diddy's Kong Quest
snesbr	12150	Donkey Kong Country 3 : Dixie Kong's Double Trouble!
snesbr	12151	Dragon : The Bruce Lee Story
snesbr	12152	Dragon Ball Z : Hyper Dimension
snesbr	12154	Dragon Ball Z : Super Saiya Densetsu
snesbr	12153	Dragon Ball Z Super Butouden
snesbr	12155	Dragon Quest I.II
snesbr	12156	Dragon's Lair
snesbr	12157	E.V.O. : Search for Eden
snesbr	12158	EarthBound
snesbr	12159	Earthworm Jim 2
snesbr	12160	F-Zero
snesbr	12195	FIFA : A Caminho Da Copa 98
snesbr	12317	FIFA : A Caminho Da Copa 98
snesbr	12161	FIFA International Soccer
snesbr	12162	Final Fantasy 4
snesbr	12163	Final Fantasy 4
snesbr	12164	Final Fantasy III
snesbr	12165	Final Fantasy V
snesbr	12166	Final Fight
snesbr	12167	Final Fight 2
snesbr	12168	Final Fight Guy
snesbr	12170	Firepower 2000
snesbr	12169	FireStriker
snesbr	12171	Flashback : The Quest for Identity
snesbr	12172	Front Mission
snesbr	12174	Ganpuru : Gunman's Proof
snesbr	12175	Ghoul Patrol
snesbr	12176	Go Go Ackman
snesbr	12177	Goof Troop
snesbr	12178	GP-1 Part II
snesbr	12179	Gradius III
snesbr	12181	Hameln No Violin Hiki
snesbr	12182	Hameln no Violin Hiki
snesbr	12183	Hameln no Violin Hiki
snesbr	12184	Harley's Humongous Adventure
snesbr	12185	Harvest Moon
snesbr	12186	Hyper V-Ball
snesbr	12188	Illusion of Gaia
snesbr	12189	Inazuma Serve da! Super Beach Volley
snesbr	12190	Inindo : Way of the Ninja
snesbr	12191	Inspector Gadget
snesbr	12194	International Superstar Soccer
snesbr	12253	International Superstar Soccer
snesbr	12173	International Superstar Soccer Deluxe
snesbr	12192	International Superstar Soccer Deluxe
snesbr	12193	International Superstar Soccer Deluxe
snesbr	12196	Iron Commando : Koutetsu no Senshi
snesbr	12201	J.R.R. Tolkien's The Lord of the Rings : Volume 1
snesbr	12197	Jelly Boy
snesbr	12198	Jelly Boy 2
snesbr	12200	Joe & Mac 2 : Lost in the Tropics
snesbr	12203	Jurassic Park Part 2 : The Chaos Continues
snesbr	12204	Kendo Rage
snesbr	12205	Killer Instinct
snesbr	12206	King Arthur's World
snesbr	12207	King of Dragons
snesbr	12208	Knights of the Round
snesbr	12209	Lamborghini American Challenge
snesbr	12210	Last Action Hero
snesbr	12212	Legend
snesbr	12213	Lemmings
snesbr	12215	Looney Tunes B-Ball
snesbr	12218	Lufia & the Fortress of Doom
snesbr	12219	Mahou Kishi Rayearth
snesbr	12221	Marvel Super Heroes - War of the Gems
snesbr	12222	Mega Man 7
snesbr	12223	Mega Man X
snesbr	12224	Mega Man X2
snesbr	12225	Mega Man X3
snesbr	12227	Metal Warriors
snesbr	12228	Mickey Mania : The Timeless Adventures of Mickey Mouse
snesbr	12230	Mickey to Donald : Magical Adventure 3
snesbr	12231	Monstania
snesbr	12232	Mortal Kombat
snesbr	12234	Mortal Kombat II
snesbr	12233	Mortal Kombat III
snesbr	12235	NBA Live 95
snesbr	12236	Ninja Gaiden Trilogy
snesbr	12216	Norse by Norsewest : The Return of the Lost Viking
snesbr	12237	Ogre Battle : The March of the Black Queen
snesbr	12238	Panic in Nakayoshi World
snesbr	12239	Paperboy 2
snesbr	12241	Pitfall : The Mayan Adventure
snesbr	12242	Popeye
snesbr	12243	Power Drive
snesbr	12244	Prince of Persia
snesbr	12245	Prince of Persia 2
snesbr	12246	Radical Dreamers
snesbr	12247	Raiden Trad
snesbr	12248	Ranma 1/2 : Akanekodan Teki Hihou
snesbr	12254	Rival Turf!
snesbr	12249	Rock n' Roll Racing
snesbr	12250	Rockman & Forte
snesbr	12226	Rockman And Forte
snesbr	12251	Rocko's Modern Life : Spunky's Dangerous Day
snesbr	12252	Romancing Saga 3
snesbr	12101	Ronaldinho futebol brasileiro 2011
snesbr	12255	Saturday Night Slam Masters
snesbr	12256	Scooby-Doo Mystery
snesbr	12257	Secret of Mana
snesbr	12259	Seiken Densetsu 3
snesbr	12261	Shadowrun
snesbr	12262	Shin Kidou Senki Gundam W : Endless Duel
snesbr	12137	Sid Meier's Civilization
snesbr	12263	Side Pocket
snesbr	12264	SimCity
snesbr	12265	SimCity
snesbr	12266	Skyblazer
snesbr	12267	Snoopy Concert
snesbr	12268	Soldiers of Fortune
snesbr	12269	Sonic The Hedgehog 4
snesbr	12270	Space Ace
snesbr	12284	Space Megaforce
snesbr	12271	Sparkster
snesbr	12273	Speedy Gonzales : Los Gatos Bandidos
snesbr	12274	SpellCraft : Aspects of Valor
snesbr	12275	SpellCraft : Aspects of Valor
snesbr	12276	Spider-Man & X-Men : Arcade's Revenge
snesbr	12277	Star Fox
snesbr	12278	Stargate
snesbr	12279	Stone Protectors
snesbr	12280	Street Fighter II
snesbr	12281	Street Fighter II Turbo
snesbr	12282	Strike Gunner S.T.G
snesbr	12283	Sunset Riders
snesbr	12285	Super Bomberman 2
snesbr	12286	Super Castlevania IV
snesbr	12287	Super Mario RPG : Legend of the Seven Stars
snesbr	12288	Super Mario World
snesbr	12289	Super Mario World 2 : Yoshi's Island
snesbr	12290	Super Metroid
snesbr	12291	Super Morph
snesbr	12292	Super R-Type
snesbr	12293	Super Soccer
snesbr	12294	Super Street Fighter II
snesbr	12295	Tales of Phantasia
snesbr	12258	Tecmo Secret of the Stars
snesbr	12296	Tecmo Secret of the Stars
snesbr	12297	Teenage Mutant Ninja Turtles : Tournament Fighters
snesbr	12298	Teenage Mutant Ninja Turtles IV : Turtles in Time
snesbr	12299	Tenchi Muyou! : Game Hen
snesbr	12300	Terranigma
snesbr	12103	The 7th Saga
snesbr	12106	The Addams Family : Pugsley's Scavenger Hunt
snesbr	12107	The Adventures of Dr. Franken
snesbr	12121	The Blues Brothers
snesbr	12125	The Brainies
snesbr	12141	The Combatribes
snesbr	12146	The Death and Return of Superman
snesbr	12180	The Great Circus Mystery Starring Mickey & Minnie
snesbr	12187	The Ignition Factor
snesbr	12301	The Ignition Factor
snesbr	12199	The Jetsons : Invasion of the Planet Pirates
snesbr	12202	The Jungle Book
snesbr	12211	The Legend of Zelda : A Link to the Past
snesbr	12214	The Lion King
snesbr	12217	The Lost Vikings
snesbr	12220	The Magical Quest Starring Mickey Mouse
snesbr	12229	The Magical Quest Starring Mickey Mouse
snesbr	12302	The Mask
snesbr	12240	The Pirates of Dark Water
snesbr	12260	The Shadow
snesbr	12303	Time Slip
snesbr	12304	Timecop
snesbr	12305	Tiny Toon Adventures : Wacky Sports Challenge
snesbr	12272	Todd McFarlane's Spawn : The Video Game
snesbr	12306	Tom and Jerry
snesbr	12307	Top Gear 2
snesbr	12308	Top Gear 3000
snesbr	12309	Top Racer
snesbr	12310	True Lies
snesbr	12311	U.N. Squadron
snesbr	12312	Ultimate Mortal Kombat 3
snesbr	12102	Venom & Spider-Man : Separation Anxiety
snesbr	12313	Warlock
snesbr	12314	Winter Olympic Games : Lillehammer '94
snesbr	12315	Wolfchild
snesbr	12316	Wonder Project J : Kikai no Shounen Pino
snesbr	12318	Worms
snesbr	12319	X-Men : Mutant Apocalypse
sufami	12329	Bishoujo Senshi Sailor Moon Sailor Stars : Fuwa Fuwa Panic 2
sufami	12330	Crayon Shin-chan - Nagagutsu Dobon!!
sufami	12331	Gegege No Kitarou - Youkai Donjara
sufami	12332	Gekisou Sentai Car Rangers
sufami	12333	Poi Poi Ninja World
sufami	12336	Sd Gundam Generation - Colony Kakutouki
sufami	12334	SD Gundam Generation: Axis Senki
sufami	12335	SD Gundam Generation: Babylonia Kenkoku Senki
sufami	12337	SD Gundam Generation: Gryps Senki
sufami	12338	SD Gundam Generation: Ichinen Sensouki
sufami	12339	SD Gundam Generation: Zanscare Senki
sufami	12340	SD Ultra Battle: Seven Densetsu
sufami	12341	SD Ultra Battle: Ultraman Densetsu
supergrafx	12342	1941: Counter Attack
supergrafx	12343	Aldynes: The Mission Code for Rage Crisis
supergrafx	12344	Battle Ace
supergrafx	12345	Dai Makai-Mura
supergrafx	12346	Madou Ou Granzort
switch	743	[Tendoku.com] Mar3DStar [USA] [v0]
switch	728	Alex Kidd in Miracle World DX
switch	721	Alex Kidd in Miracle World DX [010025D01221A000][v0](nsw2u)
switch	754	Blasphemous
switch	742	Blasphemous II: Collector's Edition
switch	716	Bulanci.01000490163B8800.v65536
switch	738	Bulanci.1.0.01000490163B8000.v0.Base
switch	755	Contra: Operation Galuga
switch	756	Crash Bandicoot N. Sane Trilogy
switch	729	Crash Team Racing Nitro-Fueled
switch	757	Don't Starve: Nintendo Switch Edition
switch	758	Donkey Kong Country : Tropical Freeze
switch	722	Donkey Kong Country Returns HD
switch	766	Donkey Kong Country Returns HD
switch	751	Donkey Kong Country Tropical Freeze [0100C1F0051B6800][v131072]
switch	720	DRAGON QUEST III HD-2D Remake [01003E601E324000][v0][US]
switch	752	EA Sports FC 24
switch	730	Enter the Gungeon
switch	737	Flashback
switch	763	Hollow Knight
switch	731	Little Nightmares II
switch	732	Luigi's Mansion 3
switch	709	Luigis Mansion 3
switch	744	Mar3DStar [USA] [v0]
switch	759	Mario And Luigi : Brothership
switch	747	Mario Golf - Super Rush
switch	714	Mario Kart 8 Deluxe
switch	761	Mario Kart 8 Deluxe
switch	715	Mario Party Superstars
switch	750	Mario Tennis Aces
switch	710	Mario Tennis Aces (World)
switch	733	Mario vs Donkey Kong
switch	736	Metroid Prime Remastered
switch	735	Monster Hunter Stories
switch	717	Monster.Hunter.Stories.010069301B1D4800.v65536.US
switch	718	Monster.Hunter.Stories.Navirou.s.Outfits.King.and.Queen.DLC.010069301B1D5001.v0.US
switch	723	Mortal Kombat 1
switch	711	New Super Mario Bros. U Deluxe
switch	764	New Super Mario Bros. U Deluxe
switch	739	Pokemon.Cafe.Mix.010072400E04A000.v0
switch	719	Pokemon.Cafe.ReMix.010072400E04A800.v2621440.US.1
switch	762	Pokémon: Let's Go, Eevee!
switch	740	Prince of Persia The Lost Crown v1.0.0 [0100210019428000][v0][APP]
switch	741	Professor Doctor Jetpack [01005CF01BAC2000][v0][US](nsw2u.com)
switch	713	Resident Evil 4
switch	768	SHINOBI Art of Vengeance [010046701B488000]
switch	748	Sonic Superstars
switch	712	Splatoon 2 (USA)
switch	734	Splatoon 3
switch	724	Stray
switch	745	Super Mario 3D All-Stars
switch	760	Super Mario 3D World + Bowser's Fury
switch	769	Super Mario Bros. Wonder
switch	746	Super Mario Maker 2
switch	753	Super Mario Odyssey
switch	725	Super Mario RPG
switch	749	The Legend of Zelda : Breath of the Wild
switch	726	The Legend Of Zelda : Link's Awakening
switch	765	The Legend of Zelda: Tears of the Kingdom
switch	767	Ultra Street Fighter II: The Final Challengers
switch	727	Yoshi's Crafted World
