publishedItemId	publishedPlatform	publishedName	correctedPlatform	correctedName	itemRevision	coverId	catalogVisible	canonicalItemId	sourceGameSha256	artifactSha256	diagnosticItemTag	diagnosticCoverTag
e3bba3b81967883abd8e3725e17e015e	gamegear	Andre Agassi Tennis	megadrive	Andre Agassi Tennis	3	2f9e75ce0cdae254d5ae7bd765539db6	no	a29058655d280d564fc72c8af7b0383b	c3259cee7ab74daa05dde876dacf8a826bcaf3b96a1e5357ad7598cc79043ae7	c3259cee7ab74daa05dde876dacf8a826bcaf3b96a1e5357ad7598cc79043ae7	3a4522f99e0e897d0336fad1c6e49aad624e98bf7ae0a9d1f74938269beb32ba	3a9202c03b89c613ee986ecda7a41692dce1626432db4ddce5104b81b15fb7da
ec2030c38342d58c56150be99aa544d4	gamegear	Ariel the Little Mermaid	megadrive	Ariel the Little Mermaid	3	c7c92f8fd89326770e900fd0fa68d18b	no	6b7b4c947131d38cf053bd95ed082328	6da5976b47714965e24e16af05fca51db3583809d13992f1da7847d4acd39092	6da5976b47714965e24e16af05fca51db3583809d13992f1da7847d4acd39092	544374905052778a02eefbddc47c4fd4abae1027e2e9149635d9eced47b84ea3	458c0438f8fbf013334818450cba3aa043433e459b0f4cbd0af10fb7e0f1c118
bc782aae04aac3a8c42c851e51ca3e98	gamegear	Astérix and the Great Rescue	megadrive	Astérix and the Great Rescue	3	f39ad87750f24de11630fe0b833d5428	no	82561fbdd804c9377fcfa3b23e8e0c13	0a81825b666435b14ea0b957ec28fd1f028d490757fbd118bb700c5571920d53	0a81825b666435b14ea0b957ec28fd1f028d490757fbd118bb700c5571920d53	c351ae580560936c1f07ae1d2b95a9ef7fd3ed7d50aa7c2d5c8e0443a68c0196	5d6d7a3a954a409e64f4aeb21020f9701b5dc3fb224ce52a61551fcef84c15b4
475e121930c876fd42fe6ecdfacd3ba8	gamegear	Batman Forever	megadrive	Batman Forever	3	12aea394506087628e3e240d7077ab13	no	f2ce295b8c69f801c07f5a3a2c5f1bcd	b511b89c071ab11207541bf2189819a6eafd41e9bf383af895d1d47df216d922	b511b89c071ab11207541bf2189819a6eafd41e9bf383af895d1d47df216d922	80c33a626239fefab517c4e52bce6804458163ae0c7f87ce4646d1ee74460bc5	e49d88682a030b839e42dc7deb4c390df8c0519a237fcc78e3367c3059ff204a
02ca98122e4b2d01f652a6bf078069b7	gamegear	Batman Returns	megadrive	Batman Returns	3	99348c4a755ca756f583d0f48f162dee	no	a17643e3b516e4a13d59fe9fa02c06da	8b11857ccdff6860dc11f0e30a6d16e2cef9409803cd17f1545661fd64c4acb0	8b11857ccdff6860dc11f0e30a6d16e2cef9409803cd17f1545661fd64c4acb0	84773a51fc2d9e68fff9d072b3f2d31673f34d24c2f1dceba42afdfadcef4caa	b7549ec2cc0f951a75167c4759c03403a5677458119ddd564e3f2a56ebb55386
a0625a9b838d2d2da9caf7e47bf00ca3	gamegear	Bram Stoker's Dracula	megadrive	Bram Stoker's Dracula	3	6cafe6c96c892fd1d63c76d39e98e477	no	392dee7a2ed489f72a56b29df2f42f00	d446274a5129e75b805486df884875891c70d9461c9574d8c10eeca9e82fcbc8	d446274a5129e75b805486df884875891c70d9461c9574d8c10eeca9e82fcbc8	334f7188c7f637521bc9aec16554aa8075ce135d8f881949541783e3e10dce2a	33366b5e1078dea552cf9bcf6db9cd798be8bcd713be0418776f7d7e27bd8171
7bb3ccdf1c02f34d476d814001d94a99	gamegear	Caesars Palace	megadrive	Caesars Palace	3	85e739bd33ac52ef24217ba7a1cd33f1	no	8730798904209096db9ca87e8f074969	de684dd105d92529bf89f2cb4eef62a3bd79801cb21b9ca7546bc6b02ccd64b8	de684dd105d92529bf89f2cb4eef62a3bd79801cb21b9ca7546bc6b02ccd64b8	7a95daf484b3ab3af7b29b6bf91698f5974e16bb208cee23db3b85d703cd4a99	d88505daacdd9bdd9edf004346b9b8fed21133a3c55d2bf6239e2b6f54e2aa29
8a8fc912bfcbaa4762675734aacac9c8	gamegear	Castle of Illusion starring Mickey Mouse	megadrive	Castle of Illusion Starring Mickey Mouse	3	ad99756645e1da1bc23b5f784952ff63	no	44db95105435f0f65f47d9a0c6ecb26e	b5384072ba19e12503eb3b5520a48fc5ca34ad8b846a26eb82b54f40bc4aec9e	b5384072ba19e12503eb3b5520a48fc5ca34ad8b846a26eb82b54f40bc4aec9e	3ec8b76b1677301f5078d1c61a99b8d93e74b91769e85e925c6a86114ecedfe6	bbd6ab23b4a8053ae089573345fcf1184a30a36c10fb65d8d0e6a25094d6b1c4
7d7ecb75d02516b653d68fe55793e7cf	gamegear	Chakan	megadrive	Chakan	3	e2963707c297a9cd08f85c4804202ef4	no	b51583deb4f78cd32fe24da835b2c602	c68b7433ce8b5d0c0f334570731c7abc7750a3cdcddeace00b29733634301458	c68b7433ce8b5d0c0f334570731c7abc7750a3cdcddeace00b29733634301458	860ffe3c9c0c0f6dd307373eabdba9433626f00a97ffa72ef37b197231aa8318	967cb2b75962b2de0554bdd4918d874fe5d3744ae171f401ad507c08c09936fe
fc256aa86e855689d05e157ee985a098	gamegear	Chuck Rock II : Son of Chuck	megadrive	Chuck Rock II : Son of Chuck	3	429f0e6d0f50cea6ab9acf01a7425b19	no	0b6049dcfaa770c11eb7d9c5493e753a	8ddb5f24b2c2a7340d88a11ece9c984c44dab6a5c6fee0096f09c9d00cad3541	8ddb5f24b2c2a7340d88a11ece9c984c44dab6a5c6fee0096f09c9d00cad3541	3dbe1a1f26f9c63f356c4d163cd55c3c56cda82277ae2601a8724ac97b2e9ff1	7562a0e40bbce5bb586a2a15440aa9fb436932ca8a5d6ebf04c8def0956e374b
5ebbee2d8c107f8af9b7cf578c89d655	gamegear	Cliffhanger	megadrive	Cliffhanger	3	9add77f88ae9e6aaa0fe9ba68490017f	no	58c486bd1f7f4ecabd86a812f054b6f9	63a432e25251fa8cd1dc1e69516cc8a297a89255465bc4fd739900d9fe7dab54	63a432e25251fa8cd1dc1e69516cc8a297a89255465bc4fd739900d9fe7dab54	70e958056ae01a8d48bbf71d9a35d19022d56b56ea0c62abd717c68f2352aec0	675bfb8867fe1fe10a0ea721f7527b503906f5639392fb7fa7f064282f69e17e
5e1f42513e2ba1f49b35d76e16908bf2	gamegear	Cool Spot	megadrive	Cool Spot	3	5bfe1b7c1a53a4e887a0ea97bed51151	no	5953c8d6d96c7642abf66946113ffc90	cdbe15965c9e5d996b193d2a45a23ee011152993957109bac9f6fa4150eddfc2	cdbe15965c9e5d996b193d2a45a23ee011152993957109bac9f6fa4150eddfc2	a1ef6c3eabec65ada9d351a9740f839c239d6617f80a0c91312ccf2d367949dd	c8c4a65c20bf9893785f2e0bafb8713dd1c59919f62d25b1e30e346614b8218a
ce3f245960b94e064f027ffd8aefe466	gamegear	Cutthroat Island	megadrive	Cutthroat Island	3	07c70baecdab7ea819c5f43f879e2fe5	yes	ce3f245960b94e064f027ffd8aefe466	5c18e99d2ec819ea207e0d5cef1513c1845c8417121022c047d216d4ef140124	5c18e99d2ec819ea207e0d5cef1513c1845c8417121022c047d216d4ef140124	57b4daeda099521434572bee6e2f1a0d14ec8ce75316ea603ee56f9a0f71318d	a9b7c3987bd93cfb12fa425404f178c51863979651bca32fea384a91873ace23
2a43668160709fee43554514c775675e	gamegear	Daffy Duck in Hollywood	megadrive	Daffy Duck in Hollywood	3	2f598a0e2cc8e51de014ae4ec91f700e	yes	2a43668160709fee43554514c775675e	88d5c3c4ac306c8c03473d6fdd4656143df20e762894070295ae22981073d31b	88d5c3c4ac306c8c03473d6fdd4656143df20e762894070295ae22981073d31b	401a441023f4b0043fd0d1d88078613412203184e99997546538231739b1e61d	08dc411d0f8b4d427987b4bfcc8a9196b054dcda69efcb5ab9355c48f3e4cf81
37e3bc4613d1810f8237fef61bb475f6	gamegear	Dragon : The Bruce Lee Story	megadrive	Dragon : The Bruce Lee Story	3	e326df03d33812d4891e19b673fba643	no	f72ab303f31bb07d9acb408eceb4b8a7	12583051ab2c3d8e993892d3b86854dd37c6bf4ff1c0237dd1eb24181513154a	12583051ab2c3d8e993892d3b86854dd37c6bf4ff1c0237dd1eb24181513154a	02cf35b249c67d84a35567594c48d305445e5c7074b4b918ab2f30f4e37f3930	e8dd6c64e4ecaa4eb5fbf8ab6a0d78a1297ff8afa4197f0bf0259b985af41e5c
4ffb1824d37c7febaba4aeb7d47ad6b2	gamegear	Dynamite Headdy	megadrive	Dynamite Headdy	3	6310a617a07e8e3949f57399ebfc7af1	no	960d8e9607db199095478647ca11a356	ca4bb80cadc196091c97856a6615a5d7678916c0c93cdc6903d7ab45e8c8e6a8	ca4bb80cadc196091c97856a6615a5d7678916c0c93cdc6903d7ab45e8c8e6a8	48ccb5f196958bf3c8b7926cd0ab2f25b537319ba32415a2126ed66ac4c40004	07b43fe74f2a5f957c1df574baa3efd5440f8b58c319ab1eb0c622d034ac06b5
efb6455183ea28991ba74efa77ba5887	gamegear	Earthworm Jim	megadrive	Earthworm Jim	3	8739bb13bedee8026d0fc5800abcf1ab	no	ad6f677311ca7a9d6b083df373d30a15	7a1f67e280f1cc1127c59fd6e1987d075c70440be4c414cf9ce1a6b84d69e3c1	7a1f67e280f1cc1127c59fd6e1987d075c70440be4c414cf9ce1a6b84d69e3c1	e78200bc4432bf287e4cdbf5a0c2c1683e2c99ac86b377705a89104c2be296d1	80b65b9d1e0d7d5a24bd90c54a0edcd23a09fa239502499a86033db5c34b630f
f353eee4f0d99a1e7f8bdba205efe995	gamegear	Ecco the Dolphin	megadrive	Ecco the Dolphin	3	bce8845229cdf81ed66d3dd627b04b89	no	09ba28cd1c37ce2807408508d8ae1465	743ef85eabfb98386e26161b04bfcbb59a935c5aad37754c3b1c68bd675bc790	743ef85eabfb98386e26161b04bfcbb59a935c5aad37754c3b1c68bd675bc790	663b9f387ef02b4ee229a732b75a3ce1a8cf2f0d98e1db451b05ff4a31346671	b861ab53b9ca9def212e38d308b15fa720e290e0e1dd83215a0cb95403036b43
d210792abaf0b08c6eeccd9b49c01685	gamegear	F1 : World Championship Edition	megadrive	F1 : World Championship Edition	3	7c79006c4be68090567075946b3cddca	no	9e0cb5a30424d8390e6ac7e69c2088da	8e77d03909c3c9742b162dcb74bf1f65a7dd84012b1116d9c41f51c0ec9047d8	8e77d03909c3c9742b162dcb74bf1f65a7dd84012b1116d9c41f51c0ec9047d8	e37f77f33cca0d93d549e0be0fc0100c668e51e558c97c966164908b68706d32	a64555fddc07c08e6d131b83e63ac380038d89d835cd5f756eb32b1f59ff3c74
de85a88485d206651fa0bfde244cfc82	gamegear	Fatal Fury Special	snes	Fatal Fury Special	3	d678e0970c09aaa505a3fd4c3e036c82	no	5092f2b508e4476924e033353f0d5292	e695d2d15fca36a63c76799207f06d12c5c79121c3ac7a11293d38161423fcfe	e695d2d15fca36a63c76799207f06d12c5c79121c3ac7a11293d38161423fcfe	8dbfecd692f14c5ccbdc7f9efa3d287f8a3f298c64bde46b68033148248967eb	c98d9dd49a79c53bc63fde05e7ba3f01be9826ad8f637f5444be26ff2176f664
40d46f679c1b997e1c7e6efce0a4243e	gamegear	Foreman for Real	megadrive	Foreman for Real	3	ea5c1c5bfedd2351b8adb73e69dab621	no	eea907eefd2e8c285f7130c8b6f9475a	a71166ffc4b78047d6579d0e0190692b3ac9368b6bd7cec040397700fda13c52	a71166ffc4b78047d6579d0e0190692b3ac9368b6bd7cec040397700fda13c52	95fd23c21720ecb7124a8596c1b0d81722dfb531a78172817837969ad1b01ead	1296e9ba1f0fb9c8ce3fd1e4971987bc6e749fc6966ce803a2c45adb1cba2d5f
1e4d341cdfe848ce28f4649e1c2856e5	gamegear	Frank Thomas Big Hurt Baseball	snes	Frank Thomas Big Hurt Baseball	3	428277a00a007ac3142ec506b50bb5ab	no	04de9a95cd4715235e87ce10c94cef85	5e8f7fdb658985d03a4e40b40a5963de88c2248899fcdb25be2dd64db6047a85	5e8f7fdb658985d03a4e40b40a5963de88c2248899fcdb25be2dd64db6047a85	2dcfae0f6b63e39bfa34155e11a89501987cd71f40d5c17358c2eda80e5821df	7a880f30364cf36e84251d38d3562750a2d4ca31a7f1722a6c23c34910f6faf2
508607dda82a1846f63ab96dd5abd746	gamegear	Garfield : Caught in the Act	megadrive	Garfield : Caught in the Act	3	b18c30ab5586804e98191d31bf12116e	no	7d4c07c4ee20bc5861a5af6eea114478	10e3071e909db39a61f9ce8e5a46b96a7af60f1369e0547542d947fd537731be	10e3071e909db39a61f9ce8e5a46b96a7af60f1369e0547542d947fd537731be	09b8be0986dc81be088d2a8fb9e8d971a07c0279c4db22a98b3039ff367467be	aacd06f78aa859c344e5875362bfcbe8d88e201aeb204a2ae7eb35b9e6788307
4daf9214024468f0f117408ddc0e873c	gamegear	Greendog : The Beached Surfer Dude!	megadrive	Greendog : The Beached Surfer Dude!	3	335ee99d455cc5288281de4dc2fefd45	no	4542f29811eb0a4cccb041ac0c33825a	fef7cfca1f8345bb8e463daae8ce818df19dfb4afc04683f73061b57b6fca735	fef7cfca1f8345bb8e463daae8ce818df19dfb4afc04683f73061b57b6fca735	e235b134e3bc0f21779d65d994b92fef6522606388e515c80675689a2d82ca98	d1954025a019cf0156cd429183d819a3d6b964446f7726d8fcfe2fa2c28749cf
b09ef3c705956007f53487b72b667ac4	gamegear	Home Alone	megadrive	Home Alone	3	cc4a09f3e8e22a6f6ad25c0f3ea6ce0e	no	69c44fb290f5fdf08e6175d810622d0a	5f96e50c0926b8e12cc26890b8f38f715507b760e4043c1eb6148a75e3714457	5f96e50c0926b8e12cc26890b8f38f715507b760e4043c1eb6148a75e3714457	209c7acc3ec98a7ff42a2d0b881bb7fa6c36d771071ceacfb647be968e1b1b4c	df5790e90f58156a140d1811180995c374ec9b3aeb9633696738d41897f85ae3
370e04ade13be1ee475c7575a43587b2	gamegear	Hook	megadrive	Hook	3	6cef87710ebe108885c331071d4f433e	no	634e7d83a20d694ffb1418c5d6837969	01d65a11423d360433c69757901176257f95ba7689e7c4df1f26b03dd713f2df	01d65a11423d360433c69757901176257f95ba7689e7c4df1f26b03dd713f2df	ef84487354daa1c394d6095c8c6aac7d100d038ca47bf063842ca5e2031ca718	0a5f2ee527d3cc44cdc7b19f571dbb69255d0482e11b45a014657a14cb7982ef
5220fd66913c5844a3bb991796b829ad	gamegear	Hurricanes	megadrive	Hurricanes	3	a19ea9731250bd3b5199191549bf04b5	no	8fcdb314876337aad6409c07f3ce5bc9	df9a7103b9475ec03cd8b1574e986d66ae96c078233a14a5356b5803511a6aa7	df9a7103b9475ec03cd8b1574e986d66ae96c078233a14a5356b5803511a6aa7	72b9aa86d191734a4af2e250c8fd981d3befb0fb8364c54aa8f9ca4e3c3122af	2ad0a83c612571914b952f3b11cb9aaf46c2e82d31e9aa5903a4d98ef37d264a
24ea0526b23d2cb45b86491d35518e65	gamegear	Jeopardy!	megadrive	Jeopardy!	3	6688009a852043a42d21bf6ba7e5e62b	no	67e11fd2b70667e576f2c8080f095b6e	3d726fe82a3f7e568eab7aebad78aeb9ec82c023abf33c918d032e891c95837e	3d726fe82a3f7e568eab7aebad78aeb9ec82c023abf33c918d032e891c95837e	532b1a36e8bbf726602967c01184a39052deba84670d77c34bb154983d5d8012	a1ed339c71a25c73aa29c4982460e89f6cb86defcab158217a1a1de499e9b694
bf6f4d4a2c942bc17064e6d2c39f55ef	gamegear	Kawasaki Superbikes	megadrive	Kawasaki Superbike Challenge	3	4ec1d1c72949328f902dea3b7d7a6962	no	53a2244c2ffa057f15060858aae419cf	e3e5ddf562548dbee4d65a6f6f620cc1172309c5f8b459541bc03530399251c8	e3e5ddf562548dbee4d65a6f6f620cc1172309c5f8b459541bc03530399251c8	1869476dd2c7831df15b5d5defc7c987a5b15b8fe1368a8186e5ee840fad8adc	0fb6c9638db9e047d177c937db2c84360b43af8980a9003309d47680e58bdb31
7b0cc5f27e0af4903ca0fc34ba195e72	gamegear	Klax	megadrive	Klax	3	4deba4c3e833913c001247191d8442b6	no	2f0d7dbb32094ef22c47e4b431c9dca8	941953826f85dedc5ef81d8a5c7d0cab8db46bdccf1f004ac433333b8b8c0a8b	941953826f85dedc5ef81d8a5c7d0cab8db46bdccf1f004ac433333b8b8c0a8b	625286b02f9154835dba700354d580bf89949944ca7d30d1c9f8b5278c5f8b4e	74550e76500045ad8cc711529eccae778aef9638f6a9340e7fedfae0c28022eb
2832de42111e18f557eed74e1d27448e	gamegear	Marble Madness	megadrive	Marble Madness	3	1d98f3af2f3ebc420d51996fd1d22e82	no	221dda382a413b55a953391529d53591	ca8955b0ffe60758774ffce895f02fde401c67fc387ee7035cf00c63934d83d4	ca8955b0ffe60758774ffce895f02fde401c67fc387ee7035cf00c63934d83d4	6b18ddca727f74912dee76f6a6ed33172d0901cb9290fc0048a9d81dce9acf42	059f516c2855ed2c532e771b19afac85a7c896a4c287764f09fe8026cc6cce91
61e5663182b13de403c72f7bd0182d9a	gamegear	Mickey's Ultimate Challenge	megadrive	Mickey's Ultimate Challenge	3	e63d276a2f7f9d4f3356b84124e8024a	no	671acd1ca106523a2ebc9848779d0708	fb140afe1589b3f443ed4b84fddc202fc8b2491d2a635807939d17b3b520057b	fb140afe1589b3f443ed4b84fddc202fc8b2491d2a635807939d17b3b520057b	6d32891412c0055d92ec1f31368b1353aa2ad45abaebbc1a456c47e2d6ee0742	04a1b56956d21caee964c2dccf6c5d5afc51c7b59653855075f5f969493e59eb
32dd9c65b76705183e1a83a12f737934	gamegear	MLBPA Baseball	megadrive	MLBPA Baseball	3	d034d585b524863d56181ecd0fb5f149	no	ba06f0fe96380d9edc497f9e34f95401	458c4a07f6e226dd9e415cbbe2829b8e11d399c05ba1499b2bb754eaa54e74e4	458c4a07f6e226dd9e415cbbe2829b8e11d399c05ba1499b2bb754eaa54e74e4	a03b4c9048c0bd9ce0e74735e20df6d1aa3c48140479fd01a8b5292e7ceb096a	f92eaa923c6fe3edbb9e35221805ad6a72b1244197c68adca58d80d7262a5c35
be743825e7671def957783365ffd09a9	gamegear	Mortal Kombat II	megadrive	Mortal Kombat II	3	dca33ad2b43cdffec3ffef6068c4ecde	no	b9a4bd763c593e5aa5a34fffd5d0f39f	a526735a7a8ffcd20751d114450ca11da2990c4b60a81f5d4461793262e6c7e5	a526735a7a8ffcd20751d114450ca11da2990c4b60a81f5d4461793262e6c7e5	ca246318d3c83d3c79618fea3c0f8ee03055e6145b63ee7a4eaff10f1c63de0c	eb153d839ed10f0fd8fa5e3eaafd43947fa730641e64152526a34521f253fa37
5447386411b6f0bee58c9eef1544f714	gamegear	NBA Jam : Tournament Edition	megadrive	NBA Jam : Tournament Edition	3	b832ccba7e711de4c1b8bad3f7efc335	yes	5447386411b6f0bee58c9eef1544f714	7ce1bb3967c6baeb7c8beed525a618238a10efb2ec2baaba9e40a8ca7371d514	7ce1bb3967c6baeb7c8beed525a618238a10efb2ec2baaba9e40a8ca7371d514	aa377520f551c969747dfac2e0ad0e47d3bd9bf2ac926f1d833fe433ff14ef24	865e17f9f4344fcf984c8055e0943b44e25daf9aeeb0566879b3617aca54d305
fa5ca6eec9b132b3dc93585eb3692327	gamegear	NFL Quarterback Club	megadrive	NFL Quarterback Club	3	b2053e44f3a2e99349939874c0b05d43	no	b5967233b9cbf079305f6fc1c494c4f0	06dde58c5750d47615cf33331eac4d430e02763834941ef5b3f4bb2204c76aca	06dde58c5750d47615cf33331eac4d430e02763834941ef5b3f4bb2204c76aca	0a2889c92d55d1a0bb9e37f4d6138ccdb41b0b8ee30374f179639bea2ca57395	6cb923fa0f0cb072f95a6a980bea559f1b26d621a114a54954528886aec5fd72
282faca77e5015d97e7ff8a6a3c78769	gamegear	Paperboy	megadrive	Paperboy	3	3f40cff3aeac2d65f1119ea2ef15849e	no	4b2cb00d3cb372ffa42bc5f531f954ac	19f4c65b26fa220cb07fb0bf559dea240ab687cfe316e46951bed05d4f7f7632	19f4c65b26fa220cb07fb0bf559dea240ab687cfe316e46951bed05d4f7f7632	d7b145f8974c048b48a296c4d9d1072bf218ed3e93a0b79ff422b0d6be8339e9	d4e5d6b1868b482f8148d70f958399cfb5ea4e55205bbeb74113396f46e4459a
9b13da6314a81b6463be4dec03b5806d	gamegear	Paperboy 2	megadrive	Paperboy 2	3	329d09d40e9bf01c9ac9c12d80cfda0e	no	da0a94053db6a9cb08be969fafc1e6af	06b91e78293b48267b137a4eb705f1a0816cac9e53d9c30fcb5a4a00bc541e55	06b91e78293b48267b137a4eb705f1a0816cac9e53d9c30fcb5a4a00bc541e55	973dbcaebfe4fe7ec92e19f831e94f8db8871def7317d3983646ac537d0646bc	d214178c0c76df84fdb1faf98562353a6d82f09b9abb539a431195235e9eb655
e5cb6d27ab43b728ae9bc2559428eb86	gamegear	PGA Tour 96	megadrive	PGA Tour 96	3	44f2fd10ac024a13e0e95fdfb7771bb2	no	150f6f7d771d97bd8c86075900c06582	2860e4619343006bedd151c807c47a0f4d24808b584a3df22e2f0fb045bb33b3	2860e4619343006bedd151c807c47a0f4d24808b584a3df22e2f0fb045bb33b3	be05b2c387495661ebbf178e4006d0212de624961ed67761129fd23866eebec6	d13eae60fd8a59687886bf6d8ac7d64b68988861a25d65706cb6200e32931984
883242fd6ad24716e13731331f9c2d79	gamegear	Predator 2	megadrive	Predator 2	3	bf243f9e8f1c8269ebe79b6479ce12f8	no	2dcfe1c8d927064781fa7f9172d0b714	6ae70655e8f45dab822eba82bf8c71cc1596fb5eda3b5c5992bab43575001ad8	6ae70655e8f45dab822eba82bf8c71cc1596fb5eda3b5c5992bab43575001ad8	8bc3ad0965e16150322e61d8cf5810aac6844b15cb259f5445f81633f5d6110c	d17015d0482ba00085aa4def8cd1c7c950c4fba980efea55b26f6313a123e508
926c8de9783a9a55f507b0ae36116518	gamegear	Primal Rage	megadrive	Primal Rage	3	298ee4cbf1e8edca180b34b2377f8cac	no	49c091658c9bfcc8c035cdde07a7d426	0a584ba2ff8041afcf39ba4cadab6b81fa42aba26b32ae697e7ab915b47859da	0a584ba2ff8041afcf39ba4cadab6b81fa42aba26b32ae697e7ab915b47859da	e1426729efe97b76e8b903bdae48a3a1e6183483521f251c8b4eefeda55ccb69	57dcb09be5903c4a8284a4f94b14d71b8fa8402f43e15fac2cce5817fb8f88d8
a1d4cf5c690f06107d1055331e732d2d	gamegear	Side Pocket	megadrive	Side Pocket	3	7289e35a8e8599859e45e1e94f1ff300	no	4c44b86103014cbf7bc018046f8f98c7	d7ddbd78ce21d618f2ccad6d6b840c74b1158319c47cebaef52249df32ea3528	d7ddbd78ce21d618f2ccad6d6b840c74b1158319c47cebaef52249df32ea3528	fc9bcec5a9986f265b03cc075173157d4bb70ddf1426ab0eb9ec86d1d3af5ea7	75e3a52e147d5608b7074c0e195fdbe6105ada64bcfe643f5d562f6203901cc6
bd88c83c70beaf128a5b14c2058be902	gamegear	T2 : The Arcade Game	megadrive	T2 : The Arcade Game	3	cd979bb4d1c46255bb935c4d152cd9e4	no	859753a49a1feabc79b3e2ec148c0038	cc53e23057c914586220d37df9471be52bae1ddfbd2e1e0d2a2aa5cd347382f0	cc53e23057c914586220d37df9471be52bae1ddfbd2e1e0d2a2aa5cd347382f0	0c5dd6559516ea7311e9682ad05aafeaa76fa9a8a060fe2022957cda88da74d2	40eeb42c1726a9a6ae28f6c6e21ae629a54a5b70864449e0e55d22370492cf69
240959c463aa974ba098407591f642d4	gamegear	TaleSpin	megadrive	TaleSpin	3	f9de4e0ca05afce1e39ad4d6df6cd9e0	no	6ec421651279f1ad676c8979bec9f91d	46ab520d5b0dda7066f55e7f3ea0daa89d3a43cc109b0394c9c5cd879c7c19e7	46ab520d5b0dda7066f55e7f3ea0daa89d3a43cc109b0394c9c5cd879c7c19e7	e9e256ad97cb4f67e155a96c7094d37e974e64910d5d3e3e0f76eddd2d3a413f	4412f20c62df5ab47ea9b8eaaeffb8daa6efbf33f5554a78dd344e086bc0b874
3016967f01e533cb3967dbd685099ce9	gamegear	The Berenstain Bears' Camping Adventure	megadrive	The Berenstain Bears' Camping Adventure	3	388662fc5ecccbcc352f6f1979de7add	no	d0ca9720f5f2bef36163a44dda160b9f	91da3d0e4a9bdd04ccf8415abcc0b9eb7079f612f0d150d20b7a1af30ed0772e	91da3d0e4a9bdd04ccf8415abcc0b9eb7079f612f0d150d20b7a1af30ed0772e	7a3e376f2bcc107dce61c2d0da1806245c30636dc263090315cb31412753d04b	a9f8334388fbb0200b914fb0f5bfe6896f7bfcb9a2f0b706b1356cfd02e4446b
a9c0e2f5dbdff314887118a04710d450	gamegear	The Incredible Hulk	megadrive	The Incredible Hulk	3	3ebd85daed7c4dca9e58de602116fb6c	no	599661d84997d3ea1fb2195f1c56cbf0	8c599a086adb52ed058754c3d9912c9cac54d5d50f089599a89f4f93b9d11408	8c599a086adb52ed058754c3d9912c9cac54d5d50f089599a89f4f93b9d11408	c7c0dea6c3560a352330a467bad2cb5f883f0a835ad3dcf8bfc24814a970a476	f666eb1a0421ce8ef912053c7823a6158fbfb3833ff3d843c05f672382e2a3f3
3cdbc29f329663abf259d8a48b21b6f7	gamegear	The Jungle Book	megadrive	The Jungle Book	3	6d6dd9c0d5573598a7f047a6056022e8	no	08a23ee81579cde08d6e1c3ad794121b	50e86de68f3dd4f7f9ca1783b63167fd070036a1842736603cd042c04ccc2432	50e86de68f3dd4f7f9ca1783b63167fd070036a1842736603cd042c04ccc2432	9a9d6d0823b432d8a99fa3ac9b9fe3da50bcbf04952f36d7e92897a7f8d49438	edc066d7ed3ca89b48db2bf2569adddc91b4e50f92cb1cb100eae6e123411a6d
81f8ba14ead4d4792b5fe0e7a0f4c0c2	gamegear	The Ottifants	megadrive	The Ottifants	3	ebacd8fa489069e5fad80c6bf60f2217	yes	81f8ba14ead4d4792b5fe0e7a0f4c0c2	82021c89a709220b6bc784fe6ab718178f549fc682a7dba13d3901b05c353e53	82021c89a709220b6bc784fe6ab718178f549fc682a7dba13d3901b05c353e53	f9570557722fe8c56e42f5cafbc50105e5ef8aba7caf2697aae2818be1827ea5	9d332dee1ce00728d6b87bd3d556d4d12983deda52d71c39ac728c9d45b6c47b
d37b284c4d9a317c2c8dac701c4be672	gamegear	The Smurfs Travel the World	megadrive	The Smurfs Travel the World	3	4623683dc2ba2204f34194d753754fc6	yes	d37b284c4d9a317c2c8dac701c4be672	58b3700548868d9d03b2bafbb355473aa3d2adbb324dad8665a8af21d1ec8a8f	58b3700548868d9d03b2bafbb355473aa3d2adbb324dad8665a8af21d1ec8a8f	f675b7bba63b90672e0fdaee810dc11ae4dd46ade7bd2c7a51d39ec4482a1877	c237cad87c20db3714a520b27dfb61ee1abbd9081c81c4f2bc453466cba1e3cb
ee5fd459c8a40d19b25a0a6258207466	gamegear	True Lies	megadrive	True Lies	3	53746f8ecbdba8a3e2f158aa4b9b8ac3	no	659f029b92d4a4a464600f8fd9f0d764	7a18ff9fec647be91e655bf368ca6faf29e879b9cebd001d99d39d9b82d37e90	7a18ff9fec647be91e655bf368ca6faf29e879b9cebd001d99d39d9b82d37e90	9e3cba8a01b270bdcf5462287f1309c779bc373fd62c9d9030558108353e1641	ae7888c84c4d36946a75c25dc33486c4b70a09421439f6d55cc8393f4404a760
8906b895793caa814857f6750187c885	gamegear	Urban Strike	megadrive	Urban Strike	3	e7f3d181801c53c8f2b77ce5dce19898	no	93db858564468762c21959f382126461	dae50b307725df0742088b01b851bd8d5d6dbe0c88168b56c547cb1d415d14e5	dae50b307725df0742088b01b851bd8d5d6dbe0c88168b56c547cb1d415d14e5	0a74c1d65e80a59db1a395fc4c9d35148ec469c4cbdaf5ff3fa900046dd9b897	ed4f0e87676da39c18d4c2164ff3028d46d692293435883eedd491e0b646ddac
2fe2130785580a670be2c771545b3f9e	gamegear	VR Troopers	megadrive	VR Troopers	3	4dba43701033e2940678ea7bef79e7d1	no	4b6dce7c56006a6a7dd6e8262ce4197d	19adf71cb2c1b8c2d7c18715cafa4f0080071f0ae41a6b4241b8d61053354c86	19adf71cb2c1b8c2d7c18715cafa4f0080071f0ae41a6b4241b8d61053354c86	24ea185827cd724cf6e2f0456e4acf3cf08af056f9d58a817950e23d73db51a7	350c4c09c1ad726e6fa9629534ba104c659da4a6937c76c03eaccbd5ab913885
c5ea6aa1df2d84ff505007a2b34dee43	gamegear	Wheel of Fortune	megadrive	Wheel of Fortune	3	6345b8f25ac195a1196a4fdeaa8b9f15	no	7edd10985af3cdc79d442fd177b24fd5	5a37519fd9266365df2c41de7a532ba91bd3810c2d09abfb3716636703f1d691	5a37519fd9266365df2c41de7a532ba91bd3810c2d09abfb3716636703f1d691	a4e6749a8f258523fcf4e06e36f3245f1eeb87a3b7aecbee66a93855227047d0	10fa63180f1012b6e341b2bf58c1780f52992dfe63b44de09213fbc8d9bd2e6c
fef302da3c71123592f93570e21945e1	gamegear	Wild Snake	megadrive	Wild Snake	3	ba0cb9e1f2e8e6885da84f2376745567	yes	fef302da3c71123592f93570e21945e1	f8c6ce7bcb6738911761bd261086bcf1a91394bb4579e20082edc8fd45e4ac3e	f8c6ce7bcb6738911761bd261086bcf1a91394bb4579e20082edc8fd45e4ac3e	e50b81c0380c634665435b590d4d372750647f2aab085701cc2504239a2db5a8	fbaa7aa486eb6227f4933b6ab884b8b82d10b5995d8f56dde41bd0fd8cead816
37607c8c98b550e519ad72799989c6e0	gamegear	World Series Baseball '95	megadrive	World Series Baseball '95	3	6224529076ea385aefe2f78d346f59e4	no	bc63ed738de8712269ff6c7f57e128bf	fce205d53eddd6b1813813d1efa2963e1b36c44c0d58cc31a777470607cf91b2	fce205d53eddd6b1813813d1efa2963e1b36c44c0d58cc31a777470607cf91b2	7f168244853487a30bb7acbfd9917e260ca5d1caf1a17a801085f8a9039145e6	01d0eca0980a464ff995e27710465ce90bd2a18f44a47f56732563a7c9bda178
1a2b10b2f04de1de53d741af94529b93	gamegear	X-Men	megadrive	X-Men	3	4c1f95572e8f8442a16f224ab1854eaf	no	18db49e0f705455fcc761e8e9c4d900d	37f1874b93a1f3a561019cc4cb0420be1d52661865a2575a5dea2e1b9e549e64	37f1874b93a1f3a561019cc4cb0420be1d52661865a2575a5dea2e1b9e549e64	cc01cf17527fbd23da3f7eb0ae1206679583b21b78b2bf5735c3dfb42c1d1812	9c59b12464c1de6f2dbcc062e4767ddae24c3ca36e83124dc43160055b6bb6ff
053322c547d69c2a9012199ba7bfb74f	gamegear	Zool : Ninja of the Nth Dimension	megadrive	Zool : Ninja of the 'Nth' Dimension	3	c7d76f9f7bfd00ba45372e65d81b272b	no	f33d839dc1bf20d412be360ee362e6cc	260b46c6dd61bd24dadb0d417287c2f11e44bb134d238eb5bde93f9a944a86a7	260b46c6dd61bd24dadb0d417287c2f11e44bb134d238eb5bde93f9a944a86a7	f5e5e596552599a2d259bb6694f2851b28d459d9675add7e12008c9361251bf6	c8bc510a413a7a351735ac5974e6f82bf1e8b0e6f221bde0a43f04c877f41195
2285c64a086a8bb85bc58b049bf47a2f	gamegear	Zoop	megadrive	Zoop	3	8d3d3c489739b3631b2a0f7af952b7bd	no	7846779351863ac5f447d897939e9a87	a39b217edcacee5b5a43eda2b678a028b33b29834a60fecb59462dfef9abc651	a39b217edcacee5b5a43eda2b678a028b33b29834a60fecb59462dfef9abc651	02bae5c441ee43650f81cc7a5f8cfb812ea20284185f333c6966fdbe8e442c5e	0177f2b3e13136a4f59039b9ab0a48fe1bc0a253b211fb33ffe6886e700fe15a
3ccf0ac2be4878f222b6488b4a78ab53	gb	Best of the Best : Championship Karate	megadrive	Best of the Best : Championship Karate	3	e24692a37620081cbe6c345ea2a005eb	no	ef912a6c7ed3b3571ddf88b1c1c9680f	886732796263f09510bcd363e7770109e47b644fddc4f833e88965504a2632dc	886732796263f09510bcd363e7770109e47b644fddc4f833e88965504a2632dc	67bb9ff095955cc1be03d7a11124ba44673aeadb6a190acaedfac55b6f6be381	07878ed0f35643dc8c3b9673491842660c5d37c93196e780c8b9316f9791e397
efac3e518b629bf30027ee50d71107cb	gb	Captain America and the Avengers	megadrive	Captain America and the Avengers	3	54715a4359f40009deabc4aedc7c4cdf	no	a38a910739cc8d45dcfa1718c98c4ab1	64d8ac221f4250d39f97d63b08ae03a68a21060a15979dc0771a2973c8afb8c2	64d8ac221f4250d39f97d63b08ae03a68a21060a15979dc0771a2973c8afb8c2	c76a6565a7b5ce9c745703334cccd5e036919cf71284390eb13dd287a6e1eecf	9378f81d05e41f1f298ce412d780ee58bd676b1f4df1a2918be2417715b799ed
6d0746cce348a46f4f0d8526f88ead1a	gb	Championship Pool	megadrive	Championship Pool	3	a4284f23748ead007f115b0d8f05b05c	no	bd2fe6ed6336e7a0e2c5beb63f067571	897bdcf21d2760bf7459742efeddceb2633398f0ed7c34e7388336c0cb62b40f	897bdcf21d2760bf7459742efeddceb2633398f0ed7c34e7388336c0cb62b40f	e2e2d0c4970c3507735ec1540b103417c2ddd952bd17501c160ec9c4cc27e031	3b6a65b97fb18cb6c94de78f4136f9eab14ed8fc9925514e30cb3755037c6b1b
be6f7893d23ba22df4ada1b61e3ba117	gb	Cool Spot	megadrive	Cool Spot	3	692205d34e7813644597a11e7d2ec48b	no	5953c8d6d96c7642abf66946113ffc90	cdbe15965c9e5d996b193d2a45a23ee011152993957109bac9f6fa4150eddfc2	cdbe15965c9e5d996b193d2a45a23ee011152993957109bac9f6fa4150eddfc2	793a041b82d85b74bd1ec28be5233362707539a8a664ce994f7a2cb4f677f65f	92ebac9d182cfc7047e2baa11a30035577b98cc34e2b54970d9190626f38c968
9cc9e153d5145130f34d31676ccc7c1f	gb	Frogger	megadrive	Frogger	3	f99cc7b948d19d7fcbdcbe2165948630	no	3c02fbb5b2e24c4fc3302fc7379fd5cf	bbcfd4a890910572a13a0d1eb9ffe307e56551030ca2f4d29266702c6bacc840	bbcfd4a890910572a13a0d1eb9ffe307e56551030ca2f4d29266702c6bacc840	87d43b437fac9e9f8d401ecf5fa7e3e06337a3a8cc9bee8ab543df617b377af9	e42d3b30d67ce344a0deb04fe7ae7eda52f15258b9ef7214ef7fa4d22301328f
711947c59670042180e75f3242a4c9b6	gb	Home Alone	megadrive	Home Alone	3	330ce82f0b67aaa7c189fb93524931ed	no	69c44fb290f5fdf08e6175d810622d0a	5f96e50c0926b8e12cc26890b8f38f715507b760e4043c1eb6148a75e3714457	5f96e50c0926b8e12cc26890b8f38f715507b760e4043c1eb6148a75e3714457	ba230833bbf2d6fd341bfc6ea4d29a2a9f07f27ec4f4cf1491a9a6e470769f58	742e32f6a991335de48205cda0c751c08648a86f89f70f74c492fa4a1129ac41
ff0efd6fcb6d7a363a1652a3a008d3f5	gb	Hook	megadrive	Hook	3	f6607379ee450e89ee6eaa1dd7cd2a99	no	634e7d83a20d694ffb1418c5d6837969	01d65a11423d360433c69757901176257f95ba7689e7c4df1f26b03dd713f2df	01d65a11423d360433c69757901176257f95ba7689e7c4df1f26b03dd713f2df	4ed6e478122d97765c8a5bb1bbd99e07aca6cde5baa6420e488c9299826a9a89	e312b24df76dc2a1927caa5084c72e8042192e3beb820ee24b218328cbd6d5d9
d1c255d0374205c4e3f503abadd3920a	gb	Joshua & the Battle of Jericho	megadrive	Joshua & the Battle of Jericho	3	ea756cb2f752bcb3b3f7689889a005fb	yes	d1c255d0374205c4e3f503abadd3920a	ec0472e1f9afb15839ca8257552e03462cd68219e6edfae4b977834a54de32df	ec0472e1f9afb15839ca8257552e03462cd68219e6edfae4b977834a54de32df	06c272c651b86a0175e8f24b56e3add1273ac3725c61afa9b40977a31b4f8af2	0a070094236c563352a888779c0e51ac72ecdd02c44286ea43083dabb0b05653
cd01e20ada94f1f5ece57bd7e7b4ca70	gb	Jurassic Park	megadrive	Jurassic Park	3	c6414ccc56c29ce1470cfdc45e267a30	no	46fac61dd6c224f817067714d1115b2f	8c5e8c72cf6ee87bc5732c63f19843e68b8f9fd4e55e3f87146cbdec14fa4c36	8c5e8c72cf6ee87bc5732c63f19843e68b8f9fd4e55e3f87146cbdec14fa4c36	6bbf35475fb923e58255658b07f57a9b129b5c96e31e8ec1fbfc5d194fe6e1e1	cd854c3772bc7ab3f997cce6d1becf4ff6d1cecf20ad4b8252def88d77493185
a3b3d620f511eba0c5998866c2b92780	gb	Last Action Hero	megadrive	Last Action Hero	3	e7974c2e687334bcfc5f972c7700d1ed	no	adaf62b8d2e91ed9c8c201c7dfce8fc7	1c7e3c58d48d1066b88ed395ef490121c91bbee73ba4f28c832d8874e333db53	1c7e3c58d48d1066b88ed395ef490121c91bbee73ba4f28c832d8874e333db53	1579aa2f07dba436ac82ff95a660b43e2837a5778fe79499fe49a48ee1ce8fe3	c1436bc4566b9496e541811486fb25c5ae3bfd0a755b4db350f392b2b3e9a406
319742c14c94633c27e115aebef2414b	gb	Marble Madness	megadrive	Marble Madness	3	0fbd67dfceaeb93dc71b0ade48122ce8	no	221dda382a413b55a953391529d53591	ca8955b0ffe60758774ffce895f02fde401c67fc387ee7035cf00c63934d83d4	ca8955b0ffe60758774ffce895f02fde401c67fc387ee7035cf00c63934d83d4	0683089ef56dda5f2a3c4656779edda12b807c757f0a9b93bef5e1d6d2b76f26	9f18bafac874682d41dbfb825c8e309c7686e5d144747c765daa3da7e4bda172
4a6f58fa24b8b1630aa978910edac528	gb	Monopoly	megadrive	Monopoly	3	715cfcc12410c9d09aab603825f8b95e	no	8c9e32ae74a09c8ffc9bf8b5d9398879	d830a648591ee0d59dad4946ffdd4ac840876e8495e54c19c282097a5d1b312f	d830a648591ee0d59dad4946ffdd4ac840876e8495e54c19c282097a5d1b312f	a7c8afa2beac030255c23262c80fc3ae3bd0f42c7b146cb4dee950de53dd09e8	bf7f085ac4fc520822c84f6c79c5e04bc92fdc9cccc967028994cedf5c25c3b9
c08c071b235d203ae2f744aac002a8e2	gb	Mortal Kombat 3	megadrive	Mortal Kombat III	3	2e0362dad601d5db149fded0eb8ae676	no	08ef2c0d9fd79f724afb77d785f58378	d709763aee62c37e3642eeecf1a68b02d41f363107ff4d62aa48292dba09568e	d709763aee62c37e3642eeecf1a68b02d41f363107ff4d62aa48292dba09568e	2087b5d41bd691270b27c04cf3ff0422e193e3eed7988f860a7edf06afa063dd	c78034012d4d2ef96db89f018272d0a0a57d85e0c306798d00593154e5e6f29b
9ccebc5a053a99f2e7908cddf09e9db0	gb	Mr. Nutz	megadrive	Mr. Nutz	3	0fd10ef5458330dbcc4ad8e5e98395fa	no	26beb6061054a7895a8ecc7da8bdcd27	11ccef91ada755df9f56224b2f636f888951a46c1dad972bab3ea74f5204b237	11ccef91ada755df9f56224b2f636f888951a46c1dad972bab3ea74f5204b237	ce4c82422431307b2a062c04b026fe07d074067f7d1cf8eaa020a293a34b17c3	5ed05aeb171838ff524ac2685a4a31151e15ede1aa4fac13d6dcf7ca7367de9c
d37dfe0fe1b4b60606eda93babed3ac2	gb	Paperboy 2	megadrive	Paperboy 2	3	ca8b4be2919d5af3be8bf23ac3249c08	no	da0a94053db6a9cb08be969fafc1e6af	06b91e78293b48267b137a4eb705f1a0816cac9e53d9c30fcb5a4a00bc541e55	06b91e78293b48267b137a4eb705f1a0816cac9e53d9c30fcb5a4a00bc541e55	f12e9d36c69496eeff89f2e7d92f27f8e6a3eabf6285ebc7135901470e3cfb82	9af42178416c4645c4266657863877f20e1a2b5d48d7f26b67578166ea3ade60
0324c85d28a857a544d2227c91f69a4e	gb	Primal Rage	megadrive	Primal Rage	3	7ac59af2b0647452941dde56d0e8e6bd	no	49c091658c9bfcc8c035cdde07a7d426	0a584ba2ff8041afcf39ba4cadab6b81fa42aba26b32ae697e7ab915b47859da	0a584ba2ff8041afcf39ba4cadab6b81fa42aba26b32ae697e7ab915b47859da	21337c1975766065ec1d00521d3cfb162520c074a865d167784d748532cb7e5b	b03b0c3f60eebae2f0df5126088b2e4abbf21f80c2f2d0611a4aa29a9d7ac0b7
1b3481a1c42a0562d1902508ece8d163	gb	Prince of Persia	megadrive	Prince of Persia	3	90a0281bc236ec12914f7c7a2e229feb	no	077947aedf498a84795ffbf7366d4140	91cb639e158f97ad2b84b314a56d3bb100aa9b7ab4836d23a37479100268b6ba	91cb639e158f97ad2b84b314a56d3bb100aa9b7ab4836d23a37479100268b6ba	ae03255ec09c885d9898c108964671d93f07b183b923ab0b986edd477c90289b	8d92c14b4831cfabcecbbfd42aeff164e6d136d2287eaa981f7cc16ac31e3edb
4150662584f93bd88e592dd988409d0e	gb	Spiritual Warfare	megadrive	Spiritual Warfare	3	118d559eba7f00ca10908df4e0c602ae	no	3f581e6c2ef3e4abf06f2e8d4c421c1a	0d2f15b6f4c5f5ab4b38974896ddebd936ca053d121d0aabb024b8a9b3d5058a	0d2f15b6f4c5f5ab4b38974896ddebd936ca053d121d0aabb024b8a9b3d5058a	0324b9ab4626e7acf8c0cebc2c715b946767d20a92f9bb0c24432b8e8773e715	39afbbcd84c34c0c9158be09a996231049130db713f5f4a4f14c0893da2b4f26
7c1b051ac2d283f60bf3708c059dd1e2	gb	Stargate	megadrive	Stargate	3	e3efa79b885462f67dc4f99c85f9c8bf	no	27b38b7023fa2e7e660ae8c600881ae9	1c26946f39d0a132e8bc37260d0dcfbc0afb3143db9cd24a335c5f13cbae6c43	1c26946f39d0a132e8bc37260d0dcfbc0afb3143db9cd24a335c5f13cbae6c43	0f343fb36615801f253f24faffb679de1b2669c7afa90eb98fd626f2fc9da2f2	9afb401dac98de0a50e9075a4e0e3c3b0410fe5bacb4c605eb02f25dfa8cd31a
22022cdfec79427bf58bf4edd0eb67f2	gb	The Humans	megadrive	The Humans	3	d29cc4f0599667ffdce708f24f73d608	no	2e30bba5ec9fd979c924c8d4dec8dfab	04cb91c415e8348687fb340025d994ccd735e86dc4ab1f74e29ab22636756db2	04cb91c415e8348687fb340025d994ccd735e86dc4ab1f74e29ab22636756db2	0354fd396b8e49f927ae5c91462d5abf8adab321b953bb9c1054691facc6977c	7e07bcb28eec55ade01e3d92a60570d4ab34a3ca4bb691ad735a088bfaba4c0c
8f621b0207f36f4f00b33b1e26dcd6f9	gb	Toxic Crusaders	megadrive	Toxic Crusaders	3	243c6a53073f0f3e6294ad2bd644bdea	no	d81d18146d69b48941b9cc9ad5aa041a	c971ebe494dcb0b24e14aff35b4f71bc80f1b97a2bb2b3d3279a142d9f221795	c971ebe494dcb0b24e14aff35b4f71bc80f1b97a2bb2b3d3279a142d9f221795	68f02438062e420823d1c3091fc09a1820db10a1caf1a35c415c810a54113208	1cc458052cef8e13963f236642107bcdc3ad27f4707c472cb3a5848644853a65
219e71ed9bf84e900d1a6e3ea8300dd5	gb	Zool : Ninja of the 'Nth' Dimension	megadrive	Zool : Ninja of the 'Nth' Dimension	3	f37576883acf2eb1286b187db1021b7e	no	f33d839dc1bf20d412be360ee362e6cc	260b46c6dd61bd24dadb0d417287c2f11e44bb134d238eb5bde93f9a944a86a7	260b46c6dd61bd24dadb0d417287c2f11e44bb134d238eb5bde93f9a944a86a7	f22b220f1d76230855fb486f065f355f6f083a764c624ff11c0b3706fff1c415	853e01d2f4ec58cae6ea9094db4ee194805504a4082d80090a482990336a44fd
56660cdc71d54fcb66ea0a3fdd4608ef	gba	Earthworm Jim 2	megadrive	Earthworm Jim 2	3	7a9996ed17b9181ce7a3e9c3d8d9cb47	no	a108fe8e6a838ee9cfb1d15ad765d7c4	6e7718d281350a90ebffd90fe2a958821beb31ed806e18731f2d5b74587693bb	6e7718d281350a90ebffd90fe2a958821beb31ed806e18731f2d5b74587693bb	630f41c61715189e6681143e6176e2a0ca1ce710cd0af19bcbb9ae07ad44fcda	d259d15916c5ecb7285826d73cc11841433c2cee3bb97f84a802d3cb722848a1
d8ffc2d35a43976aa9ac589131e3798e	gba	Family Feud	megadrive	Family Feud	3	d21a74acb05400cc060dbecb98f37ee7	no	b8abd078c3b5257222d8d172fd04f335	782e046b7e8ea59e17c7a5bfe37e1323d5576e46f56c6326e83b67c412bcd9f2	782e046b7e8ea59e17c7a5bfe37e1323d5576e46f56c6326e83b67c412bcd9f2	8a28ee0aa20f90631b4497f2e2b696139bce46643e3458a88c7c6d0863513f9d	c2284ada9c8ee714a572c40838d082c83b6f324737e2e91f3692fd627b4101f0
3fee4e98298e739657cc4b92bf37db0d	gba	Monopoly	megadrive	Monopoly	3	9937f374e85f69de8969f209d4fb2fab	no	8c9e32ae74a09c8ffc9bf8b5d9398879	d830a648591ee0d59dad4946ffdd4ac840876e8495e54c19c282097a5d1b312f	d830a648591ee0d59dad4946ffdd4ac840876e8495e54c19c282097a5d1b312f	65799fdcc9bc0b457d8f3d8f6c7cc87d94d1d0b4e081d6f195f262d0dcd0fb33	96f1a9a54931de3866fdefaa6f80fed63a8286aec4c4752735f318593c79f87d
b90251ce215220c3c31ff035182b2216	gba	Rock n' Roll Racing	megadrive	Rock n' Roll Racing	3	41afa32891d7a371f238dc40ed0a93d9	no	8a7bb54d9e204de2ad1f7ea7fb8ed98b	468247cc31e7560d6af0bc7b26f50220d1d2e5f931c7e53d386ce567d8075118	468247cc31e7560d6af0bc7b26f50220d1d2e5f931c7e53d386ce567d8075118	7508a3b5e5c76e4d3e4f3a83437badb5d2c5d091bfeec2b551351753a5ffbdea	3c383a638ec706c8adb7adee91e59b5b44774dccfa092dc408b3ad8d9c720a4e
392058685415f396465cf54d81cdaf5a	gba	The Lost Vikings	megadrive	The Lost Vikings	3	ae5dcfb520ff88de19ed72a422343937	no	cbd83be3e89456758ad7c165907abd12	e092a55144d116b333273a02375f140ba8cbbeeb208ac3473ea79f146f2027a6	e092a55144d116b333273a02375f140ba8cbbeeb208ac3473ea79f146f2027a6	fa2f44b30f19737a8c51faa27cc3d040a30c57ebd8ae0249e79fe08f95dc175d	af63aa067072b1845eae37a81338708f741b48bb737cf371a21184ad43420026
0b94c55b275ddd622ab2161e5337f315	gbc	Aladdin	megadrive	Aladdin	3	a16da0726b41b8399e7eb517e79b841d	no	8044d5b22742b4034c4e1f91186364d0	1047a05147d6a5218eb7ed02ce045cf504a6ec034f1e11f0219a9d205e7d8b4c	1047a05147d6a5218eb7ed02ce045cf504a6ec034f1e11f0219a9d205e7d8b4c	1060b9cac784815cf7cdc6c44f243a954fc305c0513303d6aaab87d1ae0ad4fd	09905b88d103fbdcdd1f3b9c634925d068abc8f6d4e40cef8f6aa2f57f903a8e
f0216d31b7642bf78d522f1b2bec4763	gbc	ESPN National Hockey Night	megadrive	ESPN National Hockey Night	3	5f4bdffdcc7489405abe03d6897e0ff4	no	c249ee848b59b020502e66445acaf284	44f5aadc520623bb03d25623cba9dc476d3cba159aafa1183ab3da4135f76aca	44f5aadc520623bb03d25623cba9dc476d3cba159aafa1183ab3da4135f76aca	096d68daac525fb60ed37ffaa7ba2769da1be95aba4f5c9cbb6cb0f2c6a29f03	b3dcd10ddf472fadf9fb75d64c2a2692a0ff65ae0efdda6f12f25eb1500798b6
9ddceb9cec649764365874a8ad523846	gbc	Klax	megadrive	Klax	3	14d97e48b86860a1a449771dfaf5490d	no	2f0d7dbb32094ef22c47e4b431c9dca8	941953826f85dedc5ef81d8a5c7d0cab8db46bdccf1f004ac433333b8b8c0a8b	941953826f85dedc5ef81d8a5c7d0cab8db46bdccf1f004ac433333b8b8c0a8b	a6f5f3d4a3dd2b1745a3a94b74b86cf79bbd81c9008265f98289c6b98d97531c	02db174a417e150b06d7e6e53b618d083c490595c262def0162b0f317c66793b
ee405cee8d4fc832842489b643fc1144	gbc	Marble Madness	megadrive	Marble Madness	3	afaff69e4e5669b456526fbe2e06d94e	no	221dda382a413b55a953391529d53591	ca8955b0ffe60758774ffce895f02fde401c67fc387ee7035cf00c63934d83d4	ca8955b0ffe60758774ffce895f02fde401c67fc387ee7035cf00c63934d83d4	b8b8ba2e184991f0e0247fb53f9b93269911face8a24a931bc5ae00413c099f8	d1fe28e0f10d6259889db866242b223a2bcdc4b5759653a9eb07d3a617bae13b
e028186ddf82a48f112b57c89683491f	gbc	Paperboy	megadrive	Paperboy	3	c53c9289b72e68fb28d0a92b03f9f64d	no	4b2cb00d3cb372ffa42bc5f531f954ac	19f4c65b26fa220cb07fb0bf559dea240ab687cfe316e46951bed05d4f7f7632	19f4c65b26fa220cb07fb0bf559dea240ab687cfe316e46951bed05d4f7f7632	52db2085a3c1c1efb7ee7586a17399acb0330f4cb4282091836d705c073cb876	e37baeabd60e22ff488146d307454fb780718c6d939c062a0b7ca63db9677842
f2ab0de2d65fe635a4276005c38a1b53	gbc	Rampart	megadrive	Rampart	3	b149f60018faf5f73983bcd3c978f43e	no	4dc8dedf84322514d8a72f8ffe45199d	e436a876c11817c30401bca9a8f79a9a59aa3b85d0c5229c2a1eb1240bd76f38	e436a876c11817c30401bca9a8f79a9a59aa3b85d0c5229c2a1eb1240bd76f38	cff32f0ec993a230f72dd98664274ec0bcd14f1ee6c937250edfa3d5bab33ba9	8ea845305b162f31fef6845fc47b9700d5ef7806eb5fcc9feb98a22e10232560
8df1b41c2a7af9aacc337533014c43aa	gbc	Road Rash	megadrive	Road Rash	3	1874195dea334b88e5d4d02292b9807d	no	096b62c840e4ca77a918677029fcb098	2ef4db235684229542f9ad0040a37ac813bdb5025528fd570ab890c55685aa2f	2ef4db235684229542f9ad0040a37ac813bdb5025528fd570ab890c55685aa2f	451b8fc08bf0a8f6952bcb222257f07a22fe7f705e300c737026f904ac524723	ac5924d2d87974b270293154d3a631f6d6fe50505dcefeb894aa8a520dc228f0
d81e9237f8bb1a2bd93b14654539f9a5	megadrive	3 Ninjas Kick Back	megadrive	3 Ninjas Kick Back	3	d4a80441579df18107186b24385119ec	yes	d81e9237f8bb1a2bd93b14654539f9a5	8c6ff350972c00e18153e2643821d146a56dee833882d9ff121950f4a2c0a6b7	8c6ff350972c00e18153e2643821d146a56dee833882d9ff121950f4a2c0a6b7	2ebfbde0482230b452d88f04959850a6bf8645970a3dad417af25c72f98ce954	93a8fb0ebf99c43b451e013e1602e81c6f1571e85ae65b3b44b6954a65888b9d
4fb975f3ffea91df72a72a347a5ba7f4	megadrive	6-Pak	megadrive	6-Pak	3	1cc7f7dbf0bf04882f581ce1b157ac3b	yes	4fb975f3ffea91df72a72a347a5ba7f4	c64511161c73810550f4eaaf110fae584b853179bc06c3b221e9d3616cc7c956	c64511161c73810550f4eaaf110fae584b853179bc06c3b221e9d3616cc7c956	cbde2c9ce0ae0843cd2f901148cec3a56e494a65ca2496304565762871d308ae	f6117176a502b8b13e320d0a5cf70a4574e319ebf9600668f3b8adf230bf7fcd
a1b01d96ca65074333bb09e5725426fd	megadrive	688 Attack Sub	megadrive	688 Attack Sub	3	0b11228e3039a954895462f40302457a	yes	a1b01d96ca65074333bb09e5725426fd	1774b843e5c69bda7e104eafd443c7515625fc03b96a6b8baeba34637a7c7b94	1774b843e5c69bda7e104eafd443c7515625fc03b96a6b8baeba34637a7c7b94	08c7cd7f68691f2bba12a3a476c94037e767b07b26f6ecefa970d6b524319fdd	6f6e87471743225f1dae0a5dba3f0c8be38e271bb5493015b038765d7f192c18
8499fbeebe7dfb44db6d7e0bd030a42f	megadrive	A Dinosaur's Tale	megadrive	A Dinosaur's Tale	3	c0e133326f49b96ebe8b96dbecb2aa79	yes	8499fbeebe7dfb44db6d7e0bd030a42f	cba0a2bb6a6159e633373d481590cdeefebc54342ff5ad42e8d7f2b8b8a70b2a	cba0a2bb6a6159e633373d481590cdeefebc54342ff5ad42e8d7f2b8b8a70b2a	a72c7539ddfa3ab519ec2002def25326a079c56b1005eece81b37a70fa82f56c	b0e76b8f6774b8e80b70a4032090aa3f4c9b65a08ed1077d6dc8e243ec97a2e6
60cd7121a8afc734dbac954af0d8fa31	megadrive	Action 52	megadrive	Action 52	3	d730ee32fe7fd771b4d389e495a2c2ec	yes	60cd7121a8afc734dbac954af0d8fa31	8d81eb9893974f8ac8c6265d7376b91094689fbeecd25b99486a1a3bab68d2bf	8d81eb9893974f8ac8c6265d7376b91094689fbeecd25b99486a1a3bab68d2bf	f0a9e2d8ad5f2431442875180c13c8e3e173999ae3320c0f6b46120a1a0da3ec	beb82f78e6c50d34f7b201b3b0dfec31232c573d02a9bf7b72ef38ba531720bc
f9a711b4f29799b813ebc727c60a508c	megadrive	Aero the Acro-Bat	megadrive	Aero the Acro-Bat	3	4c40a8c1ab383e9fad94274118f9a3fd	yes	f9a711b4f29799b813ebc727c60a508c	dbe62b3be63b07cb9ceb41f42e59da4e6a9629a0eb542dabddc1d34ac5582d37	dbe62b3be63b07cb9ceb41f42e59da4e6a9629a0eb542dabddc1d34ac5582d37	765d49966dd25f1906fc029c55707acaddd1ab91baccd81f54ce54dce5befe37	9d6c5ed4725de54ca22d9fe5e6893bda8c2ef85f2d404d415b1316d4cbad248f
031acb6a0706aa75984bf0c784fb51d2	megadrive	Aero the Acro-Bat 2	megadrive	Aero the Acro-Bat 2	3	c6dc905e2d204ab8993f42abb2dac39d	yes	031acb6a0706aa75984bf0c784fb51d2	e72fd051b9a060935bffef3641ba6526c1ebe8789188f70f0f1d30921c1bc38d	e72fd051b9a060935bffef3641ba6526c1ebe8789188f70f0f1d30921c1bc38d	9ded9a5c9fe212d885f806f55922a1d927a6e9fb5b78be05f7d7208805550c67	3b5b41556681cec6f903fea5796ae4910517bd1eb69deaa1b787089f46b5538f
13b7038e5eb8879ebd6f8b885578f5e3	megadrive	Aerobiz	megadrive	Aerobiz Supersonic	3	597f8af3727e7e0573628b9ef1afbe3e	yes	13b7038e5eb8879ebd6f8b885578f5e3	9e43d857ea335a0128944b2167daacd1dc802f0106f9be3fbd40e32bf2c2fa46	9e43d857ea335a0128944b2167daacd1dc802f0106f9be3fbd40e32bf2c2fa46	3b091d314775bbf52f12e546ad25c087be969e376cf5b1d25f283a9a37021457	d233b58c2b2483c7fc489f098b5389f360a56f8cba55c17f0f4cf870f9f6dbd2
308a8b3cf184dbcfe5bc6c4d363843a6	megadrive	Aerobiz	megadrive	Aerobiz	3	198bb4cc5e7c1382a8b5c80d0524f82f	yes	308a8b3cf184dbcfe5bc6c4d363843a6	71ed3d1857a04f73d8f62f3c958e7339285a5ab79cc5a142396ea0a610383798	71ed3d1857a04f73d8f62f3c958e7339285a5ab79cc5a142396ea0a610383798	013f2b9a45257657d3c1721529a846c5a2b47f4a3dc8c71fa3711a18c2eea693	baf4904c1de489f2ec92f2fd06fd004ea18de9a6c7789ae90740379867e7284a
b85361dec6d63a775f337f6a8f2f6313	megadrive	After Burner II	megadrivebr	After Burner II	3	1a320fd9820f3e58e4672be737eb8a23	yes	b85361dec6d63a775f337f6a8f2f6313	61d2384098a8689a6b88e12971c0df5827007339545a68006c996d1ff29e0c46	61d2384098a8689a6b88e12971c0df5827007339545a68006c996d1ff29e0c46	4dbf5c1e955d353da88d48bdf08781c4d287360e61cdb49b06b4fbb0a306e89e	179a1ef9f2cb8057a514c9f5b710f078eac6771365abe717b6a3734e318a4c59
e3fbe762a341cb0a8381cad17c22d1e1	megadrive	After Burner II	megadrive	After Burner II	3	7ed75198666df9669249a077f3d7c46d	yes	e3fbe762a341cb0a8381cad17c22d1e1	e7b6d0f3e9358317d9135977309758d91dd6f188ccf97d517c22c9bb228d76b1	e7b6d0f3e9358317d9135977309758d91dd6f188ccf97d517c22c9bb228d76b1	0f87e1632d912494b8ddea71f637cb323bb5492d583678fb16ee02a2c99e2651	b9123710489639cf7189e29b81b6440e4d9a012dee1cad523e389c909ed67ca4
dc93d30d77860c4abd48752ea11dc80d	megadrive	Air Buster	megadrive	Air Buster	3	3059dde857416890ad9b04b79e9836ca	yes	dc93d30d77860c4abd48752ea11dc80d	c41f5434de44d4993714c96955c8437cb0cef4561f64a33be79939107cd33bd4	c41f5434de44d4993714c96955c8437cb0cef4561f64a33be79939107cd33bd4	ed7c8ced6fcbf4e7ec9f9cfc94177a8821a86703ac9f81e91a06e4a5cdc6b0bb	09a72d86b17ab5c0de4eb26b1f830f9030412da19c7fc1bb7ac4a2c3f9886901
22351d120f83975549c7b42574cd7686	megadrive	Air Diver	megadrive	Air Diver	3	d7501283dbd114ebde1de4f20e9c474f	yes	22351d120f83975549c7b42574cd7686	34bf69ffc191a013dd7c0ff0ae5d6914a8327f043679b94bd79e324cdfba3d37	34bf69ffc191a013dd7c0ff0ae5d6914a8327f043679b94bd79e324cdfba3d37	f335f898215e64ea4f13d6b840c4a3117dd55abb7eaa0cb632e87fcae29db7b3	768ad63affde3822cefbb973310e5ffbb411a48a841640676ba9759a97174b23
30fa85bcffa4e926cd2eb5cbb842c3f9	megadrive	Aladdin	megadrivebr	Aladdin	3	7220568bca24443073af92da1479b041	yes	30fa85bcffa4e926cd2eb5cbb842c3f9	8d5eb14dbf8a1b6dccad0cd02802615974bb8785cafc05c30d71fac1b2fdc33a	8d5eb14dbf8a1b6dccad0cd02802615974bb8785cafc05c30d71fac1b2fdc33a	6f4edcf1ccca2d9cd7e32140eaa17cf8747e7be53e3490e44c150da48ffa4616	a162e6f53d3b91f16d4b1de8fa6f6b3ec46da4a21e0e18c90ec3b98d2eaa2cf6
8044d5b22742b4034c4e1f91186364d0	megadrive	Aladdin	megadrive	Aladdin	3	c4240f5656e8957320e3cd3e84af2082	yes	8044d5b22742b4034c4e1f91186364d0	1047a05147d6a5218eb7ed02ce045cf504a6ec034f1e11f0219a9d205e7d8b4c	1047a05147d6a5218eb7ed02ce045cf504a6ec034f1e11f0219a9d205e7d8b4c	b1880be42b8bb69787eeaa5dfd2861e051414bd34a4c78505a2ef6fcf506951a	1e4e28dc0a47eb87066945d0f69147808b9c221c0616a3756fd198d71466dff2
58fdd8d2b9d23d032d32cc11d12b984f	megadrive	Alex Kidd in the Enchanted Castle	megadrive	Alex Kidd in the Enchanted Castle	3	0fc1883d9f54c951730ee5c008216f02	yes	58fdd8d2b9d23d032d32cc11d12b984f	792e0f235321a5e0913cc39913904f6b5a5997acfb21d08f294652a259318395	792e0f235321a5e0913cc39913904f6b5a5997acfb21d08f294652a259318395	64e812cdbe26019b53834de098aeb2ac8bd1d250df8fe64b27c7807f453b7dc5	0c5e2688dd17ca731fbf8b95584e10da441a763a9587b3af077820a1de20bf5b
43f403d88c30467123f5bd61d1eb6161	megadrive	Alien 3	megadrivebr	Alien 3	3	2800f97e101093bc8f8f04651ed8bb11	yes	43f403d88c30467123f5bd61d1eb6161	d251a474156350e1671c0802a47757eccc710b5b20557250e49f9d22e21d6b85	e23420a2e04333d287789f7ab354ed20b1db68e17d107d9e34031335d78b34b5	520f686ee7c321e07f637b164ea3ffd6cbf7a24eb69ffce378dcb97a5a35cdd9	f07c54e548c38f0929e0fdeeffc0d19335f23fd0aa76f4a41cce5ba5274a089f
8e103e604263bd776513f3360616199e	megadrive	Alien Soldier	megadrive	Alien Soldier	3	1fd4e9dbef201a40bc3ec1eaa08e497e	yes	8e103e604263bd776513f3360616199e	0ea1581d24d611cc77558eb9963a1fc74a8434a4eda0d048df7ef34ee2879a5f	0ea1581d24d611cc77558eb9963a1fc74a8434a4eda0d048df7ef34ee2879a5f	bf6647905acd9f4974b8d61b7a85c2193062b6b827f9de5b124a6ec62558020e	0b52eaac1abe858dccb89c32748c9e936957947c670dfc271f609cd9559ab03a
62244c05d48b92e75e869df2bc3ae91d	megadrive	Alien Storm	megadrive	Alien Storm	3	741bb060f78043572af3f6062d7c621f	yes	62244c05d48b92e75e869df2bc3ae91d	f84efd271482f409b4052d1f80c18e9136fdfae4345ef60ae4d62951778d90e4	f84efd271482f409b4052d1f80c18e9136fdfae4345ef60ae4d62951778d90e4	396e01e35a7d6d0030661dbbf6cc9a2476b046de2e700ef08ce258c64959d56a	d016210a1712699a311abf8a0db48cc4a095136d80cbe9758a867f5cf50f94b7
87e8e187d533f51077679e5ab963b804	megadrive	Alisia Dragoon	megadrive	Alisia Dragoon	3	ad6f821e8c3783e8e7f5a6301d34556e	yes	87e8e187d533f51077679e5ab963b804	cda3a65e4c2043050afeacb8acd302f170c8d9a50511a32dbe926f190afca10f	cda3a65e4c2043050afeacb8acd302f170c8d9a50511a32dbe926f190afca10f	0d988df3a6a73d7e9c8a09fe61b3adc5d42e0ead8368638fbfc2810f3da2f2a5	5d6a54503d869fcd9bf5e1d04d08cea30f03a1fb59ebb10bdd42ce32222c593a
fcbf406aec8a051a7be91053ad3a8c4f	megadrive	Altered Beast	megadrive	Altered Beast	3	ba0624b2b66ac48a4202366ea096639a	yes	fcbf406aec8a051a7be91053ad3a8c4f	3ed06b53d7e46fde153e917ac065bbe5feb53422c2c96aa95027f6c8c628f6f0	3ed06b53d7e46fde153e917ac065bbe5feb53422c2c96aa95027f6c8c628f6f0	7e9799fa1ab097e902f308759262ee417bda4d2583f2493b71a2d09519cf6e27	d8e83f40dfc10332c7595d6fefae3278609bd46d5cd0e06ad32ab95329c4e862
8b2e64fb96a1b632adf02f37dd9d4ce7	megadrive	American Gladiators	megadrive	American Gladiators	3	9cda4d18fd09576309a108d88b3b4328	yes	8b2e64fb96a1b632adf02f37dd9d4ce7	f7db0074db606739309c70b32abedb8c79f059292bbe730856b08a554a3e1dcb	f7db0074db606739309c70b32abedb8c79f059292bbe730856b08a554a3e1dcb	0e0298431963f9ca5d1f6dda18389afc5a93ed7963f5846a09943f36c475e2c1	ba91c2cbc90aef5abfac468fa7947a102af538bf8c6f2298b90d5e7c60ca3617
a29058655d280d564fc72c8af7b0383b	megadrive	Andre Agassi Tennis	megadrive	Andre Agassi Tennis	3	44bc13e240753e92cbecd2145e4e1cea	yes	a29058655d280d564fc72c8af7b0383b	c3259cee7ab74daa05dde876dacf8a826bcaf3b96a1e5357ad7598cc79043ae7	c3259cee7ab74daa05dde876dacf8a826bcaf3b96a1e5357ad7598cc79043ae7	fdd0a72ba6f4cb18bcb06c9655c1aed368ff7dbbd671e93ff09a9f791e699566	b27f38d0d84d2d90d5861b3786d99586df335bcbf77b54a3a7432d43fc86e12c
b74d7ba88710d4988bb1ca5975a79be7	megadrive	Animaniacs	megadrive	Animaniacs	3	e11584e9ec9aef7910b9fbc6ad8d2a48	yes	b74d7ba88710d4988bb1ca5975a79be7	312d81de49a26e816574ae74c34a83e64a69c43be62a6e50110478ae4247ea8b	312d81de49a26e816574ae74c34a83e64a69c43be62a6e50110478ae4247ea8b	106f5da06a0e1139926c2317d3a0cfcfb2d9332c1184d4f762c6c05872096fe3	6b99a65726aa31cf0a788a5afd6109a43716a0cd93d4ec079b6e3e4fea7e6f58
6638f79fc1dbeb375ae75af596598188	megadrive	Arcade Classics	megadrive	Arcade Classics	3	823389db3435a47ef2769f9982ea9983	yes	6638f79fc1dbeb375ae75af596598188	9ea9af20658e56e53e50c1dcc67074a404f81bbfcf359719002c2c7f015b1ce4	9ea9af20658e56e53e50c1dcc67074a404f81bbfcf359719002c2c7f015b1ce4	4a059bd4f6967f6a2b638afa05e80efb11f4f6e3db5464b3868089ea72ae454c	92d6f42bb92c88cdce57a47b87bcb72df1de68058a1a4fac05bbd131c762963f
6178782ca7a5f21e1c3085db4a9d40ce	megadrive	Arch Rivals : The Arcade Game	megadrive	Arch Rivals : The Arcade Game	3	e3c7574947e9804d060dc081619dc733	yes	6178782ca7a5f21e1c3085db4a9d40ce	84c276771072a2db0ddd8b4bf9d69ba712c827dadbe5bed451cae2238cb0fe7d	84c276771072a2db0ddd8b4bf9d69ba712c827dadbe5bed451cae2238cb0fe7d	5cb64f6a03b3a7ad12d4fb48ca29a6d2813c749fda92894b22030a7e1890862b	91b3b997f07f353fdb0bf53b4d188450dfc832bea2a91d14ecfba1f83d7edf0f
0931f473dba3a8c44fe2050febce138b	megadrive	Arcus Odyssey	megadrive	Arcus Odyssey	3	a6ba422d5056184a973e91f555759705	yes	0931f473dba3a8c44fe2050febce138b	2d46bfee73ad06e228d4bbf06f45c464d462b0b145bd01873e53e606d8cafa30	2d46bfee73ad06e228d4bbf06f45c464d462b0b145bd01873e53e606d8cafa30	9646e9947d4ae21f3eaf1fb5b1a7747f4d4a201b3ae8388d598de34394832ef4	cd73620315a39e75cb9cfe89c8fefe3ec0a5880cab9c40eb59cd63997e903637
6b7b4c947131d38cf053bd95ed082328	megadrive	Ariel the Little Mermaid	megadrive	Ariel the Little Mermaid	3	e1ea13b7167d0379aa2491b5b10dbbc5	yes	6b7b4c947131d38cf053bd95ed082328	6da5976b47714965e24e16af05fca51db3583809d13992f1da7847d4acd39092	6da5976b47714965e24e16af05fca51db3583809d13992f1da7847d4acd39092	19fb4a7719cf66879903e236641fbe98e21ef5334b0ef080dc04c5bcf01b38d7	8be7f2707e007c48c2740cffdae43fc8181addcec480a46c44a851344d0c650b
8102099b517c5929ea1d4ebe4267653b	megadrive	Arnold Palmer Tournament Golf	megadrive	Arnold Palmer Tournament Golf (USA, Europe)	3	2beaf239d27e63527029045bb424e6f1	yes	8102099b517c5929ea1d4ebe4267653b	c6dcf26ae89911f5e27434adbadb639c4cc89cf662af2f0880f6515bd5c8bf62	c6dcf26ae89911f5e27434adbadb639c4cc89cf662af2f0880f6515bd5c8bf62	96d2334e3d7e8cc6d5e4a9fac352db3ffe23e885d2fea85c2242690459d868ab	1393f03fcbf99e095450501763ff4bc7d6bef5a89608e294c930fc0baf3b5a41
8de932ce692e48632eb2b5c33f4a93e9	megadrive	Arrow Flash	megadrive	Arrow Flash	3	fc27e41cb62ffa2f4184fd1b7e5f3a8a	yes	8de932ce692e48632eb2b5c33f4a93e9	28cefbc0eb1691332b36637837e2e49a4a375eb0ecdccaa94dc529bda7027a6a	28cefbc0eb1691332b36637837e2e49a4a375eb0ecdccaa94dc529bda7027a6a	c2403304105feb0460e2a04e15f37a1535b8c882976a9eaa1a1b6cd9021dd41b	cda8e57a91258208198ddd1401812935ae2e04609d884111cac6cd54609c9e04
a52099375147340d97b838090447feea	megadrive	Art Alive	megadrive	Art Alive	3	a1f1a8e5423fd63785c8677aae5bc776	yes	a52099375147340d97b838090447feea	f9c031b0bd9be2692a75e4d8fc3e0a6611c36ab55f0cf3d81f0c8ef1a4f59115	f9c031b0bd9be2692a75e4d8fc3e0a6611c36ab55f0cf3d81f0c8ef1a4f59115	d581f7f9f378fe67023aea9f367e73d85e57ede7b4eebf95ce14e10148b61522	db70ccaee4b848a0ba98cf20f7db4618ecef9e07e3b32ebf6424d1af2879f7c1
60db28367deae67e5d9c9c4ea15ef4ac	megadrive	Art of Fighting	megadrive	Art of Fighting	3	c80c606a35316d49937a165f617221ef	yes	60db28367deae67e5d9c9c4ea15ef4ac	f1c43f5dc5b3345b8e6c6160b2dc5a4b4ee0f65619f1716e567ab330e3966372	f1c43f5dc5b3345b8e6c6160b2dc5a4b4ee0f65619f1716e567ab330e3966372	a094eb10e5741314f8302895fbb30f6877c9cd83d27d7fab563e9f6303f5d4c4	ecb59387adb291f7e28d772b864e28a16b53c478093f8ec269f5e3a9cef014ba
82561fbdd804c9377fcfa3b23e8e0c13	megadrive	Astérix and the Great Rescue	megadrive	Astérix and the Great Rescue	3	fdca9bc72bba42ff25818f6c07c7aa83	yes	82561fbdd804c9377fcfa3b23e8e0c13	0a81825b666435b14ea0b957ec28fd1f028d490757fbd118bb700c5571920d53	0a81825b666435b14ea0b957ec28fd1f028d490757fbd118bb700c5571920d53	40beae336b1d5e7d1b1c47341eff937eea46250cdc5b5ff4af7877dce1c73a8d	14fb1505a4d3ba01be8e7c37dc6731c700958f8e04db0e2e1cd9b57efefd1163
5fdd1670332d2e242f5157c9dc349d83	megadrive	Atomic Robo-Kid	megadrive	Atomic Robo-Kid	3	f15ada1ff9966464698cd397adeabb42	yes	5fdd1670332d2e242f5157c9dc349d83	7dcdf08cadc34f9f154c4015d6c050d5f80b99ae55cd170d8036dca58693ac9b	7dcdf08cadc34f9f154c4015d6c050d5f80b99ae55cd170d8036dca58693ac9b	59f4e3ca4ef487789aabc58387819afa9bcea7cd881042c86b05fe37bd8d6659	b51a413b88b47e789b960c7627ddc934b4df9f76f6eb59c30e5b226de4548aca
ebe014883a29d00a6033fa8d5fa9e37b	megadrive	Atomic Runner	megadrive	Atomic Runner	3	99408ae5556e6afad518d6c606912dd0	yes	ebe014883a29d00a6033fa8d5fa9e37b	38b29c502c7d7fae1f568bb7cf8a15a3db9bb7230d3212411b8c1b411e71e9f5	38b29c502c7d7fae1f568bb7cf8a15a3db9bb7230d3212411b8c1b411e71e9f5	83ad1130648226ab42dd234647b614af3050e4c833a3eea753f2e44c7a7b4a4b	48db1b9890943e9a716ca71a6213f7d5ed4f559c47a45d74ad8d0f3fbd6cc623
25b8a5fe53ce85b427a194907db0264b	megadrive	ATP Tour Championship Tennis	megadrive	ATP Tour Championship Tennis	3	1e7ccff96413272d4d0ca507400e3148	yes	25b8a5fe53ce85b427a194907db0264b	8b747180152a4711d4020286809c767f7f42cfb66c79a6dac7d6f70b18cb4dcb	8b747180152a4711d4020286809c767f7f42cfb66c79a6dac7d6f70b18cb4dcb	4c7c7e2606968660d1dac54fc113f6672feb5a7676f2adcf45de23b090f73e63	1fbc94e4aad853c3bb726a7a5d68c2fcc4a31c6983bb18f1d6a019de4b8f7030
619bad0f76591d7a10f771d4503f0348	megadrive	Australian Rugby League	megadrive	Australian Rugby League	3	858e528529b65c5e2af086c40ada0144	yes	619bad0f76591d7a10f771d4503f0348	dac0ea331bc72c460d88595a7d17ec476ca23b5852eba8d6d561ce939d849a9a	dac0ea331bc72c460d88595a7d17ec476ca23b5852eba8d6d561ce939d849a9a	484e97a439b5f2021fa29e71fa7efaa1da6de1ea85c89fa85e5c0022194a1a11	e15fe01019efc8cb750eaf3b9432d16c9c2087b4b4b08d1c803036747e57287e
9d321d4526ad5a13e8611eb120edcf7e	megadrive	Ayrton Senna's Super Monaco GP II	megadrivebr	Ayrton Senna's Super Monaco GP II	3	dae1b5c218c87d42f12712faa174b1b7	yes	9d321d4526ad5a13e8611eb120edcf7e	067bea6030f2cac12eb9e9025bdd2fe4475e0abcf05fe1bb4f6b63c02bffb4eb	067bea6030f2cac12eb9e9025bdd2fe4475e0abcf05fe1bb4f6b63c02bffb4eb	6b5c2a572aee8380eef9bc32e4eb6adbc7699210df294e4b61e092b75e05a85a	caea04f78382579f7c0d525d7e2f390a1ce6d5a1cf67dff7df766151aa47d4bb
94d648e959f589bdacc52b11579e62b0	megadrive	B.O.B.	megadrive	B.O.B.	3	27f9a021638710351dabaaa4e77358f9	yes	94d648e959f589bdacc52b11579e62b0	54655d8430a04fb6bdd5deeb48ee2142edc08b82e32b79440ddd8d9e91130a17	54655d8430a04fb6bdd5deeb48ee2142edc08b82e32b79440ddd8d9e91130a17	cf920d6f27268b09dab45738225cbf9b9fb3f3a254d6d6ce6dd526d8571961a9	3679d0646c000a562d0eb5fbeeb67e13b16bef0b645cf21b1cbb8b961955f1d0
268e4e82acda113f8091f883f11c4932	megadrive	Back to the Future Part III	megadrive	Back to the Future Part III	3	807bd1d0e3acb6fb60814f0b41fdbc63	yes	268e4e82acda113f8091f883f11c4932	dd04adb6c5fe41b8fb7181d6fcdba3d87663d6ee786ca49b5b47488e6815dd3f	dd04adb6c5fe41b8fb7181d6fcdba3d87663d6ee786ca49b5b47488e6815dd3f	8eb9787c224127e92911cf7dc7d7bd6a7f0ac822bad22503068f845d2f016562	52a31f355e964b4f9f6f059a3a081c9343f9cfffe90faf9e955a02895ff5f6fa
316f1d65c4b1d3fc796eec4e78e68e77	megadrive	Barbie Super Model	megadrive	Barbie Super Model	3	f14dc451cd3930b9e252ff93e66e9cf5	yes	316f1d65c4b1d3fc796eec4e78e68e77	afb60c6506a8a12211fc55a3f6f9223e186c0ff66616d19df4a1963f48375f1c	afb60c6506a8a12211fc55a3f6f9223e186c0ff66616d19df4a1963f48375f1c	e36ae4f74454655c5cf6e07578ed59b1662711a2005fa5fc230783849b677f61	9acb3864c484e63b816e3fe1694f5190a3d1fb7e4d5709d6bec392a91e0d3aa3
b5ec4f62017c531804583675db90b4ff	megadrive	Barkley Shut Up and Jam!	megadrive	Barkley Shut Up and Jam!	3	47caf9565832a87b7da08ecdd50cfa1f	yes	b5ec4f62017c531804583675db90b4ff	09747d8d07a40034188a1499e1cc61d28f619764cd3ea1c0747f23dc7d297769	09747d8d07a40034188a1499e1cc61d28f619764cd3ea1c0747f23dc7d297769	26e567ac996fcbd5df136ed5229f1e3f76dfe4bc5b13aee677dd4803385f6121	0ba19ea4c3d5afd498d62154274afe00be697bfc6340a0aa2582fa41f004ae60
6a5bb340a3dc1a02c89232813e998157	megadrive	Barney's Hide & Seek Game	megadrive	Barney's Hide & Seek Game	3	ddd81200933892467e62748ef9237db7	yes	6a5bb340a3dc1a02c89232813e998157	da105104b2a5c301ab37c4a092a1a6a28a39542cdf89b52108d2cd6e88026d4e	da105104b2a5c301ab37c4a092a1a6a28a39542cdf89b52108d2cd6e88026d4e	344ea2e9ecfa30cd1ed7b5275585dd518146428ef28fe645b397757f89e73490	c396319d117d1877f86188da330ea708ca4d505920d24392d705b485ecacd41e
fd0183f79a0b7d9a85d10c780150680b	megadrive	Bass Masters Classic	megadrive	Bass Masters Classic	3	3539fa6263bb7bd9beabf75c80045710	yes	fd0183f79a0b7d9a85d10c780150680b	f146232d425c1ad7eed1b866f285ac4b515e51a4229abf017c969bdc346952f1	f146232d425c1ad7eed1b866f285ac4b515e51a4229abf017c969bdc346952f1	d87f999da35d9f39eb0e39f5940221099c7d5718457f3cdf161b4ee484ccb67d	d08918c46b09a5959e07d90197587ed685718560e66ed4d83d9150508d94cdf1
039d50a97c0cd551c6a3f96a4bb6d3cb	megadrive	Bass Masters Classic : Pro Edition	megadrive	Bass Masters Classic : Pro Edition	3	01c6787d634b300b02c5db8aca80e3ee	yes	039d50a97c0cd551c6a3f96a4bb6d3cb	574065228bbdd0eaf3121d8c749b3373875447c6574b341c3651bd6eef29857b	574065228bbdd0eaf3121d8c749b3373875447c6574b341c3651bd6eef29857b	b2815e46adc92ad7bdbb40076d8f5c2ebcbc9cb1b1f5b24b652351982f7bdf55	d3cb33add97e242188a55a4c879f57db62fb8780b8ac36d5f41e9695015420fc
5689c7a2d2265eb3ee41579f3aea1cd4	megadrive	Batman : Revenge of the Joker	megadrive	Batman : Revenge of the Joker	3	ca85badde0ed04d65f28eed025a13c98	yes	5689c7a2d2265eb3ee41579f3aea1cd4	b5eb3e58225ac42518e203f4712b9c229615ff6d8bdf7866a39a4b50c69458e8	b5eb3e58225ac42518e203f4712b9c229615ff6d8bdf7866a39a4b50c69458e8	b638c8e1f95bedecea38d43bc301300acd717f0037335d02a51d3a85fe4be5a5	7822c92258aed2797302048d91f5667042b9982404e59f41f160d7dea695f5a2
f2ce295b8c69f801c07f5a3a2c5f1bcd	megadrive	Batman Forever	megadrive	Batman Forever	3	7df9f35b8e357822a23b3d9e9e5b2f31	yes	f2ce295b8c69f801c07f5a3a2c5f1bcd	b511b89c071ab11207541bf2189819a6eafd41e9bf383af895d1d47df216d922	b511b89c071ab11207541bf2189819a6eafd41e9bf383af895d1d47df216d922	ad780d6f8b7ae4ac9fa719883f8caccd9cf7e0db2890dde986850c43690a09bb	105853853c8610e037cf25f7b5216aa6be65e1537eb7d5788b8d996314a55b36
a17643e3b516e4a13d59fe9fa02c06da	megadrive	Batman Returns	megadrive	Batman Returns	3	1683f3af96b433f58ae3599ecd383b21	yes	a17643e3b516e4a13d59fe9fa02c06da	8b11857ccdff6860dc11f0e30a6d16e2cef9409803cd17f1545661fd64c4acb0	8b11857ccdff6860dc11f0e30a6d16e2cef9409803cd17f1545661fd64c4acb0	ac0ce1e800286d3a0ef69eca7d6ff0296ae78d666f226309c811e10844b8f3f0	87e49d44c119502dfd6ad23b6343a42a1ef87a0d5062a6557cc4513218cce3ee
6aa13d08cee7411c3a961be38900b071	megadrive	Battle Squadron	megadrive	Battle Squadron	3	9e6e2858ff53dae0b080c7a5b0d14fa1	yes	6aa13d08cee7411c3a961be38900b071	74054314e3b814140ca493398b2a60529ac18d1231b5e3061249a9d4b813c801	74054314e3b814140ca493398b2a60529ac18d1231b5e3061249a9d4b813c801	97f2b091ec56fd350f7db90542fb6823f77ae1f211a6e058e480bda074c67e50	c7b14078faba1549ef36a5709874542fc23786d6bd84f7b10df9f72e138b02c4
39670a8257b5081362d4d52b873cb552	megadrive	Battlemaster	megadrive	Battlemaster	3	f864caf03888ee39c7851e8ab2de4af2	yes	39670a8257b5081362d4d52b873cb552	6b10b8008cb336cf0026058eb031784842fa278e0bd3d6300d48268a2460ed62	6b10b8008cb336cf0026058eb031784842fa278e0bd3d6300d48268a2460ed62	97b6a27187e3c5a584d31345cb6cfc60f44eddf1075bed20d860eb9dee2a4e2a	6f3821cd25fbed0f2675d1cdd318e4312eebb7d2fffd20e9ff22bb1b86b23760
670078868b928d206cac144667355fc3	megadrive	BattleTech : A Game of Armored Combat	megadrive	BattleTech : A Game of Armored Combat	3	b86b5d64dd93ac0f9669d0ad5625c17b	yes	670078868b928d206cac144667355fc3	1fa5f6bf20c68160b7f9d0319857fff2b0149ce782686cbe1a02a3bfeb56bb3f	1fa5f6bf20c68160b7f9d0319857fff2b0149ce782686cbe1a02a3bfeb56bb3f	228f16ccb128df24ce4ac12f129dbba4c26110dec9f86270666fa2f5764341b9	3a353f800717e9aee3822539ffc0649e6348532fa65509571cca616b81ee24b4
0e0599330a8900d6a4cb20d7e637e117	megadrive	Battletoads	megadrivebr	Battletoads	3	3371807bad2a44dd63d5d8c3302c22a1	yes	0e0599330a8900d6a4cb20d7e637e117	b4b54c2fbe17f36b0dfdd493664a7414465efadeaeda32d2971ffbf7df575ac7	b4b54c2fbe17f36b0dfdd493664a7414465efadeaeda32d2971ffbf7df575ac7	dfa5fef3e98879c8d95b17bc62894af165a9f0e950323b5a94ba5522fa199e8f	83b098afdfc532297708e0667ee1c19d52101ef5f60e5268683b24922f886240
94ef943e65c070fd4e5dd405ff774039	megadrive	Battletoads	megadrive	Battletoads	3	09415335c0ec91fdd9d73750e2c4ead9	yes	94ef943e65c070fd4e5dd405ff774039	4886d32f48e5d7dd1e1ab89dbe9b635e7d841935513a898b100898d8a502498b	4886d32f48e5d7dd1e1ab89dbe9b635e7d841935513a898b100898d8a502498b	5fcbbac1f9948210e174a34ea686f6d8d5106f68e693b8c60db3322bd5b6891e	f181b0161d92befd9f9d751aa56068753b2778bd39ee7a6ca4e026cb045ba359
d88aa2182e449dd762b7e11ffb508c3e	megadrive	Beast Wrestler	megadrive	Beast Wrestler	3	5c6ca404d4b374135df8f0ca398779f8	yes	d88aa2182e449dd762b7e11ffb508c3e	b4facb99ec935bd19e212dcb14aaadd9e09a4bebdcd62cd234cf11de01196a46	b4facb99ec935bd19e212dcb14aaadd9e09a4bebdcd62cd234cf11de01196a46	de268029769fad812a26b60d9e71b897f4131777daa5bfbeea0fd9102d29e829	2e492ba81a4d79f13069c9dd9306efe884675178942a39b07b9c8e7db87b41f7
6c9e85c4f06f4d8fd3ad0219b0581d70	megadrive	Beauty and the Beast : Belle's Quest	megadrive	Beauty and the Beast : Belle's Quest	3	b19e077be39e62ff675a56a579a5435c	yes	6c9e85c4f06f4d8fd3ad0219b0581d70	a41aeb03004bfecb16448a1f7b47f65965d17798f39584925aed814b8a5a0a4f	a41aeb03004bfecb16448a1f7b47f65965d17798f39584925aed814b8a5a0a4f	23ea42557566b9e432786c24a4e77cae53a60361d99fa67b3e9c01bd6219a4cf	649a9603a316c1b93db06fd6c129a1a2c28c90bd7c8019dc306ca6c75d64a807
fa0308ad0ce8a94657ac0ea470ca1dc9	megadrive	Beauty and the Beast : Roar of the Beast	megadrive	Beauty and the Beast : Roar of the Beast	3	a6a9ac06bf5cb6537d5d27b88938f400	yes	fa0308ad0ce8a94657ac0ea470ca1dc9	409979a4a10ab9c1388edbe81785bd788b0f8df1b8e2d61d829c5472e128325c	409979a4a10ab9c1388edbe81785bd788b0f8df1b8e2d61d829c5472e128325c	21085859b233422fa38e23294a4be91a7f82f5588989bdce2911e522737f74d6	5b7a316ee54fde993a8d65b6ae601571a27cff3e6fe447684a651ad028731dd2
1aa7d446d8f0211af441db4304912075	megadrive	Beavis and Butt-Head	megadrive	Beavis and Butt-Head	3	dbb2b5953d9a8c07e0914fa7416a690d	yes	1aa7d446d8f0211af441db4304912075	56d6dcd549b296b91f1432b0dbf54d5229589a811e342a659b64ce734d35fea6	56d6dcd549b296b91f1432b0dbf54d5229589a811e342a659b64ce734d35fea6	ba8b2ec5a5bfaf60f63226ac57760e4634950fe0fedd831e53fcb3d4b0699d53	e3748d05ce2f2f58b2317350833d0eb221f3e17d906171920689d943b127bfd9
ef912a6c7ed3b3571ddf88b1c1c9680f	megadrive	Best of the Best : Championship Karate	megadrive	Best of the Best : Championship Karate	3	cdd87c077d302c97f561c3e84dcd09d5	yes	ef912a6c7ed3b3571ddf88b1c1c9680f	886732796263f09510bcd363e7770109e47b644fddc4f833e88965504a2632dc	886732796263f09510bcd363e7770109e47b644fddc4f833e88965504a2632dc	3ba0558dc3262a4dc5d7b6c487bf8c8ac4ebe071796d86fedc0f7f055fbc5a42	5bc7b991c51f840f9a7f8d33747bc745271fce1d2b1c2e89196083c6652868ef
026f61545d3332a36081d122be8d57f7	megadrive	Beyond Oasis	megadrivebr	Beyond Oasis	3	b2d7dcb0d3e29b0559935af924f4eabc	yes	026f61545d3332a36081d122be8d57f7	e3fb9c71c515858860164924f200236145f68ce2d312c9914059edeee19a33f4	e3fb9c71c515858860164924f200236145f68ce2d312c9914059edeee19a33f4	1afd7703c1e50e95b8a7aad21d4127ae18f187a749e61414bd0ed52c762e2d5f	c040c567f2366fc8dc930773cad72d93d3504fe172921866bc2a81988eb37424
5dd4c76a35bbd7421bc46506d0ca82ea	megadrive	Beyond Oasis	megadrive	Beyond Oasis	3	80a908671c93e6585acd5a296661ee1c	yes	5dd4c76a35bbd7421bc46506d0ca82ea	3d845d32c77ebc9d8105dfea758f9bea07f380f2ae8ea15c45b31f55c21d2a03	3d845d32c77ebc9d8105dfea758f9bea07f380f2ae8ea15c45b31f55c21d2a03	b113560243ff7770485d7cab0c54276ef4612cacf94216e02035d882c09411b6	de510de4c322cbaac78e2328412f831c6e2e9ebca2ffd640196c001b2298f66a
bb008696ad77c1219e6f27dd35c977b6	megadrive	Bible Adventures	megadrive	Bible Adventures	3	d0787e659624c9758e9cdee48316f8d8	yes	bb008696ad77c1219e6f27dd35c977b6	6a641b53b1c3425d888c26cca2a99960e95b1b2a5a1e3b458a25122271534faf	6a641b53b1c3425d888c26cca2a99960e95b1b2a5a1e3b458a25122271534faf	9d2baf4bff7780f17a764891c6800d502b1bec56b957393367d8835fda12389b	a6006ea2dd46d41b00423451295868197df0ea902bfbd66dfecac62fc565a2ee
f7e53c75c400a02553fa31120ae74f0b	megadrive	Bill Walsh College Football	megadrive	Bill Walsh College Football	3	799797a2f2d7948936772df46e9ac81b	yes	f7e53c75c400a02553fa31120ae74f0b	11bacc042dbf177e071950014d0c6bca25fe22dfd6d82a0e699ba0bf09ad8746	11bacc042dbf177e071950014d0c6bca25fe22dfd6d82a0e699ba0bf09ad8746	cb3c4e64e946d0197b55b118fcb3561673ad300888bf39deb2dfc5242050b8fb	538b3729aeed6faa47cac298488c58f91532226af337971502327b114266f57d
bb25dd3f22e6f7f27d5d66422981a400	megadrive	Bill Walsh College Football 95	megadrive	Bill Walsh College Football 95	3	8e25fd13472baae292279aba929d44ae	yes	bb25dd3f22e6f7f27d5d66422981a400	82b9536c78fcc8e52df62a66eca0d1e7c24796e039341c8b22104198d6f76ee4	82b9536c78fcc8e52df62a66eca0d1e7c24796e039341c8b22104198d6f76ee4	98d05cb814eea37972a1723af364b1f55986fe280dbd82c9617870398be19f2f	f1c08a5dfbb718db0ea1386ecd93bb8c23eb96b21311248dbc6cf96ce647bef7
a0b0352973586db24cb485f29bbfd692	megadrive	Bimini Run	megadrive	Bimini Run	3	6c785ade0a4d8ec320f6c63e01201e77	yes	a0b0352973586db24cb485f29bbfd692	5060c19d30612d7b97a9ca94ce2c978e3d2c84775eddae8dd4b149aa7f161113	5060c19d30612d7b97a9ca94ce2c978e3d2c84775eddae8dd4b149aa7f161113	d38e460676c1bcc1e345919354dfa6375b7052559bb02dbbdb3bd0ea58ab40b2	4474a9f34d8b9b38ce368fe0804ce0522efea8e4d1ea3a5622d608a3b7646ae1
173a38ce8f9556ff56fb3b433e0ed32f	megadrive	Bio Hazard Battle	megadrivebr	Bio Hazard Battle	3	0281d9c631df392fb284a1389f75ea7d	yes	173a38ce8f9556ff56fb3b433e0ed32f	808400d2ae305c1862c53896958b0222d41409bafad4d233b6b7dc12f150f198	808400d2ae305c1862c53896958b0222d41409bafad4d233b6b7dc12f150f198	bad09a8e75d4c2655c6a33ef2410c863c1afa21b1d82b1761f68a78f95e964bc	4bb16c0ab5f032a57ec14de5d1299f185d50c002f59aa00806a074987841df57
71ab6a01fcab4c5a9cbfa440111e7d16	megadrive	Bio Hazard Battle	megadrive	Bio Hazard Battle	3	1432a0f65bbe9f95688522e83b83c737	yes	71ab6a01fcab4c5a9cbfa440111e7d16	9329210d5f1759675338fe4a2e27dc2f3e99e2ffdc09ccb101c04f2a8d48e88e	9329210d5f1759675338fe4a2e27dc2f3e99e2ffdc09ccb101c04f2a8d48e88e	6ea24996326baa0a40090e87076ae28883c653d76224630c52005c930cdab9c6	eb0e8d1ab87fa7cd1a2b410b7cb0490119cd3f92ed2a7b688cfe65e9d6f2cc85
427ace5a862e651a7edc2142eb7dbcf2	megadrive	Blades of Vengeance	megadrive	Blades of Vengeance	3	bb63dd2852dd2ea76035bdd2f5cc6486	yes	427ace5a862e651a7edc2142eb7dbcf2	3af0a0677bee880206e32b240e4f1542ac9eb74194033c9bce068df6046bd9ff	3af0a0677bee880206e32b240e4f1542ac9eb74194033c9bce068df6046bd9ff	8b532e53fdacdfa78c5cde0a59ddf2945d3fb4b21b95d912e7a09cc4c3853a89	456a41d3e312f65557acb3f3343562ba52e55eb513870c1428e49268ba0014c3
8187bb52ceb68275a902effb84c0a90d	megadrive	Blaster Master 2	megadrive	Blaster Master 2	3	91bff930f88cd6631d8804e2bd30fc20	yes	8187bb52ceb68275a902effb84c0a90d	6e0694e46059549e3378ed1e5f6007a508ffaa953dcb8374b134176cf7601fbc	6e0694e46059549e3378ed1e5f6007a508ffaa953dcb8374b134176cf7601fbc	54de573591ce5f1e96135edce5496c7e31dc699b8a0f24f7c9c1e4a048729732	d7ba65d3b952d507b82c8e81d34559051524f4c2e749e10faba9cb65e1328f8c
b2a332a73c88779e375f6b6eea7e61f3	megadrive	Blockbuster World Video Game Championship II	megadrive	Blockbuster World Video Game Championship II	3	9af7b0e8364f4b57d6936d67e7d39828	yes	b2a332a73c88779e375f6b6eea7e61f3	9bf3df9e92da10eeaca5e446014832121de1b035299540f13b9cc05fd6039d3b	9bf3df9e92da10eeaca5e446014832121de1b035299540f13b9cc05fd6039d3b	93eb83ce265ab63ee8d152f3dabcbadbc2d281044b6f26b83ef4867fa8de8eb8	e51916e3b7cba67ac3061c69f64c3dfe308fcc69e8f1c3704045f178e306673b
f68a10ace8509ac838779e5f4d12ccb9	megadrive	Blockout	megadrive	Blockout (World)	3	cf237c60d537721edc1f1a2dba184d5e	yes	f68a10ace8509ac838779e5f4d12ccb9	182a52f6c07174b91e6446abc5c509502eafb204b5429baafae881352a1b011f	182a52f6c07174b91e6446abc5c509502eafb204b5429baafae881352a1b011f	a1e61f6ed5a86bbdf8f816f0538b0515351f7281cf85e5a780d3e4aab7e09cdd	d02da810b3cd3b10121ee4b6b89f8ba4d8f1e91273fd8191eaae0d8d650b3f6e
277ec69e02b9efd370e7956702883f5b	megadrive	Body Count	megadrivebr	Body Count	3	4afd2e09c38c8fcaa7589ed1032e789f	yes	277ec69e02b9efd370e7956702883f5b	0e254aa39983500df84cdb791e468a26885138fc0def7fd743181bc91480d54e	0e254aa39983500df84cdb791e468a26885138fc0def7fd743181bc91480d54e	ba0aedd224b270d86bdce722e347d20c78c5a846d21962a1720b66cf537744c7	c5d6afb6773f63d9ad082fb71f8af20a4b58d08da9266d7e3ee2afcf2d1a50dc
a7a4fcad1aceab05350a0b37337a58d1	megadrive	Bonkers	megadrive	Bonkers	3	611351cf0987fd8557ea9fc49daa9eb9	yes	a7a4fcad1aceab05350a0b37337a58d1	c4d4a5e70f48305f16b8b45479df8cd9d835f187640da362f878578dfa4daae1	c4d4a5e70f48305f16b8b45479df8cd9d835f187640da362f878578dfa4daae1	8d9687efb339e3dec84d2a642d63006dce72479186285940b0a7ca8918172c4e	3fcba9b67161db68afdcfbb4168ced93a2ae00366658b7b2940901ec0f6acfdb
39db3ef73619d1a48695aed459bb020e	megadrive	Boogerman : A Pick and Flick Adventure	megadrive	Boogerman : A Pick and Flick Adventure	3	7dfe6d4e22ea00e9eef31eef56014a39	yes	39db3ef73619d1a48695aed459bb020e	6d5293beb1c6bf3a7a63054adf78889d8a3440d9cb891bfd300a36227f00facb	6d5293beb1c6bf3a7a63054adf78889d8a3440d9cb891bfd300a36227f00facb	89f720172f543210a81f864d390dfeecb9e6dc34275a3a8d5258970a9edad96d	baf81631c7c6d5ccbef9d740477789ca044a89def0b7982c454ff28cc6fcada2
1a5881da3a469d3f69b51c9027b322a8	megadrive	Boxing Legends of the Ring	megadrive	Boxing Legends of the Ring	3	42e4e9abbb1658cb7ac9fdd7378c86f5	yes	1a5881da3a469d3f69b51c9027b322a8	2bfd5165a9b0c60fffb112bbc0d52040c33f9bea32733aa20693668072bc0129	2bfd5165a9b0c60fffb112bbc0d52040c33f9bea32733aa20693668072bc0129	27a6151fa787e230b7f7ce0b36a619dfc81599cea75bd98931f12ecba279c53e	8466a35c32b4ac8c00c58ec2baf30943c8c67a6b177df332cf104207d58c8cad
392dee7a2ed489f72a56b29df2f42f00	megadrive	Bram Stoker's Dracula	megadrive	Bram Stoker's Dracula	3	5e43fb3506a602f0a500d8a5678fcb4a	yes	392dee7a2ed489f72a56b29df2f42f00	d446274a5129e75b805486df884875891c70d9461c9574d8c10eeca9e82fcbc8	d446274a5129e75b805486df884875891c70d9461c9574d8c10eeca9e82fcbc8	217c68e893a00e7349ec0a263db01c77657a0e1cebc1df9d9a1b27bc1cb641ef	0f8c4ac2ffc62b497e1412a9e8f23b5055f8224214b26a6bd761e04af3dfcba0
8c63dcbfd5d7ed6e8a98a54621274ffd	megadrive	Brett Hull Hockey '95	megadrive	Brett Hull Hockey '95	3	ca8bf3c71c7557fe3fb65482fe603210	yes	8c63dcbfd5d7ed6e8a98a54621274ffd	a23c3bf1682f1ed4d6fd005ae1977534c9f69d75eb25d8376adf76b89ac374a2	a23c3bf1682f1ed4d6fd005ae1977534c9f69d75eb25d8376adf76b89ac374a2	67e480204cf43b79852b2cf20d1eb5fe842f7faac52983126a5c8c2482319b36	5c8613b848d47443b899632d2b28bb4bfdaa1906d33b44de9518905e7d2cb8af
18df5ab676609ce7ea1af944429ee9af	megadrive	Brutal : Paws of Fury	megadrive	Brutal : Paws of Fury	3	516b80a05e82fedb2ca81616731f51d8	yes	18df5ab676609ce7ea1af944429ee9af	7529a38977c26d64446004ea2d844593648f53270e24fa0280e2baf197f0170e	7529a38977c26d64446004ea2d844593648f53270e24fa0280e2baf197f0170e	61d20120e3462bbcfbb5f7bef32d5247f52dd4a7842ccd0581662a027dbba68a	a68ed5213f7b2368f699063e80e41d37edc123cd95e3a639378df1cd88d4c195
4207d43883a3f7d97bbd5789e037a74c	megadrive	Bubble and Squeak	megadrive	Bubble and Squeak	3	032c8a1a0e3cba744663742eec8f3dc4	yes	4207d43883a3f7d97bbd5789e037a74c	a02a4ea1279a83502ed6db89414a393ace854063d7a90d4bfbc971b9e0e1ec42	a02a4ea1279a83502ed6db89414a393ace854063d7a90d4bfbc971b9e0e1ec42	cb9c2bf06cd02cbadc5eb59c2cc2dc9abf468719a985aac9b8b876b994856c34	ea5de2e1993b4b04def3b709ffe67dc117eafc96886563d673ec50d45c4a4078
c8810deb56dc243315c962b6bc1b11dd	megadrive	Bubsy II	megadrive	Bubsy II	3	ae80f82437a783029d6809b5a038ed76	yes	c8810deb56dc243315c962b6bc1b11dd	81beee1cac89f95ab9dc189ed6f45611a87e09166aa20154a6ba84112fa8533d	81beee1cac89f95ab9dc189ed6f45611a87e09166aa20154a6ba84112fa8533d	cad8c03b4522bd6a6e2a1c26492d886bd739533e48eb40383637fd9c91de8498	b3aca230d8f7352947799e4b78212d82b50819f8d11d5de78d9353296a1d389d
e1c23ce70fdf186576376689de406884	megadrive	Buck Rogers : Countdown to Doomsday	megadrive	Buck Rogers : Countdown to Doomsday	3	b253df8b76f2ba79e35aac73ff37f825	yes	e1c23ce70fdf186576376689de406884	5bf6333cd552965f65076fe35f8a33016abf57655054758f87e0f1df674c96fc	5bf6333cd552965f65076fe35f8a33016abf57655054758f87e0f1df674c96fc	662168a908417b21d0726234555471c6a604933e4188a0b1be28a1e452b4e3c1	5240e3f79e14d2fbb9a9a0d1439346c6cdb7e2382cb83f22c8ff0f042f1c1247
05dd71fc136d4fdfbb4340139b4fa64d	megadrive	Budokan : The Martial Spirit	megadrive	Budokan : The Martial Spirit	3	8e72923f0494f84db5d32bd586df6577	yes	05dd71fc136d4fdfbb4340139b4fa64d	aec527482d5b514550d70749e3e5c78ce203fa3c9919a35d564f937be3fc9b26	aec527482d5b514550d70749e3e5c78ce203fa3c9919a35d564f937be3fc9b26	a746915ae1c7ad7bb31349ad27659b27a3ce3c2016944e73a1c500ae729641b2	f2cc3041fc86d78cd8016e39e98ea1b1280665d06b73ce9613937e2cb56d0b86
30f7c7b9eaedd78cdb6a67c4d32ea7da	megadrive	Bugs Bunny in Double Trouble	megadrive	Bugs Bunny in Double Trouble	3	3f41e6971d1d0dbfdc5f9c54df3449b6	yes	30f7c7b9eaedd78cdb6a67c4d32ea7da	1ecbdbf837246b33a7fe9e45229597f721c9cceb3a68d5115fbaeffb692b6e62	1ecbdbf837246b33a7fe9e45229597f721c9cceb3a68d5115fbaeffb692b6e62	51adbd9d2d370d70246f41b269feceb74559c0de517d69ff171e6888b7fb9daa	417253d96f329f245ba32df60ef6bef1a759928737e8acadd46e2041e3cf13cf
5e852994e35c0bacc3a7b68969370051	megadrive	Bulls versus Blazers and the NBA Playoffs	megadrive	Bulls versus Blazers and the NBA Playoffs	3	c9176d348ed1a88a0402918e15cdb2c5	yes	5e852994e35c0bacc3a7b68969370051	6b7c96e5802e0fcd1734796b049700ca1d7ffd7e0c03f9a2bfa6e8ece0fdb8e9	6b7c96e5802e0fcd1734796b049700ca1d7ffd7e0c03f9a2bfa6e8ece0fdb8e9	1311bff11d6a87a619e16b1631197a8f79bc3ff6a2bc7658481be4569c7c5649	a3a6fd0dbb42423d0fd466820a7ff7d3715e2b5c6e1be82e1b7b02ae3dce895c
82985f1c49f081ea339db3ce0e97f7ae	megadrive	Burning Force	megadrive	Burning Force	3	04a5366584d1a31aff64b47dcbc3d451	yes	82985f1c49f081ea339db3ce0e97f7ae	d307444660e0f0474188f9b05efecf1d3a745eeb7f9b9c0791a1bd3a8fe5d31c	d307444660e0f0474188f9b05efecf1d3a745eeb7f9b9c0791a1bd3a8fe5d31c	7fcaff59130d44ea2720f277583cf3f1a4f1b692c8622f9f7bc4b9b4f72f1946	cdea474a8744edd3af511f03d03359039e6618f72b51aba9dbc34b775eb1fe37
8730798904209096db9ca87e8f074969	megadrive	Caesars Palace	megadrive	Caesars Palace	3	a80599a6f33a01629c69d836c17a2fbd	yes	8730798904209096db9ca87e8f074969	de684dd105d92529bf89f2cb4eef62a3bd79801cb21b9ca7546bc6b02ccd64b8	de684dd105d92529bf89f2cb4eef62a3bd79801cb21b9ca7546bc6b02ccd64b8	17e5617809bd7989d96340137e26244248e3889d815a47b9aec567d14d42532f	184cd3e0043bb2c12f7b1b7fe233d4dfa58521789f84c839c166d34b85786cf4
35756e20173613d9c3456ce1fff2aeaa	megadrive	Cal Ripken Jr. Baseball	megadrive	Cal Ripken Jr. Baseball	3	7ccb53a86e467de4a25efc6ef36b4b26	yes	35756e20173613d9c3456ce1fff2aeaa	7479b40c7dbf25749c72baa604021905ac6130395530f1c1368ff613d9ead7ba	7479b40c7dbf25749c72baa604021905ac6130395530f1c1368ff613d9ead7ba	8dca54647f65ff460b73d53e52935efba53363043a6dc1b185fab85d20e7e84f	870d608f2afc67d8f585d09096a12469ddf2e84ac1733cd33dbd731ead8e038e
bde714aab6b9cdd6a93a903eb40223d8	megadrive	Caliber.50	megadrive	Caliber.50	3	e474ca81d19c8bcaa630d16e4faf78ed	yes	bde714aab6b9cdd6a93a903eb40223d8	4e80917acf943dd49da0d94f8ec429bed6f5f2b7bbee67f51a8eba9c65e90729	4e80917acf943dd49da0d94f8ec429bed6f5f2b7bbee67f51a8eba9c65e90729	1b7666d6302ce6c973bd303f8153eef74d42eeb33d6530bf5ee37c0e99747f73	8c924d1fb61b0324bf7088417060c1793168f029f57d846cc921b8443ba21677
9b4a3b6fe707a4fe7dbc2a2551cb0946	megadrive	California Games	megadrive	California Games	3	cf432f9864b28fc8fb36bc66d282fd0b	yes	9b4a3b6fe707a4fe7dbc2a2551cb0946	a2b8ee9a0dafc2738bdd5ebc798c384eccbd07b90a511bdffa01b8a87a8ab8a3	a2b8ee9a0dafc2738bdd5ebc798c384eccbd07b90a511bdffa01b8a87a8ab8a3	5aa8ff3be28ceb554a30207bdfe8a0400f3726d57c3e62fcfc638c763ad25619	ad1e25594b8e40f2f2b70ab81d6cbd476d69d9bc5e22bb2199d143cf9efc7428
d2fe7fe4ae508c87597317fb61c81dd4	megadrive	Cannon Fodder	megadrive	Cannon Fodder	3	64e42db352468ceba909ca6aee7fae66	yes	d2fe7fe4ae508c87597317fb61c81dd4	ad146975db2be8c7b2fd2c70765560af76154bba414d6804806b2ac0260025d6	ad146975db2be8c7b2fd2c70765560af76154bba414d6804806b2ac0260025d6	2769c87d1f831c9c96fccd06ca39dd634dfa7e504c9ed9fd28e0d9c97ed9e6ce	551eee53e5e00833b175e7e69e7d4e7801e9bf4132095297fe70bc82dcad22b6
a38a910739cc8d45dcfa1718c98c4ab1	megadrive	Captain America and the Avengers	megadrive	Captain America and the Avengers	3	f361d0f047d032b505b5cb0e101fc212	yes	a38a910739cc8d45dcfa1718c98c4ab1	64d8ac221f4250d39f97d63b08ae03a68a21060a15979dc0771a2973c8afb8c2	64d8ac221f4250d39f97d63b08ae03a68a21060a15979dc0771a2973c8afb8c2	022aea8ae4b1146cf0c07f916945173f68c0691fa69a2ff45c77bda0cc0083fa	ab0bbf9153e461118f5760e1b23b373cad76808fac5ff3653554878b77a9211a
676fc1162c043fa7e7d348acf72acbc1	megadrive	Captain Planet and the Planeteers	megadrivebr	Captain Planet and the Planeteers	3	82e1409999e1db8eff0a66b6f2bc2843	yes	676fc1162c043fa7e7d348acf72acbc1	c033540d789a42672c2094949bfafd7f8b30008fdfe9cd5312e172673f6059f3	c033540d789a42672c2094949bfafd7f8b30008fdfe9cd5312e172673f6059f3	7fb009790d4296b6c4d23cc83796ef5e5e2c36b51826c6223f83e5b2db9b6ee9	46184f01985aecb8c729d5115739fa4fc51e435bf0be0eaf45175ff6756007d7
e9f47e0c2fbe2bb9878c78ad9a4324f1	megadrive	Captain Planet and the Planeteers	megadrive	Captain Planet and the Planeteers	3	20a0ffab4301842be425a0cbf84ce3b6	yes	e9f47e0c2fbe2bb9878c78ad9a4324f1	a87edc5550a5d33ccaf1075a35897408ca7a7ebda1b1edb8e07f8feab0cc9698	a87edc5550a5d33ccaf1075a35897408ca7a7ebda1b1edb8e07f8feab0cc9698	ed77cf517cf494d6f32cbdfca0f06f85d57745dbfb637129dd8f26b79dfabb54	0c37bb1c323ea844572d8665099bc9f063af5302c271b34c32eb5eb090468382
1c0063c12f87c93d6d0987bfcb03f620	megadrive	Castle of Illusion Estrelando Mickey Mouse	megadrivebr	Castle of Illusion Estrelando Mickey Mouse	3	0b41c16fa669b01465c87f8da81bb395	yes	1c0063c12f87c93d6d0987bfcb03f620	f7f1f444ca2521feb96162ea0949241c1a91cd1115fbb35b2da08fbb509c9112	f7f1f444ca2521feb96162ea0949241c1a91cd1115fbb35b2da08fbb509c9112	46daeaf82fc6c0f6e2bb56a5101d2b966627e7a6abd82489fa31ffeb8519cb73	0bd82cc572da60dfe5c3735809c5dff1f72d73418afd37ff7f93b89a471367de
44db95105435f0f65f47d9a0c6ecb26e	megadrive	Castle of Illusion Starring Mickey Mouse	megadrive	Castle of Illusion Starring Mickey Mouse	3	aadece8251614afd3b1cfb9d4af9a1be	yes	44db95105435f0f65f47d9a0c6ecb26e	b5384072ba19e12503eb3b5520a48fc5ca34ad8b846a26eb82b54f40bc4aec9e	b5384072ba19e12503eb3b5520a48fc5ca34ad8b846a26eb82b54f40bc4aec9e	2afdda59d9220ba0f8e1e3e8aa76f70487bdbdb07aa213119eebee0f5d5bac43	b41402fb8152fb6b850f10d1c55078699b4dc3704ea016693fb54e07c8f02c4f
695f7dc615ab7083c6b35b2fc16b7067	megadrive	Castlevania : Bloodlines	megadrive	Castlevania : Bloodlines	3	2bccfca76a0a216d0c2e13256533982b	yes	695f7dc615ab7083c6b35b2fc16b7067	7ca855f2d2a9fe10edbd977641afd045457389003596c1cdc3eb8f5d0e0201ed	7ca855f2d2a9fe10edbd977641afd045457389003596c1cdc3eb8f5d0e0201ed	1ee9b7cf5c83e364589d91d16baefb90ead1fdb9d8d91efbf4bc6b0226544532	31043e95b88726631def9418224e1fd6e2cacaea388443e0a76532ee259177e4
28c91580de63f4a1beaa625c3286751e	megadrive	Centurion : Defender of Rome	megadrive	Centurion : Defender of Rome	3	be3adadb9f6803bc3528f3765221d5ad	yes	28c91580de63f4a1beaa625c3286751e	48ff8fde756790c9b60b00fa0cfb5ca0afc302f7a27f754a6076742174c668bd	48ff8fde756790c9b60b00fa0cfb5ca0afc302f7a27f754a6076742174c668bd	b923d1e5ece39c4fcde6131d4c4be50e853fff2140bb12898a75b86c32011d03	65a8b25f960a5ed21d8550db1fb63cb513fa4b1c6fff2e0fe768cac29ed291aa
b51583deb4f78cd32fe24da835b2c602	megadrive	Chakan	megadrive	Chakan	3	066c94f5e153ad464981e55bbbe43305	yes	b51583deb4f78cd32fe24da835b2c602	c68b7433ce8b5d0c0f334570731c7abc7750a3cdcddeace00b29733634301458	c68b7433ce8b5d0c0f334570731c7abc7750a3cdcddeace00b29733634301458	e0afef2268a7b81e528aab9507bf9f9fc45ac88a34337474f1374b383389decc	476a086e261e8c85051902a083e20c895a0661bfa96430adf3451789337aaf95
afd66c953e057c1aa00a22f6b999eb5a	megadrive	Chakan - The Forever Man	megadrivebr	Chakan	3	c570f7660380d1951f8837ee42cbbf12	yes	afd66c953e057c1aa00a22f6b999eb5a	b793b96a4668fac815b616d32df5eabb03b95d2eb1b5b4d4b9053efd7c420671	b793b96a4668fac815b616d32df5eabb03b95d2eb1b5b4d4b9053efd7c420671	40ff5a6cc62424f77907d65e08fe46dd87ff2f21bae5d3a9eec109b069eff2c4	d9a193bd4ed2c6e41265e30f8f7ca3859def375f84011b8f0c201878ba9a7c1a
29aabc207ad46a4469c68f54140d7c3f	megadrive	Championship Bowling	megadrive	Championship Bowling	3	9532a321b5019bc7a1b589ebe0ca74ac	yes	29aabc207ad46a4469c68f54140d7c3f	1d1d1e050fa3b800ae0330ea92192658764a5f8a8eae4238d9cf66575e570e78	1d1d1e050fa3b800ae0330ea92192658764a5f8a8eae4238d9cf66575e570e78	d3cfee0d44def1f5f4ba98f6515b167dc1b001f1414e952489135c4aad68937f	f4301d31af9c7d5d0b38a22e7306ca9388ec502f527ba3b6c75579f1689dd575
bd2fe6ed6336e7a0e2c5beb63f067571	megadrive	Championship Pool	megadrive	Championship Pool	3	e0edce6dbddcaec3ed512e9899284db7	yes	bd2fe6ed6336e7a0e2c5beb63f067571	897bdcf21d2760bf7459742efeddceb2633398f0ed7c34e7388336c0cb62b40f	897bdcf21d2760bf7459742efeddceb2633398f0ed7c34e7388336c0cb62b40f	2f4a84072fa505cf0f64ff027d17ee85cd7f16a486e898657139d0fc843bf34a	d33a8ca8004eb7a7f12d16e74fb139333bb9f1d275cba2de117ea8e4b2c434ee
5f58f4be283f7185732951057cf9831a	megadrive	Championship Pro-Am	megadrive	Championship Pro-Am	3	04c0722844784ac78fcb1fbd01a8dfbf	yes	5f58f4be283f7185732951057cf9831a	b2eb50d3ba1cadc7b30050c0004efb982c1badb1a80c1c15c4f373aeecaf7956	b2eb50d3ba1cadc7b30050c0004efb982c1badb1a80c1c15c4f373aeecaf7956	722994719591895ca64eae636dcec298f3d145f7c78f636ff475052efd88bd28	39276f2763cde60b87f206f5d5108b17d2a5f530c69ea045aa722d5071ac9a87
4978ca6cbc9f3534f62131333cc7ee20	megadrive	Chase H.Q. II	megadrive	Chase H.Q. II	3	6ece5bdb213a746cf711cb89e57d33af	yes	4978ca6cbc9f3534f62131333cc7ee20	f1bb0eba6d9ecf9661b937a72ac4a6367c77e537488907ad7875c8be157d92dd	f1bb0eba6d9ecf9661b937a72ac4a6367c77e537488907ad7875c8be157d92dd	c0adf5404c9d7e13cc0407e4673734ef389745e9c1246cb76df6b51ae8a2a525	ea2107e62c40c77f294da1d7b610b70e2ff30b187d84b73f62b8fe167083f969
43169ab6f015f05a51be983d466b317b	megadrive	Cheese Cat-Astrophe Starring Speedy Gonzales	megadrive	Cheese Cat-Astrophe Starring Speedy Gonzales	3	23748286fb09da1c4f5a8a9fb745f1be	yes	43169ab6f015f05a51be983d466b317b	c45a78bcba254ac3ef9b155455a407f0a9f903487e6e6503a172131de3db2f01	c45a78bcba254ac3ef9b155455a407f0a9f903487e6e6503a172131de3db2f01	35d77adbacef908c0dc2846dc84fcddb6d0fa45c74c5cfe505abc1dcb24e8d6b	5144d0e4c74fdf5800e5737eced47b8ff6dcf68d3bba9216d24c9b0c2131533b
283b31ef53f49d4f916be0b22f11ce4b	megadrive	Chester Cheetah : Wild Wild Quest	megadrive	Chester Cheetah : Wild Wild Quest	3	01fab10389c12893683c628d5856d898	yes	283b31ef53f49d4f916be0b22f11ce4b	2f64d205d83e29515165293d9c0c482acf41d5c4181a2f7d0f4e95384af28d4a	2f64d205d83e29515165293d9c0c482acf41d5c4181a2f7d0f4e95384af28d4a	5633623741a2ba89ffc87e53a6eedd62edfd17259056c97163a5f9cde2c466b0	075b15f656a705a7932593cd1001872faf5edb630aae50f5a8af27db12dc22f5
80304efdaee0a73a996b81eac2ba8944	megadrive	Chi Chi's Pro Challenge Golf	megadrive	Chi Chi's Pro Challenge Golf	3	c28249cf275e03a0d462789ac8b9bf5e	yes	80304efdaee0a73a996b81eac2ba8944	899e679889f1803a923d3eeba89e5b11e147101a674cff0e8dd1213d71cebf42	899e679889f1803a923d3eeba89e5b11e147101a674cff0e8dd1213d71cebf42	49b589cb16858b01cb684b325763223135b84461558fe1445c18a42beec4a29f	d9ba4bce6313e0f32ade317751fe5919f1d508f82836eedcf6102bb35fe0d143
2065314faff756a9a5822e80a8158ccb	megadrive	Chiki Chiki Boys	megadrive	Chiki Chiki Boys	3	f613b3560917b15a95549d59d7121b80	yes	2065314faff756a9a5822e80a8158ccb	c6318fb833d358ac9547bb43c237df05a5393f4fabbd682ff43530f81e64766d	c6318fb833d358ac9547bb43c237df05a5393f4fabbd682ff43530f81e64766d	9ebe003927361b003df7915afa44d1b24371113df5ead34ada62592391c28ec8	ec22d5381064775e626a0d1884dabd1e498ac8bc0a19c1e2377beba4536ba639
4f166f5faed6f3358ec424823075e5f3	megadrive	Chuck Rock	megadrive	Chuck Rock	3	c75d03fe80475187d37e414383b66a24	yes	4f166f5faed6f3358ec424823075e5f3	35bef58f50a89f23eacafd657e1852f68ce653a9e22bcc58a9b2c06a3e9a9e07	35bef58f50a89f23eacafd657e1852f68ce653a9e22bcc58a9b2c06a3e9a9e07	aedbfb7c4e1e64aa0f75e595c1fb357f35cbecd9a418e4ec22807744c7fed675	f45de71eee078ad43d3c791c0ce96566f10a6441ca6c39147b58dda2500a0098
0b6049dcfaa770c11eb7d9c5493e753a	megadrive	Chuck Rock II : Son of Chuck	megadrive	Chuck Rock II : Son of Chuck	3	d23b882dcfd422e014ebba0460b1441f	yes	0b6049dcfaa770c11eb7d9c5493e753a	8ddb5f24b2c2a7340d88a11ece9c984c44dab6a5c6fee0096f09c9d00cad3541	8ddb5f24b2c2a7340d88a11ece9c984c44dab6a5c6fee0096f09c9d00cad3541	2c938a01a948c4a8c752d91917d350a87fb3c7422a9b0f3cda3d6b422efec043	b8097a82dac7ebdba80ced4c31f7518102041b903fde2ba9a497504ba2197304
4ce2a4987a667ba449ab8ae07bc49904	megadrive	Clay Fighter	megadrive	Clay Fighter	3	f78bff82152ffc9eef8ac47c96d6bb87	yes	4ce2a4987a667ba449ab8ae07bc49904	e3a04d78d8fa9296b967b8244876fe4cd0573f207cdb1a413055c23674d68df2	e3a04d78d8fa9296b967b8244876fe4cd0573f207cdb1a413055c23674d68df2	6c76e8247a159469837b6ff1ea094f72600c754791a4f68dcdd09e868d6a0aea	aae9e5a77d2503b0baea9edc21bc10b46d53c0a1e05eb21246026dcc1a88d600
58c486bd1f7f4ecabd86a812f054b6f9	megadrive	Cliffhanger	megadrive	Cliffhanger	3	7d1cb4d8eac68c86b5e17d07ac09da7d	yes	58c486bd1f7f4ecabd86a812f054b6f9	63a432e25251fa8cd1dc1e69516cc8a297a89255465bc4fd739900d9fe7dab54	63a432e25251fa8cd1dc1e69516cc8a297a89255465bc4fd739900d9fe7dab54	9ac412d55359bb5cdbfb7b9b28a9b10563af949391d5631d5b1ac8e0cb140f4d	d8c1444589944e1234562db6863a257c03e0dc2fb35003b86f0af0bc1d49e180
6265186b4033a5c867d50e678f767128	megadrive	Clue	megadrive	Clue	3	fcf27d22dcf2bc4e95f29a3d63610056	yes	6265186b4033a5c867d50e678f767128	d935430911d3775f213c7e28d3d88480ab4f73a45a9ef0835d7ab869343f7a61	d935430911d3775f213c7e28d3d88480ab4f73a45a9ef0835d7ab869343f7a61	7a76c190329ced2c12a5854012eb45e5fdccb426b44df201f307392d0828fa44	cc1b5d46606b6e0c095986e0926c4046f826b4b65ba5a13d104f75cbbb0630ef
9302113ab07e83f6b7813e2867854a43	megadrive	Coach K College Basketball	megadrive	Coach K College Basketball	3	85503ff3042004a289af3a9d15f201d7	yes	9302113ab07e83f6b7813e2867854a43	d818996aeba88423343c931a3e90fd7cd44a84ee0139b07d2a30ef7a0fe23bfb	d818996aeba88423343c931a3e90fd7cd44a84ee0139b07d2a30ef7a0fe23bfb	e5945511656b33907f8a89aa0f13d6ece081b55ae88f5beb600db4f9f6d2ff99	4df20f71fb84370a90df54507b911cfcf83c8ae65e5b55c4ad1d5a8b7c949bd6
fd245915669644f138a758ba024f1811	megadrive	College Football USA 96	megadrive	College Football USA 96	3	66dc9c4a64ab8536747065be8202705b	yes	fd245915669644f138a758ba024f1811	ebfb78e8f3fb8df1781879392657e60da2c05092286d681249e22a01f82a02b5	ebfb78e8f3fb8df1781879392657e60da2c05092286d681249e22a01f82a02b5	c470d1f83b4d062d9ad28fe20e3b3f4699a504335a03bf5de22519851126fc7a	570890c19a73ff5ef727fee219c6272cede6224075b126bf1f15f32b17d7177a
8fcfefaab1f8898dddd4a7db0e02b617	megadrive	College Football USA 97	megadrive	College Football USA 97	3	12aa42e157abb4af1cd5a3f440b4d4fe	yes	8fcfefaab1f8898dddd4a7db0e02b617	35b34dbcb082f1658638eb41d1b1a6202ca93ce28083096fff5efd410f77ec63	35b34dbcb082f1658638eb41d1b1a6202ca93ce28083096fff5efd410f77ec63	818e73df90169249eddb61920c3b3cb84722737cf944aa390c639973c0f64b70	127b0e837782db602496a834d96ed6277266f05a0476d7b1daaaf981df373dec
54f4fb72d708d70675b09f91dda81aee	megadrive	College Football's National Championship	megadrive	College Football's National Championship	3	66569f9a8e34e7041134d91464d80022	yes	54f4fb72d708d70675b09f91dda81aee	23db49ac6bab997c28f197bf345a7fa6a5f504edfb2cf2584f1bc1e5dfde4271	23db49ac6bab997c28f197bf345a7fa6a5f504edfb2cf2584f1bc1e5dfde4271	7fd98188993c1aa302807b685e2b88b1f4b4059e368cef25e7185d8f109adb6d	1869dbcdd5574947bdfabb2b52cb6cace07b2aa77d9ac92b8231ece3e794fd7b
f3ce1283959a61849204fb0570784991	megadrive	College Football's National Championship II	megadrive	College Football's National Championship II	3	c34415b13b9a44761f3535f7a6b3e2aa	yes	f3ce1283959a61849204fb0570784991	8fb08deb98b5b88f8a1d16503acc663fd4712426be2aed42c1aa07b81a3b3265	8fb08deb98b5b88f8a1d16503acc663fd4712426be2aed42c1aa07b81a3b3265	102adec674b52fd71f87e48526e10e591a4aae8741fbaf434b0c10d2c56c40ad	b83e309c20c02e3ac6bbdccc2820a9a07802117f5f6db73ed2f97b4e0cda1190
1f078cdb61eab2965e35a6766445a352	megadrive	College Slam	megadrive	College Slam	3	45244c14f1199f8f7c9dc59fb4bc6c26	yes	1f078cdb61eab2965e35a6766445a352	ca40830a41dc287b260238e3bd21b9e75cd91ac55fa3630e7c0c0b1c10e6e993	ca40830a41dc287b260238e3bd21b9e75cd91ac55fa3630e7c0c0b1c10e6e993	e91b4bc7258a3e3eca14f120ff210ffbc246075a29bf0dac2e265695f4d6db14	ae6a3e73d0a1500f1ff548c44352fd23f67ce54d83128f19cb3b36af48b4380b
a102222da5148c4c4be11dde332eee97	megadrive	Combat Cars	megadrive	Combat Cars	3	76eebdcdaa5905b48ce213b40119c736	yes	a102222da5148c4c4be11dde332eee97	06ae45e99ac483449dd185b0be53f07386a580d2d11fb5e876bc3ac0eed15bc3	06ae45e99ac483449dd185b0be53f07386a580d2d11fb5e876bc3ac0eed15bc3	2beb64da407136d2dd39ca077b091251716fc3b63da993e388578d605e0fce5b	a7ffcc6e2ab6eee14bbaeb01efc5c1cdde8d7e4d44ddec0c727097470289fd4b
c6d1b39e023f413009e78cc1a9e2e571	megadrive	Comix Zone	megadrive	Comix Zone	3	4750af0c69044b3bb65b946b2a4b54b4	yes	c6d1b39e023f413009e78cc1a9e2e571	b74ebc228ec5f535afb2f14ecfac4c81951a60945660a1a29de6f7886cb74b79	b74ebc228ec5f535afb2f14ecfac4c81951a60945660a1a29de6f7886cb74b79	784e408e110e99f9a0298a7232d57f6b0d76cccb3204da3366e63a9e5b6c41ef	ec6c5a211666e693dd392bbc6e6dcc699bec9d96e2da7f7bee49f68e287fd3c8
b4d68bd1f97f9e39772c8d78039bef25	megadrive	Contra : Hard Corps	megadrive	Contra : Hard Corps	3	6da4b0fbf664e5a95980e40afa92c582	yes	b4d68bd1f97f9e39772c8d78039bef25	92eba2aca0bc3afd3db8580d878af8397c82c6b3f29a72921e00bba57a178cde	92eba2aca0bc3afd3db8580d878af8397c82c6b3f29a72921e00bba57a178cde	611a16faa2e34fcb485a3307237bba7a2e21258f370f9cab59b4be3a27b0f6b2	ecec6737281f22af437bae6f31e580796093e8be975825614847bdd38ca318e0
5953c8d6d96c7642abf66946113ffc90	megadrive	Cool Spot	megadrive	Cool Spot	3	ec474ce4379b8e96752c21f2c347c92c	yes	5953c8d6d96c7642abf66946113ffc90	cdbe15965c9e5d996b193d2a45a23ee011152993957109bac9f6fa4150eddfc2	cdbe15965c9e5d996b193d2a45a23ee011152993957109bac9f6fa4150eddfc2	bca8e6108d72a3fe1b45d6ed5001f9b9511d30f5d424cd96052e26eef2153866	581a79bf4e06140e803c27b964dc993fa73d3b77df5b394f63ec05401b01959d
2280b5972d51f4471cead5e0dd567dc2	megadrive	Crack Down	megadrive	Crack Down	3	ed6acd404b029650db6f9e6aa205b11e	yes	2280b5972d51f4471cead5e0dd567dc2	eeb09b69025f932c0e2f5717869ea7cb936800c500705b4c339e26fb05d4a122	eeb09b69025f932c0e2f5717869ea7cb936800c500705b4c339e26fb05d4a122	0e7913f11d967894a1c731948ba1a6d0e13d3cbf6b2ab5ef473f0e3371670aac	d834941fdddef8208af4f4275d087d51ab814117b35470fafad0264c618626ee
ad2b5e7b2a4a1f3199c0292a980e3764	megadrive	Cross Fire	megadrive	Cross Fire	3	cea685275e860bd3304b1ca1326625c3	yes	ad2b5e7b2a4a1f3199c0292a980e3764	12bca7680eadba4a522748513d4d3e89da46e6f872321b7b1bf06bbf744edebd	12bca7680eadba4a522748513d4d3e89da46e6f872321b7b1bf06bbf744edebd	cea4b82b66fc1d5db2ee3d2d94602a70e8851b30f051b2651294aee641e7cbf6	f2f96624e07ec3e6b7047186e0e19820201d473e49eeeecaf0e5f3af05263f27
891a8a649d09f50f5d7a659c967d7492	megadrive	Crusader of Centy	megadrive	Crusader of Centy	3	a6210664a921c57e43a9f1ac3436740c	yes	891a8a649d09f50f5d7a659c967d7492	c1bc14827c21c4a7d69b517878a1886b723cd74f806f686d41875964343d1ce6	c1bc14827c21c4a7d69b517878a1886b723cd74f806f686d41875964343d1ce6	c5948f11c51ae44231931dccd5bd47958cb8daff204d6975b9ccee01add42fa3	15e96b9590bf3bc33a11d3ae6c320ae8e586cb9d34d391c5c22b030eba9b34a2
e569152002a9ad833be340354c1a49b9	megadrive	Crystal's Pony Tale	megadrive	Crystal's Pony Tale	3	5057272588e5b547fe332daa0b3c4373	yes	e569152002a9ad833be340354c1a49b9	cea418022a3bd483f05e1d6e6134bdf95d45a54f09348f487790054a2503314d	cea418022a3bd483f05e1d6e6134bdf95d45a54f09348f487790054a2503314d	623ff9b001bb4e7fd17708fda3db9005efc03f9931e54193410ea8851774d054	02c59914e978643de57b091b496e36837e3ce5893dd1e6ba5134c9a9700edf5e
04cbe6a7c855a9879a0e92f054839dd7	megadrive	Crüe Ball : Heavy Metal Pinball	megadrive	Crüe Ball : Heavy Metal Pinball	3	ee5d0a89937bb6cb5ea0804a2dc0b9d9	yes	04cbe6a7c855a9879a0e92f054839dd7	8a81f99ab43ebcde4cb626e4b5bf80ed3c4caebf8457fa122543d0c93cf2f7bd	8a81f99ab43ebcde4cb626e4b5bf80ed3c4caebf8457fa122543d0c93cf2f7bd	0604747e7a24231b08204d0c889fd79219892f643439ed1372e45a854d887c7e	3720c6c86a7d884a5b1097c80315d0554791459aa4f17a477e0c4890699f2322
d2295cc1261b3b8d60f96b6883d189ed	megadrive	Cyber-Cop	megadrive	Cyber-Cop	3	590816bbbc53fc9ed0f03d77500eb97b	yes	d2295cc1261b3b8d60f96b6883d189ed	a07ae75eaf27a92c78674eaef03b00592c48dd2c64b25b6dd4bbd62ad1db5778	a07ae75eaf27a92c78674eaef03b00592c48dd2c64b25b6dd4bbd62ad1db5778	6e47f5b9637e724d45d8bc8430a52a39c3c5592df870a428579df276d5cf57f3	797c096f498fa963d26833fd17f150fc8fbeabe7accc48234ffa077e8fd5d932
ed8785e260f58d9b21e3d4dbdc81a310	megadrive	Cyborg Justice	megadrive	Cyborg Justice	3	226a8310f0c8d583338c4a78ac0549e6	yes	ed8785e260f58d9b21e3d4dbdc81a310	a4d3ec1a57c0d4b17ea8345d803c51cb0d4628161f9ffb76a7e1dc23319a65f7	a4d3ec1a57c0d4b17ea8345d803c51cb0d4628161f9ffb76a7e1dc23319a65f7	3e51fd60bf5f733326ac350e96b437fab9eabcd76743216cc4b6865df7fa4fc7	cccc7b2a49e60e56abbddb1591ba8042b849f256a819cf89db8c99f6f463665c
77bdfb33891d1015ce3966be8e56b9c5	megadrive	Dark Castle	megadrive	Dark Castle	3	2b91c1b4501d10d7664020652c691acd	yes	77bdfb33891d1015ce3966be8e56b9c5	81943229bdc79d5bf9f6eb4b3664b46654c12d16ccbc45966f43570c6ba07827	81943229bdc79d5bf9f6eb4b3664b46654c12d16ccbc45966f43570c6ba07827	aa76de0d94c4d23d77ed5eba8df5fc56eaa4c44fad6542bc79ac6bbde71235b5	0e07821b5dd51538dbc27f215fe5e1bb67afa3187678030fc7e7bca6af661cb1
bc389accc5e834a6500f0895b9608dea	megadrive	Dashin' Desperadoes	megadrive	Dashin' Desperadoes	3	ff6788b68ee62731e40af4c4e34f6ec5	yes	bc389accc5e834a6500f0895b9608dea	02c2c2bc37e6c9ab2c70fc4c27a2cdf01149f8db61b9a7ac029a24accdafeee0	02c2c2bc37e6c9ab2c70fc4c27a2cdf01149f8db61b9a7ac029a24accdafeee0	b09b0f1d95f7719e349576eee5b6dbc1bd9a07aab9a1c1c0d608f80d559417e3	15ec1e5506c4c0d96847c1fa7b0fafe3563151b198c9e9126d4c19287a426a5b
8a93a23c70fef538443606b4b2e2592e	megadrive	David Crane's Amazing Tennis	megadrive	David Crane's Amazing Tennis	3	64476b8d10fa1e0b016df16c8c7de639	yes	8a93a23c70fef538443606b4b2e2592e	7bc31a077763b31d8eac113fa024a2b850f08b350b62946b5679c31ec527350e	7bc31a077763b31d8eac113fa024a2b850f08b350b62946b5679c31ec527350e	785cf4cf9f24016f99112c35301d085dcf706b112024b1fc8b389c5406e23134	dc2f009abf8b54ecd4162b4d9a118c53d8fd837b7c0ef073f1849b53a8cb5983
ce172ed6a360e9b2bc3ad28f5fa0181e	megadrive	David Robinson's Supreme Court	megadrive	David Robinson's Supreme Court	3	a9bea63ab2558f53089459eb0e5b82ca	yes	ce172ed6a360e9b2bc3ad28f5fa0181e	5146d5a93bb52c0ec38abcc161881bb5b6daefaa064ba5da0af4a64145213191	5146d5a93bb52c0ec38abcc161881bb5b6daefaa064ba5da0af4a64145213191	a01385c91f01ea27e11b55823cc694b646f6bceb8d1b8c448ee3c928af0a5d93	2d80481f4ac1edc925d91dcb91bee7a920b23efa38f3469d269c79c60c55579f
ba97436450bcdb8dd37bb2dc9efbad12	megadrive	Deadly Moves	megadrive	Deadly Moves	3	8c0f30ea2d35071c24bd19560bee76bd	yes	ba97436450bcdb8dd37bb2dc9efbad12	99518ddb85a9301d730024d49fcef6f91176e6b136dc81316255c0973d996da9	99518ddb85a9301d730024d49fcef6f91176e6b136dc81316255c0973d996da9	f80f93d6d9cd5d718acec38e8cba08eae2cb1c800d7edd67cec9f5b00ff423b7	b98d64eb823f79fba3e19bcc639f1dd66949989282a317d71731a4ab66145826
fcd947da048f87f907dfeb210d66b32e	megadrive	Death Duel	megadrive	Death Duel	3	b4ba7a8eb33801d3d5478806c9622b1b	yes	fcd947da048f87f907dfeb210d66b32e	357a9f5117e2f0727118d5316a192b1ab7244bc824ba1fc99b1cb52665360ca9	357a9f5117e2f0727118d5316a192b1ab7244bc824ba1fc99b1cb52665360ca9	54cb500c598728417287e14e3681620bf6ca618b242f3bedebb089d1f8aaa2c4	8fb0708c03277f1dfb9ab4099b360993e88c9cbd59a51bbeb7c5c131d085141c
fe32ac4c841a1201b55bab3a0f758dab	megadrive	Demolition Man	megadrive	Demolition Man	3	725fd49a31bb0455b8bca6504e60d97c	yes	fe32ac4c841a1201b55bab3a0f758dab	627d0aa0a0f069802c7a38ac327a36b5a0ca9bb17ce711fde98b7a8138fddf87	627d0aa0a0f069802c7a38ac327a36b5a0ca9bb17ce711fde98b7a8138fddf87	30ff01ca7eb0c3d9662962eea433bf677ea2fdf46657b79a3fe0f7f46ad0b2d6	63abbfc80f785c9ba9f810f2cd891950132f7712d3ff75d0f0ea286a70518c9e
ece3b05e6d3d1d498345b4a4d8831973	megadrive	Desert Demolition Starring Road Runner and Wile E.	megadrive	Desert Demolition Starring Road Runner and Wile E. Coyote	3	e7157c7de71eaa0ea54bd9aad5177e83	yes	ece3b05e6d3d1d498345b4a4d8831973	2d6eb5edc510ece665fe298b51301a499cf12bd08f2fc8926ebc7b76137fe4d7	2d6eb5edc510ece665fe298b51301a499cf12bd08f2fc8926ebc7b76137fe4d7	4249b17fbaea04c07059c7f402c83cfb61793984b0415e0cabcae08ad43bf762	fe6774f815135efb7fa04d7515a0a44330c402130506bdffcddeda11ad6a8dcc
ed1ca66d27c6313234bc110c2465deb2	megadrive	Devilish : The Next Possession	megadrive	Devilish : The Next Possession	3	74ac622f6f136cc43a3ab14191ddc5e5	yes	ed1ca66d27c6313234bc110c2465deb2	35951a71a9fbaa25490803f5cc4da84542e300b569d9b80dd2f7ee58a4064394	35951a71a9fbaa25490803f5cc4da84542e300b569d9b80dd2f7ee58a4064394	a28b9cf32ad0632d7c6d66fa182d28d9975b88b117011b33ac7a41585c15c48c	5c4b281c339e72f1c85521cd47ca55918b45d8464c047439a25784b7248a05c9
73490244c66660c1c44822a6576dcc62	megadrive	Dick Tracy	megadrive	Dick Tracy	3	698a141ff6faae18362cc391e70190c5	yes	73490244c66660c1c44822a6576dcc62	6e52abd1f66423ea2e43725f885228212bfb814558c86f057ec77db94789cace	6e52abd1f66423ea2e43725f885228212bfb814558c86f057ec77db94789cace	12f1a156d897eb9086d1f11137bae1e9cb0efa8d64a16b82befd8bb6075859b2	1e2a6175b780bdfef61fa4ed6be99d2a293a0f576deaf9d0351c76357bee20aa
b341bdf0d8324c32cbfdb8154a806c8c	megadrive	Dick Vitale's 'Awesome, Baby!' College Hoops	megadrive	Dick Vitale's 'Awesome, Baby!' College Hoops	3	596f8a90179c801bd30f4a718589aa65	yes	b341bdf0d8324c32cbfdb8154a806c8c	79afa7a7a8d6f280688e00c40e02af86f91ef4c52df28ddc2ee79b69fb221cbf	79afa7a7a8d6f280688e00c40e02af86f91ef4c52df28ddc2ee79b69fb221cbf	70ad87e28b8c064666049d94256bf566df58e13e6c444fd30d7c117a84c7fb2b	f6d7e0cbf9d6494bbe6045c9ebd3e108cdd0cdde4a3b0eee7d4580dbb4c267f1
3ef894541d956fd472e1b03207676f2f	megadrive	Dino Dini's Soccer	megadrive	Dino Dini's Soccer	3	f64dc5cada97030bd72d96bb0ee90b70	yes	3ef894541d956fd472e1b03207676f2f	fd22f156084e3f633e1bd930d5b850f48e823954ed5f74017810758d201d0fa2	fd22f156084e3f633e1bd930d5b850f48e823954ed5f74017810758d201d0fa2	669634c17d16983ec5a103f01330ba4dc03d3e254a6c1dae8677b666fa0ab038	ad1a40428462fae55f8db54e5915496833bcc1302d39e42b22a0fc2126852032
e2a16ebed250b6988a670ceb36dfbb6e	megadrive	Dino Land	megadrive	Dino Land	3	8ee0e00719244e5b699dc517600aad6f	yes	e2a16ebed250b6988a670ceb36dfbb6e	f9a36b00d59375f92794a98315ac8070bb3a64b9abe1497129ce0f10cdada70d	f9a36b00d59375f92794a98315ac8070bb3a64b9abe1497129ce0f10cdada70d	092bc3da837849c26489c9c7584c8890c8eca10def404e4b95806fda9205ade1	e7f571ab14bf5efc91be317c41df250de8b19271efd707adbeb5b59692206c42
193548b75a31f262986b0c22d0d9ad9d	megadrive	DJ Boy	megadrive	DJ Boy	3	65c870692c60a6eaaf382b047bcc6566	yes	193548b75a31f262986b0c22d0d9ad9d	8e5ef2d13f461a3d103cb42098a516e40c0bf45b8892375d55cc39b5197c01bf	8e5ef2d13f461a3d103cb42098a516e40c0bf45b8892375d55cc39b5197c01bf	a0c1fc93a013f3211da1f200fcc4ee1025f9c2dc99ca6f8f8bb96821f98304af	c31f20af4606e34bc81e49923b99d6382d844a39b742d8d6ce84f899954397a3
cd06f51b6749b927a8bcfa6f54ad6214	megadrive	Donald in Maui Mallard	megadrive	Donald in Maui Mallard	3	ab3bacf849187ec9418af4c99cdbd7d5	yes	cd06f51b6749b927a8bcfa6f54ad6214	54352f7b80ec1cb1345647af91a88ba6c06f3f993daa4b5bd696baa75f9c72c4	54352f7b80ec1cb1345647af91a88ba6c06f3f993daa4b5bd696baa75f9c72c4	b4e5a46218d4452d38f794ffe5821456dc997595a051f57db23c6f20240df4db	c159623bfdd6db7c44256d41b43071d3eb1f79e0a3e0e37eb594e546fd22193d
e307e854203a98bb3174a6e885786edc	megadrive	Doom Troopers	megadrive	Doom Troopers (USA)	3	9865e064b3cce323f485022ec70418a3	yes	e307e854203a98bb3174a6e885786edc	adfea2968551b5301e4bff11e9a90db2b66ffa6b257ad76d4cda0779f4cd4981	adfea2968551b5301e4bff11e9a90db2b66ffa6b257ad76d4cda0779f4cd4981	d9a18ac38d5f9bf984bdf7d4725753f70a18b210d09ca6ea22a72ab948c1e5fb	0df0984a652c977a6bfa0a3cf6342c1980791420d097562bf096d664d6559baa
ab78863990940b0cf2c26ef4b9117ab1	megadrive	Double Clutch	megadrive	Double Clutch	3	72db252f96794ede973dedd1211b149c	yes	ab78863990940b0cf2c26ef4b9117ab1	aba4086e9690807461d76909c9b76fdeb9d691fa34d5d0f7d32b3a420fdf9d5f	aba4086e9690807461d76909c9b76fdeb9d691fa34d5d0f7d32b3a420fdf9d5f	d27a27aa5398e4fa5ae23cdc9193b7b7243a09743eb2bfb4da2d1f754649d82e	8a36a110b6565c92e3e4ea66935694ae0e0eb0a707d70efc28007304cc6d8486
7dc23b5ab182b6feb6b38fb4c2733710	megadrive	Double Dragon 3 : The Arcade Game	megadrive	Double Dragon 3 : The Arcade Game	3	136ede6d84180737538d3867d817750c	yes	7dc23b5ab182b6feb6b38fb4c2733710	b4124a9aa1a8b33c3cc9da9ba4fb54187f079dc6ff05c12659dc931ba6e5d01f	b4124a9aa1a8b33c3cc9da9ba4fb54187f079dc6ff05c12659dc931ba6e5d01f	498a747b23e0b3c30c1e7c3d1c1fc8200fb80f4ca32e05d66ba0fe8962fed5ea	748e922e2ae88846486ee72267982ed9417053b5e271f2abb53b6fa818c66511
b4abf0a443b408ba44758ef5b16541b1	megadrive	Double Dragon V : The Shadow Falls	megadrive	Double Dragon V : The Shadow Falls	3	09c36f5bfead287d1c24cedc5590ff23	yes	b4abf0a443b408ba44758ef5b16541b1	94122b3f28bb3450883a42f128358bdae909158b612bd6a57f4276fb648239a0	94122b3f28bb3450883a42f128358bdae909158b612bd6a57f4276fb648239a0	a9ac41844890559d637b01b0b7f5770adbb1ad8b7d65ef56c2ee0d25b0fb1bd0	bcdaf3354aaa6f0d574a6bb1be8ada7974440e13aecf7eeade7a8e64fb8fd955
4c9563195ef2cd7cbcb80bbf8b1da8ba	megadrive	Double Dribble : The Playoff Edition	megadrive	Double Dribble : The Playoff Edition	3	2b3c69c6333f16094dc922866d3fde19	yes	4c9563195ef2cd7cbcb80bbf8b1da8ba	cb31ccc47223e0383f2582e4688a152cb67be06cf012f10a1b48e8aee76a6fca	cb31ccc47223e0383f2582e4688a152cb67be06cf012f10a1b48e8aee76a6fca	55b703bb1f5050040bc89bb0bd93c849e44cfeec9db0ee499b994e7b68d519fe	13f07a51de31acf616c7eaaae53daaac02360fd511d2fcd2f695eca6c23ef83d
cbc376997b8222b0add7e4d9512b2a52	megadrive	Dr. Robotnik's Mean Bean Machine	megadrive	Dr. Robotnik's Mean Bean Machine	3	5392ed903bc316bc63bda2f6f51dd4fd	yes	cbc376997b8222b0add7e4d9512b2a52	b479d044679cf604d01bd001954786e864fbeeca08ce115e9a379afb1a8b9407	b479d044679cf604d01bd001954786e864fbeeca08ce115e9a379afb1a8b9407	9ec3453153356302bf8e3386f03acb0a43ad7bc4c2d96e0c16b53f8faeec3882	ffd7634980003343200f1527d704833a52a7eb6c8a25222452667989d4c79cb7
f72ab303f31bb07d9acb408eceb4b8a7	megadrive	Dragon : The Bruce Lee Story	megadrive	Dragon : The Bruce Lee Story	3	899b8022b15f026ce99c8c4dcbdbfb5c	yes	f72ab303f31bb07d9acb408eceb4b8a7	12583051ab2c3d8e993892d3b86854dd37c6bf4ff1c0237dd1eb24181513154a	12583051ab2c3d8e993892d3b86854dd37c6bf4ff1c0237dd1eb24181513154a	9ce6e41a44d92243106c201e81792ce2105fbb718acc4ab1e43c42f589007446	60c08b151a9fa4ca4f12b5aaf3733c9cbda24626269013edc69efb011b83157f
f743e9f315b8420bed97a7f5a5972371	megadrive	Dragon's Fury	megadrive	Dragon's Fury	3	d132345a1945959d24a693a12ee1e153	yes	f743e9f315b8420bed97a7f5a5972371	ea1cacba89b453caaf0ab7b39198d13e79918498de4bb6b2a987715d7deab09e	ea1cacba89b453caaf0ab7b39198d13e79918498de4bb6b2a987715d7deab09e	c396375ffedf3f50ec9c556658e9871bc72b62471d9b83865027a7598e9a4dc4	a4317d40a8b59658d1fb5f9dca2292a02e62f85158995971f7bc3367ec3719c9
6d2a0b84d9ec56a2def72ed3d056fd9e	megadrive	Dragon's Revenge	megadrive	Dragon's Revenge	3	8880763c229841819539a651b088e779	yes	6d2a0b84d9ec56a2def72ed3d056fd9e	58941d4756db874fcbe291a58e9c221c9091d75051e5fe3fc8bc691cd1813437	58941d4756db874fcbe291a58e9c221c9091d75051e5fe3fc8bc691cd1813437	e4ac59055ba041200188619400f9d55b919ba33616903d13314a668587c0ba94	b1d0b8a17ee6e06bd733f68ab0450c352585fedfe9370b532b30e3d3ce54d0ab
90886f87269f4378603d62654ae141cb	megadrive	Dune : The Battle for Arrakis	megadrive	Dune : The Battle for Arrakis	3	1b20a33cbeda398874ed40c0d3a61e88	yes	90886f87269f4378603d62654ae141cb	0d365d9cc387d624ac86d98c3cac9189a85c716626bc1518fd4093b2fef633bb	0d365d9cc387d624ac86d98c3cac9189a85c716626bc1518fd4093b2fef633bb	be0640eb6c8a7880cfff750236810f91d14ea6d66b98da3ce3e9f8955adda455	fe24f305da64cc3158f2f9cc9abe406f9f8c0618c03b08cfa5690e5e43012ef4
d41342081996c15faecfb9cfb23e3602	megadrive	Dungeons & Dragons : Warriors of the Eternal Sun	megadrive	Dungeons & Dragons : Warriors of the Eternal Sun	3	3005ba196440d642b3c96f89e41046af	yes	d41342081996c15faecfb9cfb23e3602	5e49cb542739445fa0950d7c4dea12ddb555786e9f352949b1286cbcbf03e0dd	5e49cb542739445fa0950d7c4dea12ddb555786e9f352949b1286cbcbf03e0dd	63a13267e878b20aa4963c63f20777c3c42c7a759edfafa315c4a97655f7a207	babd22285129f186a7d16152481c639858c7803f17d8b54b8bba0ef542fbef4d
960d8e9607db199095478647ca11a356	megadrive	Dynamite Headdy	megadrive	Dynamite Headdy	3	f7e11ee8babfc4a22a76442a38e794e1	yes	960d8e9607db199095478647ca11a356	ca4bb80cadc196091c97856a6615a5d7678916c0c93cdc6903d7ab45e8c8e6a8	ca4bb80cadc196091c97856a6615a5d7678916c0c93cdc6903d7ab45e8c8e6a8	5789562ac8b2e5d473b964f621c3da8f2da897c39cf8b7a909df125bbd5d033d	5ca15992f8aa63a35ed8a9b1ea045a197d49edb0d215e734f8ced564cd77c90a
0b1ac82416e56a1367dfbc7c3ab47634	megadrive	Earnest Evans	megadrive	Earnest Evans	3	6f5ac8f985352dcef57582e8a10e7a9d	yes	0b1ac82416e56a1367dfbc7c3ab47634	1176d92ef284fad3af560bbde88231bcd515c6a7e13901e46ddd8afe573f1f6f	1176d92ef284fad3af560bbde88231bcd515c6a7e13901e46ddd8afe573f1f6f	f59aa4c8970421f3a7f7bc13ab38718a339488678eac1674cebe67d65d1ec903	b894b2ed89d658c265fae5da171a5771d2ccad1f876cebe6065b0f511d337cc2
002447dbd564d789b8f9eaa3a1437231	megadrive	Earth Defense	megadrive	Earth Defense	3	ec8bb27b123fcfa25e0440588281b93b	yes	002447dbd564d789b8f9eaa3a1437231	e76faa8bf9584f6cf180b9bfd810bcf7ab47d0f2d3e6b73d30c2b668420ef3e8	e76faa8bf9584f6cf180b9bfd810bcf7ab47d0f2d3e6b73d30c2b668420ef3e8	acf2d7517fb46b067c6a4cb612fc5d2d75bf30f28551c511021105e41877b397	fed52ff3d5495aac957766b8ae16f5285808f223ac66bae428fb9a588e104cee
ad6f677311ca7a9d6b083df373d30a15	megadrive	Earthworm Jim	megadrive	Earthworm Jim	3	250f0be92c7c4a81b44b6507fe2cc7fa	yes	ad6f677311ca7a9d6b083df373d30a15	7a1f67e280f1cc1127c59fd6e1987d075c70440be4c414cf9ce1a6b84d69e3c1	7a1f67e280f1cc1127c59fd6e1987d075c70440be4c414cf9ce1a6b84d69e3c1	2ca976902ff97b480e26760e4389da6a667cc53f8e3b66f762b7b873be4c41a5	5f7c7a349071a35aa648f5128279f6bca066e16ed07b2b90a23e962f7a43c512
a108fe8e6a838ee9cfb1d15ad765d7c4	megadrive	Earthworm Jim 2	megadrive	Earthworm Jim 2	3	5899449e1fd8e69b962189850b4045b6	yes	a108fe8e6a838ee9cfb1d15ad765d7c4	6e7718d281350a90ebffd90fe2a958821beb31ed806e18731f2d5b74587693bb	6e7718d281350a90ebffd90fe2a958821beb31ed806e18731f2d5b74587693bb	76718f568c34de07b3a1420a39fd67d9096a1915c865d53707eb0ec027c2536b	c52530b2f0cea878b276d7494d5621e061e2ae9d0a41bd0d5d11adcab8d346a5
c224729a18c5d5f88ab8faa35e2e3b2d	megadrive	Ecco : The Tides of Time	megadrive	Ecco : The Tides of Time	3	d2bf6f027404a1aaab1ebf5f39c9661d	yes	c224729a18c5d5f88ab8faa35e2e3b2d	508e8f37e194ecbaadaccc3dd50cd706ea04646c6a432a5492b849e7ff52caa2	508e8f37e194ecbaadaccc3dd50cd706ea04646c6a432a5492b849e7ff52caa2	9fa82d6d45e0181ba47fa2f1f13cbf3a05d9c648f3e29c860f97d6e4a942f741	6a06fc65b290092c49fc0a0f1fab98e80e88cb7ac3507b0bb19d40baa303806a
09ba28cd1c37ce2807408508d8ae1465	megadrive	Ecco the Dolphin	megadrive	Ecco the Dolphin	3	5a2b18cc8bdb445555e4e0e5fe9de23a	yes	09ba28cd1c37ce2807408508d8ae1465	743ef85eabfb98386e26161b04bfcbb59a935c5aad37754c3b1c68bd675bc790	743ef85eabfb98386e26161b04bfcbb59a935c5aad37754c3b1c68bd675bc790	74aa91d7b9f8e7b38cf1ddc3fa67e38286a2278e23fa8b80f316b080a0315b9e	db34c8469f4799c3a0d96608b100241b28ca8e3f3302a797cce862a7a7360022
3e60d964c545f5f676a9d6994a20bd36	megadrive	El. Viento	megadrive	El. Viento	3	066569e7894535d2f2e8f8c95ccb63ab	yes	3e60d964c545f5f676a9d6994a20bd36	df54364502e533884e7e6ad91c0919d0f8c091dc01a4f42b18be6057053ff86c	df54364502e533884e7e6ad91c0919d0f8c091dc01a4f42b18be6057053ff86c	f5058055ed3de097fa27aa1274e49c16892578b0177dde57f60b919229166e37	f0443653da19044fa51ba25eb5d65b42b4eeb763f36f5ad3cc023eaa3afbd7bf
cb528627a80a7a96ac80f895f646f205	megadrive	El. Viento	megadrivebr	El. Viento	3	bd875256390f806a522c20eaf4b23496	yes	cb528627a80a7a96ac80f895f646f205	57e16d7b858bf6b212902bde521269d574e179f1bc824d88788ac16c12bc6b9c	57e16d7b858bf6b212902bde521269d574e179f1bc824d88788ac16c12bc6b9c	2f381526dfde6ea244780456cf0e285f70921a664823221e63ddb88295764602	f9a2b05f653a227861b9d96ebe669d9220bbc4285c5b4a4ffa9a9e14fab11535
41fadcb051b34801a4de5327d5bee810	megadrive	Elemental Master	megadrive	Elemental Master	3	89656eadcb78f300b66b4f3d8ddb3d12	yes	41fadcb051b34801a4de5327d5bee810	ad4c6e926d524c68d982485ecbdcac107406ff8ebfadfbeba53f98848fedf260	ad4c6e926d524c68d982485ecbdcac107406ff8ebfadfbeba53f98848fedf260	b877aefb1033744b905717411819eac8a709fa495c48b1ca380c2466e1441f03	129a301cc2a5bf8d3bb8c2a28b50e0ef4569296df7505a4c2b8664ecaecdbbd4
f783181b2cf40b59edb5b718bfbc4a54	megadrive	ESPN Baseball Tonight	megadrive	ESPN Baseball Tonight	3	e245e2c225da5f71bcd5f70f610a11e0	yes	f783181b2cf40b59edb5b718bfbc4a54	8171d205fd350417c1c964cbefeff2696e59031df9807f35b2b84b4465b3bc87	8171d205fd350417c1c964cbefeff2696e59031df9807f35b2b84b4465b3bc87	e3214261a8b90fc2a03b75ae471a3e0f06fc64c1fff5657ad7f7777a5a024c3b	7d2938ffaeea1b41a859154f9ce21a663177fba70def36ccd5ca63bf92374908
c249ee848b59b020502e66445acaf284	megadrive	ESPN National Hockey Night	megadrive	ESPN National Hockey Night	3	9b7a9b046d9e3eb9e226dfc8892ecc58	yes	c249ee848b59b020502e66445acaf284	44f5aadc520623bb03d25623cba9dc476d3cba159aafa1183ab3da4135f76aca	44f5aadc520623bb03d25623cba9dc476d3cba159aafa1183ab3da4135f76aca	c2e6c0a168504d7b1a719967c344ea279912be970fe86220c2ca6d0784e4a92e	515767302f62211c540fbc2a835ca794acf404904ea71c69e496cd5360922708
88841391d0ce6dd5e7c66c300fa43ada	megadrive	ESPN Speed World	megadrive	ESPN Speed World	3	480de79f817205d969a8b4e6ee22fa4f	yes	88841391d0ce6dd5e7c66c300fa43ada	a04c0b5ce981ca2e182bed3c5988ecfc39d53d9cc6bec44bf38186112524d3d2	a04c0b5ce981ca2e182bed3c5988ecfc39d53d9cc6bec44bf38186112524d3d2	4bb2c134aa4809332d9c8211b00b4c6be6ab02ad990d73db095df85e3892779e	25d75a5962ec7e410bab966465f867bc1cd54865e9a396233f0bce6b033047c1
6c1cc810ae247854cccd485d327d6d1b	megadrive	ESPN Sunday Night NFL	megadrive	ESPN Sunday Night NFL	3	7491b2658da4d407c78a16b8ab10cadb	yes	6c1cc810ae247854cccd485d327d6d1b	f64a447685ae3b81336d09666cd963162131e31c388e4f3b2cb8ec1768d84dcd	f64a447685ae3b81336d09666cd963162131e31c388e4f3b2cb8ec1768d84dcd	11dc19206d18c4fd5151b5c47a46057f89c90f0d878de73939dfb9cc83214935	7ee5e097e657c3cc898eeed6bafe3b6eacc83d2bc6de3231a2b8a4d8e0313689
4cc949e985ec058f6f284451df9ddc95	megadrive	ESWAT : City Under Siege	megadrive	ESWAT : City Under Siege	3	6ed3c0b36b33d747126754aef6bec151	yes	4cc949e985ec058f6f284451df9ddc95	a7b4d5c0bcaf7df8c19465e79b6545a0a404edf12aef4db982327e99a6e07524	a7b4d5c0bcaf7df8c19465e79b6545a0a404edf12aef4db982327e99a6e07524	788ca870a9278ec3375f9de4cfefdfffe9e3e50e47028e0d062443a307a33ade	2d0c8fea14a88e4f95a5f7d996667e994ad201edac86ee26e62ffd988f5b4886
d540a2ae55ef7492b4c3d7993aecd036	megadrive	Eternal Champions	megadrive	Eternal Champions	3	fb5d1e2a510368f6f362c9ff5c0a7c56	yes	d540a2ae55ef7492b4c3d7993aecd036	6140355b7bc4a52c722643a8522ae61c6503e7d6080e06190ddd0cebc4eb756e	6140355b7bc4a52c722643a8522ae61c6503e7d6080e06190ddd0cebc4eb756e	830931c088708b295789cbe5027bbc1110e39024ff8ea610acb808bc5c7eaa99	3aad356e2b42560495b07490d534d7f74cd3ac64e059aeee8b4ce0cff12395a6
f7503bed3bcab3193f1b351a84f290c5	megadrive	Evander Holyfield's 'Real Deal' Boxing	megadrive	Evander Holyfield's 'Real Deal' Boxing	3	76ddfdeee0f0a0534354da5922da17cd	yes	f7503bed3bcab3193f1b351a84f290c5	76e8b9a2d14b3a749aa64595d642306f222db186b1ad236784563cf9b7f8c93f	76e8b9a2d14b3a749aa64595d642306f222db186b1ad236784563cf9b7f8c93f	de18c8b08b551472d7f890bf9d48839e4897259a3b0d74d3f95542e99f660437	b2d6aacfcc606bdd16d82d9ea4698c1883e6816e5b815de9fe5dcb895df83fa4
4111a7a51210c63031749c0ad18a9ea6	megadrive	Ex-Mutants	megadrive	Ex-Mutants	3	dbe714444e1d32ffedf448d3d189944c	yes	4111a7a51210c63031749c0ad18a9ea6	c1be1f52af91868c514d26cacc0e455a82e7d1efab8e2d9e9aaf99570394a0c5	c1be1f52af91868c514d26cacc0e455a82e7d1efab8e2d9e9aaf99570394a0c5	99cc3b410a9387d9724d69481a71347fcfeb45716ecc87461e3b42ff09b22e93	6285b07e673a3953cb8d52ab35576df58f34692159fa807ff93074ed9449a505
3b8a118e4888f34da72eb27e616375a5	megadrive	Exile	megadrive	Exile	3	b2d24b90a0cbff38f6cc1efcb30af67a	yes	3b8a118e4888f34da72eb27e616375a5	3325c7a2c797313fe02dbd2269a50f655f74b011188981f7d7a7a12a8830259b	3325c7a2c797313fe02dbd2269a50f655f74b011188981f7d7a7a12a8830259b	a6d8d41d75fee63741fb09557b4ad7c8b8fadb9e3235564f3d87b6fb57f689c6	ef99810c5a2eb438b394540205677417fff40e1652f837ebcc6812d643fb249d
242dceb75d946b90d0555ac54fcf83fe	megadrive	Exo Squad	megadrive	Exo Squad	3	dd4ec4d5bd94be93b539fddf3da6e9a7	yes	242dceb75d946b90d0555ac54fcf83fe	a6f92922a9ca202b1209fa5cea3a6995a7614eba601e8b403b24f36c75cc3924	a6f92922a9ca202b1209fa5cea3a6995a7614eba601e8b403b24f36c75cc3924	f3803623468e2e50c8489b1ba34bf7c4660d31c226e91bd011cdc9b9ae9f4e1e	121dc498f4acd7fa30566e1b9e0079716dd89f277a74b647cdaf5e255bcd0e59
b672976cb0598f996631ccef982afbd9	megadrive	Exodus : Journey to the Promised Land	megadrive	Exodus : Journey to the Promised Land	3	1b6abad170db8d8cb1fc93bb312e646b	yes	b672976cb0598f996631ccef982afbd9	91656ea2b850286eb079b5bf79442caafc1f59c9dad46ed1066d5d0a46312713	91656ea2b850286eb079b5bf79442caafc1f59c9dad46ed1066d5d0a46312713	c55c6eaa146b5eba8fecc59539550068e4b4d0055b13d17b3c7b1c1495015023	c62f7f4299c245e011908c8b653ef69490e822e5e7c44a2abb690d6f708154cb
a2496aff0fc3df977db5acf11184906a	megadrive	F-117 Night Storm	megadrive	F-117 Night Storm	3	656dd8a7bfd732e4cf8a5e37cfd45187	yes	a2496aff0fc3df977db5acf11184906a	e0797a1661baca45b481ef95ec4aceb3de9e93b3a4989bf9a7c86f4122a2aaa9	e0797a1661baca45b481ef95ec4aceb3de9e93b3a4989bf9a7c86f4122a2aaa9	71e3cfdda713a570675da71c7a1831bae85c9fbeca9a5e753d6056549162afc2	889846b8c058e9f978bfb9a7ccea2cb086f1033dd2af15c3df5476602a38b68e
641ceb1a132b7e3d63b42f351e7257b6	megadrive	F-15 Strike Eagle II	megadrive	F-15 Strike Eagle II	3	3de5f2cb11a357ba619e312eb38e3082	yes	641ceb1a132b7e3d63b42f351e7257b6	19da9e367afb3d8ec26f18f25b8c113e9f9270da30ee0a9b1b3a3475a0d517ad	19da9e367afb3d8ec26f18f25b8c113e9f9270da30ee0a9b1b3a3475a0d517ad	8e37b61a1d246f6dc59e83154407721a478a9144697d307f82e96beaa457f3a5	08a3bc360e8148246877cae027956681c2a031674d8f2eea0b268c8c5fa0327d
9e0cb5a30424d8390e6ac7e69c2088da	megadrive	F1 : World Championship Edition	megadrive	F1 : World Championship Edition	3	e01823b3c80194128df81bf578af5dc3	yes	9e0cb5a30424d8390e6ac7e69c2088da	8e77d03909c3c9742b162dcb74bf1f65a7dd84012b1116d9c41f51c0ec9047d8	8e77d03909c3c9742b162dcb74bf1f65a7dd84012b1116d9c41f51c0ec9047d8	7de28579719e29064fb63aed65becf0d0f4d3fa984972b0f0d47b9a2e8bb2372	525a3c4c9ab3078f95ba1ab1b5204cdfc47c5248d36fed4639e13d3154bea07a
b8abd078c3b5257222d8d172fd04f335	megadrive	Family Feud	megadrive	Family Feud	3	f2feeb9fec85847ccb0810404248da5e	yes	b8abd078c3b5257222d8d172fd04f335	782e046b7e8ea59e17c7a5bfe37e1323d5576e46f56c6326e83b67c412bcd9f2	782e046b7e8ea59e17c7a5bfe37e1323d5576e46f56c6326e83b67c412bcd9f2	b6c8fba51b7d1f63084839f922bfa56375a27e6a44a83e214a5ebb9589c8d4dd	efb0bac43b0da6c864b95189424d5bccf27ce8fea2d13c0976ea33e3b1c42abc
e2e279072aa35140ff5e4b6432f1f990	megadrive	Fatal Fury	megadrive	Fatal Fury	3	d69334192391399ef5e249d7878f4322	yes	e2e279072aa35140ff5e4b6432f1f990	6f697be41a95b27800265d0c8d7264353caab8edaaa5b6d49d3faa416c3bd46b	6f697be41a95b27800265d0c8d7264353caab8edaaa5b6d49d3faa416c3bd46b	5ee72b164a02504676ad63777bbd01591f86a114664f446fe53ff8524eecac06	44415e9f9091b015ded8fc56f38731a2b75af3babbde90ebd9dc7589963fd306
c3bd905e7f11251fc12094e5e0f6efaf	megadrive	Fatal Fury 2	megadrive	Fatal Fury 2	3	02f06d7dc3c63be637b354e8356aa86a	yes	c3bd905e7f11251fc12094e5e0f6efaf	2b21f8083b3445d3287ff689071adfd5ded0d58cd982a6f2fdd7e6e21f4d1b02	2b21f8083b3445d3287ff689071adfd5ded0d58cd982a6f2fdd7e6e21f4d1b02	b02f4fbb975dfd6506b7ecffd4ccf1eb19acdad9637bea193853891a5740fcf9	dee568f4d45f7f7feb57638b8e33e7405025226cfbcf661c1cc552dbafd55003
a4f6ab3871ad62c75330801783fa8186	megadrive	Fatal Labyrinth	megadrive	Fatal Labyrinth	3	30e08c1555cc9a81301e7bed67d4ea81	yes	a4f6ab3871ad62c75330801783fa8186	bd3bfa4f66213fc3af539d02d3ea2c512d3117ae6525bc2cd5a279f8fe812aeb	bd3bfa4f66213fc3af539d02d3ea2c512d3117ae6525bc2cd5a279f8fe812aeb	6c313f202842e82269a2914e525cc8b2b32c4a9fdd73b6b380d7648cac8c63b9	d32350c36b87099219137cb3b21808473151673901492c3e9484d609a0c313fa
7ddcff2e796a975c4021d08e38dddd1d	megadrive	Ferrari Grand Prix Challenge	megadrive	Ferrari Grand Prix Challenge	3	682136141b2394a7096bbdd533bca114	yes	7ddcff2e796a975c4021d08e38dddd1d	f577ee67d9b8c218cb7d20424ac7ca9228d9fa2be872d24e037840a933c6005d	f577ee67d9b8c218cb7d20424ac7ca9228d9fa2be872d24e037840a933c6005d	704aba15c651e99d8eac527f86a32f6d2e23da028b92b64ba7cb58e0edec2c66	b3acb50689114f6ab77313818ddefbf1e9fbf8267a7ab8123cfb5ba7b1063b89
e74a0730430d25e663d44a26d8f3ef90	megadrive	FIFA International Soccer	megadrivebr	FIFA International Soccer	3	69f37346767939b7bd7504f9385c9548	yes	e74a0730430d25e663d44a26d8f3ef90	5449bd958af01f1199e3d4dc8f4fe2bfed3788c1fbc38d7f4ba82809ed427768	5449bd958af01f1199e3d4dc8f4fe2bfed3788c1fbc38d7f4ba82809ed427768	d64b668a4d20be3cff16fa345cadf582fd933458261936292cc998a0f4572e17	2d2fcd251e0d639a37e2c8c3367021b6b61007bf938ff6686db9e5a826f6cd62
36c816fe37209dc88e094a431e9818c2	megadrive	FIFA Soccer 97	megadrivebr	FIFA Soccer 97	3	0fb1a8555a81308d75cb5a4dfa96bc95	yes	36c816fe37209dc88e094a431e9818c2	236c960adb72c25a82b0be4fe8c03356a5d2048001401118a504387db41bc22b	236c960adb72c25a82b0be4fe8c03356a5d2048001401118a504387db41bc22b	f453f848df56291c6a76222af467420c382fe6daf0fca2ca9c8886dfdd047b91	14bbef5224947fd6911e86b2be8044fc74a8a8a2d5e83fcdc995f65a225fca9b
a341e9d8d4afbb6511268a8740da03af	megadrive	Fighting Masters	megadrive	Fighting Masters	3	e4d05650e205d399ac36eb1c1e609a74	yes	a341e9d8d4afbb6511268a8740da03af	e989a47f231afafd0c9036393c5ae53403fc4ea33ca3c4deccffb1bee0be508b	e989a47f231afafd0c9036393c5ae53403fc4ea33ca3c4deccffb1bee0be508b	14fc049c230d261bded248e695ddadaaab95630bb321d8ad749112c1e9e7a159	86562e72f401ede1bea2c3d71bd3ae47846ab4b14af717d373afe84ec57f0ffd
27019cb1fbb83f2afe41bccdf56e66b9	megadrive	Fire Shark	megadrive	Fire Shark	3	ec05db56c4978980493543493edab563	yes	27019cb1fbb83f2afe41bccdf56e66b9	88ae991dcc84b48d85b3d755c58c17689624f723748607acf1a5f3cab2974590	88ae991dcc84b48d85b3d755c58c17689624f723748607acf1a5f3cab2974590	5c69604976d3c6744f60c67df7ff67ba912f291d8b8670d19e9c03ebc2ce312d	a7561a307429e38d989ef8b6492bb232b3b1a2dbcbd7489b38f15786ab5abf5c
726a0ce892d003b9a02cfb278b716faf	megadrive	Flashback : The Quest for Identity	megadrive	Flashback : The Quest for Identity	3	da468b8c1afc87521e81202d68d596dc	yes	726a0ce892d003b9a02cfb278b716faf	533e1e291144234a1c491407286a60e8a0b52ff993533810e81e65e2e2084681	533e1e291144234a1c491407286a60e8a0b52ff993533810e81e65e2e2084681	fc034dab2e4437c47544e8d355edfe7205ff18fe00e66e1725de655951fe9bfb	67203d1237b755c68942707b44a2bbaec340448d682f89a5f38fd8adcca62ef5
fe4a758d663bd719a8381dc15bc3f060	megadrive	Flashback : The Quest for Identity	megadrivebr	Flashback : The Quest for Identity	3	2d6d8fbf6535c847b3c55400b9c895d5	yes	fe4a758d663bd719a8381dc15bc3f060	d9256c2c1368dde3d805fd61876f3da8b2f7f77a3961782ae525cbf25153cd1c	d9256c2c1368dde3d805fd61876f3da8b2f7f77a3961782ae525cbf25153cd1c	cdda9067bc13ec31f467706b9748c80e1e96cc11f80f3cccb0dbce15c87eb522	3cba514652aab0249cea9ccb839447589e748748712527aa61cdc84d908cb5a4
2ede2ae570e1d8b2ea813a2f8e234d0d	megadrive	Flicky	megadrive	Flicky	3	f91d89b7fe4d8934220b151db1d685b2	yes	2ede2ae570e1d8b2ea813a2f8e234d0d	85b864f97b87ea1e66980fdfad4db6e2e44a1eb51e646513eacc87708291b63b	85b864f97b87ea1e66980fdfad4db6e2e44a1eb51e646513eacc87708291b63b	d1810a16288f4ce354468ff95a97d93a3e83972d6f949fa82807538e9d0e686f	55f3828994af2f6cc5853a9dbca69ec4b40af001dd77ac3125da98047dee81b9
4749ca905fbd9be9d8c9e1964471d5ba	megadrive	Flink	megadrive	Flink	3	c8eafc8fc16ede190b8ce6f2b66bc913	yes	4749ca905fbd9be9d8c9e1964471d5ba	c8ab7c2dfc559221f3dd70460d630191f51326fdd10cd41506dcadbcc399b13e	c8ab7c2dfc559221f3dd70460d630191f51326fdd10cd41506dcadbcc399b13e	4a955a951ff8cfe53acb4aa2c1f4de87ba804a97f6b2e62d873eee8396b7f4d5	7fbb1dd156a33a3ebe926eb6bfb002dddeb218f6384494e5b4f51bfa6a6aa1b0
eea907eefd2e8c285f7130c8b6f9475a	megadrive	Foreman for Real	megadrive	Foreman for Real	3	2cff60749ee78dac38dd19cb37f2844d	yes	eea907eefd2e8c285f7130c8b6f9475a	a71166ffc4b78047d6579d0e0190692b3ac9368b6bd7cec040397700fda13c52	a71166ffc4b78047d6579d0e0190692b3ac9368b6bd7cec040397700fda13c52	b3b365fbc6796ec09344784acc0c4fa8b0359590ce71c4c3d196fbc45fdb717a	1d5e98ef2f71a22cb086869f849825928bf6e658edccbf372e47ed0d81261dbb
a3b809fd1a33b4ec10955cda08ed57ae	megadrive	Formula One	megadrive	Formula One	3	17378e083cc192726fa0dbbfe40c8950	yes	a3b809fd1a33b4ec10955cda08ed57ae	8f0c48d8263b26d891f5c39ba0e73f2614fd32d7036f1e24f8c7bb1625a35598	8f0c48d8263b26d891f5c39ba0e73f2614fd32d7036f1e24f8c7bb1625a35598	05736fdf2b8e95b1229a2d177d7fd838a4560324168177d575a9669a46cd9ae9	c3fec83123bba801c0578bb3826c0987e86317d5e6b25ee7f87565bb9192b797
6ca23abe70889e02824af9ef57371c25	megadrive	Frank Thomas Big Hurt Baseball	megadrive	Frank Thomas Big Hurt Baseball	3	f87507b72d1313fcdd56b2c4472b43e5	yes	6ca23abe70889e02824af9ef57371c25	1881cb3ec455756a5685bfcd9a90a50277c3a638dac0ce8eb17542f4a9e955b1	1881cb3ec455756a5685bfcd9a90a50277c3a638dac0ce8eb17542f4a9e955b1	b1487bd2af84e5dded43d93c817bf602328d59c754ffc63d1d3bdb756f1636a7	a185aef31232e614696b161478ee66e4d300a1f06ee200bec07b5ed11f7d3d74
3c02fbb5b2e24c4fc3302fc7379fd5cf	megadrive	Frogger	megadrive	Frogger	3	64eb358a7a0abb500303eae50dcdc0da	yes	3c02fbb5b2e24c4fc3302fc7379fd5cf	bbcfd4a890910572a13a0d1eb9ffe307e56551030ca2f4d29266702c6bacc840	bbcfd4a890910572a13a0d1eb9ffe307e56551030ca2f4d29266702c6bacc840	380baed72f30fb81c12c3df011f12124d6261b6ccd21b520249257aed014a3e3	53a1dab81ddb89a0462335d80c3a3dbe73584a79a084cc99f350ca063c699c23
69d9572b434e272be74caf3ead57706f	megadrive	Funny World & Balloon Boy	megadrive	Funny World & Balloon Boy	3	86a0799286fe0c0e85d58d36d5c46dbe	yes	69d9572b434e272be74caf3ead57706f	6ec378114794dcc01958c3cdb67f4fd21525ba3395655f3f96f7a73b3bf8a2bf	6ec378114794dcc01958c3cdb67f4fd21525ba3395655f3f96f7a73b3bf8a2bf	8f3bdd01a05d018a2c95f04dddc101568be9fea0e04f0688c08a9e1406f37255	c36329713f8c6d80fd3ac2b1fc71d5c68f8c9749a814f6dd225cdbcaaaa55b3f
4e1f21fbbb80267f4a04467b1a278ca8	megadrive	G-LOC Air Battle	megadrive	G-LOC Air Battle	3	8e22cc1093acf8d84c1b94c9e473034c	yes	4e1f21fbbb80267f4a04467b1a278ca8	c45e4d22a1aacdb45167d97ad572bfe24b4e1401e2151baca58c381377a04de3	c45e4d22a1aacdb45167d97ad572bfe24b4e1401e2151baca58c381377a04de3	36d17d6ee0d08f7a14a3cf0265c65b91bcfbd414f6512c6f3af58c05b587bb48	b76b01a2683e4ff25102c1bec775c55b80c0cb26be7a52aefdf431173107253c
526bd3b50aad496ab4811adf3341662c	megadrive	Gadget Twins	megadrive	Gadget Twins	3	a61d2f518638803f45e9b1692e7d3d33	yes	526bd3b50aad496ab4811adf3341662c	fdbbf72e838698ab300fb61db41c949539cda35365f1ddb31fa3027802162e44	fdbbf72e838698ab300fb61db41c949539cda35365f1ddb31fa3027802162e44	da9fa765e22f55064540ee3c45bc99b74e8e66cfe80446d1fe0c448ae9c9469f	a8f7258d91bf82b6be9bc027288b5a249e8f3480036b894c481b81452052a103
3b9edf79431c24aaf5289e389f5879d0	megadrive	Gaiares	megadrivebr	Gaiares	3	39f3722122252b2d997520e99eaedd59	yes	3b9edf79431c24aaf5289e389f5879d0	4ffcdd6bd0331fb82da4c701050cea99319dda19f815409238a3680bf13536e6	4ffcdd6bd0331fb82da4c701050cea99319dda19f815409238a3680bf13536e6	31e540084fee832150eece8766a121d0209dbcbd4ea61ba0dc01020c3ef75fe3	8bc5f5e2bb26bf0788d7f21d00804dbaee797b2405ad3668f258a10a88961169
7d4c07c4ee20bc5861a5af6eea114478	megadrive	Garfield : Caught in the Act	megadrive	Garfield : Caught in the Act	3	3e6f6e56bae574528bc8f0029cdce23b	yes	7d4c07c4ee20bc5861a5af6eea114478	10e3071e909db39a61f9ce8e5a46b96a7af60f1369e0547542d947fd537731be	10e3071e909db39a61f9ce8e5a46b96a7af60f1369e0547542d947fd537731be	a189e908e2cf11cbec53bf4b9a68ef135eb6fbb9d74af1992ca9ab8833885500	9bb0b417dad5aa961b2106b71bb37159218c1de84e7a8ea1899323215dd7d5e0
06907755be8933171d0addf94b81afe4	megadrive	Gargoyles	megadrive	Gargoyles	3	a04625c414bd3428d25fffe7edf68d80	yes	06907755be8933171d0addf94b81afe4	1cbafb34e98efa10b9de3acde8fdb99a624ec7b936d9beda15494168d50aead0	1cbafb34e98efa10b9de3acde8fdb99a624ec7b936d9beda15494168d50aead0	82154188c48f6b4b32bd8ea28324f80a0e4f94833d07877eac6470a61560a427	dd6255994ae64a21c5c20c37da15a1ea1a518d50404d367dd27713d4ee9d2090
1e089bf00655f03ee4327cd595043e09	megadrive	Gemfire	megadrive	Gemfire	3	139e651472f6d6b237788a67c06610cd	yes	1e089bf00655f03ee4327cd595043e09	b4c755dea784e45f0392c338322bcd00063530c646bbd23fb488bf1937c332f0	b4c755dea784e45f0392c338322bcd00063530c646bbd23fb488bf1937c332f0	707dda16ceff875982e2f2453f3ba593ceb237818cf673adafb79de5378a1588	7fa9319b0e60afe84c467e839cf61f005177614a0d5c38e13e2f6fa60ee15a43
2aa1ab2e9ac81ea795ce8b3825591075	megadrive	General Chaos	megadrive	General Chaos	3	57b4ac3ba070d0d1a8656449e4d3c834	yes	2aa1ab2e9ac81ea795ce8b3825591075	bc768dd00122088453a3a133e063b245afa5e4b149ceeba5bf749f2b80a9e1ec	bc768dd00122088453a3a133e063b245afa5e4b149ceeba5bf749f2b80a9e1ec	ce29dd03af8624e3b687d5a0d44e3bb505809b17fce76a0bc96290bb799386f9	62c077e1212394ffcdedb3e6047fc0707a9031360cd19c2ed12abb36c854d1da
24a559b6870da511115c5c58cc4370ea	megadrive	Generations Lost	megadrive	Generations Lost	3	41ebaa3f75a5c77cbf5980461e6253b6	yes	24a559b6870da511115c5c58cc4370ea	99afe57afaf15e3ec86dc9952a7ecfe3101bdbf591bea78ce1e4d3b8041e4d65	99afe57afaf15e3ec86dc9952a7ecfe3101bdbf591bea78ce1e4d3b8041e4d65	9b475337b546a612952d8bbfb174c08a962dd32a79476ac43f2913ecab4528c4	315f568b2f27990b860742981322e82adf0cdc95fd5a456ac3cddd6f514de619
e1ad6055485152bef917ecb213b39aef	megadrive	Genghis Khan II : Clan of the Gray Wolf	megadrive	Genghis Khan II : Clan of the Gray Wolf	3	629a41b3c9fa8a3dd1c523b894836fd4	yes	e1ad6055485152bef917ecb213b39aef	2d66b9785ed9ac1250aeab0fecff31ddbfd9e6095b6cf87b90ad779579e7369b	2d66b9785ed9ac1250aeab0fecff31ddbfd9e6095b6cf87b90ad779579e7369b	51d837d844c8ce16dcf093ed166189fd624ab824f94351f11f225f5cfe9dda5e	c6cb80d81aed9af8d48efe6bb5a7a8f70f86adfe0022d21576a2c4adafc88b36
020cd9dba68e4e9d2a5823de82e37ff1	megadrive	George Foreman's KO Boxing	megadrive	George Foreman's KO Boxing	3	fd98f16d305ca0cbf32607cea6e68edd	yes	020cd9dba68e4e9d2a5823de82e37ff1	8fdb8819fbea73b190df54612eaf2231648c4f3212b5c5f58b87eca91808e6f3	8fdb8819fbea73b190df54612eaf2231648c4f3212b5c5f58b87eca91808e6f3	5c4460db393f2bd86b48fed5391190700c7147dc32fa6181a812d51861688699	66af38d8377498dd0d1f47758a491efe552a257c98ea154509080968e1133159
13bfbf08c5862865c379e7ab20d4152c	megadrive	Gods	megadrive	Gods	3	20adca69302d684c87d265b0da73d2ab	yes	13bfbf08c5862865c379e7ab20d4152c	de7433152dbbb936141beccd8cb59097b2cfb9e3e5504feba6e384cfb4e43064	de7433152dbbb936141beccd8cb59097b2cfb9e3e5504feba6e384cfb4e43064	4b355cfb248d1caa164e11099beea1c63374a9738ed7045bf6e40c8021de9b87	2ec149dadb372488d7c7908839545953700a27dc042146dd76e5b6b2da3257a3
032b88c1947d157ce8f0cf947ed3dc95	megadrive	Golden Axe	megadrivebr	Golden Axe	3	8fbaff3f32a59f28f9218c792720efb6	yes	032b88c1947d157ce8f0cf947ed3dc95	9f9a1512e643e89d2c39583de6a691db31e0c8e49eeefb6d1aae6aa18ad80470	9f9a1512e643e89d2c39583de6a691db31e0c8e49eeefb6d1aae6aa18ad80470	ac81e8435793964e4ff7a2c04c5d6264d28a98fa18f5a11d56e3a16d9d3865da	1e8b0aeb9430c120f3db8d83c3caab6d763d5cb9396e4c228b4a5fd3d951ec21
133f45dd2f6a420df298d34628df2be8	megadrive	Golden Axe 3	megadrivebr	Golden Axe III	3	243fad73ad2bb50b4c95bc428484884c	yes	133f45dd2f6a420df298d34628df2be8	7198b0e4fa2a9c1fcb677f20f9e6e951db75627f31f40280ae07a4e36fd226be	7198b0e4fa2a9c1fcb677f20f9e6e951db75627f31f40280ae07a4e36fd226be	cab145324eda3ea43d28283a3372d7e5ad65032b65f47c829e25be63e769f17f	44477492d03f8bbe84eb64a1850d1899427547b61240037cc3ade00a9d383dee
1fe0542680e047868f0abfc546f9dd0f	megadrive	Golden Axe II	megadrive	Golden Axe II (World)	3	fca4e93bace3fc79c5841c074459865b	yes	1fe0542680e047868f0abfc546f9dd0f	2aa5924dd853ff2192c9be1ff119aefd40ae9e7303f4927e90c6d26e19e807fa	2aa5924dd853ff2192c9be1ff119aefd40ae9e7303f4927e90c6d26e19e807fa	f0195ed22ad0c2ce9771e6db7bfdc63ba145f7d00b1bd4348200bff92933ce15	4146bc48fc2907d72ed507532efe46b50ba470113ea7f1803cbd5216842d16d6
f1917297a3cbee7aefaeef81cd65c1ba	megadrive	Goofy's Hysterical History Tour	megadrive	Goofy's Hysterical History Tour	3	6a8e996a11463a9765b00c74323a78e3	yes	f1917297a3cbee7aefaeef81cd65c1ba	0f2624857b49f2e3b9a584bac5303f09079cb376e3401ad9c7b3c1be23367f9b	0f2624857b49f2e3b9a584bac5303f09079cb376e3401ad9c7b3c1be23367f9b	e4c7ab1eb07ac558bfa6512d8c77b5a152721e6fd873262d9e8f01d6ed6436ab	679d7b72b809f2a865f503fd7c70f70bcf294a50bb12ed535041ee4668bfdca7
2e64df4d36a441fca473bcd02bee8e74	megadrive	Greatest Heavyweights	megadrive	Greatest Heavyweights	3	ab68513f3b48d7439a48d8b3bdb48645	yes	2e64df4d36a441fca473bcd02bee8e74	c55ae3a50bccf31757a5afed910665b6d7ac185fff8928f9eb64f6193b592140	c55ae3a50bccf31757a5afed910665b6d7ac185fff8928f9eb64f6193b592140	13a03da12d9a969b31b36474f6649138383fabdb1511ade6254509c793dda293	cff740f0f7425c6cb2072762e7f704c9f947230988c1da68053cd3552c07b304
01a6d89b37714dd4ca3bb57574c3b78c	megadrive	Greendog : The Beached Surfer Dude!	megadrivebr	Greendog : The Beached Surfer Dude!	3	14869959a144713aa9efe9186016da13	yes	01a6d89b37714dd4ca3bb57574c3b78c	1c36132f31795130c5db53e546e68c32eba5434ecde30246389f070b46fd3ac9	1c36132f31795130c5db53e546e68c32eba5434ecde30246389f070b46fd3ac9	aa18e34dede12251b272160d24c453fe6719ce8e7fe8e567af9e6f5a69b16372	e3174aaa0156e47674597ce80b6b9be1bd18f1bc2e5c38d9703f0a53d875d019
4542f29811eb0a4cccb041ac0c33825a	megadrive	Greendog : The Beached Surfer Dude!	megadrive	Greendog : The Beached Surfer Dude!	3	312174abce452ac777ebe8eb46701559	yes	4542f29811eb0a4cccb041ac0c33825a	fef7cfca1f8345bb8e463daae8ce818df19dfb4afc04683f73061b57b6fca735	fef7cfca1f8345bb8e463daae8ce818df19dfb4afc04683f73061b57b6fca735	445759388ce75bac0fdc87263929e04448a7c546e83f825220c67964c32d1a50	a9e83abda54e205511bba7afac36a14d0fb3a917f759d44b9fbddcc31f99eaad
18da8ad525daf80ae370f0284598f90e	megadrive	Grind Stormer	megadrive	Grind Stormer	3	d95b04eb881deb48e6432971aecaa691	yes	18da8ad525daf80ae370f0284598f90e	7612fdc03e93116563f593f10c3f4ba46d3b4c596b6771a36a764e929f9ac375	7612fdc03e93116563f593f10c3f4ba46d3b4c596b6771a36a764e929f9ac375	dadce6c56616370b043cc6226c8744b7db1f253ea2246a47a65a821174eccf4d	b2868172e791ac2a111e37eeec4d94cf1ea0d928fce411aecc50934510705e34
373f78bbb8a8ae45e87dc01630827b28	megadrive	Growl	megadrive	Growl	3	46667bda265299b72504214137f4856a	yes	373f78bbb8a8ae45e87dc01630827b28	517dc9d53c5c5b862a54fdd0168dab6a4815045ba0a130ba3a9530496fbfb0c0	517dc9d53c5c5b862a54fdd0168dab6a4815045ba0a130ba3a9530496fbfb0c0	784579a47637e4f13326c65284f2e5c8260fc08bab21938f2ba129bb846d2a24	7959da092d44e7ec87839807753b57a2bc1e26092f8f973e305b5a40a32059f5
bfe152b200ba3c966d4c312f72b33f83	megadrive	Gunship	megadrive	Gunship	3	0f338a9a118f642a301a60caf48a8375	yes	bfe152b200ba3c966d4c312f72b33f83	a6efb5fe94163b939f6db4f4cb0dc44de38ef7ce80294cc4c57a369b30906b0e	a6efb5fe94163b939f6db4f4cb0dc44de38ef7ce80294cc4c57a369b30906b0e	be32f8d362a346c2c1d9c528787f554265895b635f07fa3dd87267ddd91c14c6	b824d753b1ec78bd2a866dfe2e4b83ab62a4cc804e3dd482ff929b38bf470ba2
d45c9ea00a1f38da96122a5cc73cdc7c	megadrive	Gunstar Heroes	megadrive	Gunstar Heroes	3	5aaa60c11afba297e7b4060636632dbc	yes	d45c9ea00a1f38da96122a5cc73cdc7c	626061be86f7eb488da0eb0ef011c5a13e8a951cf6bb039340b4774c25a039bd	626061be86f7eb488da0eb0ef011c5a13e8a951cf6bb039340b4774c25a039bd	63111ca70978154602ab7395a7ef36603ec049e4403588a8dc63cc6d53495bd7	467cd04eb3db2031aba3eb80c40efbd3fea0aa5f75ab23b11a60d93dce2c461c
5c0b763227f691da9a0529ca85bab267	megadrive	Hard Drivin'	megadrive	Hard Drivin'	3	d4168ec0b3c7de5c59f3c34e2ae8394d	yes	5c0b763227f691da9a0529ca85bab267	2e566124003588fabecacbeea13233db386841c0299db597c5e6783ae9196629	2e566124003588fabecacbeea13233db386841c0299db597c5e6783ae9196629	92848eda60b269ea4d1e5e20bd5ad60278bb0d223a522d48283ab9d0015d971b	042a9f41fef70b8c852032ce6e3250a1783109d889010ea6731c03a56adcc559
980df969742896f7acaf5e4bb29a508e	megadrive	HardBall '94	megadrive	HardBall '94	3	474377901fd80aa7fe88715875e42190	yes	980df969742896f7acaf5e4bb29a508e	a210624d3149534d2eabcd83d15f82d3bed78b988a3ca554aa9c7a86f7dcba0c	a210624d3149534d2eabcd83d15f82d3bed78b988a3ca554aa9c7a86f7dcba0c	21a50d84a66d4c115522d8ae1df401f86cf896c59d2accd25d02c5c4be808338	649a2f03211854f444c88760adddec87f511c4407ac2c4d9ea1bea7d8198e0b0
b25852b1f2df8bd634f7c17e360b324a	megadrive	HardBall '95	megadrive	HardBall '95	3	db223116961d2841dfba201dfd95800c	yes	b25852b1f2df8bd634f7c17e360b324a	b95bc1106235fae8e34b269950cf41ba9e610d31e27e565ec3fb3602e369e50e	b95bc1106235fae8e34b269950cf41ba9e610d31e27e565ec3fb3602e369e50e	e27b66abfa47749d8b2ecf63e979390beb9cad70d225168e0e659e03672c4e0e	f2c408a828cfdf68c56a22d0201348596f2701ecacd89dd2390750040ca2f50a
f987fedee435f693606998daf83a4a8c	megadrive	Haunting Starring Polterguy	megadrive	Haunting Starring Polterguy	3	58effb9f2baffc70859633e391ee0950	yes	f987fedee435f693606998daf83a4a8c	78279eb9ffb7a38984cfce1a304cfee961c9e84f280eb6cfdb84dc395574c7d4	78279eb9ffb7a38984cfce1a304cfee961c9e84f280eb6cfdb84dc395574c7d4	8afa4d27f27ee7aee86c9545df9ef3bfc3877b064cf09bea144ef3d41b743e71	8a100f5d55adbd5ce7cf56481a5717958b08fe5eb0941f34acae28ebbb97ed0c
1e9e9c58cebb27f9727426db5eea6949	megadrive	Head-On Soccer	megadrive	Head-On Soccer	3	5ee468308276658602047ef7c50b0724	yes	1e9e9c58cebb27f9727426db5eea6949	1c0629fa6f3f863b876bba224cc2968dee4fd5fc08cbaebf2b58c9954fcaa4e5	1c0629fa6f3f863b876bba224cc2968dee4fd5fc08cbaebf2b58c9954fcaa4e5	1a44a602f30294d1b22dfe34cfa61324bcf8a67fd27b50bfcaf3a18486f7ece0	afa00c4841905a553cb6779e07a80d3912f51adad99153561e8c7210151eb92d
dfc5821fc9a62fcf5a32464d1b9502bd	megadrive	Heavy Nova	megadrive	Heavy Nova	3	370eb72ce309c2a7ef76d45cd4e27b46	yes	dfc5821fc9a62fcf5a32464d1b9502bd	089d4fb890048a13cc857d2258823645e58aec4de6e0080428e3579618d0451d	089d4fb890048a13cc857d2258823645e58aec4de6e0080428e3579618d0451d	3cff3616dcd589c7aafdbf6ab4f1ebc94976bf76bf2942697565ee3c5362bba3	27b7722f026e33f9f25c175bf60002339fb2b46df58101dbc97b7c1fbcdf0c5f
c8ebd1fa956e4021b6ab9492b6bebf32	megadrive	Hellfire	megadrive	Hellfire	3	cd54aaf7882475395d1fb271b4ae1e91	yes	c8ebd1fa956e4021b6ab9492b6bebf32	848a2a3d9d4a8b1b419aa6230015ee401836b5f8052fba6d4ae9db36b2f25ad2	848a2a3d9d4a8b1b419aa6230015ee401836b5f8052fba6d4ae9db36b2f25ad2	7202054ff7f16c7c241053456d68c87d8d644b956712fcd7f192051cf71b4466	f4c3c7e7a48e26a56bcab5a60e6035ca234054ea48d9e11d6f03e5cbd0edcc82
ec73f2106781b3af55ba8cdeb94fd022	megadrive	Herzog Zwei	megadrive	Herzog Zwei	3	dedae3cec4b0b402528a3d0b7bfd434a	yes	ec73f2106781b3af55ba8cdeb94fd022	a6d33b6ba7ccf2b3757874463e65c1946d4d4950940adccd92272250af759821	a6d33b6ba7ccf2b3757874463e65c1946d4d4950940adccd92272250af759821	0e7822be63ebb3a7ed89972dfc9b8f6d048e8f0d5a669cbb535f8da15f2c9b42	fc73b0518d0c533b3a8712520a59a67416bb2ba96206bb9392e9b0c32fc15b89
c6ffd2f8ca2828e443f4794b44f1295d	megadrive	High Seas Havoc	megadrive	High Seas Havoc	3	db4b827244554f2a7731b7f96639059a	yes	c6ffd2f8ca2828e443f4794b44f1295d	5971bec445ebbb5eeeb8d2645ca18be1deb213ab447a41149b41fb7951ffc271	5971bec445ebbb5eeeb8d2645ca18be1deb213ab447a41149b41fb7951ffc271	8949893511f13be92510ecd868b5b9b3d30ec6a2db186ffdae477e80ed28c92b	68e58437cfaaa4c6626504e5f1052ca262834a6e8f4a21bd95600e5e39af580f
69c44fb290f5fdf08e6175d810622d0a	megadrive	Home Alone	megadrive	Home Alone	3	0692016a5599c33836380c7d6fdde762	yes	69c44fb290f5fdf08e6175d810622d0a	5f96e50c0926b8e12cc26890b8f38f715507b760e4043c1eb6148a75e3714457	5f96e50c0926b8e12cc26890b8f38f715507b760e4043c1eb6148a75e3714457	e1d1cceb7f2d32dcc93e37b1f202f6f4870c3a4542a7aaeabbef63c4c75e4bd9	1f4e405b4111c204d6ea9ec18b388c24fcf01f57b74d8ae64e1bc915233e3914
7f9ecba47ab0cfec71077dd2623877a2	megadrive	Home Alone 2 : Lost in New York	megadrive	Home Alone 2 : Lost in New York	3	d29da83edc3625baf765e41f78f5b960	yes	7f9ecba47ab0cfec71077dd2623877a2	8664f4e7e1c859e3ef39a0af82d0c40794b6e70f591095873df6fa1845562457	8664f4e7e1c859e3ef39a0af82d0c40794b6e70f591095873df6fa1845562457	08ffa0da4ab41fcfcb003f56fd9bde1a949e975a0edf9212835c145ef1ccaf5b	7e778393ab9b74a701a3079e2070f65abdb3b8f20d4b57316909821881295c7a
634e7d83a20d694ffb1418c5d6837969	megadrive	Hook	megadrive	Hook	3	bfe990cd53f1161b096a90e64905d534	yes	634e7d83a20d694ffb1418c5d6837969	01d65a11423d360433c69757901176257f95ba7689e7c4df1f26b03dd713f2df	01d65a11423d360433c69757901176257f95ba7689e7c4df1f26b03dd713f2df	8d6d352eba6910ce040eea7f5d99f4bd76e7696c34dbbfbcc471b0af75681337	67d5f42e18dbc971e54db0cbca592dcc6f6e6bdc45ef0df12e18244477e496de
8fcdb314876337aad6409c07f3ce5bc9	megadrive	Hurricanes	megadrive	Hurricanes	3	1c827dc5ad891deaeb32ac8c3b74405e	yes	8fcdb314876337aad6409c07f3ce5bc9	df9a7103b9475ec03cd8b1574e986d66ae96c078233a14a5356b5803511a6aa7	df9a7103b9475ec03cd8b1574e986d66ae96c078233a14a5356b5803511a6aa7	e3d585ccf703811215d86bfbd33db5bb521250fd9dc0ebd7150cf7dff6890cbd	cf7c2ccd526924ba0f86cc7e47f7d2c7d3648ed39e52a73d776468820abcdc83
3757b2e8b929badb5c39c5233be042cc	megadrive	IMG International Tour Tennis	megadrive	IMG International Tour Tennis	3	cd8287036f8bfb05258d1bfaa2d1de37	yes	3757b2e8b929badb5c39c5233be042cc	c15dcad998d851889abb0bdd269f2b5279c22270dce179d1b3fc0fa892a38d34	c15dcad998d851889abb0bdd269f2b5279c22270dce179d1b3fc0fa892a38d34	b6e5232dc68e426dd59e9f70e5df64b45af92acfafa646fdd7f22f9c02ee439b	a1b664a76d533fac96131af121787c2a91c4fa0cf8823219b9a070519512d3f4
09eacc29d4f82135d70bea0fbac92c48	megadrive	Indiana Jones and the Last Crusade	megadrive	Indiana Jones and the Last Crusade	3	c1d02184cff46657590671fb7521b032	yes	09eacc29d4f82135d70bea0fbac92c48	fbcb31269601df271d545be5c6ae93f22e460fe23e7d521be32e43bafcc5c37e	fbcb31269601df271d545be5c6ae93f22e460fe23e7d521be32e43bafcc5c37e	a4c987d161943a8f4746e3665c753145965c47b2b891a9a22ff46e572bfe408f	dc851dde5b9c5945bd1dd4054c1a67fe0a449ffda927b209f41f58441efcd27c
941552de33f9e6dbd4da973b68ca4d3e	megadrive	Insector X	megadrive	Insector X	3	dcaa4151faf4eec8b074cb7a1b4f1bc3	yes	941552de33f9e6dbd4da973b68ca4d3e	b4e256e68af835489377e7ea33c92046a442137b54e27caa61faf67bb26fbf06	b4e256e68af835489377e7ea33c92046a442137b54e27caa61faf67bb26fbf06	84c25db37b62b6b4233e7387d48700437d9c78794dd011d329564d5c28ce7d69	1b140a918120e9d535ecf144616c11c8bf8d099db3d0fc19aaa38924af6e62c4
725b18cd62f2c1f14aa7453a6efa5056	megadrive	Instruments of Chaos Starring Young Indiana Jones	megadrive	Instruments of Chaos Starring Young Indiana Jones	3	58f8c00087995b4eec6882aa7a065296	yes	725b18cd62f2c1f14aa7453a6efa5056	eff928260d560e701e918e92171787c8ab6c7c32e060bcfc56477b58d360c108	eff928260d560e701e918e92171787c8ab6c7c32e060bcfc56477b58d360c108	d0f97194ad69b68ffc6228533c5b19869dd7db1768f95797aff9536290a2588d	7e0ec025f86a849de4777669f8e46bc9147145cd5b4b70fe6e506485b50f114e
9e4c9b90c34fdda836bf24cf56f530cb	megadrive	International Rugby	megadrive	International Rugby	3	66eaf17bc485870f95cc1360b18136b2	yes	9e4c9b90c34fdda836bf24cf56f530cb	e840a4488c7223d09e3a7024e8faaaba5231db7c90537c1d9bae6456afa5b1cc	e840a4488c7223d09e3a7024e8faaaba5231db7c90537c1d9bae6456afa5b1cc	25393ca26402d279dc6f1660de470f575271151211cd779bb0ef052a9e09ad4e	9ad8c2adac7d7e166e6f909095717803f06448a468f4deed3e2a7b09f4e24230
9f5f83cc9b58c0898c7bca33117eeae3	megadrive	International Superstar Soccer Deluxe	megadrive	International Superstar Soccer Deluxe	3	357968be897014b93e287bebb49d5215	yes	9f5f83cc9b58c0898c7bca33117eeae3	9aa3a7d809417af0dc63ac627ed16f0598aa736939dd6d95a37976ea7b75311a	9aa3a7d809417af0dc63ac627ed16f0598aa736939dd6d95a37976ea7b75311a	0e3cb956e106fb92eb180877cd34d9c7d037fca5dcf43a473788c2fb4fa766cb	387cbdd14f7b76591adfeaa7a99fea646eeeb8f92061838ce086c735f2af56d4
724514ce54e09ed78dd15db4b91a084e	megadrive	Izzy's Quest for the Olympic Rings	megadrive	Izzy's Quest for the Olympic Rings	3	01fa66a2fedb6140f5c3732efdeac1db	yes	724514ce54e09ed78dd15db4b91a084e	d9d06c96673e1d17dc3802b5ac76ad9d63b0ced88a43147eca173af6b8d8287f	d9d06c96673e1d17dc3802b5ac76ad9d63b0ced88a43147eca173af6b8d8287f	ae955595091ce84ded833f73a05f62bcbd4a6f1a1e666c270254ba5a47a5b852	740d328eb3db14f521e1e9cad624828f735f3aa1b74a5a675cb7d55d31376190
205b025f66309a0d6d591b73db156096	megadrive	Jack Nicklaus' Power Challenge Golf	megadrive	Jack Nicklaus' Power Challenge Golf	3	64dc11b76760aad635690d0afce88a9b	yes	205b025f66309a0d6d591b73db156096	c69e5c1b5fa8fdc1648b5ce037f5a3dcafa221d03947a81076d499572de08fab	c69e5c1b5fa8fdc1648b5ce037f5a3dcafa221d03947a81076d499572de08fab	ea7d5c9d13627773b8b2111189afda0bcfd73d3413971f6edc6996d387e6c620	331497e9f4137b6e19ea7262e90c2b254782b2a3aa311c66480cf4aca8139139
6a7fe6f5f0c6448f63833f160eb6a7db	megadrive	James 'Buster' Douglas Knockout Boxing	megadrive	James 'Buster' Douglas Knockout Boxing	3	541a6570829ef3358abddb477b6dde84	yes	6a7fe6f5f0c6448f63833f160eb6a7db	9e983f719e1a35eb24b69c6e1857aa0f410fbdec0bcd8514efc1091016cf3bae	9e983f719e1a35eb24b69c6e1857aa0f410fbdec0bcd8514efc1091016cf3bae	6f75eea44e7023f3e6910b1e2086588c5eac040d9ca720b7375bac1cd4785086	0ba2434edea39c81018f9a6a18f0cbb034c5786e1c448943afb93c6d326dec48
355b62bace5d4e5628de7083a83cfa60	megadrive	James Bond 007 : The Duel	megadrive	James Bond 007 : The Duel	3	eafa02c79eee80bdde1fc4bb5dc96023	yes	355b62bace5d4e5628de7083a83cfa60	798ebda625ee0a53158321a042e72e93c83e822c3986fcb9414d97674efe687f	798ebda625ee0a53158321a042e72e93c83e822c3986fcb9414d97674efe687f	334aeac2264574040889f1819ac26142848c41ff08de684f7111ec44d69f3ab8	8abc05c412d5f29d2135eda4ac91df61a9890dd5372d8cf44e80ce3d7a37d435
0a9641b5ba1f1181ea35dee7944e38e3	megadrive	James Pond 3	megadrive	James Pond 3	3	29c8749b05c6c244cd30a3625a2ff5d6	yes	0a9641b5ba1f1181ea35dee7944e38e3	477f6668db719d79df5f7fb46e27dc66fa2319d211a8b484709c3162dab7d9f2	477f6668db719d79df5f7fb46e27dc66fa2319d211a8b484709c3162dab7d9f2	aa175f70dc684f0ad46e11d02dafe89f6b1f658335fc1dc5787e8f1df6f7a797	e7ed0ea45bd31eef8b5b42feb9ab281b6bf9ed02ecae7aa04f4c9d93af785b6e
d0a14ef7f867293a0f2fbbef8a117f97	megadrive	James Pond : Underwater Agent	megadrive	James Pond : Underwater Agent	3	e0f1359e5d0f02e805c56491c7207363	yes	d0a14ef7f867293a0f2fbbef8a117f97	48d41a0480f2677e57152d0fa802043bbb59cd44ff5a083014bb6c3128d46705	48d41a0480f2677e57152d0fa802043bbb59cd44ff5a083014bb6c3128d46705	59e20be58743bda2dcd5dbea503f201b291d4c4e50c1659ba1f5edb7c470a1ca	d0964227ee7ce336d1a4633a6faf794f6f27441807d082705ba9d39b75d01b6f
aecdf8118ceed7ade15bd9e743d004ba	megadrive	Jammit	megadrive	Jammit	3	9bd5b849873bf4a15589d43ba853dfaf	yes	aecdf8118ceed7ade15bd9e743d004ba	2d865e71c8b99db8fc00a2d338df2c0af4a01583969bdd6eaab62cb8cf270a50	2d865e71c8b99db8fc00a2d338df2c0af4a01583969bdd6eaab62cb8cf270a50	05afe6a8c030e2bdbfcb01d2faca450cd747b229b6fca18b45cbead0c3eff993	33d08e61bea5a457462bfcc7aa7a314d8083e69a32b61d8af96ee3484693ac6c
16ed24bc63be2a140ff13d92b7f10514	megadrive	Jennifer Capriati Tennis	megadrive	Jennifer Capriati Tennis	3	510929ea8e9a2c5912e7d834e1086aa0	yes	16ed24bc63be2a140ff13d92b7f10514	2c458ed32cf19b3a845d9db974f6f817ed5a99c209580bae334bab460bbb622a	2c458ed32cf19b3a845d9db974f6f817ed5a99c209580bae334bab460bbb622a	b35765c0557151b75e180852839ad4023b3db496c7a1b9319a7268a47bea593d	c0f1b11dba28e0bac74c1d1f297e51ee29d14d375c974f21835322066a800edd
67e11fd2b70667e576f2c8080f095b6e	megadrive	Jeopardy!	megadrive	Jeopardy!	3	a5a452f8f5e031af5fdc3811e3bb1cec	yes	67e11fd2b70667e576f2c8080f095b6e	3d726fe82a3f7e568eab7aebad78aeb9ec82c023abf33c918d032e891c95837e	3d726fe82a3f7e568eab7aebad78aeb9ec82c023abf33c918d032e891c95837e	922071c89fd12485678f5471745f56581ead79d4774ad88516af7076dc28d196	445e54bbe1fe4912d7056c89ca9649e82a8c6b9699063909d405453c9609c841
62ec706d459047b197488d6622961bc2	megadrive	Jeopardy! : Deluxe Edition	megadrive	Jeopardy! : Deluxe Edition	3	f9d5c265afd07b1447dc3570ea5f8b62	yes	62ec706d459047b197488d6622961bc2	c3ee86bbc3432c90738d3c8e55a8de72b5baf477e7d0ead67d8b4cefef205c29	c3ee86bbc3432c90738d3c8e55a8de72b5baf477e7d0ead67d8b4cefef205c29	f22c2179d58310fcd252796b8c5e548447fc37c03c9b8e2d0c050e8e709eed9f	7945599bb1ccc8f52401c5821487dad87a3a72bfc107c96e844e958f3e6834b3
2556415952828eedeee93a5fc618f7df	megadrive	Jeopardy! : Sports Edition	megadrive	Jeopardy! : Sports Edition	3	58a679e96c339a07a298e0fd8e1c2b01	yes	2556415952828eedeee93a5fc618f7df	c7960c37884e19885adaecd227565a80a6983b78972cc46f4beb316547142bdc	c7960c37884e19885adaecd227565a80a6983b78972cc46f4beb316547142bdc	0cb29ed5afcf15cd33c54ccb1aad7a69d8fd02a6e9165fec0c91a852df8e842d	76d5fd1d20b8974f6008990fa2620fc3e12b6f5e3913441d1d90bfc80fd6fe77
45fbde45d36f307736299d2824019843	megadrive	Jerry Glanville's Pigskin Footbrawl	megadrive	Jerry Glanville's Pigskin Footbrawl	3	d5864d6523d5491459b638994b2b104b	yes	45fbde45d36f307736299d2824019843	b9ade42b85d2b616f8687a5f81ccb68844f59c6af82f2beaca71b96b343fd931	b9ade42b85d2b616f8687a5f81ccb68844f59c6af82f2beaca71b96b343fd931	67b948d90f785e440d1618be0def4955eb035704723de23919183068c473a415	08a0be32b6cbfe7cf93b7cab44183a62b380760216a770b90dde93928abc0f1a
7556aa1f31bf85ae547c41878206b863	megadrive	Jimmy White's Whirlwind Snooker	megadrive	Jimmy White's Whirlwind Snooker	3	1fc5a1927eb0fae117ebb2760a21ab05	yes	7556aa1f31bf85ae547c41878206b863	dca272100c545293822d8f7743b4fcbd78a58bf9ecd48dd2a9566165a98d9c30	dca272100c545293822d8f7743b4fcbd78a58bf9ecd48dd2a9566165a98d9c30	9e7da91e3bdc36edfc5fe51fd867648c0b759fe23d4bd95fcf0dd06149abd9aa	f7dbf6e33f02a96fdce987177f3beb8ed4ec0db76e706b5c4db18f602b15bbf9
8afb0882368c8a5801f5244846485503	megadrive	Joe & Mac	megadrivebr	Joe & Mac	3	dcbebe3c3e8c9e81a5bc5affe0aeaa08	yes	8afb0882368c8a5801f5244846485503	0571bf515999e54a36fb132539112f092d5231bb1b3c03925037a33a9860a9d3	0571bf515999e54a36fb132539112f092d5231bb1b3c03925037a33a9860a9d3	4e39f1f26c45cf5a18eb065bee963e852e4afcb2f61ef9d29eb1c21febc1de88	f4390727824d8024bac2ece58f4ebca86a7934dfe7831b55d3bed17e3d9a6c6e
fbb627f8b97ab013da8a43cc7763639a	megadrive	Joe & Mac	megadrive	Joe & Mac	3	95a82759873e351cb3f257fe7dd12fbb	yes	fbb627f8b97ab013da8a43cc7763639a	53590efbd610d392a4d9898af2a8818fd5064b37d9dfd75a26de927f1b08c872	53590efbd610d392a4d9898af2a8818fd5064b37d9dfd75a26de927f1b08c872	109ecb997a50d9e555c28a13593409033fc938a2e36db6e8ee02eb42dce7059f	dd3aa0e3a69b6ea6cb8c9ae0bc2e997b8d4c5a1f6122837968b5e5554fef9d58
3c3c18e70a513917be7b9468032c612e	megadrive	Joe Montana Football	megadrive	Joe Montana Football	3	b646430a0016cb85bf27343eea36fede	yes	3c3c18e70a513917be7b9468032c612e	33ec983879e1c53c9e291e0ca98b056cb49b6976c214f771ce800526486c7f67	33ec983879e1c53c9e291e0ca98b056cb49b6976c214f771ce800526486c7f67	62c6616d9bc821491c97d69c5117dc41487ff9d1f97fedcd28100b53b837b6a0	5f77abd76049b195c292b0aab11ff45520d9497a0caea88a0bddcc27e2bc5a6c
fad41e0bbb4057e936f9f2e7955c0034	megadrive	John Madden Football	megadrive	John Madden Football	3	b1297cc68f754de9c8317755b098c3a7	yes	fad41e0bbb4057e936f9f2e7955c0034	fe5fc2ba5e301c4e6dda132d373c1cd3673eddf2c82debdabd653caef41c5012	fe5fc2ba5e301c4e6dda132d373c1cd3673eddf2c82debdabd653caef41c5012	561c385a1ee8cc02e9968524847d7392561284c844f633aa9aad4870e4cb416b	c50e1095e4c301f6b916284e140a8b7c6e473785ea01be83507805160aa29184
39fae919622bbcfd04a5ed86f2eedc97	megadrive	John Madden Football '92	megadrive	John Madden Football '92	3	873bd616a2d04c43c88aa132dc1ce18a	yes	39fae919622bbcfd04a5ed86f2eedc97	d4b1f61654e1280d5d83328d7aed31393c4d59280000276f3791fe94899b0591	d4b1f61654e1280d5d83328d7aed31393c4d59280000276f3791fe94899b0591	aa81664f454331a76d4437d32b3fbe66adfab214b77b990057413a6c6b627c30	9a6afceba2de49347de7596342a8fdbd7ec3588fea7e5d7826ea1a59225946af
ba04f0cb85ba837dc1f58404cc5da1be	megadrive	John Madden Football '93	megadrive	John Madden Football '93	3	43e8ed22f70d1d2655e506e01e69b118	yes	ba04f0cb85ba837dc1f58404cc5da1be	cc5ce02acb01bbcb4177ac19cc5131f158cb01d09e2c25e124463e91eca9b49b	cc5ce02acb01bbcb4177ac19cc5131f158cb01d09e2c25e124463e91eca9b49b	6b0423c281b282e3560f93b8cb2840e8f493dd092f015462638066588539e76d	96e1ce5a883d785842a4a9aba4679fb56d1f0be591ec60808e6f88ec80973542
7ee4be266d63e0e2c14dabab43fe60f9	megadrive	John Madden Football : Championship Edition	megadrive	John Madden Football : Championship Edition	3	e671d5cc49013b1df0b7ba93c158dbba	yes	7ee4be266d63e0e2c14dabab43fe60f9	745d48ddc0162aca6c638c78d993a2deedfddfeb0c9bbd5b363cfd638f315722	745d48ddc0162aca6c638c78d993a2deedfddfeb0c9bbd5b363cfd638f315722	b5941813f7f53224cfe6aeeb9af57ad23b0cda90051eec4fc74fc4ff6a35d96e	7ccc014e00f96b14ca475dd47977bfe0b6a8230a964bc9d7f8e1d5caedb4023b
20c58694f1c7b578c402ee99dbea95bf	megadrive	Judge Dredd	megadrive	Judge Dredd	3	220fde26eb78801e37de52c2ddd6b4dc	yes	20c58694f1c7b578c402ee99dbea95bf	682723494f3a8fdc35e81e6de2a44caaf563ff4846a8d047e565ba557204cb59	682723494f3a8fdc35e81e6de2a44caaf563ff4846a8d047e565ba557204cb59	b6105181834c8715a7ffbe3d5690859b0f6bd3f2b588c1e4514b200805e8f5b9	fd8c6e8f469b55ecae1b2e06027ec3b82a861e4b55d178ca6c76563f2630b413
135ba941b2352095f335a9b7be0759c7	megadrive	Jungle Strike : The Sequel to Desert Strike	megadrive	Jungle Strike : The Sequel to Desert Strike	3	0e6d658829ca152b7e36a49d0225b93f	yes	135ba941b2352095f335a9b7be0759c7	e9eb9bdbbfaf4fdc4c7c0bee0020aac30a46bbb127f9693527652ca2ebe1a8a6	e9eb9bdbbfaf4fdc4c7c0bee0020aac30a46bbb127f9693527652ca2ebe1a8a6	5a6cad18d5335fcac1727660d74decabf651af2e993303cf4da4a1a80c610a39	c9d5b0b84a6eb45a43b37ae7be91ac4521ea4c5fb625c8f10e597c1882e7c657
46fac61dd6c224f817067714d1115b2f	megadrive	Jurassic Park : Rampage Edition	megadrive	Jurassic Park	3	97c44f208337b5708f2e603089af24fd	yes	46fac61dd6c224f817067714d1115b2f	8c5e8c72cf6ee87bc5732c63f19843e68b8f9fd4e55e3f87146cbdec14fa4c36	8c5e8c72cf6ee87bc5732c63f19843e68b8f9fd4e55e3f87146cbdec14fa4c36	1df0aeb80fc1ed6e97fa4c237d3a5866a16f9c165bed79d54e18675b3c4de8cc	e8111475c3c8780def053d924fa7b040443c21a191e7faf9b5d711b1e55e5ee6
8d30fe18399fc14a4874c0c90e0c2e8f	megadrive	Jurassic Park : Rampage Edition	megadrive	Jurassic Park : Rampage Edition	3	38c9b261d7a0c21a07249720db234bc5	yes	8d30fe18399fc14a4874c0c90e0c2e8f	b02afe1fadbee0764b2260281f3b206a82474767420974aefc320ae6eca13a7c	b02afe1fadbee0764b2260281f3b206a82474767420974aefc320ae6eca13a7c	b33d960eca96f802e1156575f4b3a58a3014c4ed00ee32ba17203cfb2f806de2	bcc19a9b7a285846ec8aaaf6af5b14e818e8b83d3b433dff8a41fff3318f3f99
2f6eb4e1af3e36deb5687b768fbcedec	megadrive	Justice League Task Force	megadrive	Justice League Task Force	3	cbc375b5abcd4045e16dd44e1cf32849	yes	2f6eb4e1af3e36deb5687b768fbcedec	960292f1008ec150675c219b97894bf82c6b095d1800904f1fdbe93ecca7f88f	960292f1008ec150675c219b97894bf82c6b095d1800904f1fdbe93ecca7f88f	c6514ec7203bd29ffb939447ae65a185b9f97f5612f6f1e44b87cb24c2c10d3a	3b90ebe86702eb6a804798ddb3b627cef34979dec027e8d86bf8f7acaaa7b329
9e78af046733530f6e261d8659dd0a5d	megadrive	Ka-Ge-Ki : Fists of Steel	megadrive	Ka-Ge-Ki : Fists of Steel	3	60d252822d2274e6b3f91d7463995ee7	yes	9e78af046733530f6e261d8659dd0a5d	0ff58e784b3cba4de778d07879fbd39ff21c33ae3c34e4cc142ff07a49db1240	0ff58e784b3cba4de778d07879fbd39ff21c33ae3c34e4cc142ff07a49db1240	0ad37a6d1e2c9e005856942ac7c960bf1c5946baf15d7a0775e289165f10ee7a	8ccc07c259a87078fafe480e6ac43aadb164748bd458b7eb4f291c5069b1e081
53a2244c2ffa057f15060858aae419cf	megadrive	Kawasaki Superbikes	megadrive	Kawasaki Superbike Challenge	3	c8f71f06a1dcc0d020e0cd7da8b2c340	yes	53a2244c2ffa057f15060858aae419cf	e3e5ddf562548dbee4d65a6f6f620cc1172309c5f8b459541bc03530399251c8	e3e5ddf562548dbee4d65a6f6f620cc1172309c5f8b459541bc03530399251c8	218b4e43ccf1350cbe4ba27e5ffb4a082a6624defe3538daa3af7700da8c55d3	dd52aa106605cc53d3330854ec0bd823f0f904c4268e7d1763a16686a76f1cf6
7237636667d44a87f4a442036c22d026	megadrive	Kick Off 3 : European Challenge	megadrive	Kick Off 3 : European Challenge	3	67327a6045b2d6361883510800fb27d7	yes	7237636667d44a87f4a442036c22d026	d4d6e3695d2422907132a7671a003301a634a6d4b4dff92b28def9598d7fcdae	d4d6e3695d2422907132a7671a003301a634a6d4b4dff92b28def9598d7fcdae	fc74fb7373d0323edc4da404ffae45089098092e2e52f33219ed7fdb338e98a9	fd4259a420553151d2749d5d26fb477c18f56d816fe02f3b5f46b727581b343d
6e7c7ec9a3531d74b320bac1e5e61817	megadrive	Kid Chameleon	megadrive	Kid Chameleon	3	4910efca531a6a57d3c41bb7a6e06251	yes	6e7c7ec9a3531d74b320bac1e5e61817	ccff8788e94217258c4229880f9c01309051559eece000380db03a4caa5a1ad9	ccff8788e94217258c4229880f9c01309051559eece000380db03a4caa5a1ad9	8fbf362bff34b6914b33aa1c5d8d4aac505fd9ce856eedbd7ff6ff5c241b16d5	0f32e865e43679ce09866a95efaf500c571c4d99b9c24e327a4d7de901f452d1
50d7a1cdfbd14ae70327b6237eaa32ae	megadrive	King of the Monsters	megadrive	King of the Monsters	3	eb80791f25416396f1923bd286baa5e1	yes	50d7a1cdfbd14ae70327b6237eaa32ae	070f87b8c894e6064469893def238fd23873a9f8f4418f3e1dfc40b3996f73dd	070f87b8c894e6064469893def238fd23873a9f8f4418f3e1dfc40b3996f73dd	e290939d38e62ab94a0f2748194f68bcd0f82bc9d97d28e802cf142de70d9186	64acdd4ac7e0ef43e67bc843617cb26b91c8191846c4d9b695a5bfc6b4d4c81d
333e5ffc8c4e7d60520671dc8ec88891	megadrive	King of the Monsters 2	megadrive	King of the Monsters 2	3	eb413b08c0fc65c0e4aff2041ecf9ae3	yes	333e5ffc8c4e7d60520671dc8ec88891	34df5bc56da16be67bfc1583fc120c4e40b81f0cc279ec18727d18fe0cfcb459	34df5bc56da16be67bfc1583fc120c4e40b81f0cc279ec18727d18fe0cfcb459	c52c005e77f054bbdab50412e27751cb54a55156aa7d53a413e496b879d935d1	34dc555c36cc446fb7bcd12a319cacda6524caf328f87e5d33383bcea2392421
556ae25cc983ea8ff469eb8e259134e7	megadrive	King Salmon : The Big Catch	megadrive	King Salmon : The Big Catch	3	2c5b52cd36ea7d8d2573c8110d961af9	yes	556ae25cc983ea8ff469eb8e259134e7	0c8e5160afbb3147e8236d69ac3406b87f11f7833a3db34449cf71cea9421c2c	0c8e5160afbb3147e8236d69ac3406b87f11f7833a3db34449cf71cea9421c2c	d6c67eb5708e9fb29576711337e8e70487994cbf4a0b7ae50365b7728646c051	43862574c79bf61e74e8b289204811ae5219495ab50e56cb1e1ae56d2a86b3ec
15c0c3769972e8d5594295913114e0f8	megadrive	King's Bounty : The Conqueror's Quest	megadrive	King's Bounty : The Conqueror's Quest	3	7470569616f983e800566d51c63b0a30	yes	15c0c3769972e8d5594295913114e0f8	1b0ace2ea936bc79e342ceae6308625e13bd5f540333d7a21fc951c205848d4a	1b0ace2ea936bc79e342ceae6308625e13bd5f540333d7a21fc951c205848d4a	443a1453e7387948cccc83a83cd281fc4c6b89ef6d6f737ae84accb031e99be1	f65a5633773743e7136c856af84b8a6f4b81f3db466382717517c24876837370
2f0d7dbb32094ef22c47e4b431c9dca8	megadrive	Klax	megadrive	Klax	3	0f7a8feba9bab4307104daf92934d8bf	yes	2f0d7dbb32094ef22c47e4b431c9dca8	941953826f85dedc5ef81d8a5c7d0cab8db46bdccf1f004ac433333b8b8c0a8b	941953826f85dedc5ef81d8a5c7d0cab8db46bdccf1f004ac433333b8b8c0a8b	e9eeea1ce5c9daf348d733cd3ab0935a9ec7dc5d159e5c19634d0fbccb235d33	73a97d1e94aef3629d62c4c20a25d96d114d2626a8b0fa07c0b739e9617fc149
78b674674c2eb013b3e79aff30dde28c	megadrive	La Russa Baseball 95	megadrive	La Russa Baseball 95	3	ae02a44253f65d5799b618b5d28c8acf	yes	78b674674c2eb013b3e79aff30dde28c	7e4b86c93e5908e2946d615386ea55dff0b02a5acb2d1c00223fbc728368e84c	7e4b86c93e5908e2946d615386ea55dff0b02a5acb2d1c00223fbc728368e84c	4f3dff6afa75e97548c6e00494b77e7e5b8ec811bf4a377efe06a3ab3df03bc2	f1fa09cf1800d4dae859fe6f870846cdf8b83e0b7b9170026215e0dc4d4dbb69
4e4d1e04649e2e9af3e49cf67e59b3ea	megadrive	Lakers versus Celtics and the NBA Playoffs	megadrive	Lakers versus Celtics and the NBA Playoffs	3	b55607a17ab43e2f52dfd75620780c9a	yes	4e4d1e04649e2e9af3e49cf67e59b3ea	2ff4ca8523c24d34044a46c9b4865acdf6de93f7dcf5d2163d7926cb40da1982	2ff4ca8523c24d34044a46c9b4865acdf6de93f7dcf5d2163d7926cb40da1982	7a7b0bf010e42d338a54296666932369a7004134446bdecd1267ec8be8b105b0	dccce0fd666d9acea9f330eef834b69e7f1ccf4e9dfc1d1f9b6d4a7683962c12
4d14a1faf7ad91ca4d968f1cf45e8865	megadrive	Landstalker	megadrive	Landstalker	3	9c11d2123817535198670285cca4a760	yes	4d14a1faf7ad91ca4d968f1cf45e8865	5142fb18cd889c7276c70ab9ce2e7c2b1c4222304e66792b100af85b954a930e	5142fb18cd889c7276c70ab9ce2e7c2b1c4222304e66792b100af85b954a930e	d423a5cbe545c2f32756c4e6c974dea5ad21e18ce19201e81d051cfdd85da95f	c3f63ab16a59232427a64357685d38e01c8336ee0eadf3537c9843e5a09af278
c7964c4bb6111b7625153d6f6a10f3b0	megadrive	Landstalker	megadrivebr	Landstalker	3	c22c0b4033d6afeeb74b001aaafa1614	yes	c7964c4bb6111b7625153d6f6a10f3b0	00df865ce64203e27432a2ef1fcadc6549994ab6a9778c5e069d81f0b776c8eb	00df865ce64203e27432a2ef1fcadc6549994ab6a9778c5e069d81f0b776c8eb	2a20f8acffdf75fd3ec60ef491b515abf112953a49052065b6e3635c30142110	b62cf95679d248418c63d00375c2f70f07fca3158a48b6ac7601a84e82db54d3
adaf62b8d2e91ed9c8c201c7dfce8fc7	megadrive	Last Action Hero	megadrive	Last Action Hero	3	3ff254b7095f4c767086cebff4582700	yes	adaf62b8d2e91ed9c8c201c7dfce8fc7	1c7e3c58d48d1066b88ed395ef490121c91bbee73ba4f28c832d8874e333db53	1c7e3c58d48d1066b88ed395ef490121c91bbee73ba4f28c832d8874e333db53	3d294a25c8e4e7199fe3295153b92fe2cb4112b23d393457c6faa42cd07783c1	be69781ff273742e89a9093cb2727dc7e9281d99f8a832b2728245d0aed96451
8b8bba16b1d7ab0a26aead52af417175	megadrive	Last Battle	megadrive	Last Battle	3	41710b26d4f7bbd9a5c637f30672d943	yes	8b8bba16b1d7ab0a26aead52af417175	ed12ea4bd003f1726ef264cccdb4ba48e99565ffe4b00e53dc1f5cff25414884	ed12ea4bd003f1726ef264cccdb4ba48e99565ffe4b00e53dc1f5cff25414884	8a489689b65d47775728db04c5b228e61d334aa4f6ff5c15b90a72d6729d8111	35b684ef1c80222899bc5199f2fb8214ad673e7c0cf8c55bfd94c692a0517882
fd38d6e9b6a51a7e465067d2d316e4ac	megadrive	Lemmings 2 : The Tribes	megadrive	Lemmings 2 : The Tribes	3	72fe400f6eaf569d6d1bcd91c824daa1	yes	fd38d6e9b6a51a7e465067d2d316e4ac	1d8f0f48619b9029c4df86c4ca8fdafbbecf608d44a06dec7b606a12daf86e21	1d8f0f48619b9029c4df86c4ca8fdafbbecf608d44a06dec7b606a12daf86e21	5b39ca05be245707e08947d9c8f8d1860d77851dd0b03c0dcdf35e82e0b0260e	2e85f558c84583e95dc8304765966121ee88e4654d25d3454de41bbb27c6c98f
34f00291c8b71cd12a6cccc5ba43f393	megadrive	Lethal Enforcers	megadrive	Lethal Enforcers	3	ab254de60d58fb6a6f77a3080887d51b	yes	34f00291c8b71cd12a6cccc5ba43f393	0a372bbf8ee3eb6d207282d5e6cff3cb9d79379ac3dd05dd8b6637badfff0c48	0a372bbf8ee3eb6d207282d5e6cff3cb9d79379ac3dd05dd8b6637badfff0c48	325c7f79abb74da5b957f3b9d63e181f1fd070b0efd5ed6a8aded3be21167aed	460fbd5c0613901d716f4ea538c8f65e7b5d0ce1fbd8e4d6fddc644fa1ead544
16612e64924c6963a530b6c2a9467dc2	megadrive	Lethal Enforcers II : Gun Fighters	megadrive	Lethal Enforcers II : Gun Fighters	3	564426ff732a283013fddbe9ac239da8	yes	16612e64924c6963a530b6c2a9467dc2	d555e7922af5bb44aa569fc0a1c90670508ec6588eb01d5d58d4a32547777dac	d555e7922af5bb44aa569fc0a1c90670508ec6588eb01d5d58d4a32547777dac	de175176054df6ffd8e08d80e030d8a6a57fcc507a7604ebd058065bebf21890	f0a01fe2f9856719665cbc1c3f4cf1d7593b84003f5bf96c7a0083980b428d0d
5990443e342951ec0d075106fab1317f	megadrive	LHX Attack Chopper	megadrive	LHX Attack Chopper	3	199203f01e6e76ec12d59462a7fe95c3	yes	5990443e342951ec0d075106fab1317f	c635b51dff64d489232499a74d5046e93202bdb28a32994d388295e44d9d0482	c635b51dff64d489232499a74d5046e93202bdb28a32994d388295e44d9d0482	8a336da68ba15b84cdc484ceb13b6ff51cd56736cfbc195df7b951b82a5a3df3	b67679305a3549cff3f728f8b23db71428fc1046fac8a4d439ec2ad7adeb772a
02dc99c306eff608b991f72376f27ba7	megadrive	Liberty or Death	megadrive	Liberty or Death	3	773d83feaca68e92c338d24c6233d1c6	yes	02dc99c306eff608b991f72376f27ba7	03a356c18a7b2e9223d5ada4afaf68a6cda6efe3ae7454caa6604bc3680b2606	03a356c18a7b2e9223d5ada4afaf68a6cda6efe3ae7454caa6604bc3680b2606	11ac68ced7b89d168e060e91a2ec298fa06cada29593cb1bb98e151874d69c54	c1c46d85608cf52f1724da101b58a72577414cd0ec143cc8123cd1214217839f
6b3d15815e61552ec5d140b4985c0bea	megadrive	Light Crusader	megadrive	Light Crusader	3	1942023efca11aa8523d938e0f0a2df6	yes	6b3d15815e61552ec5d140b4985c0bea	49c2265258d41e6899ac063a43a308c306f2900e8ce2d87721c4b9af1152d16f	49c2265258d41e6899ac063a43a308c306f2900e8ce2d87721c4b9af1152d16f	ba1d71bd12ac5892c9745b2b6082f5e7e8f023b69503fdd84810927069820d41	b8a90bbac53903e9c987046c2d10f328861431df75f86586eb7fc58cd3ad6275
c9fee135899c846d78a677d1ce0354e5	megadrive	Light Crusader	megadrivebr	Light Crusader	3	61f8a1a3b91cd5f67f5dc4265b29c41f	yes	c9fee135899c846d78a677d1ce0354e5	f636a7c475ae3c076606967fe1fd3475c94ad67e3ff652191e0f846b975d3381	f636a7c475ae3c076606967fe1fd3475c94ad67e3ff652191e0f846b975d3381	14ed94e31350a9decbbc6f5e080acfa3c2f4fed48b30691bef9e7b21d3816f41	189a7a20091eb65a5e47d4ab4c9bda561a7cf3a6246983504126f9f14f74bc59
3a6f9539867879bba997dc8739960dfe	megadrive	Lightening Force : Quest for the Darkstar	megadrive	Lightening Force : Quest for the Darkstar	3	1b4f023ef6263abe434b173ddfa593f9	yes	3a6f9539867879bba997dc8739960dfe	5563931a508f7cf4f25ae947a641dfd84c3e0d7f205770c45fb7856838a17672	5563931a508f7cf4f25ae947a641dfd84c3e0d7f205770c45fb7856838a17672	f62332306caf9e3005d86ff93f7390f4ac7852c1be6d4f0a929ce1c24028c4b9	9de136cbf79911c3d9338237a16c17d503ee0ad8711ff1c3bf03c0da93877654
2e79c5e10e8f67ab1166da4795a7633b	megadrive	Lotus II : R.E.C.S	megadrive	Lotus II	3	3a337da3771f45df71a2053d7862932e	yes	2e79c5e10e8f67ab1166da4795a7633b	d894c99ade2449b60dddb52932dd145a0ef38499a41b803eb9a361cbc3a63b14	d894c99ade2449b60dddb52932dd145a0ef38499a41b803eb9a361cbc3a63b14	dd0b426b571ddb41d0d147cae13fa86d040d6c2a0e3b48d1514b67d00ab5c016	7cbb5df316d71b8b24218283933555d82b3e98aca125b44692af50e73f04cefb
b348f0ceec5f4496af3c1a84b20e5ceb	megadrive	Lotus Turbo Challenge	megadrive	Lotus Turbo Challenge	3	ad8dd0392d75f2a039bd22ffe06d9a2c	yes	b348f0ceec5f4496af3c1a84b20e5ceb	04cb035b4542f1f4928bc294cbf5dded8f5a6046e2ecd07d845c4b252fa06df8	04cb035b4542f1f4928bc294cbf5dded8f5a6046e2ecd07d845c4b252fa06df8	66a0150888ed1f569d97f1916920e5db814dcacceb75a4384d4b78dbd9b42058	93dfa9c3e9a84382386ae65ac6bd0666348dab28af46ce0d591b37e1d6952558
bc12b5bdd7987b671640591dee9f821f	megadrive	M-1 Abrams Battle Tank	megadrive	M-1 Abrams Battle Tank	3	ed92c9c8b8a9b0ae15f026345f6db176	yes	bc12b5bdd7987b671640591dee9f821f	76b560fc00038bdf0bf757a001fe6d4942bda982a546612655427004d53fc584	76b560fc00038bdf0bf757a001fe6d4942bda982a546612655427004d53fc584	e0e561be15f9a585a4f8556210e43c1f41788d55eac7581b967ffee297f1c416	bec3e7d37eee6a1d72ac9cefa3b6a3b3453292fd228331744bee3da201f5a63d
057e628e7f7c0cc5b2d548269d6fece1	megadrive	Madden NFL '94	megadrive	Madden NFL '94	3	78998be9557edc050d1aa7a651f47686	yes	057e628e7f7c0cc5b2d548269d6fece1	1bbdd06c7bdaf7402a87ca2bfa43ef8c9fb8056fc5d5956f4b769bb9cee334a5	1bbdd06c7bdaf7402a87ca2bfa43ef8c9fb8056fc5d5956f4b769bb9cee334a5	506fa27e39740a4ee4e53e3bb7bd53eda1d9683408c85e09c798c7125bf1ca3e	e295a4c386319e6614911af02f4b14f53b2692b4965d5b2ae55bec055b93e24e
3a6f2996eeabe11165af6684541c64e9	megadrive	Madden NFL 95	megadrive	Madden NFL 95	3	300f81d1765a82ab82f27e1b1d5bdad7	yes	3a6f2996eeabe11165af6684541c64e9	3f630220bdbb97c012d2884b079fce7152a357e4386f6bbab112fd58094a8659	3f630220bdbb97c012d2884b079fce7152a357e4386f6bbab112fd58094a8659	08151404a3c3189d0827eee857be425ec2987ba67f06cecd1688d507566935df	d2cda1eeaf530691f17c9cca96b021617a3180502c0c70aee276b1b27470620b
254316ca9b8f23f36c487ca4bbcd2470	megadrive	Madden NFL 96	megadrive	Madden NFL 96	3	b43bff17f417819de13cdc1fe0d892e1	yes	254316ca9b8f23f36c487ca4bbcd2470	b742d483e7ffbec58f52cc612cc36c287d4128af8ad13c1ae8bb62543d78ca7f	b742d483e7ffbec58f52cc612cc36c287d4128af8ad13c1ae8bb62543d78ca7f	413b576900bb99207c5fca316050247ea5f316361ad7a9e734afcee146960320	aaedd09f24c45cdbd1edf8e377e10f34c10a022ea40af9032c8d1b464fb9115b
18d16b04d9ef5c9533ad064ba0382a4a	megadrive	Madden NFL 97	megadrive	Madden NFL 97	3	debdcb509310a0e8b811cdab70a143c5	yes	18d16b04d9ef5c9533ad064ba0382a4a	881ef886ddf8a58994190cd28eba96c11e29f36a90cabee96c6473722c6ab3cc	881ef886ddf8a58994190cd28eba96c11e29f36a90cabee96c6473722c6ab3cc	2f50c26d1d47a32df88d496d8959b7d89796c867434aca3fe5cdd4d102d4fe8c	32fb0dabf4bc250c328772357e508e74bb1bea4e73f5b8a94dafebbb389a2526
41fb7f7b587646ae90c03eaad44db3e5	megadrive	Madden NFL 98	megadrive	Madden NFL 98	3	ccc65413d53f2dacc538461f25ab5404	yes	41fb7f7b587646ae90c03eaad44db3e5	a045dfcf3115b8d8b80961594f8233f688e99fe001a254f6cdd6c43556d132e9	a045dfcf3115b8d8b80961594f8233f688e99fe001a254f6cdd6c43556d132e9	59f70de50ebc486255b1e60d5212fe450e48e748dea09fd1a7ffaf177563bb4d	3562fdeb2a14540a24a4d0c4c96864faabab6670020af5b46a3d18e153956cfd
56e6540e16cca55101b7dd2ca6c94ecb	megadrive	Mallet Legend's Whac-a-Critter	megadrive	Mallet Legend's Whac-a-Critter	3	7339f385a87ab74f6eb4163e7b51d8fd	yes	56e6540e16cca55101b7dd2ca6c94ecb	57915210a6163e95af92191a73f2497154fb25d78084a2723198eeb19b49c659	57915210a6163e95af92191a73f2497154fb25d78084a2723198eeb19b49c659	ce5fa9bcacf8ed823ea649580dbf96f6a53f438ca5aa99c630dedba8f3b1f1a1	4c9ba9529921a77516021fda82e555170a2369513625301c90e4a31ab0674b23
221dda382a413b55a953391529d53591	megadrive	Marble Madness	megadrive	Marble Madness	3	d3a35872244de05f9e9c014367b2903a	yes	221dda382a413b55a953391529d53591	ca8955b0ffe60758774ffce895f02fde401c67fc387ee7035cf00c63934d83d4	ca8955b0ffe60758774ffce895f02fde401c67fc387ee7035cf00c63934d83d4	b0fafb120913ad59b1dd527674a50c26bfaf2130374f58aaaad9999c5d236148	bd1c049fdd46dd333fe2d91847bea759cae5b6c1868dd1810b52a52e18862964
b8230a963d7f4dbdf4626e0b00051f89	megadrive	Mario Andretti Racing	megadrive	Mario Andretti Racing	3	e28d79912a30a092ce627a593b4f5f48	yes	b8230a963d7f4dbdf4626e0b00051f89	eda6b140b328d0a0543bae9c827dfde2b146b670096a53c39dbec5766fcbf7a2	eda6b140b328d0a0543bae9c827dfde2b146b670096a53c39dbec5766fcbf7a2	be77fc636d958e1a6bcdb39e96ef4063a2468488c4843e5ab370fdca565aca35	c2428aa906bb70defd97ce8ca910bafe3bf1adfdd2ff56ade1cfba45b0ba4744
becb6d80d197a3ab13e89a6addbf6ecc	megadrive	Mario Lemieux Hockey	megadrive	Mario Lemieux Hockey	3	f34bae8792dc1287d3a0253437f2702d	yes	becb6d80d197a3ab13e89a6addbf6ecc	0aa8623f66a28c728916a56fc7b785f1295de32d226f42fb4f8a8bf7f119096b	0aa8623f66a28c728916a56fc7b785f1295de32d226f42fb4f8a8bf7f119096b	e1376fafd3cfea9de9d15be3015fe9c1fe023a808fde7e5e7f57d159dbd38271	59d0548823aa35f7d440356df6a6658d03f64b3cbe55d8e0982c357db60c48c3
f2e3d7734257f5bcae00b8f9a04e3a3a	megadrive	Marko	megadrive	Marko	3	dc35f92a193feaf0b586ad39133175ba	yes	f2e3d7734257f5bcae00b8f9a04e3a3a	a59b2ad3fbd3d54bd0a952f5d263c4abf48d34d810024b4abf4a4246e4fa3b3e	a59b2ad3fbd3d54bd0a952f5d263c4abf48d34d810024b4abf4a4246e4fa3b3e	b37297fa3d6ed6a55c9f84760873714a327e02c0b5b12eabfa025e7d90dde865	12488285cb09b0e23b8e880f6ab58573bb869c2724822db430a7cde75bc56bff
823ed0005c43233ba5f9219d0c236dff	megadrive	Marvel Land	megadrive	Marvel Land	3	f8828630c5bb7bd43939a1510a053ddf	yes	823ed0005c43233ba5f9219d0c236dff	b3b838bdc28392e2af08ce288c46d85bd42e409df3f1489923da628a93956f16	b3b838bdc28392e2af08ce288c46d85bd42e409df3f1489923da628a93956f16	67ee5c000e99fd59083535e32ac592724665cc32577bb4bb9dd6c2b1225ebed9	e6ee501d0418317462a499bc75e6b677d24890211c56db7d491884f62880704a
c3ab0c7825a0cbecd7dbc5186ecfc308	megadrive	Mary Shelley's Frankenstein	megadrive	Mary Shelley's Frankenstein	3	5e7bb80f76b14289fa6891a4b6863c8e	yes	c3ab0c7825a0cbecd7dbc5186ecfc308	cf42659af0f3b013e78e56d5e13c17ddc1b95bebc5ef61227f72d5ff3d583541	cf42659af0f3b013e78e56d5e13c17ddc1b95bebc5ef61227f72d5ff3d583541	05347f795cd87e5c84ea25e88829e7bea6c67e5d29f69a33274af6639390fe76	41789a0dac504af0a901db4a4c03f48c6c624222cf9ca57a9d377e93af4ac38d
ae8aefcc977184603b7cb0befc918d67	megadrive	Master of Monsters	megadrive	Master of Monsters	3	5f41e19434743f1d59a5985d70b010a5	yes	ae8aefcc977184603b7cb0befc918d67	f89dc510e3d111468a388853961b36f7013716845e70918a30858a50b50ffa43	f89dc510e3d111468a388853961b36f7013716845e70918a30858a50b50ffa43	59e17d82ae0982e41a5f39397c8e1c12911dc989d091adcf5545b05a5b688413	f1c434d1d5830733dda93eaec8ed5e31ad0e94a50f8525db141b8dfa3c20f1c0
eb92063644c3dfa7004ccee2de45861a	megadrive	Math Blaster : Episode 1	megadrive	Math Blaster : Episode 1	3	efede14f0cf380b09f401c36b102e6cb	yes	eb92063644c3dfa7004ccee2de45861a	46f82f8a62876b498c04a0ffe174b7dfb7dd16f8d9f37d197780ce44bbaccf66	46f82f8a62876b498c04a0ffe174b7dfb7dd16f8d9f37d197780ce44bbaccf66	a7434c32ebb554916fe5ffb1f6b75e3ebe0c3576cacf636252399edfed415283	06334288ae38440fb5309ef4fc4da9e74b295da5a2a38f801417f28dbec0693c
8fbd6f2066290bd808acfac24c4423af	megadrive	Mazin Saga : Mutant Fighter	megadrive	Mazin Saga : Mutant Fighter	3	f25aa30084cccaba006eefd4f4083a94	yes	8fbd6f2066290bd808acfac24c4423af	ec3b96445ecac409eda681db3d28eb1d1ff677e05984902b0e15b95b94164588	ec3b96445ecac409eda681db3d28eb1d1ff677e05984902b0e15b95b94164588	44c1ebb1f50d4ff0f3785a415926cbaf3ddef88b1bfd6515e3c0f01c7a5aa990	fc55580757db3439973081da8e2805cdaf7f50dc5ada354d771a5ef0bbcf917f
671e7c317411a259466314551d949812	megadrive	McDonald's Treasure Land Adventure	megadrive	McDonald's Treasure Land Adventure	3	bc426518f888e6e28208e21b07bbd704	yes	671e7c317411a259466314551d949812	eef540871111d328accbfde13dec2cbfab8c54bcbad3c5d08e8306ab9a1b10af	eef540871111d328accbfde13dec2cbfab8c54bcbad3c5d08e8306ab9a1b10af	74bf3ad8446bebd21570f28add33d777d4cad094dbe321619a204369bac74bdc	e1650afca44fedc9e02d894bc0fda4bb80fa0f332406d2cfe9afa1363beb0a43
fb87b8988db6419b1ae0a24306695818	megadrive	McDonald's Treasure Land Adventure	megadrivebr	McDonald's Treasure Land Adventure	3	a4a45f6084cab66fb229e640b99ebb1e	yes	fb87b8988db6419b1ae0a24306695818	03e7d342472590a821dee3e5a9f66d84c9d3c703f55adf685c75d4275a448618	03e7d342472590a821dee3e5a9f66d84c9d3c703f55adf685c75d4275a448618	6a96b48f11dea17cea6094b103a8dfa0aa81a40b7aebb724d34695aa6f42cc98	eed7b32801bddf4b9db3bf9903ba2f142d3a0881b6f1b0e37d61123692da0bb7
9e5a873d6b384b8277568b297d3b8030	megadrive	Mega Bomberman	megadrive	Mega Bomberman	3	8e40a148dd79f32fd905ab407392b544	yes	9e5a873d6b384b8277568b297d3b8030	f5e2549d92901b3ee4ffc6b53e08ea508ab10871df4710c8ca4c0fdab7a80814	f5e2549d92901b3ee4ffc6b53e08ea508ab10871df4710c8ca4c0fdab7a80814	01273983560b2180e5d296ee17687e1578b7693bca945d9e3f0133790c39006a	7151638cb666a0fba007f7abfe95da9f0a75130bff35c4c0b347587e39cb2b6d
235860fc4924f8672c2b2447a25fea1f	megadrive	Mega Man : The Wily Wars	megadrivebr	Mega Man : The Wily Wars	3	79ee891477e68f51528554a530468b10	yes	235860fc4924f8672c2b2447a25fea1f	2fa6b85ab12bd88b6eef7c83f13a8bdf422a8d92e35f6c7df0f670f4fa281d8e	2fa6b85ab12bd88b6eef7c83f13a8bdf422a8d92e35f6c7df0f670f4fa281d8e	34dc2d2b91af24ed82320f0bb740dfad292af2bb768e2c2dcfd8ff5fb6e6fc7e	688067369c0b619ac5427f85153babf6e7b37f9d3ee8874224d800e61db5c044
e4d1b17a3cf9f789c4bedecab748994e	megadrive	Mega Man : The Wily Wars	megadrive	Mega Man : The Wily Wars	3	2bb18e5161e14eca7107114d7502fb3f	yes	e4d1b17a3cf9f789c4bedecab748994e	00ed3d1ad508ce5c2cc9170a939ea04dbb63bbb8a251eb1dd67bb289e7f6ac48	00ed3d1ad508ce5c2cc9170a939ea04dbb63bbb8a251eb1dd67bb289e7f6ac48	289b6504339ca3b7adaae9faff48b2636832fd941d3835b691b5da2f997a7ef5	fdae2b0265e3ffa54af9eda5bd98a7cf58a4988c3696d65bc5574e2c41acf5b0
3fd5fd697644a25334776946bb6aa8a0	megadrive	Mega SWIV	megadrive	Mega SWIV	3	206f9babc7145d1d23a8bde3674b8b88	yes	3fd5fd697644a25334776946bb6aa8a0	2c9e8e9b826c05517682971c3dafe48c84b00699637ee60a2986d7b25c8d3c15	2c9e8e9b826c05517682971c3dafe48c84b00699637ee60a2986d7b25c8d3c15	0122de3ba1c179b56bf3576dc5e0a8462e8a5fe5bc4fbe36137d4566d0f2d065	37ce4ab6fd74673a5a71093c3e94f99c7de9fe0dc4c3ebb265039497c896997f
ede77fc159ea36b169c29d367046cb5c	megadrive	Mega Turrican	megadrive	Mega Turrican	3	21aacb74a1bd24c75444027376261ca3	yes	ede77fc159ea36b169c29d367046cb5c	69f4617cb7e1b0f86192b357de37fd07ac92ea8bce5e135c5150f02e88103d4a	69f4617cb7e1b0f86192b357de37fd07ac92ea8bce5e135c5150f02e88103d4a	a53e8a3e6b4a94fac557a8b213cf0b4461c9cbc09918a26f02d2ca4433851af5	87b061439bb2ba54e7394f2e750ea78c0906cdeceb89a81287bb72ad6d9d5f0d
31254538d1071b231c4341e16f00e03d	megadrive	Menacer 6-Game Cartridge	megadrive	Menacer 6-Game Cartridge	3	eb5f08faf6b432cc1ddd4e1b6b922078	yes	31254538d1071b231c4341e16f00e03d	4969909c5bef5a4820b79f31fa16ddd8e140c9bae500e02491ff1e09d7ece64f	4969909c5bef5a4820b79f31fa16ddd8e140c9bae500e02491ff1e09d7ece64f	442cbab5084bbef11c18e85d6d667799774f1218ab48c1a8c5a29b4de180d188	2318be83ee43af8c44e9e46379bf73ebde150f3dc09b59198d8a8e23d53e52aa
35ad6c09a866e83cab5a4bdcab060e5e	megadrive	Michael Jackson's Moonwalker	megadrivebr	Michael Jackson's Moonwalker	3	0d974467b522e3368d69634133d2a1ea	yes	35ad6c09a866e83cab5a4bdcab060e5e	c091965cbc6ee4f13d7ec324f66bc0e605a2c60852c07f57e23a47a6243652d2	c091965cbc6ee4f13d7ec324f66bc0e605a2c60852c07f57e23a47a6243652d2	262b7fbe29d7608e71768af35e0e3f52dbf843f0cc151f994a348ca5b377c681	629cd248dd979da0086afc00e2fed3ffff051d461cbc2d9503a5f6db432a8735
6096e304edd70186143aaa8ddd93f3f1	megadrive	Mick & Mack as the Global Gladiators	megadrive	Mick & Mack as the Global Gladiators	3	2bd72eab3e36f9dcc72f2361f93d370b	yes	6096e304edd70186143aaa8ddd93f3f1	5eb61c27e1297d6cdaf93652c64f49c0d5b3558db94e5efb8fc3ee581dfb7332	5eb61c27e1297d6cdaf93652c64f49c0d5b3558db94e5efb8fc3ee581dfb7332	219c210b9ddb8cdf172c9ee03006ee3c475f60bf01214e28e023b0f510f4929b	f7f69953229745ef14e45aa01e32398a787507943a20e701be5350b52b215630
a3c084d44c49d1d4c4152248dbf77756	megadrive	Mickey Mania : The Timeless Adventures of Mickey Mouse	megadrive	Mickey Mania : The Timeless Adventures of Mickey Mouse	3	fd5a911578078ee907b4119faa8cd314	yes	a3c084d44c49d1d4c4152248dbf77756	43d6b7fdee0557cd0e9047bd6c1a399719d7ba34941118074c5bfcffd7483e21	43d6b7fdee0557cd0e9047bd6c1a399719d7ba34941118074c5bfcffd7483e21	724f676ef308bbd6f41624122404d470b04f36f6a1532fdf7730ab085371a93b	1be02e8ee8852e46d2569c8c4d1d999f0d13d2c7f152c770d86e0287e22eb26b
671acd1ca106523a2ebc9848779d0708	megadrive	Mickey's Ultimate Challenge	megadrive	Mickey's Ultimate Challenge	3	9a1641277c27a01712d4a25659aec70f	yes	671acd1ca106523a2ebc9848779d0708	fb140afe1589b3f443ed4b84fddc202fc8b2491d2a635807939d17b3b520057b	fb140afe1589b3f443ed4b84fddc202fc8b2491d2a635807939d17b3b520057b	df37ba0f5c40f5a0ccaf91226e64c97bb07f83794e56e5cf0c91cba22573e090	f2c59491b13973485d10aa62ec05ac989dde0ee77168deec98f10074258a63e6
b8c7211ca8d0f1ec1d3f51f9008f5e90	megadrive	Micro Machines	megadrive	Micro Machines	3	1da144bbbbc00fe4c1b5819a714c2bb3	yes	b8c7211ca8d0f1ec1d3f51f9008f5e90	db04935be960695b47bde025fd5d6868b075e49a701f27c3ca65177a7df624b8	db04935be960695b47bde025fd5d6868b075e49a701f27c3ca65177a7df624b8	7cf022f5df1da3fbe691de611c4ca41c3bb434736f01ffdfc839603ddc0742bb	24dd6965218a7ce1a981ca4e732e22e6e90f1779ed9091cc7cb98f5c7362acfa
34ac64a2e50685f6521c06b6e6845129	megadrive	Midnight Resistance	megadrive	Midnight Resistance	3	a4b514ba3a7f320662954b4d405983f8	yes	34ac64a2e50685f6521c06b6e6845129	550b47edcdb8990ce258cbcf052fa6263da2d00bbe998c6e2a5fb16c8f2b8f3a	550b47edcdb8990ce258cbcf052fa6263da2d00bbe998c6e2a5fb16c8f2b8f3a	b35d21859d71b81f295f9785939d89d778298987a8059662abe3b3dcdbc2ab18	57291ccc5099e3219c1438af1f2e006e786277c05bcdef3d72364d8148886397
a639b9cde92fffceea43f6a3903ec891	megadrive	MIG-29 Fighter Pilot	megadrive	MIG-29 Fighter Pilot	3	b09380f694e45e874de541efa38bbffe	yes	a639b9cde92fffceea43f6a3903ec891	8faae9784607a974eb02d0b38942960c03aea3cf197b36e5afbddbf678e3cf95	8faae9784607a974eb02d0b38942960c03aea3cf197b36e5afbddbf678e3cf95	28981db0c9f23208e0d531c1f895a52f69dace7800693d34b06066e452468fe5	582d5b7799619db27d20fa4a5c7535e76681dc426cef4cb26d3bdce64239b365
5f8987e239b5a3e6ed48f692a5fc59b0	megadrive	Might and Magic : Gates to Another World	megadrive	Might and Magic : Gates to Another World	3	756437d008b84b2413afd793f2625fd9	yes	5f8987e239b5a3e6ed48f692a5fc59b0	64209788c93fd53f8a19f36c034c38a615c9f9c945a135348b2fbeb4608e856e	64209788c93fd53f8a19f36c034c38a615c9f9c945a135348b2fbeb4608e856e	122737d78ec30d273838771d674529dd2bf68c1b880964422a7ee43527fe960d	2d8d10cc07991ddbb2fe870a57b7cf8d4a35a5870a11360e5a43715aa6acb5d2
96bc62646f9dc6262b3d5de6bd58fab6	megadrive	Mighty Morphin Power Rangers	megadrive	Mighty Morphin Power Rangers	3	8570ca69b83190a4ecc87c0ffc301181	yes	96bc62646f9dc6262b3d5de6bd58fab6	f78f37fd13b09c1fe9b2a7b8d328d18eb52696c28afd53f65b9a210c2632408e	f78f37fd13b09c1fe9b2a7b8d328d18eb52696c28afd53f65b9a210c2632408e	240722378a8489ff39d584c940b87d5d752dd7ff781aba0792a0817d5fdda5f9	58ba3034b9c1a3d900f6d487a1383f9dc9cff306cf4654c6a5da230329cc8a84
b1a7a38c80cc419736ab53334c6480bf	megadrive	Mighty Morphin Power Rangers : The Movie	megadrive	Mighty Morphin Power Rangers : The Movie	3	cd9aa5d7dcc272941a739cd65de25973	yes	b1a7a38c80cc419736ab53334c6480bf	0f1860c3a0df1bb42370b79ded1b4129e555992e9ca1f117fa970816c111ed37	0f1860c3a0df1bb42370b79ded1b4129e555992e9ca1f117fa970816c111ed37	e71e9bccaf4bd4f6a6043fa96de8c8de5b68cf3f609eb0c1a3b5cf6ddc3d816d	789f8a81dd7a1e7c4f7bc9692193b8e51f828293b6084b0bbad15d76038f9185
4de45ff05e5b6212f7676782e05af607	megadrive	Minnesota Fats : Pool Legend	megadrive	Minnesota Fats : Pool Legend	3	ffb52166fbbf5781a6bbb7982009cdac	yes	4de45ff05e5b6212f7676782e05af607	f1f436bcedab3801602b1adbc7e85495fcb143515efed302883d221a98d7bb75	f1f436bcedab3801602b1adbc7e85495fcb143515efed302883d221a98d7bb75	c79fc83859b63c0ba22a970885aed7fdfd687f607f3ae1f4a3aa2f81018d4a33	b0218e9091a605f238eab990b055c535fc27c40b29a92fc3eb1e0cb5b603c2d7
ba06f0fe96380d9edc497f9e34f95401	megadrive	MLBPA Baseball	megadrive	MLBPA Baseball	3	2e975f2eddb6e87ad12ed65a38c1cae4	yes	ba06f0fe96380d9edc497f9e34f95401	458c4a07f6e226dd9e415cbbe2829b8e11d399c05ba1499b2bb754eaa54e74e4	458c4a07f6e226dd9e415cbbe2829b8e11d399c05ba1499b2bb754eaa54e74e4	0064a970d334d4becd9e010513a799bf05b358f8f3e2582dec3fc5b99873eeda	13ce60981f0e42b6a76c67a3a95193b40bda708f351ed5cf531677c0bdd8f0e3
8c9e32ae74a09c8ffc9bf8b5d9398879	megadrive	Monopoly	megadrive	Monopoly	3	ded5feeb05cc20770dee4a8f02b1e65b	yes	8c9e32ae74a09c8ffc9bf8b5d9398879	d830a648591ee0d59dad4946ffdd4ac840876e8495e54c19c282097a5d1b312f	d830a648591ee0d59dad4946ffdd4ac840876e8495e54c19c282097a5d1b312f	087f5253d6f4188c8ba1ad0b6cf202506a6e590a1591ba9ccf02d8105b478f2f	cee6459393ce3efd8b3e6d789243561f99c4cb10351c8ee81e2aca0f015530ef
83429e90120a42e5c6c2a9d0f79b8dd0	megadrive	Monster World IV	megadrivebr	Monster World IV	3	0dbb511f1870203723284abaf8913de2	yes	83429e90120a42e5c6c2a9d0f79b8dd0	0c37f2ee16e578ac7730203f6be66b654c14a7bcc3f1841b9a867f6012cf34fd	0c37f2ee16e578ac7730203f6be66b654c14a7bcc3f1841b9a867f6012cf34fd	59e801fa20ce1e1dc0f7980cc17c2a32fcba0daa064fb8f67b03fe46b6000061	a1741680afe64d206b2ec6465425da1b4be07a7f138a72a8a590820edca3489b
0190de3b25ccde28cff7bf21e51bdd68	megadrive	Mortal Kombat	megadrivebr	Mortal Kombat	3	b0a5beee2ee98f2c0b0fb240e370deda	yes	0190de3b25ccde28cff7bf21e51bdd68	acab3f55632b844a7315fc8a6c3ece13bcacbd7206198b64c60e8871d7a272d1	acab3f55632b844a7315fc8a6c3ece13bcacbd7206198b64c60e8871d7a272d1	b9777ae0bf1663ca3330b0ee1d697045b7aefae7487a605fd0cdc5a1a91a5390	99d0c1fa4d003c256dc01c4121d7c7b8d67f86cfee605baef553d05697ebea98
b9a4bd763c593e5aa5a34fffd5d0f39f	megadrive	Mortal Kombat II	megadrive	Mortal Kombat II	3	ad80a196273de291c1bc7e6892b00148	yes	b9a4bd763c593e5aa5a34fffd5d0f39f	a526735a7a8ffcd20751d114450ca11da2990c4b60a81f5d4461793262e6c7e5	a526735a7a8ffcd20751d114450ca11da2990c4b60a81f5d4461793262e6c7e5	b548ee310e6fb192f957b8b8fdbe2da7523f0dfa936efe9559337cef5143c812	10eef228c1f983f8631f6da9719e2a257e822e7110ad293e1204a970bfc6947d
08ef2c0d9fd79f724afb77d785f58378	megadrive	Mortal Kombat III	megadrive	Mortal Kombat III	3	7bbe239af46af666698040e8c0a88c48	yes	08ef2c0d9fd79f724afb77d785f58378	d709763aee62c37e3642eeecf1a68b02d41f363107ff4d62aa48292dba09568e	d709763aee62c37e3642eeecf1a68b02d41f363107ff4d62aa48292dba09568e	c17b1f0100597cb6a6c2a9677e787ed10faae237d3dc1b1d19a755d049c40b91	ef7cd6c25ece2fd15e8516afc4871be198fe38094dfb49726aad50c2270c39c8
714f46fd69f37faaf2169f8e78428fb7	megadrive	Mortal Kombat III	megadrive	Ultimate Mortal Kombat 3 (USA)	3	f07060299ae315360018d55147510430	yes	714f46fd69f37faaf2169f8e78428fb7	792e5f13cc849babeee0b94b2f7f7f215d9e0b234aaad6939cb33e216f323d43	792e5f13cc849babeee0b94b2f7f7f215d9e0b234aaad6939cb33e216f323d43	af58e9c48005323c6304413936a87e981b7564ba8bdd1274cd240a6b4b406db9	72fc0f6039e7d562e9afb795ff45b90c3a2f1165bf12e67c5fadeb26ef4d04da
26beb6061054a7895a8ecc7da8bdcd27	megadrive	Mr. Nutz	megadrive	Mr. Nutz	3	eda4d3cf30fe639c4578de5efea5454d	yes	26beb6061054a7895a8ecc7da8bdcd27	11ccef91ada755df9f56224b2f636f888951a46c1dad972bab3ea74f5204b237	11ccef91ada755df9f56224b2f636f888951a46c1dad972bab3ea74f5204b237	598e724bbff46fc87ef01b3b86878e79111d077abddaa0bd49d7c1eed50295a7	d0b3b4edee5defacb9f07e1725e164ced41f558aa6adcf5a0019b85bff1f1ac7
4e779e4756c0a4600af9d13ece14cb0b	megadrive	Ms. Pac-Man	megadrive	Ms. Pac-Man	3	c47515b3a3d7646570a93017b40d143d	yes	4e779e4756c0a4600af9d13ece14cb0b	b18ddd4092ae492d53c14f97ecf67268dee483e662412b8135d1ab77bd33ec41	b18ddd4092ae492d53c14f97ecf67268dee483e662412b8135d1ab77bd33ec41	e1e630ad2bc9f0ba32531d37bff61275949d774adf975fc297868aa8acb287f9	ba41bafe22ed69cf7c3e78a6f4e8349baca8c82d07f7d2222ae20f35f4ebb05e
619e9f4ec07adb903c01226961aafe7b	megadrive	Muhammad Ali Heavyweight Boxing	megadrive	Muhammad Ali Heavyweight Boxing	3	29e77357019ecc08f22efa95caf6b7a0	yes	619e9f4ec07adb903c01226961aafe7b	02c03a4a622c64452db9bd0999d40412e84d0e4a85806db6bc8bca529f83d7d5	02c03a4a622c64452db9bd0999d40412e84d0e4a85806db6bc8bca529f83d7d5	c7a8046b48a6e969c502361a8663d0a36de746c34863dec698c2fe1ba8ecbc84	34c19160a140818cc3a3e4cbc73c1a06a433030614903737a7a4ec3856c3dccb
1fc3be6db4e9b28df7d441a3c1ab1e68	megadrive	MUSHA : Metallic Uniframe Super Hybrid Armor	megadrive	MUSHA : Metallic Uniframe Super Hybrid Armor	3	64dfe533e6ab1073894ff208592f6135	yes	1fc3be6db4e9b28df7d441a3c1ab1e68	061fe456b338bcb9faad1ff891c9157ddd762b7a41d234ccfee740b4672d523e	061fe456b338bcb9faad1ff891c9157ddd762b7a41d234ccfee740b4672d523e	273a2ed9d7b53565df67f69e23cb5a1d752d62eb90b69bab40f4012bda2b6812	695db254db99bb1c3e4c9098557d6891784cd76bfeda485dde9c9748a0d09292
664e9138efc94c9f0a2e95083ac2ef1e	megadrive	MUSHA : Metallic Uniframe Super Hybrid Armor	megadrivebr	MUSHA : Metallic Uniframe Super Hybrid Armor	3	eb4126adb14bf7a35240bc1a47cf920d	yes	664e9138efc94c9f0a2e95083ac2ef1e	bc2e12a93737b8eaaf7b89a47fed508a7a7455fac559d593637a830468f9c9af	bc2e12a93737b8eaaf7b89a47fed508a7a7455fac559d593637a830468f9c9af	8b59d25229f3b1c1c9fb548ecff09dabf96f2a84a59c41d4b68396284ee95b4d	cfe62ae2e2e11d9df1aaec90d9d0d96e804ebfee41ee4deac59f7383e24439ce
ebbeb32d78bbf4d1608cacc4f4345744	megadrive	Mutant League Football	megadrive	Mutant League Football	3	658b4abf8e87f959ad0ce74ebbbfc963	yes	ebbeb32d78bbf4d1608cacc4f4345744	e6d7d0b23e1632554cbc610a1e368a61d2bdd349cdf2f9d3d49bcb1ccfbc8044	e6d7d0b23e1632554cbc610a1e368a61d2bdd349cdf2f9d3d49bcb1ccfbc8044	5f869563425e4470070669d8e293815be68336ad6a15f8fd45c0af8b7eba2018	3e5fe5c9f828c5e57ca9ceacd658f99b4d4e6ecad9b5e62b1cfae95f12437351
c3bba005cf03cb5bfdae55f9b9437421	megadrive	Mutant League Hockey	megadrive	Mutant League Hockey	3	24ae07dc86074ce1a9b193bb61fc630d	yes	c3bba005cf03cb5bfdae55f9b9437421	024da6401f372642296f87e07f5b0be302f17cc13238ba933c970238a8bd55ca	024da6401f372642296f87e07f5b0be302f17cc13238ba933c970238a8bd55ca	b5228501a615d75535fa5ebdef657a97bc67edfcf47a28decc730d58724616be	200e60031237add6b1c59aae90370ee93e7f02b5c0c259a1444f44f05aa1b628
00adcc121b254c196d2fd2783bb29e3e	megadrive	Mystic Defense	megadrivebr	Mystic Defense	3	3d369c3d3877d90d8f57dd885818f504	yes	00adcc121b254c196d2fd2783bb29e3e	18d0012795e4f02867770da64492e1932908f8f59cbb7339cf1ae271da256026	18d0012795e4f02867770da64492e1932908f8f59cbb7339cf1ae271da256026	5c354ae600673ca3f067ffe72e47fe2786d5c6a58c9784ef8e177f63e0445744	6d34f2c8b3697efd787c898ab8b8abbf9cbb1a7dc6a6fb9a54e82611ec7914be
59cc5b672725563e0abbdb4cdeb346e7	megadrive	Mystical Fighter	megadrive	Mystical Fighter	3	a02da1b53b975cfc347374022bc47020	yes	59cc5b672725563e0abbdb4cdeb346e7	f66328cb97214cecf14a8a3b2ccdaa6163a2d1fb3869b7fede9e1bb33de51696	f66328cb97214cecf14a8a3b2ccdaa6163a2d1fb3869b7fede9e1bb33de51696	3b86dd53d83299b3eb4828892b2623e822057f29899b37dcea2fd7090884d933	0d2472104ee518d5bffcce306ae710fbb967ebc800000b6cac2575e245f70174
8dc886805c3a7faeeb7d6343c6b4ddcc	megadrive	NBA Action '94	megadrive	NBA Action '94	3	2c1ab6c8bca079e77146ecf57322d272	yes	8dc886805c3a7faeeb7d6343c6b4ddcc	96b35a2a2de9a0021d4a2c78914a8fa967acf5f523d3954d22d29756c41282bc	96b35a2a2de9a0021d4a2c78914a8fa967acf5f523d3954d22d29756c41282bc	2ec5935a3696a300f068c9b7539ccd7e84e7de15b1558ce4c2ae7c48e33ce214	ee0b0f17251c2a963049b62a06f1e297bd155f5ea1eda2e9294fcdffd16a0330
09aa7a41d4d8dba111cf2d913ac3d0f8	megadrive	NBA Action '95 Starring David Robinson	megadrive	NBA Action '95 Starring David Robinson	3	800c426fb55d0c0df9665a14a9933c21	yes	09aa7a41d4d8dba111cf2d913ac3d0f8	eab76c019c9dc7b22e8551476411dc5c8192fc48db673d941ab17b620917a13d	eab76c019c9dc7b22e8551476411dc5c8192fc48db673d941ab17b620917a13d	83f4c1956217d185a0480e844614a79f721e7e1bbec91a12ce3ab48c998d9cf9	689662df32c7efb754e74fc2fa87db9d9d5df3822598b369161f990388ae8385
fed9dd5ba87d41e1ae644676d4edbd08	megadrive	NBA All-Star Challenge	megadrive	NBA All-Star Challenge	3	c1fdf6d7e47d28dfa9e9408eae2c9954	yes	fed9dd5ba87d41e1ae644676d4edbd08	e95eef81e8741f71f5fa125dbc78c860ee07ca7ce52a67526b0c6a53299fc0c6	e95eef81e8741f71f5fa125dbc78c860ee07ca7ce52a67526b0c6a53299fc0c6	304047ab13aa98ca477641639f29e20b7f17573384f54cde3bc0a02a020cac24	1f6e1c96d980f6e344f488599c20512aeaec4d6c0d4b3e231c96b03a5a71e927
1bc78b8ac911e4e3fd6738081718b7fe	megadrive	NBA Hang Time	megadrive	NBA Hang Time	3	8af4cc82fbb56bed8c8fa9056ec5dd73	yes	1bc78b8ac911e4e3fd6738081718b7fe	6a85a7c4b901dd09c3a5e04acdd3335caa0cf99b6b7ebd436e98cb2acf41c9ad	6a85a7c4b901dd09c3a5e04acdd3335caa0cf99b6b7ebd436e98cb2acf41c9ad	e433de38508367a4201155ba315ba7eb3a1c8b1d6e751a0126d0fcbb14641600	979ddddefd973d88e6a5a89a39d3aded57f33d1e4ad586f41c0740be70add7ea
63392805096a711efd2ec2dbf764c560	megadrive	NBA Live 95	megadrive	NBA Live 95	3	2ca6bcb162bb5013d7c041d8c2a8bf75	yes	63392805096a711efd2ec2dbf764c560	7c123e36baf1e3f1cf9fff8d8e6b1357aa1a475e23c9b376e8042e68cd389e09	7c123e36baf1e3f1cf9fff8d8e6b1357aa1a475e23c9b376e8042e68cd389e09	25508f1c8e5f3b1b74b3d58376525d7b53b97825443b551b2de410d082abff83	90936c4f656db26efc2516a2a0947d13c28f18fe7d80114af0e9a771d68da9be
5aa8b18dbe98530b7af3c359f0fb3805	megadrive	NBA Live 96	megadrive	NBA Live 96	3	014e3523752be6ee9988db68bdb846ed	yes	5aa8b18dbe98530b7af3c359f0fb3805	7cb25b44f8529de3d9b60dc35c7b8a981b6670692d7a06ca41ccb3c450a41bd3	7cb25b44f8529de3d9b60dc35c7b8a981b6670692d7a06ca41ccb3c450a41bd3	188f6b705a6f725cdb16ad385c433c28d457bbc839beab68bb1fa743a7d13903	db7bb520fdb30f2f03c27a0a87e7be2dfe11cc0284982810ccdb9e32f2632037
b73dbc96d9533ae73cc1d29c9b63e04d	megadrive	NBA Live 97	megadrive	NBA Live 97	3	be283e37208d0181beeda417e50728d8	yes	b73dbc96d9533ae73cc1d29c9b63e04d	a3230bb0c369171ba5261e7868c3fe22fa4b3e2734676db236ffcd484fca907f	a3230bb0c369171ba5261e7868c3fe22fa4b3e2734676db236ffcd484fca907f	8118eaf22336a0ebe6f8d2cd6ddea9cb70ea3f8acedc14868957be56bb45bbb6	baed7ddc5daae6220fc429e6b500b0f21ec7b7dfd879dcd15d8ee67f4d843a12
f1c1e4e0785a313be10d364478ae8800	megadrive	NBA Live 98	megadrive	NBA Live 98	3	cea4dd4b5b7234879bdc954e43b5bbd5	yes	f1c1e4e0785a313be10d364478ae8800	254c309e95c2db04c0d70a2807c6ab5f9f66c596df45328ae0975b8abce7cc28	254c309e95c2db04c0d70a2807c6ab5f9f66c596df45328ae0975b8abce7cc28	174384dc009ea9d71912c529fa2286bd053474c4c0535a88846b94549743f20a	2f808ccd9167cb9ff4c6db25a830bc517bb86b3d253ed1398e298f56376ca752
1719d64c0ebd0a3b589b8781da4863dc	megadrive	NBA Showdown '94	megadrive	NBA Showdown '94	3	7e5771db8e00313803bf8702f4a620a7	yes	1719d64c0ebd0a3b589b8781da4863dc	65a58c2b3b652b17b25ae3c975c3986d4eb481ce5dcfc8d1c17bd4a820750f9c	65a58c2b3b652b17b25ae3c975c3986d4eb481ce5dcfc8d1c17bd4a820750f9c	256d88599ce3fead0186e4372d806e5043cb35edad3c1da7e10d6e11f61bcda6	ac9f12ac6e0cf81178f0c1ff11128b90a3d1e7d1f0ff326348172fbe3678554f
1d738d1cd59ff79f34b5acec06d08512	megadrive	NCAA Final Four Basketball	megadrive	NCAA Final Four Basketball	3	81ee672a39a7226343c28e367f01cf36	yes	1d738d1cd59ff79f34b5acec06d08512	e8789eec687cfa7940384de77b112e095ea9b59781de63c1962eb076806a302a	e8789eec687cfa7940384de77b112e095ea9b59781de63c1962eb076806a302a	e93bc50517e3475a4f6aed0db9c9a8417cdb0af4dc5cedc2d14f385cab0f8247	8f6895ef9bef54cd5e35017b8b4cd0ea3a929c003e9d1219f51c0e0b6f08cfc6
5c2829c8e131f94ee7a7b983bff66933	megadrive	NCAA Football	megadrive	NCAA Football	3	13590314ba7132dec602c2f9c660a3d4	yes	5c2829c8e131f94ee7a7b983bff66933	5466747fa2e757452f70c0412397ab94b6742fc5eddc3d3817f579b15c0520de	5466747fa2e757452f70c0412397ab94b6742fc5eddc3d3817f579b15c0520de	ade4bb209a6576362d74e89bea5664811925c3505aa440c6e8edd1a2f5e39d33	70bb8849d63badf79e6f04897adc9fd05e97d2a47f53c90a9f904dcc717a95f1
3d7d96f56f62798a5a2f7b7e42d8d84f	megadrive	New Horizons	megadrive	New Horizons	3	0955086fcb060e03c6b0be54e9acf06d	yes	3d7d96f56f62798a5a2f7b7e42d8d84f	4d6df68f3dbc5bfac180ee011b2c21d7cd57cd909e4c3187b1764bf15ce7d320	4d6df68f3dbc5bfac180ee011b2c21d7cd57cd909e4c3187b1764bf15ce7d320	6184018a7c64fb9aaa5f636e0a5b446ffc490582d8e1acaa2c32d6b3b8bfaac7	919fe7dbac78134330c4a0adba86b7f1a28afbed7574eee1cb1b878a49bb07cf
6c68867dd87aacb1f162f91bc007afa2	megadrive	NFL '95	megadrive	NFL '95	3	262c84d4d7945451d95d341a30401a93	yes	6c68867dd87aacb1f162f91bc007afa2	ee800dc5b7a9c665d1dff363067777134911921ca58555c91211da8816b5b834	ee800dc5b7a9c665d1dff363067777134911921ca58555c91211da8816b5b834	cda23e58c03126279a0170831288131f6dd9b5134214dab2a948c6bada9cc157	3eeecf62f6165d9889d2fa449d9cf0a612fee431a670f81829226b2dcbc878f2
9d0072eec1fa7b0ef0c86bcfb2b7540f	megadrive	NFL 98	megadrive	NFL 98	3	1569da08e6ca68efd8860a38852263ed	yes	9d0072eec1fa7b0ef0c86bcfb2b7540f	2fcd71ba4d38fe45f175866b0db47592fab1fabebf8afa523defc9d2fd5bf72e	2fcd71ba4d38fe45f175866b0db47592fab1fabebf8afa523defc9d2fd5bf72e	048e20fd658f69a4ff8aee087bde031d237a21b3c792368442e7e2b0f841cc24	ac65b619384f75864055089cb47e4a4297c3092e4637c500991b00a5815ddf4f
71fb5857218184dcc83789d51a972056	megadrive	NFL Football '94 starring Joe Montana	megadrive	NFL Football '94 starring Joe Montana	3	47daa1f707edcfcf0ea477ca8fd5a95d	yes	71fb5857218184dcc83789d51a972056	a79f27be0dcf15c71c36a93af94727ca8a8a00b72717d70fa05738478d794af3	a79f27be0dcf15c71c36a93af94727ca8a8a00b72717d70fa05738478d794af3	bc67074cd6ebad0056c40ca92cecb1c164fe484c1f885a220c73445ff64c02e7	1184801498d9fb33f3263b691f1c21f01545b9c2f48318666768b26d36b8023d
b5967233b9cbf079305f6fc1c494c4f0	megadrive	NFL Quarterback Club	megadrive	NFL Quarterback Club	3	0dfaa1bf837d39bcf18d8635880b1bcb	yes	b5967233b9cbf079305f6fc1c494c4f0	06dde58c5750d47615cf33331eac4d430e02763834941ef5b3f4bb2204c76aca	06dde58c5750d47615cf33331eac4d430e02763834941ef5b3f4bb2204c76aca	a285a700f8fa481859dbe6ce3ba2d6c1df9a135c5c64819c8eb083039a2f380d	63841c569aad458e450d13ac538832b5df0105af1dd1580613f35413057321b2
6377bd44fe1bbefacacc00c02bdb1a67	megadrive	NFL Quarterback Club 96	megadrive	NFL Quarterback Club 96	3	06e9cb2dc9ed1af9fa549b23276524b0	yes	6377bd44fe1bbefacacc00c02bdb1a67	ff8fb81062648217a35554fe8af01d9180785013cfa5f41bdfcbb803e1939ee5	ff8fb81062648217a35554fe8af01d9180785013cfa5f41bdfcbb803e1939ee5	48d927a1397eac25fb2db69d4cd4df9eb32df574176d19c34c6d4a2c94e9aeab	325ceb788f9f3ea73f4b5714a810412c95b3361a85a34cca71aca536d3b07131
1ed94758c35de39dee611abaa57bfebc	megadrive	NHL 95	megadrive	NHL 95	3	31721c7aaf1a9ff6104186f048a6f550	yes	1ed94758c35de39dee611abaa57bfebc	aca462192b4f0b4d76c726b8ac20192732a714d12a36ab535333445981422be8	aca462192b4f0b4d76c726b8ac20192732a714d12a36ab535333445981422be8	de877d26a54d7b295c4a9f781327d94a9c9049130569a9762607641c3480e8df	4334436b4aa62088a9873c01d30fff1efcbacbadf6ee47923ece5db8c9407bb0
d6630395e6e5fd550acac5161c461e69	megadrive	NHL 96	megadrive	NHL 96	3	b6811bde17164877949d5ccadfc1d1be	yes	d6630395e6e5fd550acac5161c461e69	3e9b22486d53c018a9696aee81a900cb25af3b05217a53dce918cad749928f5d	3e9b22486d53c018a9696aee81a900cb25af3b05217a53dce918cad749928f5d	6b3c7c553400c2ef3d87d464b1f010e787859e98ed35cb8adaf65c01525dccb2	4732c5e9e2627fffb50dad2b26ddcb18bbb04b3f131e957992389cefd10ecf56
201b05778d1dd827f3b655e66c6c7032	megadrive	NHL 97	megadrive	NHL 97	3	db22f973d1aec66890dc0f52d6b314e4	yes	201b05778d1dd827f3b655e66c6c7032	5e8b65710216128387e25cff8295d88d2619c334c216a3b455743380f6b2a2e0	5e8b65710216128387e25cff8295d88d2619c334c216a3b455743380f6b2a2e0	a2e406fb98db8e3ce698cdebbe225e137a3612e92e30a5cabd4eea7d210e1ca7	9c3305d451c87b9c05babedb9cb016ea1a954fd78daefce2ef4753d16bd1734f
db4b9e4e6f8e1cb5b0db638e18715a91	megadrive	NHL 98	megadrive	NHL 98	3	62fcdf709a5d30a275eeda4bde0d51c7	yes	db4b9e4e6f8e1cb5b0db638e18715a91	5ad9b97ed2e863e59e9a1e28aec282c0329b70a02e17de56ac1872ee307e25df	5ad9b97ed2e863e59e9a1e28aec282c0329b70a02e17de56ac1872ee307e25df	22f23906a9edf77ebfd7b39561b570b71414392985e57c96fdef102db6fcbca1	c36c1bd03555449e9b3dac566c5978cce4d4bbd4c72b99af0e6b4541e8df180e
201b93dbbc5ca1a37647423ae1230d08	megadrive	NHL All-Star Hockey '95	megadrive	NHL All-Star Hockey '95	3	eca873ae5f31318d9052d41c166d94d8	yes	201b93dbbc5ca1a37647423ae1230d08	d034ab7eb97096f115b48f1d663ef0ca46d9f10d7fa5a98084cd3867292a3795	d034ab7eb97096f115b48f1d663ef0ca46d9f10d7fa5a98084cd3867292a3795	aae1b7d69965cff4d498912d2c110bbc90688608593d9ab94f063f9869639f50	e6f869f6fcac3fb41bd4acd9a233e20227212a511038efe977cebad7a207b229
4e7a7dc0c6437128ddced2e5af2b9c22	megadrive	NHL Hockey	megadrive	NHL Hockey	3	6d693bac53397e0b2af116f70267b1ef	yes	4e7a7dc0c6437128ddced2e5af2b9c22	2617921eb696dd2357f12efaf90d5ceb359a3ff23b280f664a59257ff7823606	2617921eb696dd2357f12efaf90d5ceb359a3ff23b280f664a59257ff7823606	3e9acb1ab43f1e032ba67800ddd6e59fb99cc297df55619f2136917197ad7e8c	8a14e7fd00cc62e2cf7be59cead8152599e1185c0a24f7c2477f640c512914f2
cf1bc34fe45c61e9c71ef80e58f66f83	megadrive	NHL Hockey '94	megadrive	NHL '94 (USA, Europe)	3	90c6c0395eb62843d5a679154c8e8b93	yes	cf1bc34fe45c61e9c71ef80e58f66f83	278826ab71dfd430535f3361955271c2bcaa47d3a7b0c43d27626b710f9e5f95	278826ab71dfd430535f3361955271c2bcaa47d3a7b0c43d27626b710f9e5f95	3b784c941da9b7ef3cdd3feb31a81ceed67f8b6fe88dc964968e5d07a4fb55b4	09f986905e723ca283bb868df78f4087a612869185ae2eb59ed90c6810e5bfc7
4288b357f0d410fafcc403c15f1e3e0c	megadrive	Nigel Mansell's World Championship Racing	megadrive	Nigel Mansell's World Championship Racing	3	361796a646f8b4abc47ebfab89bad9fc	yes	4288b357f0d410fafcc403c15f1e3e0c	12f46bdf8f390806a31570bad49e93fcd1cc089ceaafffac7cd79ca839b3a20b	12f46bdf8f390806a31570bad49e93fcd1cc089ceaafffac7cd79ca839b3a20b	78c2abf7e2d008d6ec9fb5ce04def2546b54b2ae61042d051bc742e92b3142f5	c177281c637287cb80cff816b2ace53a381fa69bf6feaffdccb9f2b5c7345239
6eb8312459823d9ee90c53257d9700d3	megadrive	Nightmare Circus	megadrivebr	Nightmare Circus	3	31648fb64b48560892aa8b986b4fc748	yes	6eb8312459823d9ee90c53257d9700d3	5108cfd28a53aa00470819db2cd0cc6322206171e4c1ce0ef811b25f446b6392	5108cfd28a53aa00470819db2cd0cc6322206171e4c1ce0ef811b25f446b6392	db868381362cd7cd9d497addc92eb5afed5bb3fc18c326bf3b09ff4c63a967f3	960df83ea14255275897936442458376539112cbc3bb0a5a17f1bcd249b07530
7e183b8ab6fbf4e63c0c8e7d986967e5	megadrive	No Escape	megadrive	No Escape	3	5392b48cb65409a4fb1f0947d01bb4c2	yes	7e183b8ab6fbf4e63c0c8e7d986967e5	b0b345add19ce393b4ea41315eae767664ed94748395d7a439a9a554ac9b0a70	b0b345add19ce393b4ea41315eae767664ed94748395d7a439a9a554ac9b0a70	09325552a44714760994e4296c07d380337cc187733da6bd42031e22f5892352	22a0a15be45618c4272338cc8dba689b5ff8e526e37b38137d0436c990f7c8e1
cb075ce4e6dd53a67de85de212b688f7	megadrive	Nobunaga's Ambition	megadrive	Nobunaga's Ambition	3	e5e0608dbbc4e48112fb914b7b8d79c7	yes	cb075ce4e6dd53a67de85de212b688f7	9a54283c87e3aacc0285f8651534dd85482493b67be35de6aea087932d31b06c	9a54283c87e3aacc0285f8651534dd85482493b67be35de6aea087932d31b06c	ac09b8e2e324eb69a4e77a627f1c567f9a2e1a38f3aab68db20dd71975fab00c	646336ac1be8e09e9fe3d0af06a9ece838c8514b9a5b115824d6d7aede28cce6
213b7b142bd59c0cc5b4be1182f4906b	megadrive	Normy's Beach Babe-O-Rama	megadrive	Normy's Beach Babe-O-Rama	3	fe17b51d8742348622a9d4967abaefaf	yes	213b7b142bd59c0cc5b4be1182f4906b	50e6d000ce8f5de0c165637d0fe9f65afdf941e1d85d13c230c2cd95ad800b1b	50e6d000ce8f5de0c165637d0fe9f65afdf941e1d85d13c230c2cd95ad800b1b	b12d615f50af79a47f4eaed917a9357bfbe6e1c81844529d916d6d1a38d0a960	faeb010db89fd822fea1dc41daabb3f65a22e92d4107a92a9717ab72b3f226bd
ab9773189dbfc1571ca0d56adb13ff32	megadrive	Old Towers	megadrive	Old-Towers	3	e2c6107e27962714c2aaf4bc783890e1	yes	ab9773189dbfc1571ca0d56adb13ff32	39cd650d9225785e9c93d3beb8ba95334eb16077ab930cbfe5f75d9999991576	39cd650d9225785e9c93d3beb8ba95334eb16077ab930cbfe5f75d9999991576	44c40e72687cbe00fce656ee1665184ba6fb756bd8c57ff7302b916ac74d8726	30835b05c095c6eef1e91d62a29bfcf962889b5a124f5c6bac44552f96ae1bda
6a5a44866b7db424f51634b624d81927	megadrive	Olympic Summer Games	megadrive	Olympic Summer Games	3	997b089aea398858079b99c703fade53	yes	6a5a44866b7db424f51634b624d81927	a40f9bb3065fd89ee94d097fc8667bd51f6ab9dfcaa4d8e9f4b9f5d17aae2d07	a40f9bb3065fd89ee94d097fc8667bd51f6ab9dfcaa4d8e9f4b9f5d17aae2d07	94a0f90806eba45d57a5a62f420846a42ad58f976f5f8ac0a2a33b93d968b572	fd0deba61b4961fffc54d6222bf1154c09b0c47451277264a1880afe43576d2a
ad93bdad39e0cdfbfc1410f7b060e9ee	megadrive	Operation Europe : Path to Victory 1939-45	megadrive	Operation Europe : Path to Victory 1939-45	3	77e70baddc9a135d3d658ffb2f534b2e	yes	ad93bdad39e0cdfbfc1410f7b060e9ee	435289bec72adef2677600b6e78e26f83fcf2a1f767b8f3d67b89531a144441b	435289bec72adef2677600b6e78e26f83fcf2a1f767b8f3d67b89531a144441b	abf7eb8d204e61fbdd6634559281a79696a304450b478e780b3f98dda0252944	50f443200f0b69d01c95c2db84ca5cb667bf5d2da46d2b143b5722f82d877731
a3774af4d5b90fd5a4086f01e72903fc	megadrive	Outlander	megadrive	Outlander	3	5bb4b7d40e6ecf9a5e24d8a9a553d7f8	yes	a3774af4d5b90fd5a4086f01e72903fc	8886bef02b53a797f9a956fdcdad48cf1cdc334116eb81369da8214e189ead28	8886bef02b53a797f9a956fdcdad48cf1cdc334116eb81369da8214e189ead28	73a421c02f2c5174b25f486c767b50d738c06925f91e4fd38be4b583bb876937	58a3f64dcebbf4539339ebcc0eabee33635d0e07c038f4733fe0f11c56329d0a
d1e7e68a4eee7e49cb91b8a769f7a3c5	megadrive	OutRun	megadrive	OutRun	3	79661119554ce91663eff335925d52ee	yes	d1e7e68a4eee7e49cb91b8a769f7a3c5	e45e98596535f8b7a877cae23a2723130be4db043208e7e574a1ec3c150257fe	e45e98596535f8b7a877cae23a2723130be4db043208e7e574a1ec3c150257fe	2d408ddcf1bb639ad4943b0b6d3b057537b938d726e53f6c3c472bdccd30c618	09a06a2f9412b78b0a0b17c544f73424353f5bbe120c2e372f3962ef6cae6874
80fd5f6e7aa65d9f6d1e17d5a3940202	megadrive	OutRun 2019	megadrive	OutRun 2019	3	9a5ec0f8f27adb6c104d00b90e449d6a	yes	80fd5f6e7aa65d9f6d1e17d5a3940202	65613e3f8c67440551817085d33a869f2729ce6e1f0d98266b85c8cfe3e5dcef	65613e3f8c67440551817085d33a869f2729ce6e1f0d98266b85c8cfe3e5dcef	01b7d0ecb5dc214ffa23ebc67eb5f5f88348ff62959120ee46c30d78bc6ddbd3	ce490cc5e9505eec9f26c22f886fa2f54ec0d71edea36621d31d3719f42f4273
43f78b445f9fd504ad467901efef1ec4	megadrive	OutRunners	megadrive	OutRunners	3	35a3e123f3dea4bfefeb6d4e0b33b1ef	yes	43f78b445f9fd504ad467901efef1ec4	bd3d2f3d11c13de5a7ebe4a270d8c8e382f417f8a65e2d59f1e804c88ebc9c1e	bd3d2f3d11c13de5a7ebe4a270d8c8e382f417f8a65e2d59f1e804c88ebc9c1e	5220e97de1844bac83455fc3799540b7e28fd84004a73bbba3427b89f7ef758c	9995815e816016bf0ff01ef61f2f0a604e70d3897ad407f056a3f016ffa076bb
3cf29eb7712520908439269b29120262	megadrive	Pac-Attack	megadrive	Pac-Attack	3	4a6024d78e463930b4ef73d5a1282963	yes	3cf29eb7712520908439269b29120262	57e47f40008b299dad49b9d8613ad9c298d58e3ca30323e5db260d25524f8e30	57e47f40008b299dad49b9d8613ad9c298d58e3ca30323e5db260d25524f8e30	f0d1a26afabc24fcb9dbeef5065b30176a4648b92efe5dbc4abce8276ed35826	26e69c424e00d0c9cc57990b0229a35b6e358a1515ba756bf0d337541287c2c6
677f57e9a817b71955fac74d60af9a35	megadrive	Pac-Man 2 : The New Adventures	megadrive	Pac-Man 2 : The New Adventures	3	e294036b47dc67cfe102fee53cfce42c	yes	677f57e9a817b71955fac74d60af9a35	f6bcd9c97f876e3c4e68e003c224f78c75a21bdfc1a55d6db02840865ca90457	f6bcd9c97f876e3c4e68e003c224f78c75a21bdfc1a55d6db02840865ca90457	5261a5c0d7292378ff1a284ee765e3e0c389bd456d271f98cda6f30a2fd07c10	b7afc46cad9a2d85bf6bc36e716756e3e7e40274bf9d8cc6615b9bf701f215a0
1affc12b5b4d0b86e801e442ef3c3990	megadrive	Pac-Mania	megadrive	Pac-Mania	3	a647a7286037a2a154a8c946a381726e	yes	1affc12b5b4d0b86e801e442ef3c3990	f0b4d9a9ec921c8dd89c1f3abcd01800f0e290b4da9165018eafe71fa07a73b3	f0b4d9a9ec921c8dd89c1f3abcd01800f0e290b4da9165018eafe71fa07a73b3	ddfb584de96ce8cb2712baf63d53fa0f821eb38892d3a763afc140ee5376ee89	aad837c5d4d8e5980c900cfea91607cf468eeba97fa24e6ce74d03a2c318fce4
71f7612082b14a8dde65c903981a035c	megadrive	Pac-Mania	megadrivebr	Pac-Mania	3	4e9db7be9f7b849806c03a8f8e4afd7e	yes	71f7612082b14a8dde65c903981a035c	8f121e081da55219fbfdf107f7d88c60f81b7612cd698bc3a59a020e244421c0	8f121e081da55219fbfdf107f7d88c60f81b7612cd698bc3a59a020e244421c0	842d04226d3dff49b66b69978ee2ef7f31722d7cc1d7a195de53c164576a7d28	b90074e54f271325b1a5b119d7f7db8b5ad1e3a0e0e8a7541aa5daafa916be80
42093d12d2ba03c2c7bdd10b10ad2e52	megadrive	Paperboy	megadrivebr	Paperboy	3	4194324cebd9dcb453a121b879603efb	yes	42093d12d2ba03c2c7bdd10b10ad2e52	e8d2cb10ba3e56c641c0c8ab55e712fdde9babe10595e4f380eef51daca7d434	e8d2cb10ba3e56c641c0c8ab55e712fdde9babe10595e4f380eef51daca7d434	9068d9eb342e08de4bb477918b017c1734c30a94533c3f6fd02571da0c8a1083	930a036b1a83786b66e270a16d3c44f45254c0c64506464a4e48ade35154255b
4b2cb00d3cb372ffa42bc5f531f954ac	megadrive	Paperboy	megadrive	Paperboy	3	0d311994a3ed98ba518183891bfe93ae	yes	4b2cb00d3cb372ffa42bc5f531f954ac	19f4c65b26fa220cb07fb0bf559dea240ab687cfe316e46951bed05d4f7f7632	19f4c65b26fa220cb07fb0bf559dea240ab687cfe316e46951bed05d4f7f7632	06f340282454102cfb1a06809cfa341fd296746778e10207e60bc90c21d30c5a	98bad07308598430040c8f50dffff8383ef53b891ef88f09624a26611f1cbd89
da0a94053db6a9cb08be969fafc1e6af	megadrive	Paperboy 2	megadrive	Paperboy 2	3	a839b3ad8e850bc4fe17f59431b88dbf	yes	da0a94053db6a9cb08be969fafc1e6af	06b91e78293b48267b137a4eb705f1a0816cac9e53d9c30fcb5a4a00bc541e55	06b91e78293b48267b137a4eb705f1a0816cac9e53d9c30fcb5a4a00bc541e55	48a9ee868c20ce6d726736a94e0bf0b8b206363b6618e29895030e58ee512280	3a003133b7ef1000b0ea4c28ea03af30b20d38e3a99c02467dc9e4a66c0a6d6b
638c040f564ce3c0174872cade1fb9e6	megadrive	Pat Riley Basketball	megadrive	Pat Riley Basketball	3	47ce3f121cb45bd5b6638aa46d9ea945	yes	638c040f564ce3c0174872cade1fb9e6	517600342677bd271a54d14fa67b3aa4f22b5e200d5aeffccedb72e94a705086	517600342677bd271a54d14fa67b3aa4f22b5e200d5aeffccedb72e94a705086	b5c31efec2d4dcfd767da0bc942630e5b0a704609842f921c99093eb93d76474	9f03c73df1d8e49088677f2ab48d0dac4ea9901800877448be1902df3b4b94b0
3248e6a519402c9f5acf4cdb7371faca	megadrive	Pebble Beach Golf Links	megadrive	Pebble Beach Golf Links	3	45516ccc115206de6bbaab3caa619256	yes	3248e6a519402c9f5acf4cdb7371faca	40db398727635a30db4447126e293b29e835711e38bf2de58e4ec9eab34f454d	40db398727635a30db4447126e293b29e835711e38bf2de58e4ec9eab34f454d	1e1316d7f6b99d9d332f7a8bd49e862827e8cc17cffe90ce169aed2ccb8a89dc	5c21ecf318d7f608bc5e662e8031d9b71348d1bd9b69600319f94b5193f16f9d
1e420f2d2608605258cca5fe4905179b	megadrive	Pele!	megadrive	Pelé!	3	3a62030b2fe8ea423072563308ff3bf7	yes	1e420f2d2608605258cca5fe4905179b	488e5fe7f4717e14b72273b5404a45a08348e73309b8029d98d0643ee730f132	488e5fe7f4717e14b72273b5404a45a08348e73309b8029d98d0643ee730f132	78cd0323e5cad323440094fd378e28d77d52b0c96b6928c89743ebd2512d9a5b	ec50c223f9864d65443d673ae4f0db124d94738a7f5d84dd69a499e23ec8274d
7470d4baf98fb3c5d2c295fe5ba7a358	megadrive	Pele's World Tournament Soccer	megadrive	Pelé II : World Tournament Soccer	3	9bc8b7672a2d1c167bec4e17e36c8ff9	yes	7470d4baf98fb3c5d2c295fe5ba7a358	86c72b6ba977021c8a4287b03b50206193d04e71627e046866bf39a4b418f7be	86c72b6ba977021c8a4287b03b50206193d04e71627e046866bf39a4b418f7be	60ce8201a14e2ffe4845f3a89f9a81d8bde075f750d7a3cc961d7b7991ddde86	efd088544b6f9d7beccbd14047fc7734dcc4c44a027a98938018ce8008391a14
31b71f9263b26ca445881de96c2b15fe	megadrive	PGA European Tour	megadrive	PGA European Tour	3	a3007a840c32699ab6441d01b1c3732f	yes	31b71f9263b26ca445881de96c2b15fe	3002ec9c422c3cb18755384af3de896e57d4843eb6cc6d8488c95e3b42e29c83	3002ec9c422c3cb18755384af3de896e57d4843eb6cc6d8488c95e3b42e29c83	ecf002a01510a23374d3ab4bbb84c33b485a8ed504532bfc417797404810b09c	68dbe771c23319484dbd8295924ca9cb78c6e6ef221bdc3be113b69afde479fb
150f6f7d771d97bd8c86075900c06582	megadrive	PGA Tour 96	megadrive	PGA Tour 96	3	686da687e46d866a9b96ac36a5528db5	yes	150f6f7d771d97bd8c86075900c06582	2860e4619343006bedd151c807c47a0f4d24808b584a3df22e2f0fb045bb33b3	2860e4619343006bedd151c807c47a0f4d24808b584a3df22e2f0fb045bb33b3	3beadbaa3eb37afbad9e098e2ef7be5970744fb31af0b170e844e6ceb9aa387e	cc33496aa8b725e31930ef5f0f105e9d6659c7964d60f57abef04cc91d6e7005
41081d10af1983ef62e569759860cd7d	megadrive	PGA Tour Golf III	megadrive	PGA Tour Golf III	3	9c622d6f5c5088acd7fad0e413f5ef82	yes	41081d10af1983ef62e569759860cd7d	c46e1307349f66f0ba9993b1fb618dc44350ef0e1c14270a8b8e893952628c31	c46e1307349f66f0ba9993b1fb618dc44350ef0e1c14270a8b8e893952628c31	86ab278cda76368d48f9e3b03472944bb0ad6c1e8d39a2b97ed277771f176134	3488d407d05bc93d4893069adf132f706d685f2e6b4cbe4a22a4d7ae56e335ef
fdf58053d0533006c20892156c1bf4ae	megadrive	Phantasy Star II	megadrivebr	Phantasy Star II	3	9f6c8887facbfcd6ebb454a7ea43e9a4	yes	fdf58053d0533006c20892156c1bf4ae	10f978e0c7966ec22ca556167c05b177bb80fe1508d42f860dfc757a8819960f	10f978e0c7966ec22ca556167c05b177bb80fe1508d42f860dfc757a8819960f	cf47b160c941d457aac342762fa3d257800edcc8f421d05b4b48eaa1b53c8daf	07709e31e5a32f7f61c8fa160fe3f8e704ff4eb3f58bbd50788c256e808d6355
3fcd0d6836bc1577589dc8445a69e68b	megadrive	Phantasy Star III : Generations of Doom	megadrivebr	Phantasy Star III : Generations of Doom	3	ed4c00f70299aa2bf9763ab77343a9f0	yes	3fcd0d6836bc1577589dc8445a69e68b	900b70bc0f18b406d40c02fc36c41d3a968bfc22e6980173c5142d8f45191408	900b70bc0f18b406d40c02fc36c41d3a968bfc22e6980173c5142d8f45191408	c266bf9972f739efba860ebfd64dce781c3248c9751a61c2d01cc300ea5e769c	349ca61a363aa44bc675eb4d78c2cecfe6c746286b3bed187dabcd161098ac34
411834bcdbc1592775514db5d952ac15	megadrive	Phantasy Star III : Generations of Doom	megadrive	Phantasy Star III : Generations of Doom	3	f16ac21d64c1bbcc6b3a52efcc4cba56	yes	411834bcdbc1592775514db5d952ac15	c5cc240bcd4a060c8e2774f15929c51afd35a9bea713d27c65aa3bf55aebdc77	c5cc240bcd4a060c8e2774f15929c51afd35a9bea713d27c65aa3bf55aebdc77	471d9c48e3635911be3b4b0629d5e44ebed3d0d8762b7f6da0ab3877b49f0419	2e5b58a16267eea2837bbda2fae5a7a93461199855ac3a864e347b293494dc30
1988bf001cf65e13dd9b20788a5cb232	megadrive	Phantasy Star IV	megadrive	Phantasy Star IV	3	8ae21ac69ccdf091eabdaabc0d05b404	yes	1988bf001cf65e13dd9b20788a5cb232	c0474e38924be5dec848df957e0dd9dee69d4ff8fa7c9bd0f886ac93b4c09297	c0474e38924be5dec848df957e0dd9dee69d4ff8fa7c9bd0f886ac93b4c09297	0c5c40a79707ce59ba1e3ad602201f6e76346e46623b8554eccae7aa24852176	c694a6a31efffd3da6b8eea5f5f8df4898a1a8076dfebb335c92e6ccb1eedb9e
74dd4465af1b223ae390859349c01704	megadrive	Phantasy Star IV	megadrivebr	Phantasy Star IV	3	fc4dcba55e3976dc48ec498314ac61da	yes	74dd4465af1b223ae390859349c01704	781ba51fb50030de277207ac1fd9146e90113dc3be871b9bed52dd3500c3ce54	781ba51fb50030de277207ac1fd9146e90113dc3be871b9bed52dd3500c3ce54	bd9f1e77cf76f1b070894909c86033a6e23d3276cff58b8730691724634447f5	4c3523b34f187136ce1679fe5f3d50fe5242fba794297c0dd8a06f990c8600a6
c35217d8e5b40f2c384b38e47a424f4a	megadrive	Phantom 2040	megadrive	Phantom 2040	3	8f17157a88527d6d1a850b654ed998c2	yes	c35217d8e5b40f2c384b38e47a424f4a	69a70312ad0a8e9a0a99842dc19d779e4725bb7d8abc22e07c276adfeb9e0c14	69a70312ad0a8e9a0a99842dc19d779e4725bb7d8abc22e07c276adfeb9e0c14	ebc719721210efeff750487c9c41e004e91fe05ab8248165546e382ed4794c77	7d7c43998dc8bd814ef010ef54bc66dd9419f2f14804c08d0d9401c76c8fdfaf
2f5a52fc1495eb7536c4a09e3dccadb4	megadrive	Phelios	megadrivebr	Phelios	3	e4f1707f75da63197c720999a0cfa40b	yes	2f5a52fc1495eb7536c4a09e3dccadb4	39ef2fe4feaa9bc6af575b86e0bb112fbce94118dae400015039c236d29dc000	39ef2fe4feaa9bc6af575b86e0bb112fbce94118dae400015039c236d29dc000	fdc932605e53c92b9777f6385287ef5a7e7c147eabbb5e3831a86e07caeb0270	e16c05df763cda3579962ceea7def43127dc998d25bf663056af9b2b8eeab374
4f04965d59c4158f167876a75884154a	megadrive	Phelios	megadrive	Phelios	3	0d84ff48ced6343356576e0e1fb4f7d1	yes	4f04965d59c4158f167876a75884154a	4346d17047bc6af8edb98033b949903541ba3dec829b7fc7bb01d26ff2afad93	4346d17047bc6af8edb98033b949903541ba3dec829b7fc7bb01d26ff2afad93	57068c34ea950d2554d1e494d16e42461175c478ea046fe616c4d7f9afe8928a	7d818f48015887e4d970dd377a852c778f0c5f01f6b97d0dc2d6a53eb5d0925d
80562d073a720e646e4d1e16c4a31992	megadrive	Pinocchio	megadrive	Pinocchio	3	33330725a424a0aded148d8805054491	yes	80562d073a720e646e4d1e16c4a31992	8aaa91bc5009c24302c0b8f05c8f9c9e4e74317cd97ff8c54cf71c2b9f37c049	8aaa91bc5009c24302c0b8f05c8f9c9e4e74317cd97ff8c54cf71c2b9f37c049	1150a42459a770bd291efd5bb9ef3308b823af8671ec282c39e6168d8d403284	59eddd267d22f6f8c3a37f45c70ebbfc0b2cbb49b664506593afeb8b3c3d747e
9fb7dc4133bc2fcf2f81d3a2995ae067	megadrive	Pirates! Gold	megadrive	Pirates! Gold	3	3cb1ab8f7bf4dea7be8646f6441d5434	yes	9fb7dc4133bc2fcf2f81d3a2995ae067	0c6d02da7a53cf594f55b22fb165c2c8cd458ddb39e9bb056b859a14edcd16e7	0c6d02da7a53cf594f55b22fb165c2c8cd458ddb39e9bb056b859a14edcd16e7	10df12a485f9f83fc435cbebc104af5dec20790406e6ebaa9402f2aed898d561	8620b9cec1feb806a6bcf6b8262ad6faa869e8f4e6d9eeaee23de06b4454862f
c76edd6c3dd76efa51e3048e55d298a4	megadrive	Pit-Fighter	megadrivebr	Pit-Fighter	3	5815a813240236f3e197f323fb8a936f	yes	c76edd6c3dd76efa51e3048e55d298a4	6100b9f3cd654f18bc2cfd5fe53026c17cc18043d44541723eb9e8630e9278cb	6100b9f3cd654f18bc2cfd5fe53026c17cc18043d44541723eb9e8630e9278cb	f0526278263101c56380ce431862d4ad781012c28c3e75bcf1a87fcea9efc395	26652f2cbc9333c45250f61571dba2152cc6f601d47cc1dc6a75360273af4a41
1d969bc4b279c81953c042e519b2984d	megadrive	Pitfall : The Mayan Adventure	megadrive	Pitfall : The Mayan Adventure	3	670c26bcbfbf6799df35c16dd1f386a9	yes	1d969bc4b279c81953c042e519b2984d	3a5f0d44fcfaf39e3e7268cfcf396aa835a72b68bfd54fc6039cf4ca307303a1	3a5f0d44fcfaf39e3e7268cfcf396aa835a72b68bfd54fc6039cf4ca307303a1	f4860fab6ad995b55bf6adf17831515b65f9e968b96331dbe2e9df24e77f8479	9edb0d57664029b866ea4b5819ab9b63af15dd3eb3a3900783e31f653dc2b6f5
526f9df27b0f6f74ea599c842c8edd3b	megadrive	Pocahontas	megadrivebr	Pocahontas	3	3c20917b6a49c2673d3ed016432fc1ea	yes	526f9df27b0f6f74ea599c842c8edd3b	0da9000724a2c8768c11bfa2f578a9243a1f76baf4352cf579268518142d89d2	0da9000724a2c8768c11bfa2f578a9243a1f76baf4352cf579268518142d89d2	16f8c3d91aa1a47e69eb23316daf52cd6bf35a42ab6200a4b45ddc5646a56f16	7088fbf59f6c4340492e19c1a771f039f61d864aa06ec3f82f3a2f98870b35f3
b505e5da7615552ea64e9fd2efdcaea8	megadrive	Pocahontas	megadrive	Pocahontas	3	284b871bd49190679d6aeb2418cefb73	yes	b505e5da7615552ea64e9fd2efdcaea8	b2764862d7ab15d4f747c6bcf635ca8d78e35247b892be8a26c409af3265440d	b2764862d7ab15d4f747c6bcf635ca8d78e35247b892be8a26c409af3265440d	25182dea91ea8507f87749637833c26f6f5b1c786783e83c6e725aa21aadbd9e	eb8e9ffa1f25010f5e32d3965cfa79d320f25221fb8ea10417f0587ae2e61dfb
9f74ed15ff0c036b637bbbafcbe8085d	megadrive	Populous	megadrive	Populous	3	c1d54d51e45a78c97717067feb11d509	yes	9f74ed15ff0c036b637bbbafcbe8085d	549115f57a0f7fee122ca88775b7499b06f8b946f14bc516a8b4a6883c34e7f6	549115f57a0f7fee122ca88775b7499b06f8b946f14bc516a8b4a6883c34e7f6	0524ef2952e67edafd971645c66b55899138c76906b0ba50af16da5773c4ef6c	8df52b347ca06d6ec176c42003268d3a4c4ec94b128621bb1b3325e5264ee55a
bd24a2ca2cc016180029a5038ae438eb	megadrive	Power Monger	megadrive	Power Monger	3	01bf366a99f22d74e5b95a71c63649e7	yes	bd24a2ca2cc016180029a5038ae438eb	2facd85eca3d679120ca0e711285c6049762321518fd0f329d33ace7229be6f9	2facd85eca3d679120ca0e711285c6049762321518fd0f329d33ace7229be6f9	a6153d8131c749fb5bd5281dfd9d31529f65ea7e1b4def990a5d87472babe752	fa003e5d75c3646d01fac8ddc53578abc2a7a3c40d7a9cb2173ef28045604502
a207d5b9b81df4f180b0daa46715d259	megadrive	Powerball	megadrive	Powerball	3	3faf4e889763baccd4e0212020c355cb	yes	a207d5b9b81df4f180b0daa46715d259	7bd4a732704d87bd2470e1bd05530c50c89d3b5c70892f754b8dcda1e6405cde	7bd4a732704d87bd2470e1bd05530c50c89d3b5c70892f754b8dcda1e6405cde	025f1ff98beb02cdcb410f92bdeb63a6b6de9c5702fde73d30159c7934ace83b	1d5a3a747482fda8748d644296c876e402478e6b3554f27ab78c07e83e60e6be
2dcfe1c8d927064781fa7f9172d0b714	megadrive	Predator 2	megadrive	Predator 2	3	9f11ed3884138b9b9a20ddda944ee5a1	yes	2dcfe1c8d927064781fa7f9172d0b714	6ae70655e8f45dab822eba82bf8c71cc1596fb5eda3b5c5992bab43575001ad8	6ae70655e8f45dab822eba82bf8c71cc1596fb5eda3b5c5992bab43575001ad8	7d0ebc6bee039a27294298025ffef5b5b4e04c50ad9cb53495cf252e0235b169	5e9be2be8b0ec9e01d163a12cc33aed476c75bf25540e77caa0426331fb9f4de
172a0b0599e89a179228bf1a31e15b6b	megadrive	Premier Manager	megadrive	Premier Manager	3	b5d7e698cdc79d51fc7c40d467fcbe5a	yes	172a0b0599e89a179228bf1a31e15b6b	e628edcbf1921e9fd50a20b8dd049c1e01029dac6f619ee8adb67d60f94a4b85	e628edcbf1921e9fd50a20b8dd049c1e01029dac6f619ee8adb67d60f94a4b85	7d1147c27fbf02a394f6e43bf07f6779594d1d75066b346fd28638bc7d879949	54d87217a476c7b378d0faa411d1719cb7e051d81a672480e6ad25de068e7be6
26c7fe5dd8cd15664f15dc174a7bb62a	megadrive	Premier Manager 97	megadrive	Premier Manager 97	3	264907897d93450a697889e4b090a56a	yes	26c7fe5dd8cd15664f15dc174a7bb62a	e7d0c2ae6d648450cb6d6ab1ec79589538bbadb50babbcdddd597132f22b836b	e7d0c2ae6d648450cb6d6ab1ec79589538bbadb50babbcdddd597132f22b836b	00f666804d0bc0573346b5278924bd77395a5d5389f6988ccf049457a8ccb530	334b407a6b4a4f52c51ef240f8abc9d8cf3ca5f5b30bf8ccfd4933aa990b511d
49c091658c9bfcc8c035cdde07a7d426	megadrive	Primal Rage	megadrive	Primal Rage	3	a49d85e5ae7a675b0e2ac69aeecce977	yes	49c091658c9bfcc8c035cdde07a7d426	0a584ba2ff8041afcf39ba4cadab6b81fa42aba26b32ae697e7ab915b47859da	0a584ba2ff8041afcf39ba4cadab6b81fa42aba26b32ae697e7ab915b47859da	9349d0ec3adb323e2a4083b9352519e87b24f96679ea570023d1d5bd3f8356d6	9046988ad47c62f173860b6aa148b0231ecd20db417498defc35b188a4d693a5
f1a302bf082ce73bc25ed24917d6a207	megadrive	Prime Time NFL Starring Deion Sanders	megadrive	Prime Time NFL Starring Deion Sanders	3	0b0a8cc67c4e4cfabbb83ff972fb87dc	yes	f1a302bf082ce73bc25ed24917d6a207	b490244d79a55ec198ee50d2a849a8c22da301b509625204edfebae743223a95	b490244d79a55ec198ee50d2a849a8c22da301b509625204edfebae743223a95	08006ffa825175ab64b1f3eabf45e650d66e427039e6c8bc9ce29d22721a057f	4c33d872a39774188559f5263b49093a49081741ac8e3ac27a2995ef62a47818
077947aedf498a84795ffbf7366d4140	megadrive	Prince of Persia	megadrive	Prince of Persia	3	d601f775cf305b55f19786dbed23493f	yes	077947aedf498a84795ffbf7366d4140	91cb639e158f97ad2b84b314a56d3bb100aa9b7ab4836d23a37479100268b6ba	91cb639e158f97ad2b84b314a56d3bb100aa9b7ab4836d23a37479100268b6ba	8f11529d0a1437599661458a4aff8adce17dea5c5eff02cad7da9fc2c1f7345e	b17396ea30e2e31c633700d9cc88fac9d6d88203b8d9741e385b7a7cdb015cd3
73bf86ccec6e224956a88d1c7c831f9f	megadrive	Pro Quarterback	megadrive	Pro Quarterback	3	58b10657f7afa3ebcaaa674ad5abcae1	yes	73bf86ccec6e224956a88d1c7c831f9f	f74ffaa64308e447b656ada0a6203315981901507f0de5489a6825e433662cd9	f74ffaa64308e447b656ada0a6203315981901507f0de5489a6825e433662cd9	349ca3469c026956f2cbb19587dc2a7e017dbf31f743bba2bf2a0601c01d6716	439b571b20c657a73b6c03365fe17dccfd405beb3aa2fdcbb2e6bcb3ce17d39f
529c37f4e52520d3a35eebb2e3ca04b1	megadrive	Puggsy	megadrive	Puggsy	3	9cfe7ac67156e3284b858991ce73c0f2	yes	529c37f4e52520d3a35eebb2e3ca04b1	ddcd727247167f7c1fc1664c3b14c35b1344de0f5127da8e32cf7cb674f6708c	ddcd727247167f7c1fc1664c3b14c35b1344de0f5127da8e32cf7cb674f6708c	07c6cc3dd00c024fd887d6cd6f80e7ba128fd02d01d8db4dbd4387e57a1ddadd	84f0ceee5eba304ab72ca3bb1346e4960c767f2e6017c291dc54c92ea3ced99c
651c28ec3e1b56abdc74b17ce3f4f458	megadrive	Pulseman	megadrivebr	Pulseman	3	d3e16b51c419d6fabf9cfa2d88400281	yes	651c28ec3e1b56abdc74b17ce3f4f458	7cc608f8b0f4ec6c40a154ac7960f1f3b94b58d731dc51a0b4a608f7d4da242d	7cc608f8b0f4ec6c40a154ac7960f1f3b94b58d731dc51a0b4a608f7d4da242d	d3bb4b12113307905c3f7f0f8db6052564d4f7bdb9cf558115f830eccb725762	73834e0d978946dbec3259d7bcc006e1abac1cf05ba6292031e0229e8fab8e83
ee95b93bf178a80af37c848040c80f8e	megadrive	Quad Challenge	megadrive	Quad Challenge	3	bbf5cad29a7663cc1230e34ee15cc2af	yes	ee95b93bf178a80af37c848040c80f8e	b4d25235a4e6b836c3d3c95eef5c52adde6ffc9c7362c4195964dfc5831fa81e	b4d25235a4e6b836c3d3c95eef5c52adde6ffc9c7362c4195964dfc5831fa81e	11f183ac28885ddfc10ca0c33f496dbf9128f0d3b100969b1e86700e3bc34c5d	33a1a4d4c80e6c61e99f32af592e9232e41f8f851f451a9a78a0e90a4ee2cfc3
115df11952f1362106f056b9245358fe	megadrive	R.B.I. Baseball '93	megadrive	R.B.I. Baseball '93	3	aa2fe61697a38e72caf9ac6a235f5461	yes	115df11952f1362106f056b9245358fe	ddcb64366ac71a1783a7c937485b3dfa9529d4e6bfc52fd41a208d0b00139639	ddcb64366ac71a1783a7c937485b3dfa9529d4e6bfc52fd41a208d0b00139639	d0553daad949de48a77089f5798e41ddf32eda327f266ebea696b8c8c0dd71be	00f1e41d506076f6bf40f730b9a6f3b29236a675dc18e18208f602c51add07bc
00f6dbb203a302ff713718f87038b3d8	megadrive	R.B.I. Baseball '94	megadrive	R.B.I. Baseball '94	3	3deaf8c71fd26622a18168655835c617	yes	00f6dbb203a302ff713718f87038b3d8	fafb237dfb9d824a5a99db5512046b35f5423bdcf9cb90e0b1bd5af486b1a580	fafb237dfb9d824a5a99db5512046b35f5423bdcf9cb90e0b1bd5af486b1a580	e1f80ce3d191cb1ccd134bb0f6fb5ab06c5a18a327c5164b106d607bdde3fdc5	26918cdb453571131d1762f3908143527129dca3100efb24337db8c476e5a989
c3ec02f040d49aa37f9bbce3aa6106b5	megadrive	R.B.I. Baseball 3	megadrive	R.B.I. Baseball 3	3	ffbd476267e6ef08933312719ec4ce72	yes	c3ec02f040d49aa37f9bbce3aa6106b5	e27b939a0f1ee8df378bf20dc63035b336e14a4c08fcf94288852480d5f3b4c4	e27b939a0f1ee8df378bf20dc63035b336e14a4c08fcf94288852480d5f3b4c4	090a51d377d89f2cc7293505929b6e2ac1a0f0c361b5b9cfac1209fe20e1f97e	4afaf7cef5db2d5bc654e924be765eae5b4a7d1666e9bf209be428a05b2a3d01
99e1cafbb30488a620f5130b3ec927ed	megadrive	R.B.I. Baseball 4	megadrive	R.B.I. Baseball 4	3	9cf60d1fc0bf5395b076e98ff9215fbb	yes	99e1cafbb30488a620f5130b3ec927ed	f75fe518d5b161ee1e655d971665c9c9302d501d40363bdcea9d0e440dee3c4e	f75fe518d5b161ee1e655d971665c9c9302d501d40363bdcea9d0e440dee3c4e	c9ac526fcfd7100c228011698b86941532fa55c3309765498f6a14629b868952	4f27cb689cafa7887d0a751fd7fbfed720f717d90d966155a9ed49c3160f648b
a1a1bc5837ac47f447e5306b274426b4	megadrive	Race Drivin'	megadrive	Race Drivin'	3	e18662316f0e969411e63da56b4941d7	yes	a1a1bc5837ac47f447e5306b274426b4	c1926c615224912cb6bc65d4152812058265a60e18ffc844b7f4942fbfe21c9a	c1926c615224912cb6bc65d4152812058265a60e18ffc844b7f4942fbfe21c9a	4e529f1141071e2ae876518a6a4572e808a217917eef6975e6a8a89bd79fde28	02f15b4fa1beab841368ae180287e9e53e8701c4550d1b584a7882988dad11ab
4d8b857388146c61e1090b32a39e13c9	megadrive	Radical Rex	megadrive	Radical Rex	3	286d08d119a426688597ec3b0ed73b05	yes	4d8b857388146c61e1090b32a39e13c9	0a90cb4483b41a32605b436dab0b99cddc130501523fe4ef823835f49b840c98	0a90cb4483b41a32605b436dab0b99cddc130501523fe4ef823835f49b840c98	3c765431d149c6a3ff6295dc0a84eac04f28b7b7ce720ba33da1b10bf340b139	a7df64d3a826f79d8661f2493964839adf2814ba67fe19c87de83fd7e9b52a90
4dc8dedf84322514d8a72f8ffe45199d	megadrive	Rampart	megadrive	Rampart	3	d09e8078999e55e03a9c402bedc96fa3	yes	4dc8dedf84322514d8a72f8ffe45199d	e436a876c11817c30401bca9a8f79a9a59aa3b85d0c5229c2a1eb1240bd76f38	e436a876c11817c30401bca9a8f79a9a59aa3b85d0c5229c2a1eb1240bd76f38	5a88e81e32e8639a5f50da9634ac0268be8ab0f3a92ad933f8d7a0336f5ba2f4	976e15d72212d0fb9f17083fcd3ba1b442f8a943940fc2426f48d5cc589723c8
a8417c04ca13263c54befa51b21ebead	megadrive	Ranger X	megadrive	Ranger X	3	d8cca53c2c6044515b703433e456c2ad	yes	a8417c04ca13263c54befa51b21ebead	e25e50cf4cc9c4a57fa593561c4921a36d9c7e0015f0e912aa71d8d4e1514d33	e25e50cf4cc9c4a57fa593561c4921a36d9c7e0015f0e912aa71d8d4e1514d33	a226f8534a525e426475ab974f61bd0b0e3656903d60b62fd6718138668d3d08	5e5c9ab7dd6adebbecf9403346e049304215db491712002c1042603eb7485dd2
1d71b6e4e682b84cebd9df2549f0f70a	megadrive	Rastan Saga II	megadrive	Rastan Saga II	3	4d3778b7e65908a4cced894cf696fac2	yes	1d71b6e4e682b84cebd9df2549f0f70a	09e4e76d130ced8d92b03ce40f8553c3b3638f9810ce96ea50e1bbd29dc6e0ec	09e4e76d130ced8d92b03ce40f8553c3b3638f9810ce96ea50e1bbd29dc6e0ec	914d5a0665f77b5e2b7b9e96c2920c3e6b1652990adef4ce372998bd79b6e711	2d3e89c3190aafc298a176d2e129b2669593258238eacfb68d36f7ed938f1071
279220609988e6489960340744198aa6	megadrive	Red Zone	megadrive	Red Zone	3	faad772facd62056586277a3d531bdf5	yes	279220609988e6489960340744198aa6	330b8fcda37ff9ad9769b6e366fa8a2653b919202837ba16a7efb6404a201e32	330b8fcda37ff9ad9769b6e366fa8a2653b919202837ba16a7efb6404a201e32	f5754fea53ffe2720c7574778b648f336f39396b1abe429c0cd984b219cdf068	819c77f1218d0c4348037fcb4e51ddc2fa721f858772040fa5be2415f0349829
2d8c29010763ded12a0fdb2e170938ac	megadrive	Revolution X	megadrive	Revolution X	3	af5f64c6a78e34be71c50eab6755e45e	yes	2d8c29010763ded12a0fdb2e170938ac	f374254ca828baec3c8b0138ed96eac3f97ee2a91d46265ebdf5058348b9c45a	f374254ca828baec3c8b0138ed96eac3f97ee2a91d46265ebdf5058348b9c45a	ac71581d6e0f48f410dc4f0a1a84e12d660ae4b89564dec56457c83322fc6804	40b537261a970d47d0beb07f0b50e67eb1d8c8bf0de7401c9c900740f30fb1af
cce825cde87fdecf96aa81dc46d9856d	megadrive	Rings of Power	megadrive	Rings of Power	3	5b1ef4c1759b58078cab42834104c387	yes	cce825cde87fdecf96aa81dc46d9856d	1f388c2f3afac9c29170a3dfea40a8169bad3cba57cec30479d993ceac3ef8bc	1f388c2f3afac9c29170a3dfea40a8169bad3cba57cec30479d993ceac3ef8bc	1a93d7daf993efcc9740f8aa4b580c7fe3cbdc73864bbaed51cec8f44c761df9	564fbd41f0df01272e9c46d3a54ed0c140b8fd05965d360dac7d7c81f0e3bf86
a468614cc8b4b030a851902723b09402	megadrive	Rise of the Robots	megadrive	Rise of the Robots	3	744b1e5181a7221851d04c71882e98ee	yes	a468614cc8b4b030a851902723b09402	812f4b93f422f2a7631e0541c4d3163c0105857ea004920c46ae715b3da831ff	812f4b93f422f2a7631e0541c4d3163c0105857ea004920c46ae715b3da831ff	dfc5b4bf1c6acb687ad0760ce91bb7fecc954202097ffdfa1bd5c3b6fedf9f96	0ba28119ce1a24eaa1e84f4dfd852e03cb61449553a781c149bec032cae04dc5
59fbc6d3e3e9518511f271353bd913d6	megadrive	Risk	megadrive	Risk	3	735640f8265c00da6a04af4f01338356	yes	59fbc6d3e3e9518511f271353bd913d6	e9a3da626cb81c1e0acfdf7fbf71d2e45abc4ab008e105d2d5a1fb3a7254a662	e9a3da626cb81c1e0acfdf7fbf71d2e45abc4ab008e105d2d5a1fb3a7254a662	e4eefd230dc425c7c0b20b1321fd5e35de1511b0bf0e666905a95f0e8b966cdf	9cdeba6da8170a0588e6afb9b679086d25d73b623504bbafc9e34ffb145a6f4b
a9bc531f6bcec844a3ae79ab3d37b3d3	megadrive	Risky Woods	megadrive	Risky Woods	3	186929d3ad66d31769cbe876fe165622	yes	a9bc531f6bcec844a3ae79ab3d37b3d3	57bc0ef666640db8c5bd4407e5500827b39004471a2d6f2a4a12b13593f3100f	57bc0ef666640db8c5bd4407e5500827b39004471a2d6f2a4a12b13593f3100f	5facf5718e150b61e6770fa4485ba5f609916a8e81a80b5ff537b43a906ab05c	fc4ed474778f6edce12c5542334b842aa94b1ab3d0991c56b55c6766584a8203
782fdb3973bb930452913f49c2bb6df0	megadrive	Ristar	megadrivebr	Ristar	3	ced65569ae03f7aa3e96cbcec5b41af8	yes	782fdb3973bb930452913f49c2bb6df0	1fc2780aea6cc40174f0121164a55aa06abca381bec2af21422fd4640d1f5976	1fc2780aea6cc40174f0121164a55aa06abca381bec2af21422fd4640d1f5976	de2dd97a7feabd7d3997e7bc267ace516594456237f049a7585620f76481ab4d	c07521b8f9611c41e9aa23c2f639ccbad658155c97e22b0bb4a9c8ff0f42e1ed
096b62c840e4ca77a918677029fcb098	megadrive	Road Rash	megadrive	Road Rash	3	8fe0eff10d7377b34d96b6b904fcf2da	yes	096b62c840e4ca77a918677029fcb098	2ef4db235684229542f9ad0040a37ac813bdb5025528fd570ab890c55685aa2f	2ef4db235684229542f9ad0040a37ac813bdb5025528fd570ab890c55685aa2f	6064dd8d11bba9fe50d20b51b4855a681d3baba10ccb63a8a69a43462271f3e0	4d951d6857502844bce64a12121db521916f974db672fbdbf53db4505107f468
85ee5b37452f11f7f4800abe0af0fe3a	megadrive	Road Rash	megadrivebr	Road Rash	3	a9884173c1cd8708fadb8dba7ed0103b	yes	85ee5b37452f11f7f4800abe0af0fe3a	0eefd43046f809cb1fab32d2bee0e55cf5854c211beb2c3bbed3a731f9131c5b	0eefd43046f809cb1fab32d2bee0e55cf5854c211beb2c3bbed3a731f9131c5b	503afc7fc74334327f047d68ee00344f2f808ca12665ec96aedcccc08623ce01	f156fe485998058149c071603b4071a651e32a40c933812a47ea53fa719575aa
e2dde0cd32edffb4df41a115c197dea0	megadrive	Road Rash 3	megadrive	Road Rash 3	3	1d9afa2f5ba103b6aa3216080482d372	yes	e2dde0cd32edffb4df41a115c197dea0	52aaa895f0a2dfde875fb2a27c7a9efbe6ea1864041481af4c89163e17fad1cd	52aaa895f0a2dfde875fb2a27c7a9efbe6ea1864041481af4c89163e17fad1cd	96082bfff9dbb1b5333cb5967768d484b215ee9c6c16e95596b897f3fd9dd41d	d40e72794f97035f968e403f1b75940c5804911fcc8b09e29d9c245369c4e95f
9a5e97e20752e7b257f59f78a91a685b	megadrive	RoadBlasters	megadrive	RoadBlasters	3	81e7964c15170590fa2d2f055a8d7a7c	yes	9a5e97e20752e7b257f59f78a91a685b	c452a07bd646aa607bec8cb37bc0a36fb1d7eec3031a904bc1599a7109a5368d	c452a07bd646aa607bec8cb37bc0a36fb1d7eec3031a904bc1599a7109a5368d	ab168ef4733792e55fb3216cb26bcdad2053943146c31d3b7bc2336dd9ab9903	aa16e6d3f4e5b40a3f3537d245bcc0ad181fba7a780d7cea603e3206de876782
d5f02aa8fda431ddd87fb64c82451e47	megadrive	RoboCop 3	megadrive	RoboCop 3	3	0ae9f2901557cedf443c08583c7d8cb7	yes	d5f02aa8fda431ddd87fb64c82451e47	809fbf315b5508dcb3d18140e9e19a1fdd1473e7f1054a03e6465a951aa62a54	809fbf315b5508dcb3d18140e9e19a1fdd1473e7f1054a03e6465a951aa62a54	02e3542301231c236a3d43f5d61f9c469edf707b35becdd5d5c5e0c9da890b8a	4bbff7edd61c2984cf955a278770643471f92373b7751df93f854e47eb2612f8
21776d9c49b718273577a113743e0960	megadrive	RoboCop Versus The Terminator	megadrive	The Terminator	3	93587d52c13f40de3771af729e75b06a	yes	21776d9c49b718273577a113743e0960	c29cc3af007d5a980629af93b86ef47ffea0e50eee25e4e3a7e447e584b6ebdd	c29cc3af007d5a980629af93b86ef47ffea0e50eee25e4e3a7e447e584b6ebdd	49a192f2e6b094b1a9092fa48678c79b09e1f11046c773b944b6a567eab997a3	e4ff200923b9c2ee2a1f7087a901721243e30b3bf034b32451bde7f31ef93fb3
26259325aa95b2f18ea53016401ec347	megadrive	RoboCop Versus The Terminator	megadrivebr	Robocop vs Terminator (BR)	3	09773364432580257465498eee078e6e	yes	26259325aa95b2f18ea53016401ec347	8b72eaf84876b16aa118b63588bd33490202741601cddfd7b02d09858560367e	8b72eaf84876b16aa118b63588bd33490202741601cddfd7b02d09858560367e	07db2e62015339d45cf58a3943603d5beb1a39c64d1ea488ebd7dbcd7e75a0e5	97a060ab0fa40bbb677d8b27775c7b03fd7cc743e1ff141bd0b9212383bead30
6c6a3622656870fca249890b33deb382	megadrive	RoboCop versus The Terminator	megadrive	RoboCop versus The Terminator	3	b63b9df98711791edccfb3574d0b61da	yes	6c6a3622656870fca249890b33deb382	9315a7931fc5164bcc3d1f1bf2621a343c74381e34a8984c8b11cc302bf6517a	9315a7931fc5164bcc3d1f1bf2621a343c74381e34a8984c8b11cc302bf6517a	c7b6d7faad3cacf87a8cfddc99fdb9999b1cf0bdb40885a8215d0103aecb9c05	ec68407f31723498fdff4be9c60ce8db75fcae35bd041dabaf73a46d454d7070
8a7bb54d9e204de2ad1f7ea7fb8ed98b	megadrive	Rock n' Roll Racing	megadrive	Rock n' Roll Racing	3	a0174bac261c37287526826ab37262d1	yes	8a7bb54d9e204de2ad1f7ea7fb8ed98b	468247cc31e7560d6af0bc7b26f50220d1d2e5f931c7e53d386ce567d8075118	468247cc31e7560d6af0bc7b26f50220d1d2e5f931c7e53d386ce567d8075118	b7b9c79d66dc4f0860ce4786e05ce85f62e61a81df3ee3e9a3e85ec35c7fc93c	01a77de1b26462404b64eedd30e5fdde50bc1e2c19cdb520c6f9fd91c94a6875
61ecb441ebf015c94dc0614eee796659	megadrive	Rocket Knight Adventures	megadrive	Rocket Knight Adventures	3	a7871c7680217f113af064256f68d0ac	yes	61ecb441ebf015c94dc0614eee796659	ec0a4b93f633c18c5c33d4385701499a346472b437a3fbedffaedec31f1211fc	ec0a4b93f633c18c5c33d4385701499a346472b437a3fbedffaedec31f1211fc	9da553908bec2d4243e4f35a2cc84f053ee8456d4d92ee5329fd46ac2ef7527d	ccc248b9874564eefbfe8d1616d128895f037ffd8f733109d9e572a138006f78
32e863289aa9843a392cb81332d7bbcb	megadrive	Roger Clemens' MVP Baseball	megadrive	Roger Clemens' MVP Baseball	3	d303cd73ca4f83839006866a290ef543	yes	32e863289aa9843a392cb81332d7bbcb	786d20249691b3f8f2148d543a8c0ac9d341fd42f9f1513a329d7a6853a4a918	786d20249691b3f8f2148d543a8c0ac9d341fd42f9f1513a329d7a6853a4a918	da31bd32a9f952fdf12372ddb93e79a51b863bafc6027645a17e7d8ae177b6c3	cc50f86c2014e65e8bc82ae39f01da62e4a4b5665e50d6592c817c3faa5bf593
60dead42e3b4fe7cf3d1461abe3f2cda	megadrive	Rolling Thunder 2	megadrive	Rolling Thunder 2	3	a47fc5e8fe1e2aa5fee3fa600fe0c2e0	yes	60dead42e3b4fe7cf3d1461abe3f2cda	0abc967f6c3074857700d05fc037bf75e88effa100afd9b47eb3cf97be0a5951	0abc967f6c3074857700d05fc037bf75e88effa100afd9b47eb3cf97be0a5951	c6f316c7b693bc7360f0b0db78bdb9495838ea595417cddb593876b9492b7a7a	98a166e8185130ac59b4d011855eba882c97a6d8b0130e0a41bdc8dc36d534fc
3e24797c8eaeac753352813e3f6707c6	megadrive	Rolling Thunder 3	megadrive	Rolling Thunder 3	3	5771a578045e2f0a891e8b382bcc0227	yes	3e24797c8eaeac753352813e3f6707c6	edf82ad608ee33d0cef877ef9dafc42d57f06b2cb8fd23149302b9e6bf1fdfe6	edf82ad608ee33d0cef877ef9dafc42d57f06b2cb8fd23149302b9e6bf1fdfe6	733d8b75ae1aca2d95af881d09290f9f917f8e5b45feac132e4ebe7af26578df	3dd0f68e450a16ed61edf5e35459b73fe1f663d9a9b80447229e36f4e6320ff9
a513dadbce7d5e713ae79b4ad55de34a	megadrive	Rolo to the Rescue	megadrive	Rolo to the Rescue	3	31b98b452abbb4d4c13eada6e59b7a5a	yes	a513dadbce7d5e713ae79b4ad55de34a	0f2fbec5d822b26e6f3fba2314b6d7a8db5e36d0ba2cb5716a718499d352519d	0f2fbec5d822b26e6f3fba2314b6d7a8db5e36d0ba2cb5716a718499d352519d	2080f0e0ab6ea14eda1c157f16c9683bb49d1fddbd03e3f9b7c689a9b08ef77b	a47326091020eb601699b2059942137c1ed1182df5a243c326ba41f3f2ae7145
0a75ee82f0f5c36bca9f70ea46ba4221	megadrive	Romance of the Three Kingdoms II	megadrive	Romance of the Three Kingdoms II	3	edfe4d2c1d012cb92acc5157a9109d7c	yes	0a75ee82f0f5c36bca9f70ea46ba4221	2579c8d422cca8e65b3dc79b44a495b402fe4e82c1568c2b8edf2625a688c071	2579c8d422cca8e65b3dc79b44a495b402fe4e82c1568c2b8edf2625a688c071	0c6b82ac3039f7a7053a71be8568ac3fa7232e27dfe467333ce9eea819a273fd	b65b72e9b786f0894e292677905bc7f7b4829d36eae8313b4cfc7a168f14a656
4d42385f90c3ce59a8996abf6b18c410	megadrive	Romance of the Three Kingdoms III : Dragon of Destiny	megadrive	Romance of the Three Kingdoms III : Dragon of Destiny	3	5ad4ea84db99d7f930b3b6a77f912514	yes	4d42385f90c3ce59a8996abf6b18c410	2550ca5c08913bcccb97c2f716fab72cb4030476c4f7ac2f0c8231d3fd7cbc09	2550ca5c08913bcccb97c2f716fab72cb4030476c4f7ac2f0c8231d3fd7cbc09	c6e267f12baf48003b2f72d2b17e4ecb5b3f16378fbbaa60c70b96e6f83b3454	3fd65fbad897bcb24d8316648bc964360592bd022b6f8a922a3fa38a0043b1c4
c2dc624fe9e66bc4143ef9c0e4d2c5d1	megadrive	S.S. Lucifer : Man Overboard	megadrive	S.S. Lucifer : Man Overboard	3	6b34ba2b4397fd6fa13cfd4d423ff929	yes	c2dc624fe9e66bc4143ef9c0e4d2c5d1	276bf959822f69b3472f6ae03afe730fe2d18c6245956fd5d46fe09a3e663f3c	276bf959822f69b3472f6ae03afe730fe2d18c6245956fd5d46fe09a3e663f3c	a28ad13bad0c70ff4a716741e72ac7670dfd3ad1fb74368fe60050cbc984c3b3	e6734d52f502d89176e8402c4ac6a4c98347124f649adeb764b1e190385eaf04
0531c4d773c1a12e469d1e096daf659f	megadrive	Sagaia	megadrivebr	Sagaia	3	927badad84efce0da18c815a558417f2	yes	0531c4d773c1a12e469d1e096daf659f	743dafc4712e0560ec20f86ff532ec2d429812ec4cfe9d7de6102c99a49f8207	743dafc4712e0560ec20f86ff532ec2d429812ec4cfe9d7de6102c99a49f8207	fdc75ff4ea1f524a18ebabf2f3cf2c522cde69b7257f6ff5df83d95eeda11eb5	7ad32b4f86b47ef3c727fa4ea77b51df5e2e21f4a76456b09a54a0cebd68cc05
66f71ee4bf97e4923aebde425fd6a065	megadrive	Sagaia	megadrive	Sagaia	3	84cf0005800999c65041c9a3edaa2421	yes	66f71ee4bf97e4923aebde425fd6a065	38e55c5d9a82cb47afea079284cd3a861ce66e751210d5f74e141e615e5d0aad	38e55c5d9a82cb47afea079284cd3a861ce66e751210d5f74e141e615e5d0aad	1718b468a3ad2adf4c7f905b5c9daa0afeb5f571fd016854a068e5964f0c139f	c190f33b24a8167409470e58b17704fc5e3936cb08f16e39c18bf7d182c10e66
7aaa71fba07beaa7bea30a233f39b76c	megadrive	Saint Sword	megadrive	Saint Sword	3	a1b97a52662d87fb43cb462eef2456ee	yes	7aaa71fba07beaa7bea30a233f39b76c	9bd8755190dd9f53b1e19b63a02af0d72f922015cddef06dcd26f8e71ad5c875	9bd8755190dd9f53b1e19b63a02af0d72f922015cddef06dcd26f8e71ad5c875	efc7579bd5c35465ad6c870960cb8fcb29d34b51227b258386df254ad2ed3e8c	2cab0119f012613c225b6d2d67e774653012960a95b1ef8db58f54cbd6f8c6df
74ff8f3e8b9a7dbbe5c00beacc37154b	megadrive	Samurai Shodown	megadrive	Samurai Shodown	3	0f53982da28c5f32746a4fdd1a0b74cf	yes	74ff8f3e8b9a7dbbe5c00beacc37154b	5fe58a4718ce81ed1406fe5bc4bad9b63f08971eb760acc45d2cb3be8b32a847	5fe58a4718ce81ed1406fe5bc4bad9b63f08971eb760acc45d2cb3be8b32a847	ca96321cc35aec95663462e57fa5d63ee83419c86d3570ba5e2a8141c3c655b4	8da9112dbd435bcde48ae176a11043c3a414fa4a72f903b6bbec1fceb49ea282
636eac292b61312c684007ad147206e6	megadrive	Saturday Night Slammasters	megadrive	Saturday Night Slammasters	3	7c0d01a2c8091540d9d8139202143547	yes	636eac292b61312c684007ad147206e6	02b0ceca2a45e8c8276d332f8aec83804870d56e8f0ff5976cabe53078eb8d18	02b0ceca2a45e8c8276d332f8aec83804870d56e8f0ff5976cabe53078eb8d18	9e28b38de3d862749894bbc7a5e659bc53455e2b9cdf16eb90a6bfacc90b8b5a	e5c9821f2fc9eb5b5091ce78d5fec4efd3e6c39bebe2f1b1239d93894e57d213
522bd520aae573c043e8786f80d9bb2d	megadrive	Scooby-Doo Mystery	megadrivebr	Scooby-Doo Mystery	3	dfe23f049a3f26970fcc3657b3883c40	yes	522bd520aae573c043e8786f80d9bb2d	d0663042909c654a7a464b5309cbc5db063e0552971f59364041571c9f57b040	d0663042909c654a7a464b5309cbc5db063e0552971f59364041571c9f57b040	505813867db024e5d3ae39476f65e1db22113fd1525aedbfe4c8ec8974c47f08	bc4dd7fb76093a81ed826b626783a9b3b799f32756ed866e0364a7702b1b6119
fee176383d588db59c1ad27a9edcda98	megadrive	Scooby-Doo Mystery	megadrive	Scooby-Doo Mystery	3	e6be9ae3b9e0df77fb538aa4dcc7de61	yes	fee176383d588db59c1ad27a9edcda98	5bd000f2fa1b174178f26d98bf99a44ef7b7107e5277dab01c712f74818288f4	5bd000f2fa1b174178f26d98bf99a44ef7b7107e5277dab01c712f74818288f4	6a0ded8984a58da399aa3f3ef21f63d004cf94a3a53c018849a97e98ca08b42e	8795513e561383a28291f78824dfd0b89593a0822e1f31984332c6ed30c28636
9f46c7f4b6aaea4357162b2eb7fcfb8c	megadrive	SeaQuest DSV	megadrive	SeaQuest DSV	3	8adba8ecedbefeb525f58b597cb4a703	yes	9f46c7f4b6aaea4357162b2eb7fcfb8c	02b61b01130cf70be5ad4b9c1d47aadbc12fdac195732341b586f4acc1e4825a	02b61b01130cf70be5ad4b9c1d47aadbc12fdac195732341b586f4acc1e4825a	3539b10b1ef90332b6f4608a29922c181818cbd05e2965f6d4b647ee45132cdf	50f58c2e1097b07e347917ba4a748142fc22408438e0716d01f5a36c9cc47fc3
c114dbfe2eb322e8d8c83f032f4598aa	megadrive	Second Samurai	megadrive	Second Samurai	3	106c874d976969cf6e95a2fa9e2e5947	yes	c114dbfe2eb322e8d8c83f032f4598aa	3536b7dd3924e27650ffdf2f525217cfee7b62a3b9ee4f3f6a25a77906094235	3536b7dd3924e27650ffdf2f525217cfee7b62a3b9ee4f3f6a25a77906094235	a89d16f0de39081f41d92e47b8d33702c58c6bd699e0a999d309305c34aac93e	ccab632f67652f527c921151b2979cc71bb17faa759360dbafc4be573b504c88
efb670d9e43a53659d337a6492b19f11	megadrive	Sesame Street Counting Cafe	megadrive	Sesame Street Counting Cafe	3	bb6f3d4b2415c0d87af8daa44de6a013	yes	efb670d9e43a53659d337a6492b19f11	f20f55059439ab0d68f2abc3b72ec9226bff79fa88d646976d43f14ab24d01e6	f20f55059439ab0d68f2abc3b72ec9226bff79fa88d646976d43f14ab24d01e6	27a1378610bd12bb472717ed7593d053c7f9c39ab1f4d25a839ef59a0413a003	7c7bffd692c59a13c96e43eb198e6954af8ac8760a9d174b568cd8cb63568768
e1503a093e807901c0d6d74ea076dddf	megadrive	Shadow Blasters	megadrive	Shadow Blasters	3	b3fe251af1d218a7b141d49ab205ccc4	yes	e1503a093e807901c0d6d74ea076dddf	460fe5d64c219b6a35cbb096d6a5fce826cd7a9ff7783ed3793283c8a340b859	460fe5d64c219b6a35cbb096d6a5fce826cd7a9ff7783ed3793283c8a340b859	f266b6d0a46d0454a13727349f977a947f0b1026b80d99a89a42fa168a08eb88	aa7bf5f1da032425db6f2f00ff77c505840eeebd098a3d552cc7ca449e7b5099
028a0f566892ed618606f5dc49aead57	megadrive	Shadow Dancer : The Secret of Shinobi	megadrive	Shadow Dancer : The Secret of Shinobi	3	578c0f298a4d8374a9fbbd2d0626ad2d	yes	028a0f566892ed618606f5dc49aead57	0d96994a8a47b1678248c57ac6003d36bf0e321589edb19daf4e6061e146133e	0d96994a8a47b1678248c57ac6003d36bf0e321589edb19daf4e6061e146133e	715839d21bf39212d5c97904ec05f22e6952a38c81ae6ff75fb577e21d0034d6	5a1be7a747dd6dcffa1c267e367a3d58c269a1bc0b09d307fc14711ffff876f7
d41e2ad3b117d4b3f87423e66e78d43e	megadrive	Shadow of the Beast	megadrive	Shadow of the Beast	3	e892f4a0c2aca9810b069ad8b27e637b	yes	d41e2ad3b117d4b3f87423e66e78d43e	0a11678ca955001862e3f5345b6bf1f2e3f938268cc333969a58e79594f07dca	0a11678ca955001862e3f5345b6bf1f2e3f938268cc333969a58e79594f07dca	121eb9f7ba4393b50286c6733b2625042d6bfa2139ac25005d6a6b4851c6d8c3	37a0ce0f3b680cc8d5f0f9dde3d452daa640bd9dfeb7a3e62b82d81336463858
bec9bd43d6961be3994089009741795b	megadrive	Shadow of the Beast II	megadrive	Shadow of the Beast II	3	75b8a4b0aae3eb6219b478aa4adaf60c	yes	bec9bd43d6961be3994089009741795b	65d6bdf5b8b3418cd0cdff2711faf9ac779efb66f18a3c77107919172db3d488	65d6bdf5b8b3418cd0cdff2711faf9ac779efb66f18a3c77107919172db3d488	609f78ac1fc6e0c0c09571737634ab64e4574939b07540e5a05df87bf6c04b45	b9b53e50dd469fbfd77af18646335f5828931be8fb7333a19d0ce2b9be66d721
681de039bf7a1b1dbf251a02aba22a36	megadrive	Shadowrun	megadrive	Shadowrun	3	3e850743eef01824a3265bf6bbd94304	yes	681de039bf7a1b1dbf251a02aba22a36	db29d34cf0e3725a8c59f0bc4778b8763f8e5e063baf0eed2eba79b55fc16f36	db29d34cf0e3725a8c59f0bc4778b8763f8e5e063baf0eed2eba79b55fc16f36	cb59c10006907f3d093a1877d508a0bc2693732e666fccbe9300fabe024d9e9e	62ac87621b4b046ae59bd8de4fff91ede7010977cc5dfd582526ff46f547cd14
a3898ac63cb559fc853d4fd2e59b1da1	megadrive	Shanghai II : Dragon's Eye	megadrive	Shanghai II : Dragon's Eye	3	e5e73196824667eb74bebc7f6a06b70a	yes	a3898ac63cb559fc853d4fd2e59b1da1	adccc4cdc6d0b11e08ef65d6ad484f6020787b5a5313b8b9db72a35559019ef1	adccc4cdc6d0b11e08ef65d6ad484f6020787b5a5313b8b9db72a35559019ef1	7dacc50153d2864149ddcb0e6ae98393150c296b88e5fc37b4ea75eeab636cad	e6d1e9ad29a93dea656a8fcfe4deec0e71a56ffd51e3079d21c5d206a20112f4
896448a646a987ea78e444befcd2c43e	megadrive	Shaq-Fu	megadrive	Shaq-Fu	3	f03dc4034ca7cd2fedfe1bd517b1be90	yes	896448a646a987ea78e444befcd2c43e	10798bde980ea7d67277e68cccff4d35a51b7a060e3135723438b98aefcecc9b	10798bde980ea7d67277e68cccff4d35a51b7a060e3135723438b98aefcecc9b	2c84d5b198463f471119d6aa1c613cb18affd7d2e8325241ac7ea0b10259cd5c	5e8c33f8780371a8b7ffb6253984ed71572cdd7dd17d487f36f516c9b287194f
a4f259344879217efba3974eee4a9c29	megadrive	Shining Force	megadrive	Shining Force	3	c5cb87dce442f7287b7069e463b7af23	yes	a4f259344879217efba3974eee4a9c29	73ecd09c906bdb8bbe4f2c2b73029b19fb86c081e4ed49c752f671d24758dd34	73ecd09c906bdb8bbe4f2c2b73029b19fb86c081e4ed49c752f671d24758dd34	4e3be1e00b3bccc6c140d34ea33f1cc497b39fc206a3fb0dae530a949ed2c904	f8dd051a8e80949fc953cbc55d56652c0038a66b06f26e3784d180bae49c81f7
28b5886fd9301c3b1a938de1315fbb52	megadrive	Shining Force II	megadrive	Shining Force II	3	2819830f3cc937895eae09ba2f77ba80	yes	28b5886fd9301c3b1a938de1315fbb52	9b5820fcecaae262998acc4eacfd725b0699c62a107f522fce5ed48809d97091	9b5820fcecaae262998acc4eacfd725b0699c62a107f522fce5ed48809d97091	cfc330e649027c7675d381cc55ac35ed92f8f9eb59e1052f3df5f4b98883cb7d	ac8a83d52180fde82188a9384db155d99e834871e68a79923dfc058bc9feec74
bbad3a800d093891a305e6183314c3d5	megadrive	Shining Force II	megadrivebr	Shining Force II	3	ff95623710ab88c15df87de67c7e11d0	yes	bbad3a800d093891a305e6183314c3d5	f1cbc981c950898daa38cebd36252bcedb40b38ebd671ecae31187d4eebdb1ac	f1cbc981c950898daa38cebd36252bcedb40b38ebd671ecae31187d4eebdb1ac	95049051a8e5971ea0e0e7aac5be7c19bfcf2ca39979ceedfb1bca15cee7fd62	06c2198156397fa4ed3f37a3b4278b450f464669ce8f30f7fcb4d048c1c93d32
740428ae857cbd4d0af05a73347d7b8f	megadrive	Shining in the Darkness	megadrivebr	Shining in the Darkness	3	5acaec1d9efd966b85c6f6bf60e9cfe8	yes	740428ae857cbd4d0af05a73347d7b8f	f53f27cd9a6e670cc98f95a85231a69bed997d6cb1f4d10a55994a5c3d2910f9	f53f27cd9a6e670cc98f95a85231a69bed997d6cb1f4d10a55994a5c3d2910f9	0ae8b8870b62039dda8645e6dcae82edf196757bdba75e54a5808477ff58b751	9babb297464d90f1e737af271adeddaaa46ecbeb0d1145e6f386dd0c86e8fd9b
81d54fa277d92672a9c03d65b07a96a1	megadrive	Shining in the Darkness	megadrive	Shining in the Darkness	3	d910ddd0a4f7fbd86abf462c21b99f3e	yes	81d54fa277d92672a9c03d65b07a96a1	71699461835ebdea9181874d83a278d57b3fd42f5dea7fc6aa816226e3606fbc	71699461835ebdea9181874d83a278d57b3fd42f5dea7fc6aa816226e3606fbc	e310cd56e8ffa27f935301885c84c62237b909d02406005ae12652c3aa8c76f4	7581841b4ef0233752b8881c8d1a8920c53b165c51e0401271aa74031472d844
8db2b7b4a1cda461f3141deffa0e7e1c	megadrive	Shinobi III : Return of the Ninja Master	megadrive	Shinobi III : Return of the Ninja Master	3	f41ec9e2214127efa0794ac4c4c6fdd3	yes	8db2b7b4a1cda461f3141deffa0e7e1c	259dfeaef36b873b85626f8ab2e5813b8f00eaceba9403b1660d4f6caa7a66e5	259dfeaef36b873b85626f8ab2e5813b8f00eaceba9403b1660d4f6caa7a66e5	bce9b906c7142c63321a30508e22c67bbc24d2293600d315b021435323fb7e6f	cf65e5f6f7fbcea043b8d50ed4a8d6a99394bd879689468114372f2d1c94ad17
bfe88615e64a4b2536300348070b3a47	megadrive	Shinobi III : Return of the Ninja Master	megadrivebr	Shinobi III : Return of the Ninja Master	3	f4bf481618d8cd80402ee039a7099876	yes	bfe88615e64a4b2536300348070b3a47	34a94bab199e2f22a09f3168a9ac11dc76de071d9727cc1e75ae23b716fd18d3	34a94bab199e2f22a09f3168a9ac11dc76de071d9727cc1e75ae23b716fd18d3	4c19e7859626f67d1c8f6293cd3e4f072073e59f276f2d8f4b9a983680054e26	8beae7d111d73d6b5ae9f47c0ea2ec720394ca6a1abb80ff5218d870e8c14865
ab924484ee6010d7c67db36c86a35d0b	megadrive	Shove It! ...The Warehouse Game	megadrivebr	Shove It! ...The Warehouse Game	3	29c0c5f9373678d003d7a3d83a99c362	yes	ab924484ee6010d7c67db36c86a35d0b	70b209aeb01e90d7f1ddaf350d72ac95dfc71b56c61139f0b624fdd6e4241662	70b209aeb01e90d7f1ddaf350d72ac95dfc71b56c61139f0b624fdd6e4241662	b013686a51089c542c3769231d093d983866907fc3a7fdd85209a60c1302584f	922d4f5f37053101c9bf58d2d7fcd7b7ba6fcecb3def28f7042278f055a7b577
1d0691cdd1d7dd3a93b65b4e6f0e5ea0	megadrive	Show do Milhao	megadrivebr	Show do Milhao	3	ce2a973e1fef23ca9332c824a19bf388	yes	1d0691cdd1d7dd3a93b65b4e6f0e5ea0	829c98f63004abe0337624df70f130a9e4fa1ed682ad6071d3a82fd1eea46f5b	829c98f63004abe0337624df70f130a9e4fa1ed682ad6071d3a82fd1eea46f5b	55a44db78368de704a1fceb1778ce2b6b778a8500a8c9074975af57730db0449	179c8d32700cd5f1a6c23425b01ce87ac6e993c6c3b97722b293b370efc81c06
4c44b86103014cbf7bc018046f8f98c7	megadrive	Side Pocket	megadrive	Side Pocket	3	2f3f22a4951c1ade969b5e85b6cd15af	yes	4c44b86103014cbf7bc018046f8f98c7	d7ddbd78ce21d618f2ccad6d6b840c74b1158319c47cebaef52249df32ea3528	d7ddbd78ce21d618f2ccad6d6b840c74b1158319c47cebaef52249df32ea3528	407a7545c0bc9bd70c17ae8036bbfd8ea5a4e7e5a7163e40ca3439195b91e7d9	9cc232c6afcc90993e18d6fdeb38dab6c9a7fc4601d025e022fb49f6014fe668
19f3fc07ac66b66ab93f14a006ebe856	megadrive	Skeleton Krew	megadrive	Skeleton Krew	3	faddd8921eb1ed64b75857d69f3da1e7	yes	19f3fc07ac66b66ab93f14a006ebe856	260c3c81ce1cef8e481f9a7e3902ba6edceedf036b18342e24827a50a623bcab	260c3c81ce1cef8e481f9a7e3902ba6edceedf036b18342e24827a50a623bcab	54b5a6c695fbf7da4f248ba7c9dd80294ad443f841633a01a533478984b2160e	33d540e7e713479d77be49d3d03124398d0cccf8b063d3bc1bd6e13038c64e28
5725022a46a3f42b800194c56533b886	megadrive	Skitchin'	megadrive	Skitchin'	3	717da71ad7c1f805d07f716173a63e36	yes	5725022a46a3f42b800194c56533b886	c85c87559b22765153cf7c3fb686d3b59a1659455e39679b156ed9533ad10f75	c85c87559b22765153cf7c3fb686d3b59a1659455e39679b156ed9533ad10f75	acb48f8bc5ae6375da3bd7e27bb0ed086bc1deedb9b55583ea5f8c976d394f36	4c831277170e06d92077d9d507a65bd1030743b629b4715fb9c6d1b55abd1b48
161c3dfc1f69db231dd63bfa9ca0c465	megadrive	Slaughter Sport	megadrive	Slaughter Sport	3	6530e25b0c0178edfaa88a82d34ff689	yes	161c3dfc1f69db231dd63bfa9ca0c465	bb207d434fff4b44129e220e80ffb108c08e9fb283146cdf625b1ed520bcc7a7	bb207d434fff4b44129e220e80ffb108c08e9fb283146cdf625b1ed520bcc7a7	b0b494d15a95c0cdbfb005265d14aa529f02125bdf303205c6caa577fdcc9d85	e6431dd1bcae0767860c6c8c9f301f149dff99d12356ddd4a5ed7177d6c53b65
cb0ecdd0b371e7a45131aa47cde089ae	megadrive	Snake Rattle n Roll	megadrive	Snake Rattle n Roll	3	8ab0031beb17cfbfcd209cda74e86b74	yes	cb0ecdd0b371e7a45131aa47cde089ae	550db9a09b2d623229e58fecfbe35e3d14d0a3f45d7b0c9af657966fc89884e6	550db9a09b2d623229e58fecfbe35e3d14d0a3f45d7b0c9af657966fc89884e6	cd0284b4fc14e846dc1856c9d2054302ec75910cf06dbd544cd1536872a02bff	e8a688075959536f28ad527a4de76a020f60627b82528265c02fe451f9e3eda4
277f295624c7ecb8aaedc6724804c879	megadrive	Socket	megadrive	Socket	3	9031b2568dc21f491389a1e9081cacd0	yes	277f295624c7ecb8aaedc6724804c879	0d4ae6548f7e85e395f6023e2675b93e9678f6f1d94df5b77f75f5a56ffb9fde	0d4ae6548f7e85e395f6023e2675b93e9678f6f1d94df5b77f75f5a56ffb9fde	151c14e097ae6a0b50728de0afe618eab51de725ee4a3fc3bca8eb9c5d778b9b	e12c915ee91f4eaa5a150a805380021a70d32ec0e09c1fef2bcf15b053f5bac9
20523ec012a6cca09a7efbc8c9e30c52	megadrive	Sol-Deace	megadrive	Sol-Deace	3	ef1624bf9848e8dff16f0bbfcfce80f1	yes	20523ec012a6cca09a7efbc8c9e30c52	3fc359b8012ec339d81183a4ea0c3293f0234e35ccbd1cbfcfa8a8066528d6fa	3fc359b8012ec339d81183a4ea0c3293f0234e35ccbd1cbfcfa8a8066528d6fa	afb937574af84d410236fd48b6715f5b78a08dc4382cef2a55329018d71a40dd	ee145f6272538f94a94fdb5a82419636fd0d60f5b03586b5c09722b2d4c2db0c
18556e4244059ec2d1148b658cdb4199	megadrive	Soldiers of Fortune	megadrive	Soldiers of Fortune	3	d59d164ad1b57cb81407b5aaebebeb27	yes	18556e4244059ec2d1148b658cdb4199	da29954f9e31ea85c7cd9747ae733864c9f4095a7e5efd2237d6bb0a2067b2f2	da29954f9e31ea85c7cd9747ae733864c9f4095a7e5efd2237d6bb0a2067b2f2	d7d184c4487ddb6ad37121f0d7a3984e46d47451f58e76a8ea40440d715e520a	bd1febbea2073cfb22aa5ea3dcc6e3fe4bd8fc7e586a414506be0826430c9110
abd122aeb60215f3f2ed5d0139166cf4	megadrive	Sonic & Knuckles	megadrive	Sonic & Knuckles	3	7ff1ce979df3abf9647754c2e9e983bb	yes	abd122aeb60215f3f2ed5d0139166cf4	a0bd3064d99fefcdb081c947e17933eaaa510b0d9090fdf30595280bb170bc65	a0bd3064d99fefcdb081c947e17933eaaa510b0d9090fdf30595280bb170bc65	eb7716eb0cf0282223ae43b5fa83355102ede7a2bda2f7eadb161da7c44a962f	d8a79a58d70b6e695328f327259aae3887bc1586fa92c3da7342161c38505ce9
3e7bb7f069d820ec4e076b1a6ed36940	megadrive	Sonic Spinball	megadrive	Sonic Spinball	3	b10613c156620856581f8079375e92a4	yes	3e7bb7f069d820ec4e076b1a6ed36940	7c928c9de0f9f1d084672a234a54eebeb6eeafbcb3ae1cb86e5bc0c016da2771	7c928c9de0f9f1d084672a234a54eebeb6eeafbcb3ae1cb86e5bc0c016da2771	6ca17aab379dc9eb0cb6227e446693a83c05a665586c2782ffef7aeb8156bfbe	2966789219a7bf75bb04972a95467bdb6c715565d7c3ef359d3ae92047abdf14
eb9af1b298a8144a2253a4ef3a784853	megadrive	Sonic The Hedgehog	megadrivebr	Sonic The Hedgehog	3	b817e988654be1eea3d503714945ec88	yes	eb9af1b298a8144a2253a4ef3a784853	d31f290c3bae71464da1b62b16e6b614ea964054651a0b2864b63750b9678e9e	d31f290c3bae71464da1b62b16e6b614ea964054651a0b2864b63750b9678e9e	cd1e26d4900bc424e9ba34605b2e8da597c6c88d9831776841e8584f0970c7e0	57aa40587cfa8735ee483636f3703f0aeff7c28185d53ffd6f19e3af652d2082
4b4916b4861356a29c9bd0d5775dc871	megadrive	Space Harrier II	megadrive	Space Harrier II	3	5cb30dfab08c111d539c755b170800ad	yes	4b4916b4861356a29c9bd0d5775dc871	a2b2b6ff1b71950cb530a9f5c78b5f1961adb9f1bf8eb9ce1d6090051475ac1a	a2b2b6ff1b71950cb530a9f5c78b5f1961adb9f1bf8eb9ce1d6090051475ac1a	17028f1a05614d740713d99608204698eac49837fbe7c5706819d309e9492e0a	6480b8a7d509f8d6926b7eb4e6f13ae20bafac51637541da5d9b8716dbbdb50a
451f101c0c4935790d414ae45f662846	megadrive	Space Invaders '91	megadrive	Space Invaders '91	3	302a0204c604272dff3796ee78161d9a	yes	451f101c0c4935790d414ae45f662846	e1e3420477f6e859a81a635a459bd955722caf5b12abf3ad8eaf37fce5db859a	e1e3420477f6e859a81a635a459bd955722caf5b12abf3ad8eaf37fce5db859a	7deff6bc8739f50281d98959fd520ea8b0a1613b67d2c656904e6227b75a7b12	093be93b7086ae651dac73dc9d8ad72ab6d4e0c9ab60f12c7fc1bf07421fbece
4c361f44b11f9819517150af60016a5b	megadrive	Sparkster	megadrive	Sparkster	3	4daa0b9cfbd0f0aaeae0dd102620439f	yes	4c361f44b11f9819517150af60016a5b	05cc5487e3db532afdfc6b7331d6c592cc5e7fa59e90778425126adad866a780	05cc5487e3db532afdfc6b7331d6c592cc5e7fa59e90778425126adad866a780	10664b1875e1a9c89d39148d59af3b8e7d07dce168d651f70b36a6d525042e33	fd3fb47dfdd03dc59d7c2420bef797a5d832cb993dd2c836c143c08e111deccb
3b36619d0dad2ac3844453b37cdd6d5b	megadrive	Speedball 2 : Brutal Deluxe	megadrive	Speedball 2 : Brutal Deluxe	3	6834c2bf840612f29e02d570be95a5a4	yes	3b36619d0dad2ac3844453b37cdd6d5b	291d7880bce3b8860a1ff28d7b8185181d8e3dcb542896969f1f74cdf9ec6add	291d7880bce3b8860a1ff28d7b8185181d8e3dcb542896969f1f74cdf9ec6add	f51560ec7abee2eeb00a4f7399cee57383331729e98a0921ae77e44d5d146972	e9c8d31977508d86fa94ddda91a15c012f767d501ecaff532942830ec058b73a
4d750eea6ed5cc01399036804f1833f8	megadrive	Spider-Man	megadrivebr	Spider-Man	3	18c1c04ece80f4180ff4e98ae6aab432	yes	4d750eea6ed5cc01399036804f1833f8	ea53318c3c66b5cf138d4967156048e8689d918f5f4fdf58322b65bcefff42bc	ea53318c3c66b5cf138d4967156048e8689d918f5f4fdf58322b65bcefff42bc	2f294d7dcb8ed6212de33e44302870a38dcd239b6dea0623c28469d9e8f75446	f985c5c521af65ce243a4517873ba9c7c89308b5601e768bf3dc9e0daf78f92c
dee41bd64ad787f2eb91eca04b9b4438	megadrive	Spider-Man	megadrive	Spider-Man	3	e0498828a7d0321d2f3b549380836097	yes	dee41bd64ad787f2eb91eca04b9b4438	bae41863856c4bbdeac534b3b075f703d625f7a191d402a17dedf7bcc57ce2de	bae41863856c4bbdeac534b3b075f703d625f7a191d402a17dedf7bcc57ce2de	a8100b19c91c1a076d27eee2de9bcdddf77cee50ed3f72f54d362536dadc2755	1723673f019c8bca9e9e4bec399617aa1d576dadbb2a91f72ef07383525e160d
dbc27f7116484845e90e9b1e05dc3a6d	megadrive	Spider-Man & Venom : Maximum Carnage	megadrivebr	Spider-Man & Venom : Maximum Carnage	3	353d06b8232ef4b231dd15463fde93e0	yes	dbc27f7116484845e90e9b1e05dc3a6d	9cf3f90a0d9fe8f2f48ad0c3d79df5346eaa549b9a82c6868ef17d0aead2f369	9cf3f90a0d9fe8f2f48ad0c3d79df5346eaa549b9a82c6868ef17d0aead2f369	a11287653a18d364555b64d3a0be916264376947fe66e1184a32a192ad68b112	c0b0b3515acc8aa7de7d3422dd96cd1cf9e9dd67c807ebbefce839e412950691
3f581e6c2ef3e4abf06f2e8d4c421c1a	megadrive	Spiritual Warfare	megadrive	Spiritual Warfare	3	ff6718a1e4b1b45920dbc20b6b65c753	yes	3f581e6c2ef3e4abf06f2e8d4c421c1a	0d2f15b6f4c5f5ab4b38974896ddebd936ca053d121d0aabb024b8a9b3d5058a	0d2f15b6f4c5f5ab4b38974896ddebd936ca053d121d0aabb024b8a9b3d5058a	0a71dff19a019476d73ee3e636a76794f284ad9686afd41334fa045ae700212f	411aaf00de579ed359e168a429fde846edc7d1e06c8ea10ae627ba4028580907
e22cd2077618bf9a061a9bc19bbd9f1a	megadrive	Splatterhouse 2	megadrive	Splatterhouse 2	3	d303be4fec4be90fcf3ac88ce351a9b0	yes	e22cd2077618bf9a061a9bc19bbd9f1a	9f4ffc89fb86ec0c5f6d8b8240cd510b7beb8c434d1cc6ebaa8e86cf08c272dc	9f4ffc89fb86ec0c5f6d8b8240cd510b7beb8c434d1cc6ebaa8e86cf08c272dc	4ac6fb7d14bca42b9953ef3336afe0e9a17e1a5486aa711d54fc67de3bcc0369	9f8c2383806951e367062799ddfbdcae1c92a99d033a339a5020e1ee3c3605b9
4da59ec2919badfceba96705d5be6d44	megadrive	Splatterhouse 3	megadrivebr	Splatterhouse 3	3	4c36d064b288514a96d4cec27e160aca	yes	4da59ec2919badfceba96705d5be6d44	1ddfd5821ac6213c8e6e760ec49bd8bd1c6217783bdbcf729ccd85363c8d690c	1ddfd5821ac6213c8e6e760ec49bd8bd1c6217783bdbcf729ccd85363c8d690c	d318eed71401919707a218770fcc9d92d27b1e438521bfdd7c8534c7d3cb78c1	1398306478e43ff8b1f615208c6561899cfca817562c95113aaef512a390e28c
f6b9904383a4167674503adf2a52dda7	megadrive	Splatterhouse 3	megadrive	Splatterhouse 3	3	7bbd4f6ac92a46b636e7cb7d6311f2c2	yes	f6b9904383a4167674503adf2a52dda7	7fe3ac6ef15773fc61adbde055aa9c58aa784ff794db1fc16e3fa92d1f3017b1	7fe3ac6ef15773fc61adbde055aa9c58aa784ff794db1fc16e3fa92d1f3017b1	c9b22d76dec6128a36df7ef74decdecde35b55687ebd2c0dead73424c11ca7c1	7a662350a64f0947a1f1826026d898f5fdd1b17759deded530eed8c88f5e1e47
52236a35b6bceb032e4da399f2d3e9cd	megadrive	Sport Games	megadrivebr	Sport Games	3	0bae7bb2e33f640805bf175f992d20fb	yes	52236a35b6bceb032e4da399f2d3e9cd	cb3033f3d31b4e7d0b5278481fbfb6efee34c0b6200d6c24e5fa42ad0d81d684	cb3033f3d31b4e7d0b5278481fbfb6efee34c0b6200d6c24e5fa42ad0d81d684	88feeace68647a223e3bda44c481e55b214136ed317bc69505299ba030cae963	4d08e283292d959830060174849c3b17660dfc9dcdf937b71d6140a3c2ef8d01
605c105f26a57b2b9ab60d957e0ed80c	megadrive	Sports Talk Baseball	megadrive	Sports Talk Baseball	3	17efe65c84c1c07f1cfe08d90dd2d14a	yes	605c105f26a57b2b9ab60d957e0ed80c	1c4c30f4069c0d12ead73d22649a755d498a5610e2aaa4b3bf6afc79b40f4989	1c4c30f4069c0d12ead73d22649a755d498a5610e2aaa4b3bf6afc79b40f4989	0472e74bba4cfd2d8ccc60dcec0bbddfd77260524e25e071a6c667f757a4cbc1	e7b3168cfe39929f708c07833f49216f308d93c69e397c7d877acee6b561ddac
bdf75c4733cd3136b455b877f36afeb9	megadrive	Spot Goes to Hollywood	megadrive	Spot Goes to Hollywood	3	9721b6e973ac43a9a07f98e8ca6019d9	yes	bdf75c4733cd3136b455b877f36afeb9	412e23b613594ba0e613c77805da092468cd0d7422463ebc5ffaa473c90d2c2f	412e23b613594ba0e613c77805da092468cd0d7422463ebc5ffaa473c90d2c2f	76fda6cdb20a4efc0de71f7e17414285a8b072476dcb2d524c714b7d10c88f89	9537d2231b0bd42f922ce1eae28efd4da00c3e0bb0e2dc347405699c58e5388b
63be8105386a7ed0748e91bf29a8ef73	megadrive	Star Trek, Deep Space Nine : Crossroads of Time	megadrive	Star Trek, Deep Space Nine : Crossroads of Time	3	9c5a16db184655f675f83134d64c67ca	yes	63be8105386a7ed0748e91bf29a8ef73	ec7dbffd9310093d3b71adff76e8f9c8799a09b0e394e412eb6d5d697b236b3b	ec7dbffd9310093d3b71adff76e8f9c8799a09b0e394e412eb6d5d697b236b3b	de1e13acd3940415f357a60a116fbcbcab32fcdebab3cfc628882f3d542fd7d4	7f4f60946773fae083ddd5ce334be73580d96df8e2496705a9e8f115093c1c38
27b38b7023fa2e7e660ae8c600881ae9	megadrive	Stargate	megadrive	Stargate	3	c8f22683c91af16d3b98f880af11e2c6	yes	27b38b7023fa2e7e660ae8c600881ae9	1c26946f39d0a132e8bc37260d0dcfbc0afb3143db9cd24a335c5f13cbae6c43	1c26946f39d0a132e8bc37260d0dcfbc0afb3143db9cd24a335c5f13cbae6c43	8503ed17711e1a420e204722e0d4654aa600ddb3ef48f5c02e8a61e2213fe9b4	a774d652a1590b041a5b7e17d08a9633c0ee7c0c48e9709a062c49dfb17145be
cceeb6a2bf0051968b833a0e243ca868	megadrive	Steel Empire	megadrive	Steel Empire	3	f83527e0eff6101e34c3169ac22a2f92	yes	cceeb6a2bf0051968b833a0e243ca868	2818b579ee04a7363b8eb790540545b5a0378285c75a552c5b82d491bc67e3ad	2818b579ee04a7363b8eb790540545b5a0378285c75a552c5b82d491bc67e3ad	d763db11bb970cbe62b74ac528bb7e1b4a46989ab326072f0b5e8ae9ec701dda	abc020170d03e2cf7c8f57bbe671a368ac851bc54375dfe7f566363c9461162f
ddeaf0e9113d26ce74b763c7a5074847	megadrive	Steel Talons	megadrive	Steel Talons	3	7553190379a91c470c01719606ec6e71	yes	ddeaf0e9113d26ce74b763c7a5074847	98014037994925f3c0b2c5ccce5f483c2992c825ec250ee4e2e17c64ff2725f5	98014037994925f3c0b2c5ccce5f483c2992c825ec250ee4e2e17c64ff2725f5	c58e65758c4b2940248f6e7a4b237752c259373164a0d14dacf40140e83d9a55	576c3d76d3a058c66114fb493b9d48c7116eefbe12b43db2af77e643b3ed1baa
30db258f32eeedd777f16901a6dd2ec8	megadrive	Stormlord	megadrive	Stormlord	3	625057eaec91324d00a95bf4930929de	yes	30db258f32eeedd777f16901a6dd2ec8	571e8939610a57e09d05b0de20d1e480d83e41781e1827eec0ac418d578816a5	571e8939610a57e09d05b0de20d1e480d83e41781e1827eec0ac418d578816a5	66f75e62f09253161f021ba2fd774436b98eb37498dd28c74b54419d53efdb58	78c9ed870cfce360ff88454981bfdf27e7341c7d583e0c20835556658ba11f85
9a235c0bc43431249015d6d778ea02dd	megadrive	Street Fighter II' : Special Champion Edition	megadrive	Street Fighter II' : Special Champion Edition	3	bf0015d2563ca90cff34dd08af9b6d92	yes	9a235c0bc43431249015d6d778ea02dd	95909f6c3f2d78fb57a1677a02b60baed30563ef909c5d1ca7599b01e2ee5fae	95909f6c3f2d78fb57a1677a02b60baed30563ef909c5d1ca7599b01e2ee5fae	2e69e8a54766eb9f4320076d7d840f9de1bcf22e6819ee1d163e437bdc5b1a85	0b34883c5d37edf738d89d52c726568c0a86ca0fdf233a539d919ac64a38d510
dfb8bba2a356d297635cf1f906970d81	megadrive	Street Racer	megadrive	Street Racer	3	b68da9163e719e8f6e47462c506aea5b	yes	dfb8bba2a356d297635cf1f906970d81	8e83f2f28386362b5f15b604db3cc2b121afb0aca890084d8625dadd862c2d12	8e83f2f28386362b5f15b604db3cc2b121afb0aca890084d8625dadd862c2d12	e8ce257c8ad071432e0ef8a945b28a54db2d9ee4b8b80365c3341372cd4bc5a9	95cd369a5766b4b0518b1ee866a411f00b017e13f4d98136b68a4702c2ddbb5d
971af78feb44aa642eb6642ac417ec52	megadrive	Streets of Rage	megadrive	Streets of Rage	3	cef4f9ad18a935f349aba68be978e717	yes	971af78feb44aa642eb6642ac417ec52	9e8c391719ed4cca70e3d7aaab8dc8e88c57774d40790dc9d22461515b5611fd	f608b62e23076aceac9cc110ebe9317a485abb1fc4bb34941ca017657ea502b5	e8482808b0476d65039ebb749ffdbb65d22d97f306ff49736fed778314a72998	542a332f3c1f59a0bc4778c5d2c00a4001d8c723e45d6ece24c7ce1d3717f630
c051bfc2da1bc41b4a81db578e7b3255	megadrive	Streets of Rage	megadrivebr	Streets of Rage	3	5b1f49cc6c27c117b25867572987ad19	yes	c051bfc2da1bc41b4a81db578e7b3255	da1b29e279c309a273f494167b96652a2e356d83f768985008d50d051f7e8ce8	da1b29e279c309a273f494167b96652a2e356d83f768985008d50d051f7e8ce8	9fb6338368d762455bd6b74eade454fdb3e540f3a4789877d4bdacd5769bad44	820eb54abb689f30d1312e3fcd73f2c3b6eb973cea97d2796747a7b3cbc54aec
3dd0b40cb9f9470a5cd8c35a9cefe419	megadrive	Streets of Rage 2	megadrivebr	Streets of Rage 2	3	09bd3974024ba617d68841f46d3506c3	yes	3dd0b40cb9f9470a5cd8c35a9cefe419	fc491234e2a17325233435e6ffe1c0372ca5473ed2b3995098de042f21334d61	fc491234e2a17325233435e6ffe1c0372ca5473ed2b3995098de042f21334d61	1571a339ee1b688c314f9c77dffd76520b9b95cab1db6c05de6ad29a20f800a8	b1eed1c00a26644f2fec660ae0a0d40fae277a06830b64e6e848151b4b04c1d5
65ac6c30e723e5f9ed24837d8618065c	megadrive	Streets of Rage 2	megadrive	Streets of Rage 2	3	b4e971a2faef9c1a6bfe910ba462a195	yes	65ac6c30e723e5f9ed24837d8618065c	2a0f30f0aa6bc2d4e500361d972addf1e98537b14bf8e6cb59d3202d797306c4	2a0f30f0aa6bc2d4e500361d972addf1e98537b14bf8e6cb59d3202d797306c4	5130919e6001260573d6f68be420d668770d0ec789fe69d49999ba79e334c3f2	3a28ede9ac92ee646d2655dac6c5f990d0f9c50250c2b6ad5e4945dc0e5ec2db
042f3acb0129c4bf71536fad74e281a3	megadrive	Streets of Rage 3	megadrive	Streets of Rage 3	3	f46f2c600c4df1a7a10c60d9ec8d53a7	yes	042f3acb0129c4bf71536fad74e281a3	07830d9840d40635a3fbdd7dad4d98ea97e960c68e4ae6326fd3cd123b309850	07830d9840d40635a3fbdd7dad4d98ea97e960c68e4ae6326fd3cd123b309850	f205821a77e165b9654924983a2b08104f2e71e1797a890fd03a19824412d247	23ad87741a2f5c56d7306c3e055b099f7bd7d7e426d432398fa7294e3a2d145a
60194d417a9c6a4b3cdd433ffef91706	megadrive	Streets of Rage 3	megadrivebr	Streets of Rage 3	3	19ff2acd3be6c4ba16e8986831632f3a	yes	60194d417a9c6a4b3cdd433ffef91706	725edc9bda3a221937df2b28ab670b7db7ead4429c5554a192d245099bed9644	725edc9bda3a221937df2b28ab670b7db7ead4429c5554a192d245099bed9644	6764b25b4465f5439ae4d546e6e344380fa96fce6c24b91747c8b4e3b671c1c1	152b4415d00db61a9c2e6a3aa4d2d196bf71596332078d7215737c16d0b0d6e2
353b5d8735db736153d79571a366bdd3	megadrive	Strider	megadrive	Strider	3	987fbdf3bcfb683843cf153b2139b057	yes	353b5d8735db736153d79571a366bdd3	f2ae9b84ea007f73334b621566a66f108e65a4fec4549973f3620aa4b7c68106	f2ae9b84ea007f73334b621566a66f108e65a4fec4549973f3620aa4b7c68106	8dcf492a0e4941a8b70ea35e4ce4fbc4a8a52b03c51813596b78e0db81cae631	3b7a1d0caf3f2f01f6681beda131584d55b42ee644220c74379289aa7109be85
d01a49676adf25de74b58a64cd6970c6	megadrive	Strider	megadrivebr	Strider	3	50260d0f797b154851577b298c6e3c7e	yes	d01a49676adf25de74b58a64cd6970c6	a71a04892cafd4dfb44bbc9142bbbb0e0378fc2102342b32ed98016b6c03a6e3	a71a04892cafd4dfb44bbc9142bbbb0e0378fc2102342b32ed98016b6c03a6e3	e33f1ef69a66583ad3730a90b627629470de2f19fa911fbfc7543e684737dbb7	bb3b679f3fa752d4cbdca278a4b82c045074c7c77d129917fc702a1ccc53c9ff
dc3e6a1077239cb4bfb02f03cd7f082e	megadrive	Strider Returns : Journey from Darkness	megadrive	Strider Returns : Journey from Darkness	3	eb95dae129bb3a794022642e6f2f62a4	yes	dc3e6a1077239cb4bfb02f03cd7f082e	3ffea9f7e4c9afe7be007ae30f6c1ef8d6e51b62a0716bf3dd741d63debeb232	3ffea9f7e4c9afe7be007ae30f6c1ef8d6e51b62a0716bf3dd741d63debeb232	3aedb822ac5caea1f80a589f6b97100f18548ba7f7206006b18857a24c7d22f0	f32a111abb0d0d66c5f48d1c98b318764813af2879f6e357c40f146494efd07a
cde61ba2c13e15e71b3d27dd3a8d675b	megadrive	Striker	megadrive	Striker	3	18aa6767a2723ec0fc7e816e8791902e	yes	cde61ba2c13e15e71b3d27dd3a8d675b	bd46d433d7ca13f07f43693e055979a14f2ac29af4ab5777ad1f7c130ec697d1	bd46d433d7ca13f07f43693e055979a14f2ac29af4ab5777ad1f7c130ec697d1	668b12b25a51be8a059ffc28058137eb396af3d85247cc26711fbebf662d0136	70e2195798110297aa4ae19d802177a37d32e0d3fa3ba4c6cd118c73ddc22176
5cee826b4471f158d55d81fce14ecd26	megadrive	Sunset Riders	megadrive	Sunset Riders	3	0e5476270bedf5e15048d24075d430ea	yes	5cee826b4471f158d55d81fce14ecd26	f8d636b9a4ff6a448da4aa6b47f7805ec72274595387cee008c49cb7574ab5ed	f8d636b9a4ff6a448da4aa6b47f7805ec72274595387cee008c49cb7574ab5ed	d208307857a27fd08e6e0f929891b567ae7ac29af61f9d8f034d989f6d8a74f2	54f241d3cd5b2c10f3877d1648033851e758e1dd0eec53bc86b2d883dbd959f3
4d81506d238904178e47de0e2f138789	megadrive	Super Baseball 2020	megadrive	Super Baseball 2020	3	30e898f500f4b012424520186e05b4b7	yes	4d81506d238904178e47de0e2f138789	daf4eb65e9b7b2c73217a11634e211e95ab15210b2f39af780cdc3d06d97ffd8	daf4eb65e9b7b2c73217a11634e211e95ab15210b2f39af780cdc3d06d97ffd8	160af9a31027eef1163373d817e67bbd83c513431ca29fd99d1ff8da7804086e	cd8e93feae84a80b83cfed29c17d7768ec32ac37ed345504e7e543f04e7a8c0d
dc8eda7b4dbd93325530816d036662ed	megadrive	Super Battleship	megadrive	Super Battleship	3	1c0f8fe38cfcbd36a486525df42b900f	yes	dc8eda7b4dbd93325530816d036662ed	d14b002487cdad964bce11a17bdee0f74f68800b9362bcd92aea8a76b307f167	d14b002487cdad964bce11a17bdee0f74f68800b9362bcd92aea8a76b307f167	aa810d3bd6f7115fb85763315222a1fcd7b61debe9f59b3dc2ee11df54689d07	05341304f77da8760fdfdc87a1760796c17e65e2b75fba3a3f98396fabad85f2
a0a662751890bb209549a48d989cad9e	megadrive	Super Fantasy Zone	megadrive	Super Fantasy Zone	3	8991d18e107be8fdc4424537429ff397	yes	a0a662751890bb209549a48d989cad9e	a0ce3b3b9a9f8599397105ef3d799cef43b0f7f980a4df506ed58d087deb224a	a0ce3b3b9a9f8599397105ef3d799cef43b0f7f980a4df506ed58d087deb224a	68301428f918e9606fe63fa08ba27cf1901ae751f9df215773907b68d2240681	8c5c97abc7bdf87b45dbe872fecb90f85c95411cec6e30aaab3fbaf47c1eec53
f350493bdd879767cb7e98b9321308bf	megadrive	Super High Impact	megadrive	Super High Impact	3	baca730a095ba882f8754e8dd55ad4e9	yes	f350493bdd879767cb7e98b9321308bf	28b7f1e3ebaaebb300fabcf969eb3407405195c2d31bc7631813f6712a255fd3	28b7f1e3ebaaebb300fabcf969eb3407405195c2d31bc7631813f6712a255fd3	84559255d1c844576876adc2670bf45d5116545c167bb465a7de28d611149f99	90bdb11b63aa629de190cf61bd97a7c005ecc9f886961ed9bda34c9e50f6b5b0
266d6ba99161c536be3400e4f1ce4590	megadrive	Super Hydlide	megadrive	Super Hydlide	3	ffbbf89674d3487494872f131f3fbf10	yes	266d6ba99161c536be3400e4f1ce4590	e9aabc8515542b35bdafd486ec723919757221da4c495f235b8ff5c24304560d	e9aabc8515542b35bdafd486ec723919757221da4c495f235b8ff5c24304560d	55c6f9287de86e28810712b11649953858cc78a394853d2b28004eb7f5e7f348	6c19c4ce8819b298039fffee5fb71e17487571e9fcbbc49de8e9a54c9fd392d5
4f2b10dad894e40c3af0b6d44f82e7f0	megadrive	Super Kick Off	megadrive	Super Kick Off	3	c69c1e131108a1de3644573ad521565f	yes	4f2b10dad894e40c3af0b6d44f82e7f0	ee789306022c1e9e28cb143472382cdc9c3cec4b714b192673fdf43a244470cc	ee789306022c1e9e28cb143472382cdc9c3cec4b714b192673fdf43a244470cc	620c70625abdd8456fc71ba9b3a7fc8aabc84d671618ca6b1fad662aab9bb375	bab8b5045e5db5c6e0ea379dbcc38f886031c771c8b670849d4f01e90aa7392a
2d6156d392b0845f5c72b8c0700ac1ce	megadrive	Super Monaco GP	megadrivebr	Super Monaco GP	3	ea0efb4a484ad1c8c415c4ccbf3f36c2	yes	2d6156d392b0845f5c72b8c0700ac1ce	2b8071ea0ec22564d475b45f48e05c108a095a100f5157539fe9aded0a651c39	2b8071ea0ec22564d475b45f48e05c108a095a100f5157539fe9aded0a651c39	98885dbc4005ff5c38fd0bc67ad6aaaf3202e6c4924d5b5a00eb09b221439829	7d5c856fc70e735c15c354638384973e3ae5bd9fc9c74edc4323ae0752091861
0246dcef74ca71a58b54ec24e87363aa	megadrive	Super Smash T.V.	megadrive	Super Smash T.V.	3	9d4c1dd438d7b544f0c812b3962df689	yes	0246dcef74ca71a58b54ec24e87363aa	042145dc1c32781828e431411336c8a45214e768f246bf648de1c5fb4bde1756	042145dc1c32781828e431411336c8a45214e768f246bf648de1c5fb4bde1756	d0ae0f09fc19d3c6618c27d970517c51ffb1906416a9203a37a35b87673560b5	9b63fec3747cf434b29ed99f2c5c75e4cc36e7ac7a44258fe1ad039ec01fb885
b4afd85d5a9f633a07fc74d41350b1ed	megadrive	Super Street Fighter II	megadrivebr	Super Street Fighter 2 - The New Challengers (BR)	3	a3e7624460b78732cd1beabd11319f2c	yes	b4afd85d5a9f633a07fc74d41350b1ed	5673b7ede0dc35ecbf0085621102e20823a4877c08532111fafee55649bfa290	5673b7ede0dc35ecbf0085621102e20823a4877c08532111fafee55649bfa290	97c212069876f7a14816613fd08eede21c9fc272d05cd2a7cfc891dcd7a24a52	c9207aaa4d3a6937590bcc9cff244db5f95f372a0f132fb881aece3525d68e7a
2f1dbd7b97b342143814ef52154a1279	megadrive	Super Thunder Blade	megadrive	Super Thunder Blade	3	3f310a5b192d280f684fd72bef0cc0ee	yes	2f1dbd7b97b342143814ef52154a1279	c87a0490ad9adef018912a21527a8ab0b3652b60be5cae5c48d315477ee6047e	c87a0490ad9adef018912a21527a8ab0b3652b60be5cae5c48d315477ee6047e	0ef9d3a2899145423643ca54a9b979070e3cf2b0504ff62217fa7ae5f580f504	700a13b81e34528db3d72c36abed796085703ddabcbcfcc50923bd1bd9971cac
53f50edb91295a3e6e32abf43ff2252f	megadrive	Super Volleyball	megadrive	Super Volleyball	3	0a623f26e60c8e1a85a25968570dc696	yes	53f50edb91295a3e6e32abf43ff2252f	87f5a617e65c865912e9c0ddc1d86457f9d8564021255219960cda0827ecc67b	87f5a617e65c865912e9c0ddc1d86457f9d8564021255219960cda0827ecc67b	ac87c6db202acd0f8774f5d11f09d8401401d85e8cd957954ea63ecb8d4597a2	ef7e9647fc5c9914c5bf321afb4ae6b2017f27fda608aa770bb37fbab53cbf0d
06edde9a2ad564663e3282b7fa80e55d	megadrive	Superman	megadrive	Superman	3	408cb7d7c98aa868385f9ff90b04c9c2	yes	06edde9a2ad564663e3282b7fa80e55d	fcf59572de37041c624604b66eeb61c47ae674324128ec2711d56d21807c5f04	fcf59572de37041c624604b66eeb61c47ae674324128ec2711d56d21807c5f04	b6da77c16453917b80450f28ea13bdfdaa59465be7e752a5e8bdad72d7c28211	4dc96e7ed53c4dea8d6d63492e5959ee7d3726c47cc2086a9d24e37441f6bf84
dc9203626caf1a53421af5de83201e78	megadrive	Sword of Sodan	megadrive	Sword of Sodan	3	3c44e5f55b0679abf963cf532540a3f1	yes	dc9203626caf1a53421af5de83201e78	dcd04c2740092c2ff380c4882a4d324b26095ccf0df76397908c9feb1e816d9c	dcd04c2740092c2ff380c4882a4d324b26095ccf0df76397908c9feb1e816d9c	5b1381308fff24769c843b109bda2b697738e4d55573866c48a814e7402e5898	f1e6b2bd68afa605325718e407cccaa01fcb48467295489cf2495bd282ae4297
42fbe03c40e6b9ccb9be497fec3f307e	megadrive	Sword of Vermilion	megadrive	Sword of Vermilion	3	1de2543e8fb8cc70670ae0faa8e2e8da	yes	42fbe03c40e6b9ccb9be497fec3f307e	6fe76949689f48638cd9720f1f6830ee703eda73e8430aaf7bf3e9a3b4b2e10b	6fe76949689f48638cd9720f1f6830ee703eda73e8430aaf7bf3e9a3b4b2e10b	01edceebda0a9c5e41a4a1619ade82362581f6d0f72fd921a5b07f25fc969657	e6556f27d0a7d508e9dc75155ad384e08fdd510235f346fc13e85f59e3a023c6
de8b92fcf886fd36a4bd1232b19de7a3	megadrive	Syd of Valis	megadrivebr	Syd of Valis	3	385a3b4d7d632359f6b5967cbe53d121	yes	de8b92fcf886fd36a4bd1232b19de7a3	935239e7bf82cb66aa76f3c16d2d7826208a9135dfd504646cb325271ba8706f	935239e7bf82cb66aa76f3c16d2d7826208a9135dfd504646cb325271ba8706f	f5c8ff363db287bbbbfa97c95772199f617282494e046b9bb2819e28b7978de0	00c40378ac8e935c4183e3bc33f191dcf65b936a864c5dbb55506129b0b30da4
e20a5c42c16a533fda06e6f9df985008	megadrive	Syd of Valis	megadrive	Syd of Valis	3	abf1b5583b862812fa883bb97b627fb2	yes	e20a5c42c16a533fda06e6f9df985008	58edb242cd026e6885ff7fac6015744ed9e8620b7c989853212d508ff180a14f	58edb242cd026e6885ff7fac6015744ed9e8620b7c989853212d508ff180a14f	5298852c281bedcf2a28ff5a042a5e4ac44f30b2e820de88199545820dad399a	64c94011ff2c3915570187602bcfc640f430ca904e4c64d8a576fa7df3f054bd
6df59b89ac4068e3bac621e04e036c2b	megadrive	Syndicate	megadrive	Syndicate	3	26e7f63b3206590fea8660d3659edc6e	yes	6df59b89ac4068e3bac621e04e036c2b	62545f6d1b2fcf0c5ff98b34a1995ec56fe42a6ec947c261650730ed68074327	62545f6d1b2fcf0c5ff98b34a1995ec56fe42a6ec947c261650730ed68074327	b6ae0e9ae5eba5a5e02ee697d7b330410e4a0fd8b0b6690d913ed37f5c042b2e	eb9bbdffe60fd0ad37dec92529aaa14dee733765598e89a043279e30d680119c
859753a49a1feabc79b3e2ec148c0038	megadrive	T2 : The Arcade Game	megadrive	T2 : The Arcade Game	3	b5d7f533cd59e573e3e07a11c34acfa3	yes	859753a49a1feabc79b3e2ec148c0038	cc53e23057c914586220d37df9471be52bae1ddfbd2e1e0d2a2aa5cd347382f0	cc53e23057c914586220d37df9471be52bae1ddfbd2e1e0d2a2aa5cd347382f0	2f756e07c9757453e514aee6c90ed68dfbfeefdeea1263d4b30c5dedf99b7408	ed833cc6abed910ee9a49bb13043530e1a80989736f2535beaed3b2711331774
6ec421651279f1ad676c8979bec9f91d	megadrive	TaleSpin	megadrive	TaleSpin	3	28d052be6d48668eecbd3df59700ff84	yes	6ec421651279f1ad676c8979bec9f91d	46ab520d5b0dda7066f55e7f3ea0daa89d3a43cc109b0394c9c5cd879c7c19e7	46ab520d5b0dda7066f55e7f3ea0daa89d3a43cc109b0394c9c5cd879c7c19e7	23fccea3ea5a8aff40d9c92d9b8d2b39ffcfcb78682253d910a53ed203edcb0f	467a6df5c0e22e1a066eb96dd269e9c7a38cbda9da5943bc60f166b13bd16052
8e6b7cd57bbfd67a9e062046691131e6	megadrive	Target Earth	megadrive	Target Earth	3	279953414030318ee9629e2390586607	yes	8e6b7cd57bbfd67a9e062046691131e6	d86734ff49f2ae40ffec4cb6e0dfeaac6d87367ef9a5de4fdce70cb1e179d845	d86734ff49f2ae40ffec4cb6e0dfeaac6d87367ef9a5de4fdce70cb1e179d845	d51b2bbfdd8ae7a7520ff4f1e8d0a208930f11af49fa42ec32c4d3d4d2c6cf11	9a23c5a44f52246e675649cc0b5ae54177ed14baf82c83a7b1f2557b0852b3a3
bb1083f049ba266e158bda73adca66ed	megadrive	Task Force Harrier EX	megadrive	Task Force Harrier EX	3	0db690d08484434c87ff4bc85a849e77	yes	bb1083f049ba266e158bda73adca66ed	79f4253d2e89b46a73ece843b6f5e649f4242360f05b949756d38b34df1aee24	79f4253d2e89b46a73ece843b6f5e649f4242360f05b949756d38b34df1aee24	15de8867d343887bd4ef6192977cc29793802c88fc84c5b37dc27d4988263d25	9e3eac8aea525d4f5d4d98e60c75d293ab718f3683bbc5946ef09b31d6c312d7
912440b69e0306b729f1304d1cdb25bb	megadrive	Taz in Escape from Mars	megadrive	Taz in Escape from Mars	3	66c84a4e05c175e4f69edeac8c72d272	yes	912440b69e0306b729f1304d1cdb25bb	c9763d99a35913b26549b001a9ee427f1436bbb8502f34febd62eba55d6f2f1e	c9763d99a35913b26549b001a9ee427f1436bbb8502f34febd62eba55d6f2f1e	3b88449121f2c3c8bb9b7cb9c1f70c0992bf8c9387f4cbf7f59aa2d1d45ded0b	5b2b1e5e20158e855dca0df6eb5d205427ca46307da803a4c361bff1506ed9cc
43bb2a4d46e38c91f20e7cf0c638e83a	megadrive	Taz-Mania	megadrivebr	Taz-Mania	3	7319ce69d2d085f56292382a6c67232d	yes	43bb2a4d46e38c91f20e7cf0c638e83a	098a0b1e5f16d4501d8d0b8db2d423b4d31eefafa312d70682afc0674a4eab51	098a0b1e5f16d4501d8d0b8db2d423b4d31eefafa312d70682afc0674a4eab51	32ab33200e26ea52f92c2ed2f0ef8bf4375c85e3376035a7a56aadbd3790ff38	b27146441add8ee89e496852d5e74f6cbf4f3183809d5b31600046de5b8e31bf
b1de932331f5a544c166f816ebcb8133	megadrive	Taz-Mania	megadrive	Taz-Mania	3	e9ae30b85234aef2148f4ca90f56721f	yes	b1de932331f5a544c166f816ebcb8133	6d61aa2989ec97b82ab668c5b0e844fa8b270eeaeb1fdc289ad9f0aaf1d7cdc6	6d61aa2989ec97b82ab668c5b0e844fa8b270eeaeb1fdc289ad9f0aaf1d7cdc6	57af475caaf1034e9af3252a5b4d1be7a0306d37c7e626d9af6e8b82d0c8cdbe	d3faa07bc1d916539e8bcbfd912a2629b066f365903e893910104ee065aa9e13
343dde28552b4a0d4a8b9ae005c8c136	megadrive	Team USA Basketball	megadrive	Team USA Basketball	3	1e9f73176816239a59b07e0b30562539	yes	343dde28552b4a0d4a8b9ae005c8c136	05fd0e63529a087199a4ee547c6be97b68485d6e329fb32d33e0239542055dc1	05fd0e63529a087199a4ee547c6be97b68485d6e329fb32d33e0239542055dc1	977ecea801afbef6202dadfeb66950f047e618eb400b02690db41ea42b3ede5b	7f7fd18ac5d78972239c2c94cb07a336cb32b258ad5a3dcf6527b87c3b67601a
edf91010a7e37b7877c844c258cb62d9	megadrive	Technocop	megadrive	Technocop	3	92c2f104371bd3d3e2c13f5f684fecd4	yes	edf91010a7e37b7877c844c258cb62d9	9fbdd13dc54f96d44cdf38e6d77158f707ebbff2c16459bfb8bab0158de91f71	9fbdd13dc54f96d44cdf38e6d77158f707ebbff2c16459bfb8bab0158de91f71	8ae11e1efebbf899f9e36261bb692371ee0cf15e26dc50de8f6fd36d69ea42ee	d7a009da968de11f0a3c9c99579d41bec69e6dc961a76115293e74441e88630a
bc0be21dbd3c3c75000a8a4491844d2b	megadrive	Tecmo Super Baseball	megadrive	Tecmo Super Baseball	3	8c69c89b29342ba1623d15d9a28680ac	yes	bc0be21dbd3c3c75000a8a4491844d2b	38bec5c2abe16aa7ac1b679ff61beb248ee420ea533e62e7db7b8c4560dbfe8d	38bec5c2abe16aa7ac1b679ff61beb248ee420ea533e62e7db7b8c4560dbfe8d	14d2a3301d970f2aa6c900eea2fd3f016cd74ebce12814af4655c923b1587024	22c279e4155787a5aaf9cff61cc8ca2ee835f29f67024f9088645b30bcca6525
280ee4e0ea14ba28fa2145260fdabfbf	megadrive	Tecmo Super Bowl II : Special Edition	megadrive	Tecmo Super Bowl II : Special Edition	3	5cbd99583a0f2156c4b47f16da5ce06f	yes	280ee4e0ea14ba28fa2145260fdabfbf	2fad4286e286e907b00f57e44101060ef635617482bb08362a394784977be531	2fad4286e286e907b00f57e44101060ef635617482bb08362a394784977be531	01f5ef34f4c9c61364bcf1750277c8961f90a13a497543868d57d8471ca436c3	01ad859228b5383333f67126ea6a96d7eab335d2ac34d6082c0594be62779281
c334daed46c5504b1f007849ed267c0e	megadrive	Tecmo Super Bowl III : Final Edition	megadrive	Tecmo Super Bowl III : Final Edition	3	e1f357a5720e5097587476ba7dd10740	yes	c334daed46c5504b1f007849ed267c0e	27c467a2bdec2fbe077f2ece78e532127c44af1734a187143e7c8bdd19d9eac2	27c467a2bdec2fbe077f2ece78e532127c44af1734a187143e7c8bdd19d9eac2	6de8e64aa22308c56d2ba73bab80ce550e02cd922b7f6a5ca5134ce9e8f62224	40cb1dc9ed78ac0909cf04f96597bf180e878b7f587e7c2d8509e7c507eadda1
e3fa7fcb8ed82e2174530111802480f0	megadrive	Tecmo Super Hockey	megadrive	Tecmo Super Hockey	3	a266535882321b13ef3ae1baadaa5854	yes	e3fa7fcb8ed82e2174530111802480f0	dfa38332882c5966f897c7ca222d93a6f8a5a7e891303c035e16864bcf47c4a3	dfa38332882c5966f897c7ca222d93a6f8a5a7e891303c035e16864bcf47c4a3	ae9cd156f83a3e98fd015205ccfd436406e504220bcc3517231c34d2c9e79268	9e5a67e5b1861029ed502bc9534bb9b7fc61875ff46af1005e212813a11a6533
be08dc5dae13d18ebf292c4ea9fb1648	megadrive	Tecmo Super NBA Basketball	megadrive	Tecmo Super NBA Basketball	3	dadad2ab401339c65f98b38c7997ba46	yes	be08dc5dae13d18ebf292c4ea9fb1648	7b37d6cc5893384b592ac0bfec6e9e39ad0d364caae8781187cd41c60b88dbf2	7b37d6cc5893384b592ac0bfec6e9e39ad0d364caae8781187cd41c60b88dbf2	fbb7815d534c70308015ae76dce851b091f06a62b9f9c66dc5f973d43062b038	a3c1251e5002ea5de2f8a6be9f81e5b7bbdeed03c91f42dab5acd27bb38cef68
1eaefd0a781d76f383e3752921c0e1a6	megadrive	Tecmo World Cup	megadrive	Tecmo World Cup	3	fd025c6f9e52091090d5418716647015	yes	1eaefd0a781d76f383e3752921c0e1a6	f0fb0f0767e8b7a2ebb0b3dba591fc5e09203dc0ea5e641cf7dde3f44c5d0614	f0fb0f0767e8b7a2ebb0b3dba591fc5e09203dc0ea5e641cf7dde3f44c5d0614	31cf9b9c58d1ba457a2248c47ab16c36f3653834febbb441c47de7d8f287018e	c91fcb7da7d98f08af75d309be8a7ae2ce977c308d39d1bed8c464d403791abf
ea245122adba81c9dde3061aaa63549f	megadrive	Teenage Mutant Ninja Turtles : The Hyperstone Heist	megadrive	Teenage Mutant Ninja Turtles : The Hyperstone Heist	3	a35caeba30587890765902fe585b7fed	yes	ea245122adba81c9dde3061aaa63549f	05dba04bc4912c2de50bebf652f9157e9102a4be2f24843d682fca01fbff78ca	05dba04bc4912c2de50bebf652f9157e9102a4be2f24843d682fca01fbff78ca	975b324a6a92dcb52fd2937d5f736406ea07edd875763d39412969480ab09a24	4720a7f657a20799292dc9da911218654801a084338f65dc972e2d9e327a59d7
e5a1798b030808663fac977538035196	megadrive	Teenage Mutant Ninja Turtles : Tournament Fighters	megadrive	Teenage Mutant Ninja Turtles : Tournament Fighters	3	d0bacfa8ee50223ec1d4065b6526b7a3	yes	e5a1798b030808663fac977538035196	7ed892def73326f6eb161ea4963362b75273d66ddeefef5d49dab750981a2da9	7ed892def73326f6eb161ea4963362b75273d66ddeefef5d49dab750981a2da9	4ed225c72396b537a1c40e925d429118316999b802ef6ce1dd5eb2c9d9b4ec80	d32ebeb87ba5636d6b3280bd705ba1c2a86937726e4f308cc5f6952d6e593dda
76305683525ee46bb6492b68846cbf03	megadrive	Terminator 2 : Judgment Day	megadrive	Terminator 2 : Judgment Day	3	1d4035c0effd757224175eaec5f23e93	yes	76305683525ee46bb6492b68846cbf03	4b0cdb7e5c3955c0237637c1d90edc9c3e2bb30c7943f0e9b22ce5f25831d9ff	4b0cdb7e5c3955c0237637c1d90edc9c3e2bb30c7943f0e9b22ce5f25831d9ff	ff3cff1e5f1f08b9b146addd35badf1b3cd77724aa575d401e0e342c190aca94	6cad76aff3fb64d6f7047a331771f58453c1fc09e52b5b5d5a34a0bd81b73547
72238247c010527fb884308b9395c3a9	megadrive	The Addams Family	megadrive	The Addams Family	3	09ac0fbb8490c528155e5dc7b122a695	yes	72238247c010527fb884308b9395c3a9	92253eefba3376329db10becde0f357572b5d0d30127e1cf971c00b8a7f3efae	92253eefba3376329db10becde0f357572b5d0d30127e1cf971c00b8a7f3efae	ba0bd449286640b50456f90d92db8bfcfe8a89eec8bfef780f963a5580cb1b7e	9ae4383b68c9997814398533933b6580d0bc31a476ecff66d7b08879d39f059f
aa80098f341aba5ed29a56be5caaaacf	megadrive	The Addams Family	megadrivebr	The Addams Family	3	f8dbd62a7aa41fbec3d25efc672a7194	yes	aa80098f341aba5ed29a56be5caaaacf	f32c12d15d3f71b1aaf00d91ce26392ce61ff072fc8e56c2e8a1fce1bdd1706d	f32c12d15d3f71b1aaf00d91ce26392ce61ff072fc8e56c2e8a1fce1bdd1706d	0b8213e52088342a52c5a15d1d812f24bcbe15a168c659bc10c2e45e6f78fe4b	96f36a8c916d8faf732ba249a3b5482736aba2a711421c8965d70b3038d8c0f5
161beab3bab9b68db1456dd91c94b9a4	megadrive	The Adventures of Batman & Robin	megadrivebr	The Adventures of Batman & Robin	3	3bd56867e66a78790c464275e700bb3e	yes	161beab3bab9b68db1456dd91c94b9a4	2050dd4263a9c642f3ba0af5ac666f34567c3dc6a7ebce98b8148748dea094a9	2050dd4263a9c642f3ba0af5ac666f34567c3dc6a7ebce98b8148748dea094a9	8418e64aa6312789058f73e6e4d359194a69447e13f3684912ea96174222b093	0380f427be80e2b9121274a7cc3babe141947eec31bed6c9c0d19429ea2d259d
782d30b02f0c4de5a04ce3cd6337b76f	megadrive	The Adventures of Batman & Robin	megadrive	The Adventures of Batman & Robin	3	d2030cc60d66fa9b57a72b3262193e98	yes	782d30b02f0c4de5a04ce3cd6337b76f	8f6181d22fdfaa987785498669d3b88577e4d442fb8767a560e0792c0611a509	8f6181d22fdfaa987785498669d3b88577e4d442fb8767a560e0792c0611a509	9ee98698a973c9301228e4f668ea1c6e5454c0c7bb768dee6cfdfdde8395a0ad	7fbb71e9caace2942155b3f88066e8800f3e002c4125567d94563959974b4316
e050dc796a3d3bc899341f4b53473ff3	megadrive	The Adventures of Mighty Max	megadrive	The Adventures of Mighty Max	3	00d26e16467e8475d70116e710cb1654	yes	e050dc796a3d3bc899341f4b53473ff3	b66463a02009d9460ba40cc107713d489ea06c2330f09e3fed50ec771c993757	b66463a02009d9460ba40cc107713d489ea06c2330f09e3fed50ec771c993757	e3558eb6fd62f4aef543f196da294bfb17182d458e4e2235e6b6fc0b20e9220e	50d9b64b4b1e00d3de6398d1bde761bb2536b07c3438c11495586775d7554472
8568f3c18ff797e97d8892e9aed508b4	megadrive	The Adventures of Rocky and Bullwinkle and Friends	megadrive	The Adventures of Rocky and Bullwinkle and Friends	3	11cd940d1e0e832d8dc5417f758b6e21	yes	8568f3c18ff797e97d8892e9aed508b4	c0cd6232fd1475ef1631eecfc6bfe4d4e2cc1e01b4b1257984fcaa5a3c1f0355	c0cd6232fd1475ef1631eecfc6bfe4d4e2cc1e01b4b1257984fcaa5a3c1f0355	c358a4c7d5a26017d00dc4ad97382498778787026a1fdb49b5d135addae3ab02	13d1836023d641dea86f57537efe37480c31ea17485cc7700dc0e2c23ffb9249
ca999d77261c2ec1b1287aa8cf6c0054	megadrive	The Aquatic Games Starring James Pond and the Aqua	megadrive	The Aquatic Games Starring James Pond and the Aquabats	3	8eca1cdb1d7c5b550ec4c9432683680f	yes	ca999d77261c2ec1b1287aa8cf6c0054	64d59fbfe8702b355e168bbaa806b7a4f0f3ad0d84e0de7630d210abe295e58f	64d59fbfe8702b355e168bbaa806b7a4f0f3ad0d84e0de7630d210abe295e58f	4a23db8fc5ba801df9874259f73b47481c05cf5348f064eae4cef5c14cf68b17	cd52d7cfe48a9b1e2146b983a62e20ff1826aa611509b48a5b7c1769a5668937
d0ca9720f5f2bef36163a44dda160b9f	megadrive	The Berenstain Bears' Camping Adventure	megadrive	The Berenstain Bears' Camping Adventure	3	e270f71e5ef4ce22a09c3ca8b6bde628	yes	d0ca9720f5f2bef36163a44dda160b9f	91da3d0e4a9bdd04ccf8415abcc0b9eb7079f612f0d150d20b7a1af30ed0772e	91da3d0e4a9bdd04ccf8415abcc0b9eb7079f612f0d150d20b7a1af30ed0772e	77323b41caef8852d1f761297058fedd199122a3e1923adb30cab8b67df13936	38ac1c5e83c1ba1f10c9e581ef34b512bb3a5c9fb1d946b9e4c9836b0cf0ffba
7f2a67ef91e2411a8e30a9e701ff7602	megadrive	The Death and Return of Superman	megadrive	The Death and Return of Superman	3	7556ec64edf5a052e7d8fae45ad251b6	yes	7f2a67ef91e2411a8e30a9e701ff7602	f9255d028864ab6a0e904f8e402e11527b6a659e37388f3df1001cf3dd889b0f	f9255d028864ab6a0e904f8e402e11527b6a659e37388f3df1001cf3dd889b0f	17f4ce6108cc432ea68279ae635d46b86b2297206a9545dada0cd6a41999e2d3	8ff7dddc776879b1bcffd643cb74c4fec71b373612cad2b90095b55ee787f630
d5b81681e03dfe0fc1efc296515408cb	megadrive	The Faery Tale Adventure	megadrive	The Faery Tale Adventure	3	6f7848d24965d4c3946b74aa6384d6f5	yes	d5b81681e03dfe0fc1efc296515408cb	62e0bccc42f5ae668ea0c28d3e4b4c216bdbaa96b5173c2db410e89717e7cdf8	62e0bccc42f5ae668ea0c28d3e4b4c216bdbaa96b5173c2db410e89717e7cdf8	477860383cc759289db506d735b9ac83a966a31a993ed7cae3acb9d901ff9ac9	630c798566e108e98c2d5caee6497691dad4994bcd4ab0b6bed62ea12b56aa6a
9ba9a48b7441de3bc127e3fa51ab743c	megadrive	The Flintstones	megadrive	The Flintstones	3	526ca438494d8487efa2daa5a1012fc9	yes	9ba9a48b7441de3bc127e3fa51ab743c	60e93947b2bcba4cdfe3da4eb8c00fd3f63a71ff7a4ff75114abc07bf7fe664a	60e93947b2bcba4cdfe3da4eb8c00fd3f63a71ff7a4ff75114abc07bf7fe664a	8e9df9d74d184bd5a4a3a37c14c98e00b91c649c1be95de0d5d26de1880185ab	fe462e716b38234a2282e37c4a832ffca7cefbb7b818f776c34508ab069c0770
c2955a285f2dbf39f60d968e9022187e	megadrive	The Flintstones	megadrivebr	The Flintstones	3	38b6bc0890fe8a092d83e662a725028d	yes	c2955a285f2dbf39f60d968e9022187e	472b0805c0bbe87ba44e20cee5f42faddcd36d7af3e230d9d07d4480d5b13b07	472b0805c0bbe87ba44e20cee5f42faddcd36d7af3e230d9d07d4480d5b13b07	4affb546e1541958e3cd0ee35c4cf942007e1877d9f6bf924918283baf22eacd	82a321e23bd1d7e0ba8bd89734e55bce2068a12b1c7b8fa822aa50c23c63bb36
a516760e23854bfbe83ece8f058a00a3	megadrive	The Great Circus Mystery Starring Mickey & Minnie	megadrive	The Great Circus Mystery Starring Mickey & Minnie	3	7ad4e323699170284c6a6dfa01f175d2	yes	a516760e23854bfbe83ece8f058a00a3	6f3a5cfb27c0fe01c36bddaaa8d5b04e4eea03f2ba34bfcb92389823749fe635	6f3a5cfb27c0fe01c36bddaaa8d5b04e4eea03f2ba34bfcb92389823749fe635	5b0edc8d25cef16e68941bdc6afc80592f49125257a481c9b94d61b46062d573	f501f033877437bd83a5c1166e6236eed6576f37c3caad747e50f3d2cd459461
5d2adbb09098502e25a761323b1d0fb9	megadrive	The Great Waldo Search	megadrive	The Great Waldo Search	3	d9f86eaa3a05df220a7692f67a85805d	yes	5d2adbb09098502e25a761323b1d0fb9	73ba38186df0ae0f328c68f83cbe8ffbca9b84adb25138c6418265e2fe707c65	73ba38186df0ae0f328c68f83cbe8ffbca9b84adb25138c6418265e2fe707c65	e44fb9e6e48c7192621f38d4793dbf5c8b16b85b3b67b594515d9366915e4dfb	dc748c82e73d9eba457338bd9a0b97e18647fef2249195f2165200587e745ff8
2e30bba5ec9fd979c924c8d4dec8dfab	megadrive	The Humans	megadrive	The Humans	3	648fcd3886b47510c2f57107841ba82c	yes	2e30bba5ec9fd979c924c8d4dec8dfab	04cb91c415e8348687fb340025d994ccd735e86dc4ab1f74e29ab22636756db2	04cb91c415e8348687fb340025d994ccd735e86dc4ab1f74e29ab22636756db2	e29408d5a9cf30680f4c14c754538a495ab07d2ddbb29bafa2302fecfd168ebb	2761f9fc85686f2c3570f6cf6cd1d18f663322b948444b7e7e5ba7158865a125
5c5eb84d8bc40fd3997fc8252e2dabdd	megadrive	The Immortal	megadrive	The Immortal	3	641749b0e78c0af116492d3f34f89a5e	yes	5c5eb84d8bc40fd3997fc8252e2dabdd	8ff37500d329a0ab7b51eb1510fe615d4d402f720ee7879a480eb5965bedcd43	8ff37500d329a0ab7b51eb1510fe615d4d402f720ee7879a480eb5965bedcd43	28782c38e20bb0dc38ddea489f6e39410c90da9b80a177d1a772c4accd46d09a	13eebe3db75d6dbaa00da786ff5ae0d0236400b855a6d6f02cb9b012857074b6
2bffd3173290d0f5cd71ff9a5b1909e9	megadrive	The Incredible Crash Dummies	megadrive	The Incredible Crash Dummies	3	835b7304086f59c8758aaee8fd9ce665	yes	2bffd3173290d0f5cd71ff9a5b1909e9	fe0c8352ea14d6255db9bc3b600a3662fcf528555c670e23fa08185d790a44c7	fe0c8352ea14d6255db9bc3b600a3662fcf528555c670e23fa08185d790a44c7	97cf79b3eb46ed78f70e7a413d804cc543f68bb6acab293007248a28156c252e	4fc1a6e2d8bd0f9fa4707ed4c682b4b5a340b5f376df27caacdd7c8dda5bc26a
599661d84997d3ea1fb2195f1c56cbf0	megadrive	The Incredible Hulk	megadrive	The Incredible Hulk	3	af183fabf45bea9fd0338e7e04e2ebc1	yes	599661d84997d3ea1fb2195f1c56cbf0	8c599a086adb52ed058754c3d9912c9cac54d5d50f089599a89f4f93b9d11408	8c599a086adb52ed058754c3d9912c9cac54d5d50f089599a89f4f93b9d11408	06a9d7a13e61210d8592803204c146d2d309f91a9888272fd0e32e01ec996b6a	346e5ff10d86376c5efa62df73647b30ac1f10f3e51c8575b6ea88d1fb847d29
08a23ee81579cde08d6e1c3ad794121b	megadrive	The Jungle Book	megadrive	The Jungle Book	3	61efa4cff5c7591162e4447e424f1e28	yes	08a23ee81579cde08d6e1c3ad794121b	50e86de68f3dd4f7f9ca1783b63167fd070036a1842736603cd042c04ccc2432	50e86de68f3dd4f7f9ca1783b63167fd070036a1842736603cd042c04ccc2432	f9b090cd23787a350d99f3a3b9df9e59f4dd525f60d8530271db22262c8b2d63	41a2d72a09ee5830fdd35a67ad7f92a6694f0e1011429776f3435c56314a3f52
dd35f050f19a97dba24f138460136b37	megadrive	The Lawnmower Man	megadrive	The Lawnmower Man	3	ed7b99b0fcc259136081f15c0ff1c868	yes	dd35f050f19a97dba24f138460136b37	55fda043bbcb119f4d5161fb492e2885cb0601ec7568fe186c8b7c07bb55c519	55fda043bbcb119f4d5161fb492e2885cb0601ec7568fe186c8b7c07bb55c519	8504439e13e6139240c05a4b552fe1bbf068d182e5067bc49fa8b669d6ea642a	ca1a8429f8f7684cee91efa9ad440980b6f94c28d4c638a69ce454149fb41698
c075089a5659e6672ad036521b6195cb	megadrive	The Legend of Galahad	megadrive	Galahad	3	7ec2cc4c5358bfb9fb2f0a0aa7c1c4b6	yes	c075089a5659e6672ad036521b6195cb	65ddb8dd543418436473a55189bebccf80cb311405008149844c6b2aeb9c316d	65ddb8dd543418436473a55189bebccf80cb311405008149844c6b2aeb9c316d	0d1107a8579fe8ae6f4f391147b8068343f9c27799e6eb0d47fd78863afdb91b	e26b60dd41752eb6adb8eb9e259cbbe7278b79e824e2441d03e45e74a42c10e0
acd633c7d11e9a1d9054683c8b43f41a	megadrive	The Lion King	megadrive	The Lion King	3	dd9d405ae5996c2a0e64638cb980f3ec	yes	acd633c7d11e9a1d9054683c8b43f41a	749f5b49b9934273a1f160ff078fd0b25ea792efc9da73f87a0d6e5874017870	749f5b49b9934273a1f160ff078fd0b25ea792efc9da73f87a0d6e5874017870	b210bbf454324c2ce83037a785cdc7d1a7199ab86339030a8dbc70331bf8693c	3a1a9112a7e85868ed3f050038d91dfc3f39d748aa612dbee8ff3a486df981c4
cbd83be3e89456758ad7c165907abd12	megadrive	The Lost Vikings	megadrive	The Lost Vikings	3	739a4b3275018dd2162d3bcd2c1659dd	yes	cbd83be3e89456758ad7c165907abd12	e092a55144d116b333273a02375f140ba8cbbeeb208ac3473ea79f146f2027a6	e092a55144d116b333273a02375f140ba8cbbeeb208ac3473ea79f146f2027a6	7a7c467ab81187bdd39a1658b5c9eab5e20f96d76753fba0387e4cd98e221637	e7bf17eb1ae48c874ae5082801e77e875681dbc869d4e745e5e994ceb36bfd57
8eaa2e91ea9c425b954b7a0fd17283d2	megadrive	The Lost World : Jurassic Park	megadrive	The Lost World : Jurassic Park	3	7644c31354621a5c3cf3ee040d1e8ba2	yes	8eaa2e91ea9c425b954b7a0fd17283d2	d7e084596ecd1cb468c9dfb1fecc3a2f9e62664d3c3208a00e616a4400d13c97	d7e084596ecd1cb468c9dfb1fecc3a2f9e62664d3c3208a00e616a4400d13c97	9e659f592e66ff6f72215bec24db61abb2e66e03ab55ae96fed72272751bff74	0415f51c7ad1aeb004c927fed0a1b06d5db0433891a8d0767d514264ce9c0eba
a9b3de1a1b90a823efc147e05f5b9b9d	megadrive	The Magic School Bus	megadrive	The Magic School Bus	3	f0b4eb1b3bff96e2bcb6b6c5f1d1d32d	yes	a9b3de1a1b90a823efc147e05f5b9b9d	a4f1c73fe8eff86f046e7b803523a714855fe58f51751c86698249c5f4d7151d	a4f1c73fe8eff86f046e7b803523a714855fe58f51751c86698249c5f4d7151d	9f3ac97e1e9ddc90c6962b2399f494241782a6b9a7b3a2841ae557f1fae080f7	b761836e5e6ca7d8bdc45a1a63e68a72f5e6247bb6b210342fb3179f8f111275
56bbe2078e6528247b9691569c543544	megadrive	The Pagemaster	megadrive	The Pagemaster	3	001cdb5b184b25a4f56245afda1fdb83	yes	56bbe2078e6528247b9691569c543544	b2e54f44bd0d04bc2bb3d87f57ac85a34830279e132728d073d73790536da5f8	b2e54f44bd0d04bc2bb3d87f57ac85a34830279e132728d073d73790536da5f8	610c4013baf741691055eaddb40dfd83e78f5e18eb063a5e37b2b55da06527db	6d3e05d561765acb60fc6b8ffb26dd520e8023d920783293f432eae00677cb7f
20f5027264def207bc91423249c1cc8c	megadrive	The Pirates of Dark Water	megadrivebr	The Pirates of Dark Water	3	a5de9bf64d66a4de784d0f5b39131734	yes	20f5027264def207bc91423249c1cc8c	902c379a2e6e15029d40855067d84138523178250711a4e4dfa1c747df5c210a	902c379a2e6e15029d40855067d84138523178250711a4e4dfa1c747df5c210a	3037622276045769bc8fa8cc6bb0b02e1b104bd8f624e3cd5e895339333f9b71	232783101b055fbc660330bf157e175e7d49e3983faa2017edf1c3c909610e48
172c94d10c9539c3c70f3ff289717f95	megadrive	The Punisher	megadrive	The Punisher	3	68e0c2bd516006f1bea63dea5393532f	yes	172c94d10c9539c3c70f3ff289717f95	2eca8adc753b1e3f86902da51dd51a90c95d103ba87ef347c5349456d64be656	2eca8adc753b1e3f86902da51dd51a90c95d103ba87ef347c5349456d64be656	19cc693824facf6df69d442f1298ee141067c1626819f8900759784538afe3fa	35a2acee62aa7ee1949ca101f9e4786e485a0f64dbf749f2229ce7ccead9f82a
8e003d70587fa3ce42fa7bfdbe730f92	megadrive	The Punisher	megadrivebr	The Punisher	3	eba0b97d37c35f3b1ed5f2c8109682b8	yes	8e003d70587fa3ce42fa7bfdbe730f92	52e80784702b29b145e577e2633bb8d85a260e375665f62fd8be630b351ce205	52e80784702b29b145e577e2633bb8d85a260e375665f62fd8be630b351ce205	7a10ae6bd61b4940a2029c4a6354d07de005cdc0e279adabee7e3d3d50e4c131	f1eab7c27ddf169fde6e015cdae5d96b29b46b9661f382093b7e9bf7fbad426d
f5d56427306935520b5ac513b98ce493	megadrive	The Revenge of Shinobi	megadrivebr	The Super Shinobi	3	1181ab7d9a8390e6cc1e9a30d29f5c93	yes	f5d56427306935520b5ac513b98ce493	1068bdc3ad2c3fcc8a001f120c57980b76feaf3373900659cf06b4609a7c6f28	1068bdc3ad2c3fcc8a001f120c57980b76feaf3373900659cf06b4609a7c6f28	b27acdc2edf809542be03dca022e1139762fa813a08f0f8c205df3c2b1f857b1	ee879af4c372f59e002e0e3d8446247d55f7d65349a986defe84ec76e8dccbd1
abb25359da4e59d8c120d5a1f1b53bcb	megadrive	The Secret of Shinobi	megadrivebr	Shadow Dancer : The Secret of Shinobi	3	70101503a49a890072c96a20112d50c0	yes	abb25359da4e59d8c120d5a1f1b53bcb	653a3161d442cef3b9266b45c975724c3e74cce1f6546102bed019cae1874e3f	653a3161d442cef3b9266b45c975724c3e74cce1f6546102bed019cae1874e3f	567af241c2a53b1cf5c6ff8ee5aff7a30c6940b1c25589215d3ba7cf1026ad4a	20833e60c160dd71ebb11fe7c1284fb383772870811997286078d93f14f07b5b
ba36a715d829093d95d77518ed025817	megadrive	The Simpsons : Bart's Nightmare	megadrive	The Simpsons : Bart's Nightmare	3	dd1152dc745bfee6268ac121d2715e86	yes	ba36a715d829093d95d77518ed025817	512698f481631fc5879a27f43c97ebffce9e4cdf1966aac4263feae63e581c5a	512698f481631fc5879a27f43c97ebffce9e4cdf1966aac4263feae63e581c5a	ce46b27ea0357bf29cc7faae106c58eb0b097f27e9b914ff093311c52c59e7c6	20a77e0154d4e196b6f2cdec10166994dd7584f9dd738c2f8701d6fb2eb25cbc
14dbc80148657ef09659b627b4ba779b	megadrive	The Simpsons: Bart vs. the Space Mutants	megadrivebr	The Simpsons : Bart vs. the Space Mutants	3	5779fdc8173b5bf9fce3baa9464b2d70	yes	14dbc80148657ef09659b627b4ba779b	9f823d9bb2d260ee40975e3a71bc7a366281520447d7c80e04f21df4d45f4d0e	9f823d9bb2d260ee40975e3a71bc7a366281520447d7c80e04f21df4d45f4d0e	b726c49d89d1071016541c0e752bbc6b582121098e7d297007b73967a59ba9f2	5cdf6eb09b658b0bf8c3322049fc88029f6a4bb326c37cf480dc1670db7ed597
3fed07f7bee38a9b96e5409340fa24fc	megadrive	The Simpsons: Bart's Nightmare	megadrivebr	The Simpsons : Bart's Nightmare	3	e0c6b8295a03948abe40fedf00945195	yes	3fed07f7bee38a9b96e5409340fa24fc	f3598567a817ff604ac943980c690d6d839c1a70aafe38f816219146931fdbb6	f3598567a817ff604ac943980c690d6d839c1a70aafe38f816219146931fdbb6	c6ea49a5beac1c51067d27842962bd04f4b3c9f1e8a84111931f17577c7ddf47	95a10dc65db2a59e9d3fe96a4b32eab27022d0df8f37cba9582238afb9880a05
bcc27cbe1c7c6a5b455f7cae2320df90	megadrive	The Terminator	megadrivebr	The Terminator	3	c66f903b4ec8a6c0ec662cd3e86cf2f1	yes	bcc27cbe1c7c6a5b455f7cae2320df90	e78d6af7e7194a403be81d32aa2cb35e3f15e73c8fb5739781117c80011220a0	e78d6af7e7194a403be81d32aa2cb35e3f15e73c8fb5739781117c80011220a0	6cffa79be5d7e904ac62fe8a1f38add1c2f7fa4f78845ebc0aeb42626f3fc260	94b29ca8a2aff678d1938ee2efec863624de6d14c14224d94ab84612ab1a6b38
0411fb6b93ec3dbfb124b2a47866a7f5	megadrive	The Tick	megadrive	The Tick	3	071144ccf5caf9b07d65e8e35552c76e	yes	0411fb6b93ec3dbfb124b2a47866a7f5	c84379bb0ea29c792b152d8430ac8cc87c9b13c01155e52fce4ba341b88b6dfb	c84379bb0ea29c792b152d8430ac8cc87c9b13c01155e52fce4ba341b88b6dfb	85c8aac226eed828eb46b20672201fd23ad85ed6b8fcc3868ec9239ffb1f203b	56ba8e344a5996f1894c9fd43865ea0c2aa70b1d5ac182ec8015a16b1a81710c
e6e6305211b854f30a5f0d453e849306	megadrive	Theme Park	megadrive	Theme Park	3	247e8b4eb96ebf40adc71648ed47dcea	yes	e6e6305211b854f30a5f0d453e849306	d6c5fa6226b96106415c70937311bb83c8cf09046c5fb75f170073dee760ce37	d6c5fa6226b96106415c70937311bb83c8cf09046c5fb75f170073dee760ce37	527856773bf93bfa6e25237537f7f3c8c903b1bd401dda2183071c481520eb28	fe56ad4213287fdbac7c7abf46f000c007475fed83a8e54508590a8760ba2756
96bf28f120095f9aef997355d0a7ff83	megadrive	Thomas the Tank Engine & Friends	megadrive	Thomas the Tank Engine & Friends	3	039ce81babea61f16603056c19d1e7be	yes	96bf28f120095f9aef997355d0a7ff83	59d334082dcad204e9f964cfd367da74c4ccc76d55f5fb21511dc0c75fef770c	59d334082dcad204e9f964cfd367da74c4ccc76d55f5fb21511dc0c75fef770c	c5ee7387620f7e332cb3151c55b3d6d1c5dc4b48a56ca0c601244443af2dea30	c7b5b26bbecb5a958bd5dd2ee6963e0177c29ae9ef1d63cd956d459c162a350d
88386bfa903952bd1599ced538c6dea1	megadrive	Thunder Force II	megadrive	Thunder Force II	3	1a94390c0eb092ff84ca56eb323d54b8	yes	88386bfa903952bd1599ced538c6dea1	93ccfcd18f7d958368449ac89f57d0bd11586828c77861d84ac81b30a5e4a0cc	93ccfcd18f7d958368449ac89f57d0bd11586828c77861d84ac81b30a5e4a0cc	ecfe9d126e838e468df7a5d899f9c86c3af74bea506ed83da09461abef0749ad	f200cc79e8f7849ede6c5d1e49bf7bc4e53d79bfe4d27c60061fa46473371fdf
3ab088a26662bca561e17a9b32366371	megadrive	Thunder Force III	megadrivebr	Thunder Force III	3	822c6a2a7b8830fed146a6efe8817b9a	yes	3ab088a26662bca561e17a9b32366371	77fc7dfb4164611770042c723d5a44ffd8745ecd6ed8e2f6dca5b7e7ded6247b	77fc7dfb4164611770042c723d5a44ffd8745ecd6ed8e2f6dca5b7e7ded6247b	892a7899ce46049eb9a2d32c99c0baadfc5a6d2aa572c2408c308d99dd84033b	90a1f817e67e0a636805ff529e2a47f2a4e46f0e996e539c959a4dacb31918c0
c1b0a55904a5406b0c91b0675ed34c6a	megadrive	Thunder Fox	megadrive	Thunder Fox	3	741b8fbe2646ac57ca7388f58defc991	yes	c1b0a55904a5406b0c91b0675ed34c6a	fe3816676a507c44d799e4ba5d645680ce6c0c14a60e94bd64be75926aebdddc	fe3816676a507c44d799e4ba5d645680ce6c0c14a60e94bd64be75926aebdddc	94dc9ba3c69d8f42ca158aee167cbc9abf1da8b56ad434876e16d4d759a19640	3a6c645992ce9d44856f997a1854aadd69ee2855a90e42f593ec1c92638ca58c
af3e27d1c2f6ee9afc6357accb45d1cc	megadrive	Time Killers	megadrive	Time Killers	3	77dd3ff95a47ea322ff7f9ccb3cec35e	yes	af3e27d1c2f6ee9afc6357accb45d1cc	f2aa4460f1c4783771b49f84182527ac84c2b9fdeda85c6119226dc53cc2cbf6	f2aa4460f1c4783771b49f84182527ac84c2b9fdeda85c6119226dc53cc2cbf6	2a9fd0088195551cc0e3ee69fe17aaecd1d5e97b83b0ac1214d7c397d4243f2d	f5245bad66d970aa56b8f2be4bc687c1fe5309f934bd88424a6dadd1fbdead5e
e46890f5377ecc774e1cb3ff3c2af19c	megadrive	TinHead	megadrive	TinHead	3	a0d1e58c86228f136ed99c7ccf369acd	yes	e46890f5377ecc774e1cb3ff3c2af19c	2f487d05956f0750f0e818cb30ef70da0eb33a5bbe70dc81ffc442317575b1a5	2f487d05956f0750f0e818cb30ef70da0eb33a5bbe70dc81ffc442317575b1a5	60f706f12866537da9491217989378b09a4400c67289d88bc38e20243a07cb7a	b51af1ddb9fcf6059966b64263b65cf6301add351fda98addd3ab46739bd9c74
e616acccfd11bc254576eb308213fb03	megadrive	Tintin Au Tibet	megadrivebr	Tintin in Tibet	3	81d662a787aa6d115d4972a5ee4c6803	yes	e616acccfd11bc254576eb308213fb03	9621d080f5d164688ff6171df4b45147b45e5e76bde1b9a16f3f74d8bf757bcc	9621d080f5d164688ff6171df4b45147b45e5e76bde1b9a16f3f74d8bf757bcc	8ba892bc4ec68d9e8fe7161256bf85b1dcce51791ec9a1ba3ec8ec98db8710a3	01e19c6327e066e96bb843b26d8a969425939dc4542c277a8f3cfbc968b4cbbc
978b8dbbfa45ddcd2c5669319a283d05	megadrive	Tiny Toon Adventures : Acme All-Stars	megadrive	Tiny Toon Adventures : Acme All-Stars	3	724ec698f08d631b2aaa2f977c1b023a	yes	978b8dbbfa45ddcd2c5669319a283d05	cda88f0e40e707678b2294f9a62ab4433cfe1432a659972a6957f643c40aa3ea	cda88f0e40e707678b2294f9a62ab4433cfe1432a659972a6957f643c40aa3ea	5c9367824d11e7786d17967c1e5b84ffcac93d14ed346340bebcd229a8739ea2	422507576807bafe2eb2b0d26c7f2908fbc2a5e5dec3428cb71c111745b60f21
156b5877a0450103e0c65ad38991a219	megadrive	Tiny Toon Adventures : Buster's Hidden Treasure	megadrive	Tiny Toon Adventures : Buster's Hidden Treasure	3	7d8994bf62e7c1e6f27262ddafc41335	yes	156b5877a0450103e0c65ad38991a219	88ddd74c83f18b8848e301974328f813cb13b9f07ddf7d252870c710ab13888f	88ddd74c83f18b8848e301974328f813cb13b9f07ddf7d252870c710ab13888f	837b41fd6ddbdea97a30fe7e4124f3ce0835619c413292fcdbcce0c3f97691ce	02c6fb8c46822b7cdc74658a3f0fdb6e505581bf146068b13073c62e805e7a6d
41fc1ca0553e99f6d0037c3574f305f7	megadrive	TNN Outdoors Bass Tournament '96	megadrive	TNN Outdoors Bass Tournament '96	3	f5ec06d4f6655d7e44f0d593f259e1fa	yes	41fc1ca0553e99f6d0037c3574f305f7	638c3583a4b39a174528df777126c63b7ad626913edfe0385960cb0cd2c29e5f	638c3583a4b39a174528df777126c63b7ad626913edfe0385960cb0cd2c29e5f	f47cae9d64320be9496626be8e2ee8746bb30b986c5111d6ac5be0efae8eae0f	3f4a058822aa34d6188c72536df4b2139bb875ea033f33d7e4f3838004ff5458
028df1011c22a9b77906b70db6bdea2d	megadrive	Todd's Adventures in Slime World	megadrive	Todd's Adventures in Slime World	3	a8a95ad9116dba5538806b928276957d	yes	028df1011c22a9b77906b70db6bdea2d	7a9b75ab5424b0ac6ff0714c86875af007d1f97ff3934a07ea14f3dd053c7136	7a9b75ab5424b0ac6ff0714c86875af007d1f97ff3934a07ea14f3dd053c7136	8f24800614700fa0e2147c274c22d366dd49cfd37ddf4713fc1d36bff23c372c	4abb7ccc0c5f299fe3849b13d90870080db1707646998631f07a9929176e5df4
5677748ae5ea67d34998d62541682918	megadrive	ToeJam & Earl	megadrivebr	ToeJam & Earl	3	32a3915a8cc4590db5be0b7c184e833f	yes	5677748ae5ea67d34998d62541682918	2b7eddcce1a5bb483b348f27e0d8fab62adab669a3ea0744939e79fb5b4c21e0	2b7eddcce1a5bb483b348f27e0d8fab62adab669a3ea0744939e79fb5b4c21e0	842a7b7ed1966a71165a6e3bc92d810fd5e4fa6afa67c82e60c46668d6aabe6f	56c706a06e292a25f97da018dff7ca13e09414067c73a33e2c443fb5aff8bb8b
62b23c5b717d3c2a56b6cb1a018ec352	megadrive	ToeJam & Earl in Panic on Funkotron	megadrive	ToeJam & Earl in Panic on Funkotron	3	c1085ade26101ae447786788fd36aa03	yes	62b23c5b717d3c2a56b6cb1a018ec352	be2b2e064be88a3368b799e1de3f26ecc50beaa96d5d1d54f980471b0e7b8dfc	be2b2e064be88a3368b799e1de3f26ecc50beaa96d5d1d54f980471b0e7b8dfc	93e6a37b70738674bc9794f96e2f450e7ffda8430c056b84824104b86cba61c4	ccdfdb61bd14698c681baf1f98125c2d070a231f2a3a906778c541e8f94ca509
9228119bdab5158b1623c975e021ab71	megadrive	Toki : Going Ape Spit	megadrivebr	JuJu Densetsu	3	5485d5ac9795189b371c379d71920d8f	yes	9228119bdab5158b1623c975e021ab71	a88540bcf8cbc01e2919079784f9b88708e4cfa515fb6a9070a5e2d2c1b467c1	a88540bcf8cbc01e2919079784f9b88708e4cfa515fb6a9070a5e2d2c1b467c1	2e46a5763ac60dd445a8f82a51b4c87529f00f05672f6fdf035b608dbdae07e0	d04e47d5f3c5415ae01295c59c41bd104d2ce68f114fb92d461ce809085cd06a
cc045186b2b2e8e612d93d35a51b072a	megadrive	Toki : Going Ape Spit	megadrivebr	Judge Dredd	3	863551cd6d3f97f9cf88058d62195d4f	yes	cc045186b2b2e8e612d93d35a51b072a	f547f08f78d32c6f9542b243ca8eee04824b50373812c366f6c3d2e85b8c8c9a	f547f08f78d32c6f9542b243ca8eee04824b50373812c366f6c3d2e85b8c8c9a	675091ae12c749dc02a5c2c5318f2423f65d74aac8df59dceb41833360ef4947	83d15424eb05d751e68b25052b5f8ac6b7d2e9a06ea80611837cd728873adde5
77076906add93b1f0721a70c889b1681	megadrive	Tommy Lasorda Baseball	megadrive	Tommy Lasorda Baseball	3	fb7f6d4be7bedae759b1bbe472f8f75e	yes	77076906add93b1f0721a70c889b1681	30bc2f94d40899a2bdc4f4d546a831c6fbc10adced67a6eb664ed50da6014462	30bc2f94d40899a2bdc4f4d546a831c6fbc10adced67a6eb664ed50da6014462	b0de730645b7c0c8549bf0923f9b539061c05499a2ad4f45402d98c290091543	044eedb9ef25dae5d2f5ff47f464a82de2de5ead3e76a7112e046745e3da87e6
98b5d68ec8615ce10c078917365f0dbd	megadrive	Tony La Russa Baseball	megadrive	Tony La Russa Baseball	3	15f0d5cfa2b0599a6d2c847ed3caf142	yes	98b5d68ec8615ce10c078917365f0dbd	7468e16706745f9fb9c4f8a561e00809bcda4797d00ed6bd3124b45d41f6e1fe	7468e16706745f9fb9c4f8a561e00809bcda4797d00ed6bd3124b45d41f6e1fe	453464e5ca4e51441f3ddf68e41dcf7185ac351f9b5c2775a31580399e6ac8f2	4bfe1827f2e738029c090b31f271ba4c11a460a548c4030165df14f90dce4f16
2ad7e4a11f777c95c46c91508631e594	megadrive	Top Gear 2	megadrive	Top Gear 2	3	35bd4c184392de72a5cfd5e2c650b0a2	yes	2ad7e4a11f777c95c46c91508631e594	d9ae0b12aed67d340a968ed24504c19ba20208f9129a1ff26f7f7300ae1bfdfd	d9ae0b12aed67d340a968ed24504c19ba20208f9129a1ff26f7f7300ae1bfdfd	83a415ad7bff0893a55fde8c7c0215c8ebb49a63c9e0109a31b006fb26e69615	c0eab557afda5438a1dd39edf1ef072170bf1ff425859c598ca6cec825606d5c
bf3f2f917acd28bb92a4ba0216a16cb3	megadrive	Total Football	megadrive	Total Football	3	337950b5390ff4f587028d9b5363bd3a	yes	bf3f2f917acd28bb92a4ba0216a16cb3	93b083b65e5039b313b697c76d8560ddd29e6d662e6c15fe9259e4d0f401b42e	93b083b65e5039b313b697c76d8560ddd29e6d662e6c15fe9259e4d0f401b42e	923ad60edfc208c59c41b828dee63c1549c2b395da102020338c6dd5eb6f1a27	c6a212e374a71e580174cf39ab0692701fc2e6fe0dbf2782941d42a255d6f31b
b945db7e9cb37e628beaf5b5ab9ba1bb	megadrive	Toughman Contest	megadrive	Toughman Contest	3	469ff0d2000b99fd218fe652fd75384f	yes	b945db7e9cb37e628beaf5b5ab9ba1bb	48c241c4dd17b13cb79e6e9d947471e520b5e00c71c871bb95819e2cb2e4c68c	48c241c4dd17b13cb79e6e9d947471e520b5e00c71c871bb95819e2cb2e4c68c	87466517b7016d739faf98bace77caab89c56b822f7f0519168a994bd312e1a3	f5d9e5f880239ea7f2fd16011775104cd4c330a4ac4dd047d45b955b5fcb0241
d81d18146d69b48941b9cc9ad5aa041a	megadrive	Toxic Crusaders	megadrive	Toxic Crusaders	3	81f19456a95bbc2e71d0ca3490e553f1	yes	d81d18146d69b48941b9cc9ad5aa041a	c971ebe494dcb0b24e14aff35b4f71bc80f1b97a2bb2b3d3279a142d9f221795	c971ebe494dcb0b24e14aff35b4f71bc80f1b97a2bb2b3d3279a142d9f221795	90fe6c80737e6a8272c3cc924e3c41a67ceae95709e23cdca52c4bb5fd81716e	2b1365a665657e9376001a54f4b3942cb8fdfbc460e3889e8a32c255a70bca35
693af366d57e9dbfae87a54a5cf0c1da	megadrive	Toy Story	megadrive	Toy Story	3	8ba26b20e4179857388de1a32c43d323	yes	693af366d57e9dbfae87a54a5cf0c1da	1f8f793bca14632cceedce9cb7eefd8b7b9d420b87c010cdfada93fcc955cd6c	1f8f793bca14632cceedce9cb7eefd8b7b9d420b87c010cdfada93fcc955cd6c	7b78d2a6bcd5125a63727b3fb5a62566cd1e1ff2ecd29c1092927732625a693f	8679b5a991cfe592247581ba51694e03d9318552797e988345e5507bedef6629
9f7ef74a2b1fdc53482273dfe5159af5	megadrive	Toys	megadrive	Toys	3	d5020bc37da8f367d4b9ca60f39f97b6	yes	9f7ef74a2b1fdc53482273dfe5159af5	921bac934b577a33f8b654d2002ee11a1640beaa4f70318448637c4cdf404c76	921bac934b577a33f8b654d2002ee11a1640beaa4f70318448637c4cdf404c76	6c3a26660482af4f495d84c7ba04e68cb5b402a8467da1917c3afae6516c2b14	b6ee1f5f136a84949ca0f22e1a0f83c210e1eda06aa6a49701cd9b5cedf31375
08c5de939b66f2b7881b3b96e20d1d33	megadrive	Trampoline Terror!	megadrive	Trampoline Terror!	3	fa55368e146dc2f9cf3a4de44c21e975	yes	08c5de939b66f2b7881b3b96e20d1d33	c71b81f160069d7486c648c05f7d18585241e699bde9b6210ad0019b0d6812be	c71b81f160069d7486c648c05f7d18585241e699bde9b6210ad0019b0d6812be	6abe067105de6f9dc6bb782dba2cee379a45d0bf7b54e09a8c231db7e06b59a4	0b4225ba0cfc684f5c9aae4360dbb673ec5051f81926bd8d752c1a96c85f25f3
8cf04dd602249d457aee0374c59c5fa6	megadrive	Traysia	megadrive	Traysia	3	79b7f9a4662fe2b7798d84df177cf574	yes	8cf04dd602249d457aee0374c59c5fa6	54f80f6c8d14a92375f0f102d1e043695d1b2e22577caf8fa02c1f6478c27dcd	54f80f6c8d14a92375f0f102d1e043695d1b2e22577caf8fa02c1f6478c27dcd	b780256381cffd6b79ca509bb2072c3c4a93c6ea032bcd9a0675a1af86729af3	ec4355674b0f56060c24bb80b50c6d5104fea36bc6dd6184038becabab2e6220
1b6c2acd6b1bdf7eb812d879b141df73	megadrive	Triple Play 96	megadrive	Triple Play 96	3	c40b3cbbe2ff4782f5a8b2b031e71958	yes	1b6c2acd6b1bdf7eb812d879b141df73	1ac1cc576e99f5ab7cb35fd723233ff1885c76b2a99c05effd890e1c7c171716	1ac1cc576e99f5ab7cb35fd723233ff1885c76b2a99c05effd890e1c7c171716	c17666385dad41975cf73e4b49435472819ca095e2e1e4b937edaa4e6dfd2b16	a847adf45397d9fbdb75cce148490d97247cbc2bc536a2c0310a7e20729ef161
70ba638f42ab15eabc7fbd8c7f866c6b	megadrive	Triple Play : Gold Edition	megadrive	Triple Play : Gold Edition	3	d71a89664a3b9899f06d5e35ba7b9791	yes	70ba638f42ab15eabc7fbd8c7f866c6b	b60ec64322128cbc22b38bd29ad23a0f539d124eaa29f4939004df70f5125047	b60ec64322128cbc22b38bd29ad23a0f539d124eaa29f4939004df70f5125047	c3ff1458b588a86588e09fe7996660dd8272d7efae55aa09ca5e58de418e497f	86709fff57b404406b1efec3426cdfc71b11ea074fdba0760a43b2e449a51a5e
b76049161a8faed600fba37951642f54	megadrive	Trouble Shooter	megadrive	Trouble Shooter	3	b0501fd9e50dfd5574a5ee99cd891fec	yes	b76049161a8faed600fba37951642f54	a164742f1442c2409f52dc1de613f4dfdaca27e7709f7a7dcb0efc139228fbb8	a164742f1442c2409f52dc1de613f4dfdaca27e7709f7a7dcb0efc139228fbb8	83b84f64d8b4ac3738501e7d0815c500557c8d71b4fab73f68cac25bad0000d1	26ed6a170a87281b44734e885637337001f1e443086ef42b0e050c16564eda09
f5dfd13b32b620406711cc12d88bb026	megadrive	Troy Aikman NFL Football	megadrive	Troy Aikman NFL Football	3	b0d133a0c52e77cd92901a4c06b3d45e	yes	f5dfd13b32b620406711cc12d88bb026	aa36874b4e3eea059a0e9bdc274feea4b5c824fd066668212dee5f744071a9c7	aa36874b4e3eea059a0e9bdc274feea4b5c824fd066668212dee5f744071a9c7	beaead99891e2519ce178cdc053d19412a19535e138ff6a281e3ea12e2c41c92	4dc25cdd1db7a0878f38cbbd169b66e299a7cca528931ea1612f65d4194c81cc
659f029b92d4a4a464600f8fd9f0d764	megadrive	True Lies	megadrive	True Lies	3	3c3c5f4518ddd27b780d59c846bcb367	yes	659f029b92d4a4a464600f8fd9f0d764	7a18ff9fec647be91e655bf368ca6faf29e879b9cebd001d99d39d9b82d37e90	7a18ff9fec647be91e655bf368ca6faf29e879b9cebd001d99d39d9b82d37e90	cd6c1a6a452ed2da81fcfa270547ea24fd5854dad8cf9b09208277914d0d477f	9f948e6e22f4a4894c98cadf2670ddddb64bba4cd48e1497b49ee57434a1bedd
adedcac6976b763b7661faa35d6bbf80	megadrive	Truxton	megadrivebr	Truxton	3	94b1c4e54fdcd3a7a6ef0626ae927880	yes	adedcac6976b763b7661faa35d6bbf80	263272b306a4f3fa5d8f42c2c917c7dece4d92e23cc62c997e1913bd03656ee5	263272b306a4f3fa5d8f42c2c917c7dece4d92e23cc62c997e1913bd03656ee5	58bced91772cd78b169f7fb030b1b422ee12adc3e0568459fcaefca03ede7887	c55a928e2721234fe7bf7b7dea2c9ab1ba5e1a3ff414c18f4aa6d65ef9c8af72
b2c1346f86c6bc546521849213a81bc2	megadrive	Turma da Mônica na Terra dos Monstros	megadrivebr	Turma da Mônica na Terra dos Monstros	3	c357be133a527e56a35af33ccb57b385	yes	b2c1346f86c6bc546521849213a81bc2	a057e42254fc88eaa467edaebea283b7543f1a629b3d79e1eedf7fef5f816f96	a057e42254fc88eaa467edaebea283b7543f1a629b3d79e1eedf7fef5f816f96	bdc64d774cc8a953a0f82992b36bfd49e813812ff17d8b2fd06f0126635406ef	15d8adf2a372275a2ca10e8a204cee6ba6675540541737d0cb44c7feb0f503d2
5fae77cfaf465925f986a1ce1f9a07b8	megadrive	Twin Cobra : Desert Attack Helicopter	megadrive	Twin Cobra : Desert Attack Helicopter	3	b987c873d991cbdef78af9015c8a38a7	yes	5fae77cfaf465925f986a1ce1f9a07b8	f16c5d85a412029d13f73e877123426d58fef2e43a7c4c294ee3742817633aac	f16c5d85a412029d13f73e877123426d58fef2e43a7c4c294ee3742817633aac	64989fa72747f6fe56dbd3da9ec6314f76d8a8c57ea3e6f15a490cc0489f60ae	8b4d8393dd0ddc36e79f5d1f01d105d3200541999aed0168c6050e28d84b79ba
4af0eda11d0b8cd43fbd4e554b4f1ae6	megadrive	Two Crude Dudes	megadrive	Two Crude Dudes	3	e421e05b0e790ffdbf24697a5bc56e12	yes	4af0eda11d0b8cd43fbd4e554b4f1ae6	9864841e0be1cc3e370282fcd706d40d42c41e13460b68537b5179072d9ed4d3	9864841e0be1cc3e370282fcd706d40d42c41e13460b68537b5179072d9ed4d3	b8d808839ff45848f1a31560ac04359a1f17cc083566fb791ab6558951b798dd	3e969ffcfa18d88617f3208303f534ddcb3dd9c9f4848f8f920a2bc5a21d9529
0e14bcf20fee77acfec87ea794d3afa8	megadrive	Two Tribes : Populous II	megadrive	Two Tribes : Populous II	3	8af6afba594f1e86a47b670410bfb02d	yes	0e14bcf20fee77acfec87ea794d3afa8	9bfa1f15880c79c8a816c518c93d739a82933677b4e1624f2fe900b9616b5796	9bfa1f15880c79c8a816c518c93d739a82933677b4e1624f2fe900b9616b5796	ddd3b08555e14b803dfe65f3533881eeb82af2457f3338c58d2d3996fcb65d1e	ca127c770637fa7e355ce839d578353540a9be95115d1771dffd00ca2b0eef08
ab5d5836fd69e9869e918e1df0372e44	megadrive	Tyrants : Fight through Time	megadrive	Tyrants : Fight through Time	3	a64cbf597a4b85082fc711bce4c3f77d	yes	ab5d5836fd69e9869e918e1df0372e44	2ae9b7a09da7f59da877fdf17d4c864f2b9195f021873f17aa2b82303e3e09c8	2ae9b7a09da7f59da877fdf17d4c864f2b9195f021873f17aa2b82303e3e09c8	e5e4b9adf78c9689d3697f3849b77adc2c450fce1ae736fbef08201243fbcfd1	4d5fdb38b9140810cbb8e33ab55d0a518cae54388faad8318c401d9a32d92cd3
97baab83534ead2643fa7fa7ca1cd703	megadrive	Uncharted Waters	megadrive	Uncharted Waters	3	4426815cd118b9631d8d2b92366898f2	yes	97baab83534ead2643fa7fa7ca1cd703	aeab18aa3964efc6199e2a98712d3222fe7a7a2d97ee24e13322ae1b08a9a551	aeab18aa3964efc6199e2a98712d3222fe7a7a2d97ee24e13322ae1b08a9a551	0afe8bd32396b5a0f9d9bab3f25c88639d330ba6e5536a6cacfb6f411871c8d1	6cde6f1cc34be86d0a1a7e8adef70df1b2f20e57bb0edc8aa1feabdf8b5b7ddb
bf7e5c101bae97e802a38fc39803616e	megadrive	Unnecessary Roughness '95	megadrive	Unnecessary Roughness '95	3	6a0c0a01c9780ad8885cea5d538cf60e	yes	bf7e5c101bae97e802a38fc39803616e	937da840631d68aacad33a5867d2f61ac953797d858261cfc33d0b8ab9beaa4d	937da840631d68aacad33a5867d2f61ac953797d858261cfc33d0b8ab9beaa4d	9dda037238c4db82f62c1e8651c87638e16b04ec9991e0a63e1418a50409d5b7	620cbbf70769fb5db74145b184f00fc451ea8a747e2547b11b6cad7d1ba49d9f
93db858564468762c21959f382126461	megadrive	Urban Strike	megadrive	Urban Strike	3	02c28221c1f0c2fea07561b7dcd25f12	yes	93db858564468762c21959f382126461	dae50b307725df0742088b01b851bd8d5d6dbe0c88168b56c547cb1d415d14e5	dae50b307725df0742088b01b851bd8d5d6dbe0c88168b56c547cb1d415d14e5	0f5e1e17879c4e9ed58de4302c6dce900cd5c4fdda05be8035271f4fc318c6d4	1965cbff12c7104a1f7ce0b2c550051a775a67ec47e1b390a470e4d9e71d7f2c
25f58946d0dd7ca194de9ff5fcba1482	megadrive	Valis	megadrivebr	Valis	3	c0ddc2084dbbffa2a80048efca411127	yes	25f58946d0dd7ca194de9ff5fcba1482	91bf939b6cffae602f1cc2dad3693e356a62672213b174d5d8c5bde080843948	91bf939b6cffae602f1cc2dad3693e356a62672213b174d5d8c5bde080843948	5ea15cd0210c73f2dda56ad746789570e31dfd558984e807a2e07966b514065e	573c16796003933a8a06a9c4b3298b101adbccfea42629443f1e6625382f543e
2d8a2d158f103c4d0343ae636093f141	megadrive	Valis	megadrive	Valis	3	60c1feeab37918114ee53e96fc675b08	yes	2d8a2d158f103c4d0343ae636093f141	77763f335f15f28a788ebf6af16f0cb2509969f32c83e42b6f180b61cad7fb00	77763f335f15f28a788ebf6af16f0cb2509969f32c83e42b6f180b61cad7fb00	8b5251839a0596c745707498830da0a1e3d7d2fc20cb18228b6d7cbd439f6893	a3d35e80d886f299df2399f4faae04afea5e6aa1da9f6de3efb080d797bda9d2
9c95915b41c1d68012959a2f8641a82b	megadrive	Valis III	megadrive	Valis III	3	eba2980f7e4537cba4ff0b1fc11bd898	yes	9c95915b41c1d68012959a2f8641a82b	fa5ef8a52bc8d3356298b1db8b3a0a94a30af89b0514d782f7001d05ddf774b5	fa5ef8a52bc8d3356298b1db8b3a0a94a30af89b0514d782f7001d05ddf774b5	216ab2438bb6bc71aecb853f41df28fd709ddd0eb7576983b05efc52cae77daa	1e074c45385c380cb74b8ef4a3b9e2e3fdbda2a2567dfbca3385351bd454096a
bdddd945349697182fc997e7d848e378	megadrive	Valis III	megadrivebr	Valis III	3	4db5da3d7dd06eb5dd887a09d6c818bf	yes	bdddd945349697182fc997e7d848e378	885d01b8bf45a181c4bca12b5a51d53c09a2f4cfe4a1d5616cc742e1ff7eb775	885d01b8bf45a181c4bca12b5a51d53c09a2f4cfe4a1d5616cc742e1ff7eb775	7f738fa6c19b139827fe1f1c310d010a0a9c0aec5f7cb25e130668a91508a8f8	6936573437fdd4b9e81b8559420cd78dc07c8a337fad0ae927938269b75667d1
4a431cf9c71e8445414dedb0603d1bfd	megadrive	Vapor Trail	megadrive	Vapor Trail	3	af5d35463586bfe1026cbfbb8b30b29d	yes	4a431cf9c71e8445414dedb0603d1bfd	5ebf6d05027aa0456959b2545300aa71a250e3a1b55165eb33f27f569f8aa3c7	5ebf6d05027aa0456959b2545300aa71a250e3a1b55165eb33f27f569f8aa3c7	b106ee6eb0b351815f97c9f1708f64e27de353049d93566d273020a1e8c2b708	7ea01be49a5a3344ea60db8550bf59b029b5455ed7fd2c7ad25b880751cd5717
a87785e2b120802349c244b78dfa9b54	megadrive	Vectorman	megadrive	Vectorman	3	607d6b80a6a01079f0a867265afa1d85	yes	a87785e2b120802349c244b78dfa9b54	f1ef23cc76b5e9270d7df9db6f1116699ef765118b10d41795ed2c717d74813e	f1ef23cc76b5e9270d7df9db6f1116699ef765118b10d41795ed2c717d74813e	b35c22b4c2d16606c00d91f662c4b2151e05909969a9e9ea1b1ac79d494156a5	eacd5f62b27b82af7048d44990f3c8d2e9090252dec1a9dabd77065b6166afc8
81716f81b9bf890f8b49313e06c43817	megadrive	Vectorman 2	megadrive	Vectorman 2	3	cfd482079ccef20eab8d1d07f7ae40e0	yes	81716f81b9bf890f8b49313e06c43817	5a44da3385b4a8a47d7cdae40b6ef41d1fd4eced8ac1c9e4e39af2362a9a9b64	5a44da3385b4a8a47d7cdae40b6ef41d1fd4eced8ac1c9e4e39af2362a9a9b64	ec1084e33503a92759e3f8a0330a39dfe2a87fe742f4e2ab7a18ba07ac0b6a8a	deb3434cb100faefa08f0ebca08a7e1f009d027a223f620419fb40921ff2c34f
a04a18167d06ad03608d6065f0076f6a	megadrive	Vectorman 2	megadrivebr	Vectorman 2	3	df9cc97a057c4c7003624c421252e34e	yes	a04a18167d06ad03608d6065f0076f6a	65db5e947b9926c581d5b9649632c8cdc6803c1c67ede4a39df1c4e1b0353bd9	65db5e947b9926c581d5b9649632c8cdc6803c1c67ede4a39df1c4e1b0353bd9	d7170ed8e96c33a60de56764d7cf3e48de4d3b37464a280a0d6b8f13c67d6ee7	1bb3b2c94de723258cea80d953fcc2863d90f1b3e76f3a2c3d7a3347eaed256e
3e6edd366c1d6b76c904f918ed85003a	megadrive	Viewpoint	megadrive	Viewpoint	3	9fba9ae1a3c1da2e80d12dd9ddeb0449	yes	3e6edd366c1d6b76c904f918ed85003a	5c3aea45c434d0659b8c9b269cf9ede7d4e43949360eeafffed44f0d7b5eef05	5c3aea45c434d0659b8c9b269cf9ede7d4e43949360eeafffed44f0d7b5eef05	80c343c5b8e3eed74673cf00e2791593e0afade60434cf86d23dcdcc0386229c	6dee8d623d1c08f254263f5e1f869f74ee878724f9d4e226094c50dc6a029564
f02ca6a3cae15d322893c95da9641adb	megadrive	Virtua Fighter 2	megadrive	Virtua Fighter 2	3	a111e623c16dd0760da9a77f8a2aff14	yes	f02ca6a3cae15d322893c95da9641adb	0b128db4cf4420dc686066bf8193e40103c3b5759b003c3e3b7fd83c2862a1e7	0b128db4cf4420dc686066bf8193e40103c3b5759b003c3e3b7fd83c2862a1e7	ce71b2b22d7cf62ac024314a1413635d4128133728d40febf9e9c634e03dea7c	63b9921ec20bbb4313af0fb1fb117378a047a7c1affe6663eb9c1a3b5ec48695
9d413324a249c2cc77f6b9052bac6e5d	megadrive	Virtua Racing	megadrive	Virtua Racing	3	a0027c382286005fac3fc193ccb47924	yes	9d413324a249c2cc77f6b9052bac6e5d	d880e29afd4882b6042abb5b11f73cc15c7ac66baa4e585a473aceb2783acfd8	d880e29afd4882b6042abb5b11f73cc15c7ac66baa4e585a473aceb2783acfd8	20a80a4eb3b27df0e4a8f0c9bfde674ae7d215747cbc2da5cd7e6dd54b80e8ce	d4f386d110df323a51b1df8c93cc58d94141acc479332804149495b79742caa4
154023ee023fcf84c5f6a7521b261c01	megadrive	Virtual Bart	megadrive	Virtual Bart	3	dc95abd5db134ac5b95b81484692e3cc	yes	154023ee023fcf84c5f6a7521b261c01	8f2351dbef4286fbbd120acc7bff67a12ce327e71e204a69dfc4adca839fcae5	8f2351dbef4286fbbd120acc7bff67a12ce327e71e204a69dfc4adca839fcae5	fb3bde0589d9e1c02941699855e22e115d774ad6b4b0a3a9efe9bf9aa0d9fb4f	209f4298d30451d9d1fd134230af314a51f698222d58efb6048f795ea63b215d
9b5ae47f8f21202a5b0298d4c1ecc80d	megadrive	Virtual Pinball	megadrive	Virtual Pinball	3	161418937dd320a9891814113805a274	yes	9b5ae47f8f21202a5b0298d4c1ecc80d	289a98d3731630b3b98237ebde79fe37e92e28d6087093398fc241c238d3ca22	289a98d3731630b3b98237ebde79fe37e92e28d6087093398fc241c238d3ca22	6819b70d8861d062f8df5ed4989902fa531900d13db58b245b973cd1295eb501	880b3b0b865de60bc780438af0c9c66f9a6f4bf9619bfada6d2b4e1135dd879d
4b6dce7c56006a6a7dd6e8262ce4197d	megadrive	VR Troopers	megadrive	VR Troopers	3	3d8068bea1c38904eb35eb096658f670	yes	4b6dce7c56006a6a7dd6e8262ce4197d	19adf71cb2c1b8c2d7c18715cafa4f0080071f0ae41a6b4241b8d61053354c86	19adf71cb2c1b8c2d7c18715cafa4f0080071f0ae41a6b4241b8d61053354c86	38768cd30bb057ca6de29cbc8405d84a340e37f9941763510dd22c105ca8497c	0827d327e0494dbb2a8134cf05d46ae7fa32572335f127ea4f19f40a547b40eb
a7de1831660e8f23a90b99058045f7f3	megadrive	Wacky Worlds Creativity Studio	megadrive	Wacky Worlds Creativity Studio	3	5b5d77bec6ed69313dea9bd8f449b72d	yes	a7de1831660e8f23a90b99058045f7f3	e3f83125c8a8aa581a7ec063eaa4d7906bf4d3512993ceb3c7ed187ddadf583e	e3f83125c8a8aa581a7ec063eaa4d7906bf4d3512993ceb3c7ed187ddadf583e	666e04e91fc7e2b4edd7cbaf5b6faed49977c1b3d9f200c3ab6b3b0c23c060fc	206486f064289739b566edcebf2ff8b2637f868033737631a33fc33e7ad37eba
65107906e66eae736946eeee1883cbce	megadrive	Wardner	megadrive	Wardner	3	07e43be7f6a4fceb83614357a2276058	yes	65107906e66eae736946eeee1883cbce	810fe0a18ab86df6ab632443c1158f9b2b7079bf2226435dd800a4e3e752cc41	810fe0a18ab86df6ab632443c1158f9b2b7079bf2226435dd800a4e3e752cc41	874451beecfd7f659efe5190c9f850f9e4584d0845d6b2a973658786e03e4814	b33609415b3c4821bc548c363a89c71da89a6c819ad256e64b23b65078d7c47b
bc10bc830a6b859dba416ea18d3c49ba	megadrive	Warlock	megadrive	Warlock	3	6edbdbded03fcd078c5ee833e8d05dfb	yes	bc10bc830a6b859dba416ea18d3c49ba	e645ea06b8ae353f78012bc84a73c967177b40ace5e3f311962c7290b245947d	e645ea06b8ae353f78012bc84a73c967177b40ace5e3f311962c7290b245947d	39e4d4c1dc86085105ab6da01c34e56d36ed03a1fe9767b25eab4fd52249e1ec	97b10e3f8178e8031a7c16a5395c0159cce304020ef2922b13f658e593d026a7
8c75a6183c369885514bae8d19dfbaf7	megadrive	Warrior of Rome	megadrive	Warrior of Rome	3	e3c9c9ef9b315b2b4e42fc83d8506e57	yes	8c75a6183c369885514bae8d19dfbaf7	0161e7fd8e99b90aa5670dd272b109233a7623135905d6ec8f8dd2ac76585844	0161e7fd8e99b90aa5670dd272b109233a7623135905d6ec8f8dd2ac76585844	6babdb633334ca410ba94d8c4e435855142002c65a7c83940d1e5699aa8a79bf	3de23ab0b28a4d3019431b13572da3f04c07fe4b659bdbfbb3fa00026739366e
4f4ad76211aa26d7c829eb756c365278	megadrive	Warrior of Rome II	megadrive	Warrior of Rome II	3	fde38d9702b1c432a461c333f47cc23f	yes	4f4ad76211aa26d7c829eb756c365278	cb735f559768d0703e896279b233386cfb917aa82e3a116543545b9cb6baf7e4	cb735f559768d0703e896279b233386cfb917aa82e3a116543545b9cb6baf7e4	d7e639ae34c5d0531820424b19f60b6fbdaf2958b73adeed8cef4b1b068c736e	c685264d0975c53c48802c55436c283d1c428f12987f894e6e1a88aeeeac56e5
6650b59f07d5a7687b8108cb328813e2	megadrive	Warsong	megadrive	Warsong	3	7f2796833efd80f5d41b9e629a9e89ad	yes	6650b59f07d5a7687b8108cb328813e2	f2b556fa64dbaa625b9253c1335b220626a4de0b12b41f8662172e16f171116e	f2b556fa64dbaa625b9253c1335b220626a4de0b12b41f8662172e16f171116e	20aa99a79965f7f2cda8ecb7cec306e62d3d34c86838491c2d8f0176f4f6472a	23d7de9afe88940613224359aa3868d403240a1cf510752aba3d478974605634
788f4df7049bc1ac5dbfbad495278b8e	megadrive	Warsong	megadrivebr	Warsong	3	daa130bdc90a3f4f16d6076ee5b9ba7b	yes	788f4df7049bc1ac5dbfbad495278b8e	6db1f7e735dc0df2a6df98a5ecb2f2a12e38d27b07630aab5e8e91bd95cebee7	6db1f7e735dc0df2a6df98a5ecb2f2a12e38d27b07630aab5e8e91bd95cebee7	f4ae3984c9dd85e8b8be07bbc67b47fe88208c7ed91a4a8a45eaede5abaa8c14	c9081430864d4e7eebb6f14d00f1925e1c2c84d9750c5f060a74dfaf4195ea46
0ca3d03d4834e48d5d58b2b44934f6d3	megadrive	Wayne Gretzky and the NHLPA All-Stars	megadrive	Wayne Gretzky and the NHLPA All-Stars	3	c46efeb6b7abd3b75faa7ef828f30c1d	yes	0ca3d03d4834e48d5d58b2b44934f6d3	8457badeff2f698d719b5eda728612ef8b61a27884613529b706e24568fcf319	8457badeff2f698d719b5eda728612ef8b61a27884613529b706e24568fcf319	028214ca4865af0854eca992a241c934e58b9052552894979332ced294b71339	2f97d48657a1266423d7a632b5e93970534174fcf74171e0d7bcc0380495fc86
3f1f33542f2752f25fae9095d70178f5	megadrive	Wayne's World	megadrive	Wayne's World	3	8b3db5e3fa5d3a6c60403057954cbf41	yes	3f1f33542f2752f25fae9095d70178f5	75dc0f621f42304094091d0a4afd15b6d589dc315914d2df91e9464361c75359	75dc0f621f42304094091d0a4afd15b6d589dc315914d2df91e9464361c75359	48277d758182b1ef72bacc8fb3053ef899af5a6ef0afe5091c24520e7ad86d40	7ee73bd45852458fc874f97c235fba1207c3251db4cb9b57c60108618e577138
7edd10985af3cdc79d442fd177b24fd5	megadrive	Wheel of Fortune	megadrive	Wheel of Fortune	3	d01f8690a99a92d86a7588b988a192d3	yes	7edd10985af3cdc79d442fd177b24fd5	5a37519fd9266365df2c41de7a532ba91bd3810c2d09abfb3716636703f1d691	5a37519fd9266365df2c41de7a532ba91bd3810c2d09abfb3716636703f1d691	724d2cd2b1615ec33622b1a9bdfa6afd8222c8f12c23bd9425404668cee0d923	ae036f517496a22d3e158aebd6dc7b436780d3c52968a10963ac320c2dbf0c1a
39f29be4fd185a40ec1dbd72aa2498db	megadrive	Where in the World is Carmen Sandiego?	megadrivebr	Where in the World is Carmen Sandiego?	3	d4a9d6515dee344d2be3534810cd310c	yes	39f29be4fd185a40ec1dbd72aa2498db	021b53c57b14e2262b9aa225f31bd8864a4b54d1a7fc4c5df44c462fdaa66a0c	021b53c57b14e2262b9aa225f31bd8864a4b54d1a7fc4c5df44c462fdaa66a0c	6cea25db762562bc83037fe403216cb633a6763fa824b7dcef780d2f3d8d511e	44971d775a0b8af9b7c23502125e0d83df048cc14108ccc600edb9ab8e1e33ea
aba6d835751fc30a0e11ff686bae318f	megadrive	Where in Time is Carmen Sandiego?	megadrivebr	Where in Time is Carmen Sandiego?	3	b608cca3fe7000da48b26610eb9ee5a5	yes	aba6d835751fc30a0e11ff686bae318f	c51b06b2208cb31feffbe9953334137d67377a7cf296bda6defcb9875919f1d9	c51b06b2208cb31feffbe9953334137d67377a7cf296bda6defcb9875919f1d9	09edde71b0a670f1a5bb621cfe8d542a01d61bb0af8fa3e530de16597ef7ca30	b098b768444b1fcffb0b4cfa58838392a93dcf2a69cfddd2f0d4f99a27f7dfc8
6ad445d3957892e2e8a996e57bce399e	megadrive	Whip Rush	megadrive	Whip Rush	3	2877bfc5a374b5439909ee2121ad7259	yes	6ad445d3957892e2e8a996e57bce399e	42f00f1343759f0474f06cf00899c641ead2f5d004306a3894a8e4ec34764b7c	42f00f1343759f0474f06cf00899c641ead2f5d004306a3894a8e4ec34764b7c	af75b9a18bf4d576e765616220d60f8158c7b802527c8d2e39080ed1ce89e9ae	843895e48588450bc62fb614cbb610ed3fe03c124cc4d0523f39cf6b41a390b1
24032fe011ed2e154fe6f74829b8eeed	megadrive	Williams Arcade's Greatest Hits	megadrive	Williams Arcade's Greatest Hits	3	a23503b200ba797b6071a596419a538c	yes	24032fe011ed2e154fe6f74829b8eeed	822eaa0dc6aacc3031cad88146fae14be1c8dd43243110597cb93ce29553b5f5	822eaa0dc6aacc3031cad88146fae14be1c8dd43243110597cb93ce29553b5f5	821226018593844795809461263279b4609821a1daad5c5ed87271b89cade8cf	916956294868de6206ae5380054adcba040c4996820441a3b572d5b4fb870871
ec6ca719e0e8d90a4178131991ba6e6a	megadrive	Wimbledon Championship Tennis	megadrive	Wimbledon Championship Tennis	3	639056bf39f24755625dcb6d8670dd6e	yes	ec6ca719e0e8d90a4178131991ba6e6a	d2aa8444705f3a04cca485fb405a0c8a1d7e2378c2d8e1fdfdad2733010efd99	d2aa8444705f3a04cca485fb405a0c8a1d7e2378c2d8e1fdfdad2733010efd99	b5e47fe4bad4ff4e962375a62196dfdc587e830e2f3b4059691c0e2ec8df60b0	690d45e2069fbc0e0c2e0bd3786f156bbb655c747c6549a004adfcdeb49f7200
5f90917a1ecca6a9c287b47c7fe57b83	megadrive	Wings of Wor	megadrive	Wings of Wor	3	24100be7f61321617718326fed267cbe	yes	5f90917a1ecca6a9c287b47c7fe57b83	77c643f7ad31e84e3ee8cea00738feb10fd70ac505c4e79e0f2dba19d0d0bfec	77c643f7ad31e84e3ee8cea00738feb10fd70ac505c4e79e0f2dba19d0d0bfec	efe7ab253a57bb32f9fe144f76518c00b5ed6f7f91d3d81eeaff71e036531173	9b03a73ca04fed75496b38d8162f50cd9102d5d693fe682eaef87b877f46c30e
fbc98d665ec17ead56ddcb9bca3dd0ff	megadrive	Wiz'n'Liz	megadrive	Wiz'n'Liz	3	3975d28e751f2a253b02d29e4607fb7f	yes	fbc98d665ec17ead56ddcb9bca3dd0ff	73636ade6542faf08c53c2cf5e4510109f3f4fc0af3b9581e7ee1395f8958995	73636ade6542faf08c53c2cf5e4510109f3f4fc0af3b9581e7ee1395f8958995	80ef1a69c8dd994368f3376419581f2b4e58363a1474e832909e89e148048052	87b115cf1c7e566cda8b5bdd8255be6cd8e5a4885993de6c3865d2bec45aedea
36a2d3b6f1f550889e3544688db450ab	megadrive	Wolfchild	megadrive	Wolfchild	3	08a66c148dde94f9357965d7a7351374	yes	36a2d3b6f1f550889e3544688db450ab	89d29cbf2849b4659067af79d686189e555be54a8b7240e86ff2afc16ee6c8d3	89d29cbf2849b4659067af79d686189e555be54a8b7240e86ff2afc16ee6c8d3	eb3c5b9dbc89dc871544581b1e657d8abaa06fd6e9054e4de9a7bcf0bee60678	fb820c24034251e497e58a0d75c93e5e5a6b618746352cd9076d613831d44d82
fdb95ef350bcb514236cbac8dc77e8d0	megadrive	Wolverine : Adamantium Rage	megadrive	Wolverine : Adamantium Rage	3	bc565bfda49e842f9f61df7c8dd526f4	yes	fdb95ef350bcb514236cbac8dc77e8d0	e13beb01728472517aeabe5e34208837ceb42f6734aacdcdc72a09803a830223	e13beb01728472517aeabe5e34208837ceb42f6734aacdcdc72a09803a830223	18c94fd1980ad10b1cd0a44ced7ab07f64f30ccc3b25dae2d97be849eb511fe9	7e97efa705fa8c0a487e64edc8256b2d4aed7ba26b9112fc4b9071591471f1db
10410c94ab33e7ef35bddb90b40e39ab	megadrive	Wonder Boy in Monster World	megadrive	Wonder Boy in Monster World	3	9dfabb1aae9a987f94a42b3fed0aa5ff	yes	10410c94ab33e7ef35bddb90b40e39ab	d9a2e86f4b13eb1a68f0956fe35fabd7b8936f252389e3dc23115d129f887338	d9a2e86f4b13eb1a68f0956fe35fabd7b8936f252389e3dc23115d129f887338	4c78a950b6d3aa378cbfb4dbd9bda4ae324cf04d138a8b537e0cf5b311d27bff	7c0dd70338903444fae53c6e5fc90d80de0abafe9d65bbd1f875473e1b9f3af0
22f67cc1b899e1b495fc67f64e49534f	megadrive	Wonder Boy in Monster World	megadrivebr	Wonder Boy in Monster World	3	34a5bdb6b2537bec2160a3a423eefa36	yes	22f67cc1b899e1b495fc67f64e49534f	f39ea81e8d2dea551901b544c38d27c0d9d24c596ff94c529879a0a8251c41dd	f39ea81e8d2dea551901b544c38d27c0d9d24c596ff94c529879a0a8251c41dd	c915bd6cff01e1e7c822d612ffee5cee782c8db54ec4ae4bd2b21cd1121c2e4f	e7d94aed7e353c04ac2d46bbb9c8692f0d3ab3c8f2e6f4d54903c99e2a0581b1
6f24d7aba47b7a0cd105ff9f806ed10c	megadrive	World Championship Soccer II	megadrive	World Championship Soccer II	3	aaddf0c6cd90a5d9586d17e754bab3d9	yes	6f24d7aba47b7a0cd105ff9f806ed10c	8f5ac6b56d03af555dc7509dfee8dc2209db44009d051dbae5a00e5605f79bb8	8f5ac6b56d03af555dc7509dfee8dc2209db44009d051dbae5a00e5605f79bb8	fad5b3b6d8f122980256aecd72a7ff9379b325a7c23da2c5e5b07a47a88f3fcd	462a48ce9edabd3a105db8173714b6d36b553c8dd6bac701cad960e6cb8326a0
77e05d4c3fd46cdd4fdef1ada862b432	megadrive	World Class Leaderboard Golf	megadrive	World Class Leaderboard Golf	3	97a37b8934546c873e6a07a3ba80a36a	yes	77e05d4c3fd46cdd4fdef1ada862b432	02476a8db11edf61cab86bfc6a34f8d5828dd9a9aaa49bba3c0cc45b5c62dc63	02476a8db11edf61cab86bfc6a34f8d5828dd9a9aaa49bba3c0cc45b5c62dc63	6bc254e50be4073766ad3a422aced5fd5a69bf822837cd3252c66dd28cccf273	9492258ea10e9b0fdfe468dace1b65e353777695b0c83394bdcd9744b86b50d9
4b8256969161035094c6a13a492cc32d	megadrive	World Heroes	megadrive	World Heroes	3	c1b95e248583da730e0e0555964364c4	yes	4b8256969161035094c6a13a492cc32d	ef88ac68c54cff593119a85f1f8cd6a6197d38294c24330eb6c585df71efb8c6	ef88ac68c54cff593119a85f1f8cd6a6197d38294c24330eb6c585df71efb8c6	b0c266d7962e1e4ca130ed0f34e68660f8e39c4300d679cf4101bf7c837f8642	6a3a41ab474949f60c3b7794b6483dee60de2dbd798962ad4867686747dbcc91
ceecb16be89bc592d29c0db3b8df780c	megadrive	World of Illusion Starring Mickey Mouse & Donald D	megadrive	World of Illusion Starring Mickey Mouse and Donald Duck	3	7038a8f43e03b4a74f2d9754c8a82103	yes	ceecb16be89bc592d29c0db3b8df780c	71502fa46fc8812a3e9cfc089da98862963b790f51d49f6ab2895f5cdb4efe23	71502fa46fc8812a3e9cfc089da98862963b790f51d49f6ab2895f5cdb4efe23	5b1698d5c047e4fd79d93125a7a4e0b9b74b1a6cc65fb16e07562d1072dd469f	80c7a498ded1ce9c3646408b546a89e5c1a6cd23fab13f48bcc98f01da206155
ff75a42e737d5e4cb89e5ba0ec991581	megadrive	World Series Baseball	megadrive	World Series Baseball	3	363a29f48ae36ceb18406b21a45db20a	yes	ff75a42e737d5e4cb89e5ba0ec991581	80626c114946baf566e03c82b5c92b0504786a77391f85aefd4ec791d5d68fc2	80626c114946baf566e03c82b5c92b0504786a77391f85aefd4ec791d5d68fc2	bd9786bf1382eed49592a9b26d8c58f91f6874f40cbc08c414100e73f5e388a4	83408eb8a145ff8022b3413767cb3d58638f5a0faf6f5a85d5c18141733f4e29
bc63ed738de8712269ff6c7f57e128bf	megadrive	World Series Baseball '95	megadrive	World Series Baseball '95	3	1d1ea64f1a17a7a4580cb207a68bc08c	yes	bc63ed738de8712269ff6c7f57e128bf	fce205d53eddd6b1813813d1efa2963e1b36c44c0d58cc31a777470607cf91b2	fce205d53eddd6b1813813d1efa2963e1b36c44c0d58cc31a777470607cf91b2	98f7048bfa7c742d0376f95efd564e806a85375cc1ae94ba367081348e002aa0	7003cb5bdbbfd3d5b7e8a106e6b935d52eb627791ba21af4799ff9ae334c48e2
043a92bbe3088a2af4efdf8ea94f054f	megadrive	World Series Baseball '96	megadrive	World Series Baseball '96	3	93ff9350b48d88e586dd802e29fc41a6	yes	043a92bbe3088a2af4efdf8ea94f054f	e84594d8dcfa211720886ec3f91064b3f0947457aac7b31201b28760b77dbba3	e84594d8dcfa211720886ec3f91064b3f0947457aac7b31201b28760b77dbba3	9ab045adfc4c64020fcbfc69e95327dddc377fac3cf6fcb71b81b5d1f9ddde66	3366bad7666bd4552b4b7ae6a92d3823b1b4a608eda40543e01d81db512f3d33
c3b285932899d53d603a6fe2f621733c	megadrive	World Series Baseball 98	megadrive	World Series Baseball 98	3	8037016155be143f61e6b40da7d0f7c2	yes	c3b285932899d53d603a6fe2f621733c	0276f4887a33d4cfb7e06e0703711a6c47ae5b1435c107058804c8ffa0701a52	0276f4887a33d4cfb7e06e0703711a6c47ae5b1435c107058804c8ffa0701a52	51a8086ffacafc0822af1bc2fdafb37f512a01f21ca010e24ce2c71a856cc637	ac68f1f4313dec34f8b383f5688da56aff28281677fa1147fecdbc8814b77832
269aa412bdf21acbe81b4066e759fc86	megadrive	World Trophy Soccer	megadrive	World Trophy Soccer	3	79be7cd8e134c57a25fc402fed3c9acb	yes	269aa412bdf21acbe81b4066e759fc86	e1a8680405370d7095a326e8eeb03280f163ad88e00499fdf5557acd9e75138a	e1a8680405370d7095a326e8eeb03280f163ad88e00499fdf5557acd9e75138a	5e821b54bdddd305deb23f64be1f4c3dbe404f061f881a3e1bd616f7da2b8469	1172f27c6a8318ff9e19afbf0b9cd39d7fd057cc1a4fb0f4cc0f6814ae0d5258
5908003f7c7b9da73c036498fa7fdda4	megadrive	Worms	megadrive	Worms	3	8e5b8ad53b35365f2e3b8cbf6eb021c7	yes	5908003f7c7b9da73c036498fa7fdda4	75ffb66203339f7e58d9564f87a324059e00c49d8647755e4933b978e391469e	75ffb66203339f7e58d9564f87a324059e00c49d8647755e4933b978e391469e	5ab79045d57931bee1c932627adf59756a65cbebfc63d352d35b6688383723d4	e0068fc02f1930b9bcbae88c141885a8db21a709584cea5ec2bb5d2d9f66cfce
32d28910611cde495228673b98e00dd8	megadrive	WWF Raw	megadrive	WWF Raw	3	81fd330d66cd5c3f09086b59c16bc8fa	yes	32d28910611cde495228673b98e00dd8	456a2460858efac3ea288a7f626fe3e952cd0c946da5da2dcdb5c0e26de06260	456a2460858efac3ea288a7f626fe3e952cd0c946da5da2dcdb5c0e26de06260	bae39c492973dc84aab61163dc721eb5e06c9cc01cf413ae47e41851f9990036	d78135c188717218a784254b5cee4961df91b5f0f4c889f342db9c6ae9b4d51f
42b93de1af6a1bbfaaeb1848f63063ae	megadrive	WWF Royal Rumble	megadrive	WWF Royal Rumble	3	15af99c840cb25cc2bb348825cb68cd5	yes	42b93de1af6a1bbfaaeb1848f63063ae	434271272894dd057bdccc35737ec87d04fb0e946e20d8d38673ed2b376b3101	434271272894dd057bdccc35737ec87d04fb0e946e20d8d38673ed2b376b3101	dddcd4243979df9c1a60d5a549003e5c8f536e446f0aaf5d6687fcc468b52de3	d78388b80c4de51f0e5b7087385e0d7b070d0c950bcbde30bbed7e374a2fc4d8
c1f5a5a21203e49516e64f4d2ffc82da	megadrive	WWF Super WrestleMania	megadrive	WWF Super WrestleMania	3	60f42f8c4b9ebf790ce5b39307f6321b	yes	c1f5a5a21203e49516e64f4d2ffc82da	3acbdcd67fd57ca9f9b0dc9106540b2bddd899a3025d74de960aa778fbb642fa	3acbdcd67fd57ca9f9b0dc9106540b2bddd899a3025d74de960aa778fbb642fa	c781b13de28b29a0846d326d5762c8950796f9d97a2fc1106d3d6dde3e211ab7	d8156873d5207382a92602954eae321cfc303b861790bb3dd00136bbfd661441
5f3238ca381b75e929544d30b8ef9c66	megadrive	WWF WrestleMania : The Arcade Game	megadrive	WWF WrestleMania : The Arcade Game	3	e3a0b436aedda3c55535b2f9df601ed8	yes	5f3238ca381b75e929544d30b8ef9c66	c01e43d90d19e1b84d71bdd60318a03f34295f7b10806820584e1e7dd61a05e5	c01e43d90d19e1b84d71bdd60318a03f34295f7b10806820584e1e7dd61a05e5	fd1d892ae3a2d68472d42a27e243c09435bfcd663584164fd909c57ac6e35bd3	ad9fc7457a29dd358e658754c7c104cda345db9881f737d56b54d0b7d5dd0176
18db49e0f705455fcc761e8e9c4d900d	megadrive	X-Men	megadrive	X-Men	3	b6064a9e01beff383ec413c301b95a67	yes	18db49e0f705455fcc761e8e9c4d900d	37f1874b93a1f3a561019cc4cb0420be1d52661865a2575a5dea2e1b9e549e64	37f1874b93a1f3a561019cc4cb0420be1d52661865a2575a5dea2e1b9e549e64	036aad0368e70d243d5b15d45782a6fb2ca17aadc2fd0f550cb9aa2329e6df5c	7342e74ddb012d9a13d3986ed7c230b0c631db6f6d0a62020950a3a36acf3a9d
1e3f6e09121a48e742142316b1f4bd15	megadrive	X-Men 2 : Clone Wars	megadrive	X-Men 2 : Clone Wars	3	eadf28d978f8423a6c78031fc02f29dd	yes	1e3f6e09121a48e742142316b1f4bd15	835054a068732943df0eaf957df87b8e3e70dd1900ac66226264de69286b8f94	835054a068732943df0eaf957df87b8e3e70dd1900ac66226264de69286b8f94	fa0e308b37f6f45cad5661e45c2ac080d2a2a7465dd8e658808cc6324fc2e00c	3b026a90fba9be7e53a333ab7d042314159cba8af8d44b23c84b5cf8df86ce02
c3607609331a6ec544db95a3ecc2c4cb	megadrive	X-Men 2: Clone Wars	megadrivebr	X-Men 2 - Clone Wars (BR)	3	6edd5980b0f8f8e7b8ccb7dabdfdf590	yes	c3607609331a6ec544db95a3ecc2c4cb	611cf3fd1402972ad364c39bae8703e72b06aa62d6f543f2854e734717decc46	611cf3fd1402972ad364c39bae8703e72b06aa62d6f543f2854e734717decc46	7975674736ecf8d482b1afa3e51afd835b73f3d3adc66571f5250d85c57bdfc7	eb6631fe45362a705ba766d11c1c463b43c7cc4016eb919be39063dca0f3a421
f525579e46217089d528bada6d3170c9	megadrive	X-Perts	megadrive	X-Perts	3	6a3e9451201de42ac2010dc4a9205313	yes	f525579e46217089d528bada6d3170c9	f137452060e0d6d9f6437010fb5aa0cd3f16beadacfc032ab3221440bdd96381	f137452060e0d6d9f6437010fb5aa0cd3f16beadacfc032ab3221440bdd96381	ebccc73fcf733804dcbbc1f9e7a1d0a1c9e969bb76b2db3131cc5f8c5a9ce90d	629db0f6cf3a90534c7ec963ba9fdc3268601b8c580764e239af27fb18ca1ad7
203ead3a4f7e048bdda09916e60d4268	megadrive	Xenon 2 : Megablast	megadrive	Xenon 2 : Megablast	3	fe98e4b344d5fd2da0d5713e5f4d6eea	yes	203ead3a4f7e048bdda09916e60d4268	c3a1ee5175577b9ce36020f7c11ae1ca0661626a224219c13310d61ceef28488	c3a1ee5175577b9ce36020f7c11ae1ca0661626a224219c13310d61ceef28488	4fd2f7ff0ad5f6ee809b05b2c362403bcec9d3468fd05f1956e9ac8b2dc564ba	f8606eaf6a882190fab1e008a34b8bf8d1755f9939464923384266bd47e4e646
63f2a2e72910ff5bddb6c60092f9fc0b	megadrive	Yogi Bear : Cartoon Capers	megadrive	Yogi Bear : Cartoon Capers	3	4e5a379d53fb256ae6400e5bca0c1bb4	yes	63f2a2e72910ff5bddb6c60092f9fc0b	f9152d76ba7b1eb9e9c10244624f6c29c8b0c56743ecf1fe41e98e663e17e481	f9152d76ba7b1eb9e9c10244624f6c29c8b0c56743ecf1fe41e98e663e17e481	13b22a541019f36cf14b858993e3148e5095b3ab60376985698c1f5a74769684	fbee722e7621d0645990b1a31fa21b005940ff390cd9a93881511a76a4837239
5e83cf9244b481fb8a8963c435f0fe3f	megadrive	Ys III	megadrive	Ys III	3	51e80629b92d2aef390119bef8faf390	yes	5e83cf9244b481fb8a8963c435f0fe3f	34217d6bb738004a78c314c5e460763090240991d300c03fcb9ca4c8cab01356	34217d6bb738004a78c314c5e460763090240991d300c03fcb9ca4c8cab01356	ea0579b0430133f365184802347b883303a9d53f7a12984ed9e5bfb3671effb5	6151d3037f105a8693ac32be20c78e69117b7d40ef4a14f4e36659d143245fe4
fdffce7a13df465cf149e4b9057dd64f	megadrive	YuYu Hakusho : Sunset Fighters	megadrivebr	Yu Yu Hakusho : Makyou Toitsusen	3	f7f758c88af87842ee76b7151ab26104	yes	fdffce7a13df465cf149e4b9057dd64f	b88a064638850883d63d909dc0ab4757318ce4a2f66a5b71761f6c18d1743fff	b88a064638850883d63d909dc0ab4757318ce4a2f66a5b71761f6c18d1743fff	2b0618bdc33f976a57798dfb7cda2f89fdad66983c64b5bb0e9832c7b6d987cd	04648ba234138d30d53376ece89d68ca1ffa0bc9c1b3320f0979629027eed00c
ba3a35a359dca6ff13e35cca698816af	megadrive	Zero the Kamikaze Squirrel	megadrive	Zero the Kamikaze Squirrel	3	27709a883b42a290e57bf29473909fec	yes	ba3a35a359dca6ff13e35cca698816af	8904a2e9c17b120196d98f0628df8d0e94c4aac51b12fc95b224884e794619f5	8904a2e9c17b120196d98f0628df8d0e94c4aac51b12fc95b224884e794619f5	bc4fa74bc8c1ff15c35ddf7457a72f11a18761aaa7a96eabc66edb784933a917	eaea694f8e4c01397cf64a31f70616c5390f866fb713c991d028cdaa925a0478
aa3e2d07abfc5731e6ac735ee7c5847f	megadrive	Zero Tolerance	megadrive	Zero Tolerance	3	31da415dad381c1373cac536d7111bc8	yes	aa3e2d07abfc5731e6ac735ee7c5847f	1d80c4137d3332b8e33ee207dd58d53082c267d4199365665b437209c2285211	1d80c4137d3332b8e33ee207dd58d53082c267d4199365665b437209c2285211	9a5255eeb831536df0a2d37b26d5152dad895b64e15de10aaddbdde7d3cc68ba	8e6f717adf52d5bbfb8aa269daded92009bb8d59572c13506987e5232ca745c4
f641e31d3e851700f881a6f48dda99ea	megadrive	Zero Wing	megadrive	Zero Wing	3	d68526452e264ac57409f06f40016386	yes	f641e31d3e851700f881a6f48dda99ea	ccf60c80dacce90bd0586ff71e104528e05c5ff663bbdfc1cb1d5d12d69783a4	ccf60c80dacce90bd0586ff71e104528e05c5ff663bbdfc1cb1d5d12d69783a4	46e197988aad0edc94b241702d5fed2a99a2e9a02f95584c3b3bd9054e8148a2	a9d2295c7ea85b57d7248648d38eb563a2fe9cba3331e4f1668d7768395af8b5
8c6745bc85c2027dea16e6bafdb5ace4	megadrive	Zombies Ate My Neighbors	megadrive	Zombies Ate My Neighbors	3	648b5f43ffb92204a64a6fc6f9ec9edc	yes	8c6745bc85c2027dea16e6bafdb5ace4	63b7bcd6db8f61bad94d3b2e5064d6925782fab9c420f509f6054b56a3f1ff9e	63b7bcd6db8f61bad94d3b2e5064d6925782fab9c420f509f6054b56a3f1ff9e	4838fd4b4e05306d503ec8fe3ef3ae7e00558eb50336ffaa00747ceb8a871a2f	0230e9deff0c87896f3a276c793b573adede1a2128eb770eeb3d027c73722ce4
592459c76314b4b22316a703d8fe379f	megadrive	Zool : Ninja of the 'Nth' Dimension	megadrivebr	Zool : Ninja of the 'Nth' Dimension	3	398e74797f1795629fbafcccbc480e43	yes	592459c76314b4b22316a703d8fe379f	8d2699896dac891d38109d9630a5ece96a0fc7d70cbed25ba31e95707b5250ab	8d2699896dac891d38109d9630a5ece96a0fc7d70cbed25ba31e95707b5250ab	f9ea372f20b8baaea1ad263d31dde8f292fb194db1a06d28f0b9b49f8f2c6038	29f63d7fcd2b2cff9d2728ebfe5e14d505e9d9b1c221b5df1f0fdccdf443d7c8
f33d839dc1bf20d412be360ee362e6cc	megadrive	Zool : Ninja of the 'Nth' Dimension	megadrive	Zool : Ninja of the 'Nth' Dimension	3	794e2c4fca0984dd47de0a31cde5b566	yes	f33d839dc1bf20d412be360ee362e6cc	260b46c6dd61bd24dadb0d417287c2f11e44bb134d238eb5bde93f9a944a86a7	260b46c6dd61bd24dadb0d417287c2f11e44bb134d238eb5bde93f9a944a86a7	68b8ba66bb0c7a63c2d10bb61760483b680927ffd7a5e0beba557ed220927dfa	71039478fe1b34999a7a2f59e979b3a713a810977deefa8f38031681c35134cf
29bad6f35ba00557447aa38791dc73ca	megadrive	Zoom!	megadrive	Zoom!	3	d2c182c50099568dc396dac9131326be	yes	29bad6f35ba00557447aa38791dc73ca	ea88fd6ee175f17c0f5aa35de756c7045e8f9461cfa82f84cdc3571633611d51	ea88fd6ee175f17c0f5aa35de756c7045e8f9461cfa82f84cdc3571633611d51	3e71f4882679a4c5b85fe40cd43a801a8d584c9a3a70c1e9298e2c4c4da3163b	c3f2b086ae953412933d1735799935f27c79a506d8c23c16ae2666551e957706
7846779351863ac5f447d897939e9a87	megadrive	Zoop	megadrive	Zoop	3	75c4e46820391c57259a92f7a297ca84	yes	7846779351863ac5f447d897939e9a87	a39b217edcacee5b5a43eda2b678a028b33b29834a60fecb59462dfef9abc651	a39b217edcacee5b5a43eda2b678a028b33b29834a60fecb59462dfef9abc651	2a83c4228845370b4793c85ab4c8e620c43d4de7d675b6fbfcd74e1e3bbd7309	e301b46d86d7537e7c748dcb6543d4c1d3e8de6b09551a92780b8d5dbee82cd2
8e90bc98ed5043441b4b6572c2b04f30	sega32x	NBA Jam Tournament Edition	megadrive	NBA Jam : Tournament Edition	3	2074bcaad1f842d0c6f00ee2acd47139	no	5447386411b6f0bee58c9eef1544f714	7ce1bb3967c6baeb7c8beed525a618238a10efb2ec2baaba9e40a8ca7371d514	7ce1bb3967c6baeb7c8beed525a618238a10efb2ec2baaba9e40a8ca7371d514	36533b3ca978cb3375580412cf07723df93eef6c93748ec5ed0d4a7ff4d5986b	e95194dd0ff0aa45e0ffcf6d1362a8f471a8b8d1aa0fd340657eeb8d7fb8dee4
be4b5adf1e47fa79f71380f6cf86b11f	sega32x	NFL Quarterback Club	megadrive	NFL Quarterback Club	3	e673ffc72f41b97b81ce6f69fc25664c	no	b5967233b9cbf079305f6fc1c494c4f0	06dde58c5750d47615cf33331eac4d430e02763834941ef5b3f4bb2204c76aca	06dde58c5750d47615cf33331eac4d430e02763834941ef5b3f4bb2204c76aca	bc6c90c6adaa0dcbd3725264409f48000d6df8a06589cd8b91b246d8120fa170	86ee200ab7bc41f07fcfd42df266f86c1a167b6024d08c77abba4da73aad6441
b32421d08b53474afdd886e38dbf2993	sega32x	Pitfall: The Mayan Adventure	megadrive	Pitfall : The Mayan Adventure	3	6eb7473b454d59051ae6d9a26342f30c	no	1d969bc4b279c81953c042e519b2984d	3a5f0d44fcfaf39e3e7268cfcf396aa835a72b68bfd54fc6039cf4ca307303a1	3a5f0d44fcfaf39e3e7268cfcf396aa835a72b68bfd54fc6039cf4ca307303a1	b9bab496499beb2ea374eeb5d706c7f605ef21ae35899f1345a7ab70b185ea1f	5dc8d3e4fd60674314a3340874bfb4305189c1f974494cd44cc4fa79b2db0c89
10657a3dfafcc8de69dbe4f8b961afbf	sega32x	Primal Rage	megadrive	Primal Rage	3	62f10f63cfd35693dc7b2a7e95286081	no	49c091658c9bfcc8c035cdde07a7d426	0a584ba2ff8041afcf39ba4cadab6b81fa42aba26b32ae697e7ab915b47859da	0a584ba2ff8041afcf39ba4cadab6b81fa42aba26b32ae697e7ab915b47859da	6b4474ef50586902708d9031c1b229b6620e0bfa1cc27e3922657628d1a1a8ce	57115184811cb5176b3aea722ea7e65405dd0cac53c02d907f954b01a8512597
d5351b54b8053b47ed89471b1ffa8c83	sega32x	Toughman Contest	megadrive	Toughman Contest	3	ca698780887a54bf36117cee016f40f4	no	b945db7e9cb37e628beaf5b5ab9ba1bb	48c241c4dd17b13cb79e6e9d947471e520b5e00c71c871bb95819e2cb2e4c68c	48c241c4dd17b13cb79e6e9d947471e520b5e00c71c871bb95819e2cb2e4c68c	57a35dcb74cce664f7de308e8c3864d930e5c85948be149df254e0f174eac1d6	34bb59242551101629c5c999966301a9b0db270212c4670b0ac9416a91156b74
80abb47a522aede1657534c8f5e4d9ce	sega32x	WWF RAW	megadrive	WWF Raw	3	2c23ed2d636b56af12bb38457ceba8ad	no	32d28910611cde495228673b98e00dd8	456a2460858efac3ea288a7f626fe3e952cd0c946da5da2dcdb5c0e26de06260	456a2460858efac3ea288a7f626fe3e952cd0c946da5da2dcdb5c0e26de06260	4276a6e17a029276ed941f9ef84fba10f337a0f7374c1565afc66558550a7d4e	ede0b06a248f2993ca596599f0fd4321e8541b9b30a4c9e78ddc23d7af16bd23
c7c7b5780bc10427af69cf042bc9ebdd	sega32x	WWF WrestleMania: The Arcade Game	snes	WWF WrestleMania - The Arcade Game	3	ce458231eac9cf06f63e9f6c38d3ca3b	no	6c1d370746d1def9a3364e6c760501b0	1933686b730b5a660dc9349066354efb1f53af2e179018fc5f7e57c60c57a20e	8ba72e666ccdf534790ec4f2a1d6d0ecf42a3ddb30b293b0e1e81366c01fe1ee	1ae6f5d644b3073dc25879c1ac3cb0c795fe89db38ff20228b5046549073d7d7	df2b0ae83d9274c9d59ca7c92e274753622dcec33f09af5cb87095ddb1a49d01
b74bf6dfcea5daa24cf2cefc03668ed5	snes	3 Ninjas Kick Back	megadrive	3 Ninjas Kick Back	3	2c01d0e456536ecd7da4334dfc424568	no	d81e9237f8bb1a2bd93b14654539f9a5	8c6ff350972c00e18153e2643821d146a56dee833882d9ff121950f4a2c0a6b7	8c6ff350972c00e18153e2643821d146a56dee833882d9ff121950f4a2c0a6b7	939eef8d0e1ded136737d57cdf7dcd2e2fde3ddfebfb0276ed534f73f4a862db	0fd6c2cbdf3933d6836ef8e7642cd90d6678fcfcb2a2732d78d1177061be91f1
4fcee954753770f883db7835a5b4613c	snes	AAAHH!!! Real Monsters	megadrive	Aaahh!!! Real Monsters	3	85e4a8573815dc0b38ceb54b4b84426f	no	159d5a8e11f56071991f4ebd82790602	5c5fb8aab7c1cc92ea0172a3b37b922fb0cdae45890aef6121ac2fc99b411503	5c5fb8aab7c1cc92ea0172a3b37b922fb0cdae45890aef6121ac2fc99b411503	39ac5fae040e11a6aab5fcffe9287f3d0c3e588f4cc54465a452262da0c1d5dc	d4dd1747ad7a7e37c773f15d2c80ef86b5840c189b41cc8988b35299de674145
56c01c3d8ae1beaff4849510713d3d6f	snes	Aero the Acro-Bat	megadrive	Aero the Acro-Bat	3	afd13a3786c5308e849bed9402c6cd35	no	f9a711b4f29799b813ebc727c60a508c	dbe62b3be63b07cb9ceb41f42e59da4e6a9629a0eb542dabddc1d34ac5582d37	dbe62b3be63b07cb9ceb41f42e59da4e6a9629a0eb542dabddc1d34ac5582d37	fad91f366087fcf19ce1ecf188c733f47473a7490493fb1b71d447156358b916	e64b28396db91c2488ec4534c06899714b086ea6d464f9599a87d6435681cdca
4f398f795a2f58b6b4efaf5e1c1dadc4	snes	Aero the Acro-Bat 2	megadrive	Aero the Acro-Bat 2	3	5938ea6dcb6e84e6fbc39721abcd7109	no	031acb6a0706aa75984bf0c784fb51d2	e72fd051b9a060935bffef3641ba6526c1ebe8789188f70f0f1d30921c1bc38d	e72fd051b9a060935bffef3641ba6526c1ebe8789188f70f0f1d30921c1bc38d	caec18f5ab1edefa80055c88268d6ead89f8b2164cb44105a9f746d351e21051	db71897705ddee48ca561bce22ac56e98218d7b4efe2ecfdb593771086f715aa
c0053fdf3c126ef9a0db48266a21325f	snes	Aerobiz	megadrive	Aerobiz	3	8224452112dcd2e0f55ea209dbd20702	no	308a8b3cf184dbcfe5bc6c4d363843a6	71ed3d1857a04f73d8f62f3c958e7339285a5ab79cc5a142396ea0a610383798	71ed3d1857a04f73d8f62f3c958e7339285a5ab79cc5a142396ea0a610383798	8d49a671b74124f0084bd61c5cf42f042afd06db012f6b3da1b8b13d55da602b	0e8e0924d194ff5af14cfe9dfc69c919039a08d1f706d04f9255946dcae9e775
870cc750e04ed4c65e36aa9036f8ec20	snes	Aerobiz Supersonic	megadrive	Aerobiz Supersonic	3	729faa7a6f613c3466848ab058f7730b	no	13b7038e5eb8879ebd6f8b885578f5e3	9e43d857ea335a0128944b2167daacd1dc802f0106f9be3fbd40e32bf2c2fa46	9e43d857ea335a0128944b2167daacd1dc802f0106f9be3fbd40e32bf2c2fa46	2d7856ea5b921b35da96c2b4b00e182e99058b5d88242b33a7386be19de5b5f2	3c52ed6e5378d313b9bf864bb9b2302482a1982d1693f8ef962226491065d4d8
f68abfcf94052c9f232b1ad14f3beeea	snes	American Gladiators	megadrive	American Gladiators	3	5cc1aae08695edcf678010166750085f	no	8b2e64fb96a1b632adf02f37dd9d4ce7	f7db0074db606739309c70b32abedb8c79f059292bbe730856b08a554a3e1dcb	f7db0074db606739309c70b32abedb8c79f059292bbe730856b08a554a3e1dcb	0c63ae42015f7a2b43fb9e5d771d622ce4db263cb93e47cdd44e590418764466	7b04de9013197634ef4a2ec30c7599886e2d84df84fa6bee5f6c7b4b57cf7edc
eddd493743707d78f71151bafc94b078	snes	Andre Agassi Tennis	megadrive	Andre Agassi Tennis	3	990c3615d6f0d482f3a3a9791a390fa9	no	a29058655d280d564fc72c8af7b0383b	c3259cee7ab74daa05dde876dacf8a826bcaf3b96a1e5357ad7598cc79043ae7	c3259cee7ab74daa05dde876dacf8a826bcaf3b96a1e5357ad7598cc79043ae7	e2f0c066efcaa809035144cd8b3d8fa3bf99077bbc32bc2802e4d023a9af973c	797ea47ac9cc0cd6ef803ffcc79f269e8e0a730d94fea60ac1434bab290a369a
12f1d1d4a64d01353a83696f116961b6	snes	Animaniacs	megadrive	Animaniacs	3	6aba5ebd9699a64e82b9bcd940f80b07	no	b74d7ba88710d4988bb1ca5975a79be7	312d81de49a26e816574ae74c34a83e64a69c43be62a6e50110478ae4247ea8b	312d81de49a26e816574ae74c34a83e64a69c43be62a6e50110478ae4247ea8b	e31772309ff18925251ef5d23ee078dfdda25172c853aebaaf4acdf9de2cbe10	e482753e195f45b789a919b02d9f83c9c167a4108beae0526006ae1e738efe4c
8fbfe9bd1e97d7e090fe71130973586e	snes	Barbie: Super Model	megadrive	Barbie Super Model	3	5f771fd848215156fe51bbf97d8b44e0	no	316f1d65c4b1d3fc796eec4e78e68e77	afb60c6506a8a12211fc55a3f6f9223e186c0ff66616d19df4a1963f48375f1c	afb60c6506a8a12211fc55a3f6f9223e186c0ff66616d19df4a1963f48375f1c	7fad9abaa7d8e4a6c28ba894d5b58621b0413d1dd616f59b961fd09307f54f89	e07c8286088f2af0f93c7df7005a22eab500e736f842a3a4aa7ac94e337b3816
72027d15661dbf6e92579f680e130fec	snes	Barbie: Vacation Adventure	megadrive	Barbie Vacation Adventure	3	4d0357e7291718b0dc4e95ce7390d5e0	yes	72027d15661dbf6e92579f680e130fec	5a3c4319037ec2022a7e3ee7d7cd114c852fd7fa1f3937904d8c543a90ff86f3	5a3c4319037ec2022a7e3ee7d7cd114c852fd7fa1f3937904d8c543a90ff86f3	7d7374169578db51fd41bb867e33690023b6e99c0600b75a783d0f1a6614a9e7	1e4cb5ee624bec793a67d0deb303168bdb876eda4119c91e6effe67276684f15
826da6daebe9edbebffb3721f83abf12	snes	Battletoads in Battlemaniacs	snes	Battletoads in Battlemaniacs (USA)	3	368fe2edb8f4f709c0fd5bf40405aef2	yes	826da6daebe9edbebffb3721f83abf12	cd3a1292fdb5953ca414dd6a74ac0aa1886b2d132fce4c804e79d5e25ea029f6	cd3a1292fdb5953ca414dd6a74ac0aa1886b2d132fce4c804e79d5e25ea029f6	8aacde0a1c31dc997b24907ab39fc171ce4e69760f475f16bbf31ebffd2e6fc8	e9f9d990b15c1dffd1b2a1ddad540bfd1666f2776417b3832aab05701ae7da78
70c73b115a7b7979899944ea68e0dc8e	snes	Beavis and Butt-head	megadrive	Beavis and Butt-Head	3	66ccd5d16f0c8c99d7539543c22cecf9	no	1aa7d446d8f0211af441db4304912075	56d6dcd549b296b91f1432b0dbf54d5229589a811e342a659b64ce734d35fea6	56d6dcd549b296b91f1432b0dbf54d5229589a811e342a659b64ce734d35fea6	561d4bf171b32ae8db41a4b727156f5f87b2439bd33f5f6add1d88298f52eff0	bfb4b16c5ad8eb9cf081664a9185b07177498b8e196e9ff18f8a9f5e233c5a11
5a4ac89886b223e677cc2606f859310d	snes	Best of the Best: Championship Karate	megadrive	Best of the Best : Championship Karate	3	716cd881dc36b030c160e7b4b6f8d9ff	no	ef912a6c7ed3b3571ddf88b1c1c9680f	886732796263f09510bcd363e7770109e47b644fddc4f833e88965504a2632dc	886732796263f09510bcd363e7770109e47b644fddc4f833e88965504a2632dc	ecc2dc7c82d5fdb7d1fd6a373d1f4f6a8078518a432e6cf6e425b80aaa7b469b	7bb00eac8104cbbd81ac55713840c3108b7ab4628fc5f086f62f0b30f6fe51b4
0b6d00df789b94f5ac2587c28d8e00ae	snes	Boogerman: A Pick and Flick Adventure	snes	Boogerman - A Pick and Flick Adventure	3	851996e1e01bbdb97d0ebc57425d1459	yes	0b6d00df789b94f5ac2587c28d8e00ae	8522df555f105399193d6fa567fedeac723c150e502a2ec9d0954d68026f944c	8522df555f105399193d6fa567fedeac723c150e502a2ec9d0954d68026f944c	4990447da388557ac0d743be66bf6e00a6f7cd6434c57c985af20cb4397fc2e6	43327d8435ad8a1dc8068f510271512171715c55d53c34ea6acc9db23178a6e8
c83ab3ce9c1a4a6665923853913ee997	snes	Bram Stoker's Dracula	megadrive	Bram Stoker's Dracula	3	26c5431449c5a76e7275c3272eb3b5e2	no	392dee7a2ed489f72a56b29df2f42f00	d446274a5129e75b805486df884875891c70d9461c9574d8c10eeca9e82fcbc8	d446274a5129e75b805486df884875891c70d9461c9574d8c10eeca9e82fcbc8	34f7e0cd6f884b26c52f4f9343d27f1976a7b84f40a17640bb5a6bb5eb518fdd	53eab3454e669d20b4f6cee5af373538a82106a3c47197242fd8bc211d294116
9011251e1fb1bfe00aefa7efd60c6a1f	snes	Brett Hull Hockey	megadrive	Brett Hull Hockey '95	3	7c0f85b4de258867ac500e7a52e08435	no	8c63dcbfd5d7ed6e8a98a54621274ffd	a23c3bf1682f1ed4d6fd005ae1977534c9f69d75eb25d8376adf76b89ac374a2	a23c3bf1682f1ed4d6fd005ae1977534c9f69d75eb25d8376adf76b89ac374a2	9a8357c7ca087513f350ff4dff0e7c51fb00a91b7092d4aa80b905a75e7c15f1	87b73971377ae1c5ac21d894a94f086582151e1ef8c719010448848856f77e8a
c603336223986b3ecb1df243eaff68bf	snes	Brutal: Paws of Fury	megadrive	Brutal : Paws of Fury	3	957eb013738b7c9beaf13ba5ea0ca923	no	18df5ab676609ce7ea1af944429ee9af	7529a38977c26d64446004ea2d844593648f53270e24fa0280e2baf197f0170e	7529a38977c26d64446004ea2d844593648f53270e24fa0280e2baf197f0170e	e8e9e211f8e1408768973d30054b417220b7effff3e9b0de1fd719f064efeed4	b4cd4b58269e732f1ac3a452ce2e0c0a2c06f31b2b358a6fd8ada99b746549d1
b89e3826376986140375e1f6297786e9	snes	C2 - Clay Fighter 2: Judgment Clay	snes	Clay Fighter 2 - Judgment Clay	3	4ccd6e06b99db4b345259c2e5387d81d	yes	b89e3826376986140375e1f6297786e9	014f55d87d232577a95d2c89059566187ea92021447f039de32bfe5173642188	014f55d87d232577a95d2c89059566187ea92021447f039de32bfe5173642188	44e71c032b8f728fb5b0d4151de3355c526375e1f8fec2f62b73913ec7aa6462	96c474353fd9802a7d1788bcfbf0f425a64fb50542b6fd8336a9ea548043c696
fa4966e3c2861a3a569d6d1fda034cc2	snes	Cal Ripken Jr. Baseball	megadrive	Cal Ripken Jr. Baseball	3	9dce110dac4e95b589990edc63ffa074	no	35756e20173613d9c3456ce1fff2aeaa	7479b40c7dbf25749c72baa604021905ac6130395530f1c1368ff613d9ead7ba	7479b40c7dbf25749c72baa604021905ac6130395530f1c1368ff613d9ead7ba	5e9b9065863a0daeca8ce4592335444a65533d45823ce433dde4661a896fa174	64e6b139d6509a72f2ac9bf6eb1ae85b7e52a22def5a0aae196f34c9664815dc
f8d608616bd4436d1795e57dafcf32a8	snes	Cannon Fodder	megadrive	Cannon Fodder	3	94823e926a3785b1e6516f1de006eb18	no	d2fe7fe4ae508c87597317fb61c81dd4	ad146975db2be8c7b2fd2c70765560af76154bba414d6804806b2ac0260025d6	ad146975db2be8c7b2fd2c70765560af76154bba414d6804806b2ac0260025d6	282cfdd5095f8002c3edc0475ef1fc2e714709e61a1b8db01b657e2fe29e26f1	2b41c66f96ac96bdab666a0e7d4cdad1f864a962d98e8fa4a3e6283b01d03f31
30abafe60bcda76ab1b9d0c8e4f2c815	snes	Captain America and the Avengers	megadrive	Captain America and the Avengers	3	a7126fb03d87420a95f804ca72e67d69	no	a38a910739cc8d45dcfa1718c98c4ab1	64d8ac221f4250d39f97d63b08ae03a68a21060a15979dc0771a2973c8afb8c2	64d8ac221f4250d39f97d63b08ae03a68a21060a15979dc0771a2973c8afb8c2	304fe9cfd51db9313009ad9fe1b783e27c542e91e122888f44efcc08c2f88ee1	5552a5936f676a63741e1c632c4dcaa96ade3dc1de8b28cc8d78226d5498ccbd
dd8008ac2711bf45b7c1b9e7acb87108	snes	Championship Pool	megadrive	Championship Pool	3	a28860823a2693ec32717ab195f90db3	no	bd2fe6ed6336e7a0e2c5beb63f067571	897bdcf21d2760bf7459742efeddceb2633398f0ed7c34e7388336c0cb62b40f	897bdcf21d2760bf7459742efeddceb2633398f0ed7c34e7388336c0cb62b40f	89f58bb59330b81326a3df478ce23a52de615113c149cae417d99134b74618b6	fe417772eb10c8467e7a197d4348d1265d1751e1741a4ec1afce964586b4ecdb
6e882c915be40163c886f628cb9dbf96	snes	Chavez II	megadrive	Boxing Legends of the Ring	3	54696884763e95a61eb97c4bda905af6	no	1a5881da3a469d3f69b51c9027b322a8	2bfd5165a9b0c60fffb112bbc0d52040c33f9bea32733aa20693668072bc0129	2bfd5165a9b0c60fffb112bbc0d52040c33f9bea32733aa20693668072bc0129	c219d7b0139dd51f1f602324900625380e517c45ee81881a6edf2b424df48849	186a0e70f384e621ba4166693bda6ff26a30f85ab6f20f6ff24e611114cb4dcc
f794771a3b22ec75deeb619cbabef00d	snes	Chester Cheetah: Too Cool to Fool	megadrive	Chester Cheetah : Too Cool to Fool	3	3ce85468536e913be297a4d8da90fe01	yes	f794771a3b22ec75deeb619cbabef00d	f0adf686c5e1d25d5b05b93795633a1ed42c6566908b50aff90246bab32ee212	f0adf686c5e1d25d5b05b93795633a1ed42c6566908b50aff90246bab32ee212	be0ed602e27b279ecd1e2b4bb612a97e6c81584234423e6e596e74f5ffd5540f	9388f202c803f627984df794150ef7bca68555e35578741d96277fa1676746be
f5fad9b8820ae85b9f6026bc95faea31	snes	Chester Cheetah: Wild Wild Quest	megadrive	Chester Cheetah : Wild Wild Quest	3	da142722055b0dfd94fc4a7ad6a3e26d	no	283b31ef53f49d4f916be0b22f11ce4b	2f64d205d83e29515165293d9c0c482acf41d5c4181a2f7d0f4e95384af28d4a	2f64d205d83e29515165293d9c0c482acf41d5c4181a2f7d0f4e95384af28d4a	5dd0db3b6204d5ec1b29aa922f86f05eba5bc01d9a09dce1cf0fe8789dfa6031	fc3e4bd3c3322cbca3563625b85727c7663add8b427c898203befc24a71fda47
9c8bf9a2b61b55e8060210dd86d0d2c9	snes	Chuck Rock	megadrive	Chuck Rock	3	7ab5c29e6a884a30820fb7a946bba95e	no	4f166f5faed6f3358ec424823075e5f3	35bef58f50a89f23eacafd657e1852f68ce653a9e22bcc58a9b2c06a3e9a9e07	35bef58f50a89f23eacafd657e1852f68ce653a9e22bcc58a9b2c06a3e9a9e07	e1b3c7e4fefab25229d4ec2dd80e2e89b38fe7042e11ea9af471dca41eb30cdb	4b5ef9748ace623bc90276ddfa19e5b641b690c68349f015291d9499195778c2
da2d0a8bd5c0d375b1fd20832691dc17	snes	Classic Kong	snes	Classic Kong	3	5fab380f6da7dccee6153ae71c272e8b	yes	da2d0a8bd5c0d375b1fd20832691dc17	6d97c40cd9be68dcc2e52a8ab5f31e5d9cae8064422e7183ae174d8464e29f9c	6d97c40cd9be68dcc2e52a8ab5f31e5d9cae8064422e7183ae174d8464e29f9c	1a4ddbcf99dfc4df51a06627c029a8ecb0475d8adf2360c299254a3e219f76f1	d43b42f72f43d46c530be0a122e4ac873411fa3578049197248740d919dfa99d
bba0ae28b358b6581357f6dff15799af	snes	ClayFighter	snes	Clay Fighter	3	9bd5045ca1d3a629a5423aadcf6ee6da	yes	bba0ae28b358b6581357f6dff15799af	68d110e43a07e83a1c1e99df68e6ad98988601cd1a72ace990417373d9ea4779	68d110e43a07e83a1c1e99df68e6ad98988601cd1a72ace990417373d9ea4779	f5e7ca2d27f9df2228ed9b259d6989f3cb8a3e384301071e90d74593b9d18040	daaa8ef2a5c552c7eb476c50c6f2e88b922f4492471fcdb7ed4b5411bbd947a3
36713b9f340cfb4108196eafabf13c7f	snes	ClayFighter: Tournament Edition	snes	Clay Fighter - Tournament Edition	3	65f596500fb7e22838136e464c0e8455	yes	36713b9f340cfb4108196eafabf13c7f	545b77d383cb96c8c275f6a161a196601e4d0b5a2afae8ba489fea93d3793bc3	545b77d383cb96c8c275f6a161a196601e4d0b5a2afae8ba489fea93d3793bc3	615c719c1001a8e3913d11c5fee210ca52c8e094f613a0d7cf15b84b6952a54c	a1b479a3c8131811fc186410875e6327f108599241753decb65e4b829a415a57
9d951aa1f49c71064ff9a0bb93307780	snes	Cliffhanger	megadrive	Cliffhanger	3	861b5e3e0ad26ff3e9df2243c7a78616	no	58c486bd1f7f4ecabd86a812f054b6f9	63a432e25251fa8cd1dc1e69516cc8a297a89255465bc4fd739900d9fe7dab54	63a432e25251fa8cd1dc1e69516cc8a297a89255465bc4fd739900d9fe7dab54	68d9b9d28067f1b31a4c0280e16a0d2e528c548e6623363d0cefe6b82b040010	004fa36e69d04051d0567ed79a8ca4131ee5dd8b80ef39cb5527071bc2d39865
6f44714fa6f72f568f98a27b7a80a508	snes	Clue	megadrive	Clue	3	90e585e86d39f468475a2493454027fe	no	6265186b4033a5c867d50e678f767128	d935430911d3775f213c7e28d3d88480ab4f73a45a9ef0835d7ab869343f7a61	d935430911d3775f213c7e28d3d88480ab4f73a45a9ef0835d7ab869343f7a61	c321d3fdb944990ebcaae7a34bfcf3d5dc9f84430b530587ff0bf1c624b10d2d	d5aa96a8c844b812cafac3bceebcc4de7fad898a944f4515a11a78f51c426e91
950fc8757c342b43918cc48d0f9ed786	snes	College Slam	megadrive	College Slam	3	ede93e5ee6ca78dfd420c6f53fabd86a	no	1f078cdb61eab2965e35a6766445a352	ca40830a41dc287b260238e3bd21b9e75cd91ac55fa3630e7c0c0b1c10e6e993	ca40830a41dc287b260238e3bd21b9e75cd91ac55fa3630e7c0c0b1c10e6e993	249b9fa52a6a9753414909127da9a3e28714919e4d9bc0ab595da8c45982101b	8a7c68a1879198d8afbc73c6aba57139ac978c4db9c158b77a672f10f56aaabb
6187038ca0e7c9f5b98d101e8afbf402	snes	Contra III: The Alien Wars	snes	Contra III : The Alien Wars	3	c43552dd084a9016d4299260ef6e950f	yes	6187038ca0e7c9f5b98d101e8afbf402	90ca7fdccc08bf25d7ec662ad7c420a39ff9c95b9607871dd589734dee3cff88	90ca7fdccc08bf25d7ec662ad7c420a39ff9c95b9607871dd589734dee3cff88	dfc427b568c34614ab27412f8ebeed9b4f74f3aad7730a5d62f02f8d4cc07fd3	5841092f14238822922b4c8ddb761058638b4151065c3fd18ded5b0f71c94cb0
2560a903ee600763b4c42e383f62a95b	snes	Cool Spot	megadrive	Cool Spot	3	fb3543828556c6f536e84847603aa869	no	5953c8d6d96c7642abf66946113ffc90	cdbe15965c9e5d996b193d2a45a23ee011152993957109bac9f6fa4150eddfc2	cdbe15965c9e5d996b193d2a45a23ee011152993957109bac9f6fa4150eddfc2	0ec700b583e45ee8871e3e90769ce179b22811e6665fb15eb019a83c6cbf8739	145272c2017cfbf20611bf042e69f6e41a1ef79b00d8457b1f54da7a71b4c30a
848c938e9693d7b4e8c6bc4a1e240d3d	snes	David Crane's Amazing Tennis	megadrive	David Crane's Amazing Tennis	3	c3a0d35fc0d00aa965457fe75d334930	no	8a93a23c70fef538443606b4b2e2592e	7bc31a077763b31d8eac113fa024a2b850f08b350b62946b5679c31ec527350e	7bc31a077763b31d8eac113fa024a2b850f08b350b62946b5679c31ec527350e	f0273597186a6d292be01b3ed88b863f38b959333a8575cfac22715201a097fc	d7a66fe5caf128ef7439d157097b1e431bf439e1742562de8e57d76a5b665434
497107b79f4ad43ce9186f969ceb7055	snes	Disney's Aladdin	megadrive	Aladdin	3	f793893a3a16daf00cc22156251ffd5c	no	8044d5b22742b4034c4e1f91186364d0	1047a05147d6a5218eb7ed02ce045cf504a6ec034f1e11f0219a9d205e7d8b4c	1047a05147d6a5218eb7ed02ce045cf504a6ec034f1e11f0219a9d205e7d8b4c	36e71e324b9b4f9d5bf7d0bdbe9ac80a8663e2fbf15908fc4c982c48edf4ead2	0155bf5d27009d74a64ede667619ed68f57e39c53432cdead5ae53e2c2c12f35
c6092329bb2b67f0fd62f52ff6df66af	snes	Disney's Toy Story	megadrive	Toy Story	3	93d12886fd966b288de2298d2f139a36	no	693af366d57e9dbfae87a54a5cf0c1da	1f8f793bca14632cceedce9cb7eefd8b7b9d420b87c010cdfada93fcc955cd6c	1f8f793bca14632cceedce9cb7eefd8b7b9d420b87c010cdfada93fcc955cd6c	5b14a5707c376d13baebfafea41edc965b43df5f76ce15e86aad92698ee66489	a77a2f8047229a5617d192e3b8c6db8c4818df8ae64776c5c215ed490cdc019d
eeecd9dd7b6acf96d7cabfe174676fb7	snes	Doom	megadrive	Doom Troopers (USA)	3	b554c45b1dff5d228c3134cb4a9dc62f	no	e307e854203a98bb3174a6e885786edc	adfea2968551b5301e4bff11e9a90db2b66ffa6b257ad76d4cda0779f4cd4981	adfea2968551b5301e4bff11e9a90db2b66ffa6b257ad76d4cda0779f4cd4981	51dc9c8733a564668409e01f959b5586e683787b2b5dbb3dde54682b7c415d40	17cebdd5be78e9e8fd893f8ce0184f001a538d5db5ed1a1d9359beac91a820ec
bd7c338745e46a055f7ab53b3c0e4363	snes	Double Dragon V: The Shadow Falls	snes	Double Dragon V - The Shadow Falls	3	b718eae24d7929e8937b542841ebba2e	yes	bd7c338745e46a055f7ab53b3c0e4363	0125f5360616d41dc6e52e56ccf8ab02a61eacd2c0c89795ae3bdf2856e7e780	0125f5360616d41dc6e52e56ccf8ab02a61eacd2c0c89795ae3bdf2856e7e780	e8b193bdc766719b18e91e06700ce1253c593d5611e010470c55134046f31afa	10b4939682f2441e4eb33ab808072a2ba96d80c3115c545c67dd9a5b4f5619d8
bfe855910ed34a0cbb1aa31602dbd42e	snes	Dragon: The Bruce Lee Story	megadrive	Dragon : The Bruce Lee Story	3	e255539bc04d319c94dc827b07e0d7b3	no	f72ab303f31bb07d9acb408eceb4b8a7	12583051ab2c3d8e993892d3b86854dd37c6bf4ff1c0237dd1eb24181513154a	12583051ab2c3d8e993892d3b86854dd37c6bf4ff1c0237dd1eb24181513154a	eafdf41ddd1703fc5505447539371d98473916b9d0d0a50770ed450b4988407d	8162a38696726e0c0109a50384497a5ef8cd0455b1981e54e0c2a9f2cef45756
5d0f941ae4240a43fcb0b699983444ec	snes	Earthworm Jim	megadrive	Earthworm Jim	3	1413b47f32a9ab4c03615da66a374a39	no	ad6f677311ca7a9d6b083df373d30a15	7a1f67e280f1cc1127c59fd6e1987d075c70440be4c414cf9ce1a6b84d69e3c1	7a1f67e280f1cc1127c59fd6e1987d075c70440be4c414cf9ce1a6b84d69e3c1	e95518d048297a397d947d9c7cf482c01ed7c8f4d5ae5b88dabb87504cd4ba4b	ce5cbab35e22ef1bcfa006227143c703a878a4aeedbce73e8455d8f8586151d0
ed88c434cc7638ff421a3f345481ea46	snes	Earthworm Jim 2	megadrive	Earthworm Jim 2	3	5b9b12c17e5221cb77a400e6e4de2a51	no	a108fe8e6a838ee9cfb1d15ad765d7c4	6e7718d281350a90ebffd90fe2a958821beb31ed806e18731f2d5b74587693bb	6e7718d281350a90ebffd90fe2a958821beb31ed806e18731f2d5b74587693bb	e208e6a6110300ddcdd29317ea623e0d742d4a6a28316774676694760200d616	24fbc9d763a96a8723199b9fdfbe197effb0512dd87e86c0aa74c63289c2c2f2
21c159185eb9984c883e36d87a9413b8	snes	ESPN Baseball Tonight	megadrive	ESPN Baseball Tonight	3	32fe5a983694ce09c4ad74dde1f6b921	no	f783181b2cf40b59edb5b718bfbc4a54	8171d205fd350417c1c964cbefeff2696e59031df9807f35b2b84b4465b3bc87	8171d205fd350417c1c964cbefeff2696e59031df9807f35b2b84b4465b3bc87	61fd13213ee18bac7248123f7e4fbca3ed261b16e55bc563d1b8477a65a12ebf	ef7b8d794d9d78c22635155fa37db2d8f4ce948349f5fd62ac6591e2b8764528
be8ca60f978b8b7a93b6415b9a0faa56	snes	ESPN National Hockey Night	megadrive	ESPN National Hockey Night	3	c070cbe02b93533775c80c4d3c19ae04	no	c249ee848b59b020502e66445acaf284	44f5aadc520623bb03d25623cba9dc476d3cba159aafa1183ab3da4135f76aca	44f5aadc520623bb03d25623cba9dc476d3cba159aafa1183ab3da4135f76aca	2c15bb7957e7c68984fca6fa002fcea39ecef7a5ae1fe8180934bd29d86bdfff	840c51cb0efc46fec636d22e80504d9ee3fc5fb81caa56a5241608df5931f33e
e5b883a27ad7dac842855bdd072c3e36	snes	ESPN Sunday Night NFL	megadrive	ESPN Sunday Night NFL	3	562c71d2159361e5b8f2b8b1225a20f9	no	6c1cc810ae247854cccd485d327d6d1b	f64a447685ae3b81336d09666cd963162131e31c388e4f3b2cb8ec1768d84dcd	f64a447685ae3b81336d09666cd963162131e31c388e4f3b2cb8ec1768d84dcd	0d78c01d5d809c5b5ffb5454595438873b110b78757ca3a8ac334c5b2a20fe1e	47fb415eba71860ae74794369d16163de4316f63bd3900c9f2053def9e428fed
f85eaea4fdd48e2fd4f51ba60ce1695e	snes	Estpolis Denki II	snes	Lufia II - Rise of the Sinistrals	3	c1432c7360c6bb5be5e2b51c4e6b0151	yes	f85eaea4fdd48e2fd4f51ba60ce1695e	fa802e073ce12b70b9fc8335936b509591d09f5d4bad1fa6f9a0d953deede66a	fa802e073ce12b70b9fc8335936b509591d09f5d4bad1fa6f9a0d953deede66a	4daf21f496ba889b850511d7fdf24130e7096ac2c814984e9261845e5d75708c	53123ad30613973422c5f410b9a6981dd12f21f6a29e8fa26f7ab9c99681b15a
39334c5fa178dfb28c3f93ac5ce2f661	snes	Exertainment Mountain Bike Rally	snes	Exertainment Mountain Bike Rally	3	3ea2072516b95c40936ab8dde3a78b19	yes	39334c5fa178dfb28c3f93ac5ce2f661	a4bd4d4b4d1810cbd1e42d793916807d0d2b3a7b4980bbd998c75d7f4bbd201a	a4bd4d4b4d1810cbd1e42d793916807d0d2b3a7b4980bbd998c75d7f4bbd201a	0f6b346bc70caba8db1fe5723d81860be3ae81c843c0df4ba3bd541720af8a2b	d92524284ca7b545804f08a3cee6a2922a3e38406f9287a61b9140f4289bb21a
c159d1c3bc103222f0dbf530ac8acbbd	snes	Family Feud	megadrive	Family Feud	3	5d5d0ce3d3d33686dd68a80abf19a1d1	no	b8abd078c3b5257222d8d172fd04f335	782e046b7e8ea59e17c7a5bfe37e1323d5576e46f56c6326e83b67c412bcd9f2	782e046b7e8ea59e17c7a5bfe37e1323d5576e46f56c6326e83b67c412bcd9f2	d14fb5e9fa49c2c2f35c940767220709241956f9013751647ed02304f25859a8	ea18eb981c483908fa43445ed2aff58dea5af273ed121ec9742d7ee177280acd
de7be4288571af9e3179ec03b4b4dd16	snes	Fatal Fury	megadrive	Fatal Fury	3	c14889db2e6aea097ab82fb8cd9d2c34	no	e2e279072aa35140ff5e4b6432f1f990	6f697be41a95b27800265d0c8d7264353caab8edaaa5b6d49d3faa416c3bd46b	6f697be41a95b27800265d0c8d7264353caab8edaaa5b6d49d3faa416c3bd46b	40285218ad0c393d1bb303a0c653c5421995635573ae9bb37a1146ab14349028	f73eb70bd7b58b3eb952930a8a9d5c5e5aa94768c6c3f772f6cb4df67ebdec5d
5092f2b508e4476924e033353f0d5292	snes	Fatal Fury Special	snes	Fatal Fury Special	3	0e4ae3492f5b064af1dba214d175ed09	yes	5092f2b508e4476924e033353f0d5292	e695d2d15fca36a63c76799207f06d12c5c79121c3ac7a11293d38161423fcfe	e695d2d15fca36a63c76799207f06d12c5c79121c3ac7a11293d38161423fcfe	c9b2348b0a8e014a8ecb15d92fa9a7682ea7f212c70f40126e88772bd3122f6e	364cdc3509aa3e7c44e14d999b537aad8788f0f1ab8bc5edcdab09eb54ae9c55
98971e62a262469e8bf3048743b11f90	snes	Fighter's History	snes	Fighter's History	3	7b6cbe9f16c634098ccd7de8a692cf1a	yes	98971e62a262469e8bf3048743b11f90	cbb256a2aa76164dfbdc659820e3e35dba19673c61197aa0b28da00ebed7407e	cbb256a2aa76164dfbdc659820e3e35dba19673c61197aa0b28da00ebed7407e	1b45a40592e2aa500f291a2f0156d85866b0ace1884477ec1251c6933be0df39	7c4838aff33d08cbeaf069bef9e39e52a66f9cd6c618c21b2d13a9063539cc38
31feb4cae74e98ed7f4462338f40287f	snes	Final Fight	snes	Final Fight	3	13a690b74ad1b0511760e58223d07520	yes	31feb4cae74e98ed7f4462338f40287f	a841db8563c9e68559a88f5893f466393ce87a98d4c613c44f83fe50dbce308b	a841db8563c9e68559a88f5893f466393ce87a98d4c613c44f83fe50dbce308b	591265f2f789b93012829f58529dde80e30bf34dc13ce5c1171679752d34d62e	a807d806c8539d7cd66ba5e667df78b2d8fa88cba56dda9313c8601f77598479
d5156a9ac3ee2e85bd9ba68fa037086f	snes	Final Fight 2	snes	Final Fight 2	3	c4052d21d49de0e6340c242902e0137f	yes	d5156a9ac3ee2e85bd9ba68fa037086f	c5cc5390b895b1d790da64845f654423b2adfe04c1158a114cb21fd7d338b007	c5cc5390b895b1d790da64845f654423b2adfe04c1158a114cb21fd7d338b007	197148e2b13e51eff09a45162cdb005dd308b93a6beecab5547b3f04f588a352	c999e78b9f6fbcb204c50a19239dbc1dbd97306c42e6a5d58f4bf03f845cd2f3
62fe9cd9cbe35e1dc5663fd8c1627fca	snes	Final Fight 3	snes	Final Fight 3	3	b3025bfa06cbbb6def12c7401222723c	yes	62fe9cd9cbe35e1dc5663fd8c1627fca	feeff1a4f48e17dece04751772b47310e53557628f5ca28d2dd620c347af0b26	feeff1a4f48e17dece04751772b47310e53557628f5ca28d2dd620c347af0b26	13b8695824a61cfac461aa4fc5124913f45789ac9efeca5b04ec33ed3ca01944	b1e5b911942c40e9cd866940ebe2126c3309f9f5e47ccb4cdec73cff0dc7e40a
b8bed5fb0672154b31d8634ee17042b6	snes	Flashback: The Quest for Identity	megadrive	Flashback : The Quest for Identity	3	2a4e31a47f25dc827576c65d07d1a9f5	no	726a0ce892d003b9a02cfb278b716faf	533e1e291144234a1c491407286a60e8a0b52ff993533810e81e65e2e2084681	533e1e291144234a1c491407286a60e8a0b52ff993533810e81e65e2e2084681	f93cdc818ae82e417621966139930203bed1c4d16979eb2435422734659c5248	18e9f3b1f876ba371c9623521d282c4d0680dd3b3dfd68167c9450b7a5237cec
04de9a95cd4715235e87ce10c94cef85	snes	Frank Thomas' Big Hurt Baseball	snes	Frank Thomas Big Hurt Baseball	3	f3bfb51499b8c7d6cb8484adb233a98f	yes	04de9a95cd4715235e87ce10c94cef85	5e8f7fdb658985d03a4e40b40a5963de88c2248899fcdb25be2dd64db6047a85	5e8f7fdb658985d03a4e40b40a5963de88c2248899fcdb25be2dd64db6047a85	1fbcbabe9c55acb344ae6623a83c3fd2ff1d622825413c162524a348c3a14ab4	af6ca76f5f5fdb55946904be49fb439eb379d660396844ce36d1fb1e429a6e41
36b736682d7a047e9f8e5523e167eb14	snes	Frogger	megadrive	Frogger	3	990d2b82b967dd929992ddbd2d0f01d7	no	3c02fbb5b2e24c4fc3302fc7379fd5cf	bbcfd4a890910572a13a0d1eb9ffe307e56551030ca2f4d29266702c6bacc840	bbcfd4a890910572a13a0d1eb9ffe307e56551030ca2f4d29266702c6bacc840	fd30f4d9afbb72f0088eb322a8da915afcc9d9c1853a5ffb9cfc4f43aca3fbc4	367103aa53c18e886140ad54c1c95c973c518207df20a336a259890145fd1f6b
ecfc0d49c89efd10e4b0d3e2e921ab95	snes	Garō Densetsu 2: Aratanaru Tatakai	snes	Fatal Fury 2	3	2741b979148f261e2415ad9715a495e4	yes	ecfc0d49c89efd10e4b0d3e2e921ab95	9da8812d0326b330b035761baee9c431a7552be0e0bbb0139b575998661c1775	9da8812d0326b330b035761baee9c431a7552be0e0bbb0139b575998661c1775	3cf383e444b36639adff72a732a726c07191ebf73f739a58298c42d08c16327b	67b626db1c9705c37b4eec7f5364d5369de498061682348decb5c0a39a215fbb
9cfe4d42dc0c8bf4d0d1a462740e1588	snes	Gemfire	megadrive	Gemfire	3	1b1f6a16b028247e2d1f1258c094298c	no	1e089bf00655f03ee4327cd595043e09	b4c755dea784e45f0392c338322bcd00063530c646bbd23fb488bf1937c332f0	b4c755dea784e45f0392c338322bcd00063530c646bbd23fb488bf1937c332f0	d0622a8d420064754bc4a6a13ae0d8042213afefb705d7a3e502f3ab3c8f94a8	b1ce4c3be212ac145501b22870a4fcab994851583900f21dd882417719e2403b
dbfcb04c93ff7b53fd2d6c8f14408234	snes	Genghis Khan II: Clan of the Gray Wolf	megadrive	Genghis Khan II : Clan of the Gray Wolf	3	72aa26b8f02102698329f8963fa51ebd	no	e1ad6055485152bef917ecb213b39aef	2d66b9785ed9ac1250aeab0fecff31ddbfd9e6095b6cf87b90ad779579e7369b	2d66b9785ed9ac1250aeab0fecff31ddbfd9e6095b6cf87b90ad779579e7369b	b31849a44fe4b8c37b284edd67b7ec5e57d8ba5bde9e0c70a50bab1d62e1fec7	3e53a93be4c0ca9b8c05a4fb410a167ccd1b721694a0c8d29c7a588193f7eaf5
113a5dacf2b98c423b3dd4213db7a658	snes	George Foreman's KO Boxing	megadrive	George Foreman's KO Boxing	3	cafd9f5abe481270aad7f5592785ca88	no	020cd9dba68e4e9d2a5823de82e37ff1	8fdb8819fbea73b190df54612eaf2231648c4f3212b5c5f58b87eca91808e6f3	8fdb8819fbea73b190df54612eaf2231648c4f3212b5c5f58b87eca91808e6f3	5a0ace89dfb56e90bfdc39676d35d6b2a7ec381a15e94364263cf0bb45ddb19c	ae75592bbf10d7e2e02bd3bb16da6695a434664166457eef07e36813300345a0
cd6611584bc35f69de692ca45ad48889	snes	Gods	megadrive	Gods	3	75925e91b56daa4071dcfbcee227835e	no	13bfbf08c5862865c379e7ab20d4152c	de7433152dbbb936141beccd8cb59097b2cfb9e3e5504feba6e384cfb4e43064	de7433152dbbb936141beccd8cb59097b2cfb9e3e5504feba6e384cfb4e43064	44086dc3b9afb02a34c1ec093a3d3b7714f8a91c3bc6fc1ffefa05aa0d3d78c1	0eeba1491d12a332e2416c8d0d79f6fd08be3153faaee96df1b4c52724699659
7895f4f98d3b39d13b6aed3d7672556d	snes	Head-On Soccer	megadrive	Head-On Soccer	3	0316fa07339eebd08d1e0576f60ce7bf	no	1e9e9c58cebb27f9727426db5eea6949	1c0629fa6f3f863b876bba224cc2968dee4fd5fc08cbaebf2b58c9954fcaa4e5	1c0629fa6f3f863b876bba224cc2968dee4fd5fc08cbaebf2b58c9954fcaa4e5	c0022a9c4ede2f4d7d15214a13be4443250fccfc0d39daf716a01f6edd5fc270	aa1e104d9e52feedccfd8edc50fb21b3cf4fc9ad3c4f59d2e3bf06da5a14b1dd
9af79c6647db10519ec098101ddf8680	snes	Hello Pac-Man	megadrive	Pac-Man 2 : The New Adventures	3	1d63d7834debf674a7a9b928430c4c58	no	677f57e9a817b71955fac74d60af9a35	f6bcd9c97f876e3c4e68e003c224f78c75a21bdfc1a55d6db02840865ca90457	f6bcd9c97f876e3c4e68e003c224f78c75a21bdfc1a55d6db02840865ca90457	a5d86b061d892b4d4a5801000ae65e9c7fe0b5bb89b8782e5f1bebe52de2e5af	39ed3407d425e000c03012ecc9f43a83d12928ed9b740306e298557e3682315d
c4d9ff632901e4e3a6574be098124fc5	snes	Home Alone 2: Lost in New York	megadrive	Home Alone 2 : Lost in New York	3	dd6ee140418fccbf1b392a124f951a12	no	7f9ecba47ab0cfec71077dd2623877a2	8664f4e7e1c859e3ef39a0af82d0c40794b6e70f591095873df6fa1845562457	8664f4e7e1c859e3ef39a0af82d0c40794b6e70f591095873df6fa1845562457	ea33f12b82c7b4aeeff3c4de3b71c3b5181a5279e279effccceae735be6933b3	92908d15787a33107c25f3c7dc17a22fd67c8753751d12860ee6c876b13a4613
12ad7ff50ed0febed555b09cb14406b3	snes	Hook	megadrive	Hook	3	2f7725c4621aa0410dcdb823db4c20d8	no	634e7d83a20d694ffb1418c5d6837969	01d65a11423d360433c69757901176257f95ba7689e7c4df1f26b03dd713f2df	01d65a11423d360433c69757901176257f95ba7689e7c4df1f26b03dd713f2df	6dbff841e12ef3f3a02cc87e1ed7c8a746e77d1be67fba4cc891fed5a90248d8	f4e1d4b402bc01059d657b0efc588a2f45d70f75cfb335a167b71faebe46b193
7f79d541de7cbe7f0f796488a632edf3	snes	Jammit	megadrive	Jammit	3	0dcf7a801f96a0a91f3e89ad77d01f23	no	aecdf8118ceed7ade15bd9e743d004ba	2d865e71c8b99db8fc00a2d338df2c0af4a01583969bdd6eaab62cb8cf270a50	2d865e71c8b99db8fc00a2d338df2c0af4a01583969bdd6eaab62cb8cf270a50	484caba7344d40cdad597fac353e35d8b45d60891ba6a763a002ca516b363beb	792c691e98acbe30785f9c4738d0b048be857c68cd20d1e341f6887e52be0fa5
518f8b2b86ec00ae8ae4a54e28f6b252	snes	Jeopardy!	megadrive	Jeopardy!	3	4e4dcf2c100251a6460449c365ad33d2	no	67e11fd2b70667e576f2c8080f095b6e	3d726fe82a3f7e568eab7aebad78aeb9ec82c023abf33c918d032e891c95837e	3d726fe82a3f7e568eab7aebad78aeb9ec82c023abf33c918d032e891c95837e	e8354011a5d653b6c5b07e3df3b24b750899879784c3482526fc7097997e7118	077370a34203fa540c4d9760576cda26adfbe22fbca4dfa087867577be655a71
de445eb4ac8d86c5c0b14e25725e8e26	snes	Jeopardy! Deluxe Edition	megadrive	Jeopardy! : Deluxe Edition	3	aeec97c0be4286fb639538de6427f21c	no	62ec706d459047b197488d6622961bc2	c3ee86bbc3432c90738d3c8e55a8de72b5baf477e7d0ead67d8b4cefef205c29	c3ee86bbc3432c90738d3c8e55a8de72b5baf477e7d0ead67d8b4cefef205c29	72ed6c437159738e585ff37b978088765ca4dd27a874e11791922dbf2746b5ec	11c78beb7e8e95a2d5c15aa3da8205fe364cfd3ebee0b226803ec8c7c8ed0b7f
8fde23cd957d39b269cea60266c235d5	snes	Jeopardy! Sports Edition	megadrive	Jeopardy! : Sports Edition	3	16341cc35630967498430c09bdffcc3b	no	2556415952828eedeee93a5fc618f7df	c7960c37884e19885adaecd227565a80a6983b78972cc46f4beb316547142bdc	c7960c37884e19885adaecd227565a80a6983b78972cc46f4beb316547142bdc	a6791abcad6d8815aa40c8e9bcbc0be8eab50a575497c95b528483d4977ee5b9	c00459944485d4954ab3a7d3f09ed63842f246ebacc09d30b86c5c49aa37a736
4442ac9ed021b7c72e82afe296f8cfa3	snes	Joe & Mac	megadrive	Joe & Mac	3	c54f0241e47e5e6e852c825bb5d227dd	no	fbb627f8b97ab013da8a43cc7763639a	53590efbd610d392a4d9898af2a8818fd5064b37d9dfd75a26de927f1b08c872	53590efbd610d392a4d9898af2a8818fd5064b37d9dfd75a26de927f1b08c872	3b1d6ea988c37c747ef2d5fcd96b158c91195567acda66ccafb1c75b4e0b0591	f793fcdd4fc5a811e0f23fbd0586a28b2c1802e3f6ff66873adabeb58295c8d4
ca5018938807cfc346b2449018568d97	snes	Jurassic Park	megadrive	Jurassic Park	3	cf90e57c4e78d4fb06346c0336a97d0f	no	46fac61dd6c224f817067714d1115b2f	8c5e8c72cf6ee87bc5732c63f19843e68b8f9fd4e55e3f87146cbdec14fa4c36	8c5e8c72cf6ee87bc5732c63f19843e68b8f9fd4e55e3f87146cbdec14fa4c36	e523068aedccc578c4bb44fa7fba163ece12b5cee08b59599f95b4debbfceafc	fce044bab8497cab54289562319f9082ae4a870d2a8542d3a04e431a2300f431
ea7b99b6280275d78c29a31dc76cc9ee	snes	Kick Off 3: European Challenge	megadrive	Kick Off 3 : European Challenge	3	6c95c6e9583911a5eb9805db1378b41a	no	7237636667d44a87f4a442036c22d026	d4d6e3695d2422907132a7671a003301a634a6d4b4dff92b28def9598d7fcdae	d4d6e3695d2422907132a7671a003301a634a6d4b4dff92b28def9598d7fcdae	a37da0ce4e630af88d0390c5dc8c97008edf666a66d2078f37a066e92beec63b	a82f34ab04adaf4ebc79e2b3d5573aa0b73b197e9f550213bdab6ed7037232f3
5b3c3d99528c13d382c61b2ccc4c62c5	snes	King of the Monsters	megadrive	King of the Monsters	3	f6a3542f75b79c757f48436363bd38a1	no	50d7a1cdfbd14ae70327b6237eaa32ae	070f87b8c894e6064469893def238fd23873a9f8f4418f3e1dfc40b3996f73dd	070f87b8c894e6064469893def238fd23873a9f8f4418f3e1dfc40b3996f73dd	e6f4fb39b02ff5486db81197bb84037e659fdcc895fb992f9af5859f15a825a5	d2c7a61c834802b30032c6481cba74b5da6d1ca03538205595c699c6c7558314
1ede0cf12fa207e427a9a03c0521bad0	snes	King of the Monsters 2	megadrive	King of the Monsters 2	3	921f521981565c23feb7a89c16c42fbb	no	333e5ffc8c4e7d60520671dc8ec88891	34df5bc56da16be67bfc1583fc120c4e40b81f0cc279ec18727d18fe0cfcb459	34df5bc56da16be67bfc1583fc120c4e40b81f0cc279ec18727d18fe0cfcb459	e3bd8e54e0eccdbcd8ce2b584851aaa12fbde5e0eb1f812ae8a13e88c77d73f5	daf81ceabbec1999a720da2bfb3f03c3a4789e6a4870e60afbdc645bf1b4e933
4d5aaea7aaa5d4283ad25d40cdb67387	snes	Kyle Petty's No Fear Racing	snes	Kyle Petty's No Fear Racing	3	7d8a767f352fcb101205e263841211b2	yes	4d5aaea7aaa5d4283ad25d40cdb67387	4ab1c2bf5dce43eb3ea0a67a7b694212fe1718a8b1a2ff71b09e794815a5f03a	4ab1c2bf5dce43eb3ea0a67a7b694212fe1718a8b1a2ff71b09e794815a5f03a	84df4d4492282866a744f0ec7a623fbd9e34b68a82aeb156a71f8d8c2cde1573	8a7a9afd14131ad375e03ce92c998020867e0101ed136305cb39132f82cb8514
9e2b7030c2965ff6218939111ebd38ff	snes	Lemmings 2: The Tribes	megadrive	Lemmings 2 : The Tribes	3	88b75d427fe9af0e8f13607cc67cf336	no	fd38d6e9b6a51a7e465067d2d316e4ac	1d8f0f48619b9029c4df86c4ca8fdafbbecf608d44a06dec7b606a12daf86e21	1d8f0f48619b9029c4df86c4ca8fdafbbecf608d44a06dec7b606a12daf86e21	15b1378cd520d86d693bc2a506bb35d5881b6659da962e98a559c434403c1e5a	02d1f0dbcbf868ce89b900e8b060d6ba996f08df8cdd30dad4de5aab7700c624
3204b8915e13a54b5026bfc52a257173	snes	Lethal Enforcers	megadrive	Lethal Enforcers	3	32e3ae62573c8fa4dadd20b4cc48cc60	no	34f00291c8b71cd12a6cccc5ba43f393	0a372bbf8ee3eb6d207282d5e6cff3cb9d79379ac3dd05dd8b6637badfff0c48	0a372bbf8ee3eb6d207282d5e6cff3cb9d79379ac3dd05dd8b6637badfff0c48	59573ad5332d732c4a3829fdca0749d39e888d1e4ba33f04f921532d23c35f31	aab05261b0e6a42531b15e0c672373fdb3502607fc8b727932841857b53e3f84
c812502f5714c3496a6c86537aebacfa	snes	Liberty or Death	megadrive	Liberty or Death	3	be998020bb7edc920b891adb981af951	no	02dc99c306eff608b991f72376f27ba7	03a356c18a7b2e9223d5ada4afaf68a6cda6efe3ae7454caa6604bc3680b2606	03a356c18a7b2e9223d5ada4afaf68a6cda6efe3ae7454caa6604bc3680b2606	9e6a078c551832186891c1adf29f687fdc36ce9384ff81d12833d92a87adedec	e2bbca6d50a36fb196ed6be60298f1fe1a3d97f133c92cb0d7680be713c60305
85c67fa654bb0a0dd8cb7aeeefd980c8	snes	Madden NFL 98	megadrive	Madden NFL 98	3	0dd5ca4a826420f55fd59626a3169cc0	no	41fb7f7b587646ae90c03eaad44db3e5	a045dfcf3115b8d8b80961594f8233f688e99fe001a254f6cdd6c43556d132e9	a045dfcf3115b8d8b80961594f8233f688e99fe001a254f6cdd6c43556d132e9	9a6852e63fcf21cc5f1b012b1caf0fecca6c84030277c53dc860cbccf0de1b69	6c3a01da6bca46c2a19492b9df00a0545121569c2593442f3c41dd180d3c123c
7f710e7c34917478c1f2d14e94121191	snes	Mario Paint	snes	Mario Paint	3	35a3a6ba4f798a920f4ea32180a7ca84	yes	7f710e7c34917478c1f2d14e94121191	f03bc941e1657010e34e3dff8bb67da5d19d75bc92c5acd5fa30594ab4012398	f03bc941e1657010e34e3dff8bb67da5d19d75bc92c5acd5fa30594ab4012398	afda0f65403c2f5b183fb2488b85d816868c2dace0a2eee300ca488f0d6ca8a5	66ddc500d7f2e186cc4cd18dcd2dfe0d63b7dc7a73a60281bfeebba633f29889
7ec7f8d49f9c6ef77394cb3793eab95b	snes	Mary Shelley's Frankenstein	megadrive	Mary Shelley's Frankenstein	3	a8060f7f8b0e8545a8d93cd91e30e841	no	c3ab0c7825a0cbecd7dbc5186ecfc308	cf42659af0f3b013e78e56d5e13c17ddc1b95bebc5ef61227f72d5ff3d583541	cf42659af0f3b013e78e56d5e13c17ddc1b95bebc5ef61227f72d5ff3d583541	91c2691495fc03d0bc031728ee6d7e498fe472416e95c2f0fd1a22caade12c02	f8701fb0895379d6c4f5d0a38b5f6e7e58fd52d898d4a6f2f76709964af19910
dddb9f11e0821e3c66e5c53087c6a362	snes	Math Blaster: Episode 1	megadrive	Math Blaster : Episode 1	3	7fe0099baeb6af9e45631a684b9ac034	no	eb92063644c3dfa7004ccee2de45861a	46f82f8a62876b498c04a0ffe174b7dfb7dd16f8d9f37d197780ce44bbaccf66	46f82f8a62876b498c04a0ffe174b7dfb7dd16f8d9f37d197780ce44bbaccf66	2b954c43f081c736352b42e1b64a3def275e88f9ce0b7e8f572f08464ddf1385	686eda80a539179229293424d19546f92a446d0745bb49073210c0499f940f65
352be7597989526657f6958b0fa99cdf	snes	Mega Man X	snes	Mega Man X	3	ac394f9daee5cd78978c027779121ef8	yes	352be7597989526657f6958b0fa99cdf	1d5f7ca5de3b8ba80e908812de7e6f11e1724c9fec884b8ae2d788a737eb952f	1d5f7ca5de3b8ba80e908812de7e6f11e1724c9fec884b8ae2d788a737eb952f	88a20314c392efe1d1d81057779ce789843959a342b8aa482e241db8063d7028	fa4c086e08a58ff9804ca6c5dd6a5883b32f9d428cdc41da5480f8743018ae40
66eb97697486601ef5813d0bdaee8117	snes	Mickey Mania	megadrive	Mickey Mania : The Timeless Adventures of Mickey Mouse	3	d44cf6376f5eefa85bfae8b8d1f72103	no	a3c084d44c49d1d4c4152248dbf77756	43d6b7fdee0557cd0e9047bd6c1a399719d7ba34941118074c5bfcffd7483e21	43d6b7fdee0557cd0e9047bd6c1a399719d7ba34941118074c5bfcffd7483e21	c3ba1044149d93d0007b2213a0a6c8f7e68936eb3e92088860725b5fea0a1e49	c5fbc716b2a75f77179acf63076dc5556d140ddc4bf67883aaf8d1ed83d703f4
805411ff744823f1fa16d3d132b8d073	snes	Mickey's Ultimate Challenge	megadrive	Mickey's Ultimate Challenge	3	7dc46745e7ebb6cd0978be9e41c8ac43	no	671acd1ca106523a2ebc9848779d0708	fb140afe1589b3f443ed4b84fddc202fc8b2491d2a635807939d17b3b520057b	fb140afe1589b3f443ed4b84fddc202fc8b2491d2a635807939d17b3b520057b	0890b4f79ac56bc48e962533a4a4005c9770445df98b96d30f4d4024673a2e39	22f99ce33e09f64636886c60814cae1ac967e92d7f87d5cbc14b4c9a00b0dbb9
8e2a114eb3f7d50f1319079ee455c4b3	snes	Mighty Morphin Power Rangers	megadrive	Mighty Morphin Power Rangers	3	e5d286c56b087d0846a83759aba42221	no	96bc62646f9dc6262b3d5de6bd58fab6	f78f37fd13b09c1fe9b2a7b8d328d18eb52696c28afd53f65b9a210c2632408e	f78f37fd13b09c1fe9b2a7b8d328d18eb52696c28afd53f65b9a210c2632408e	3eab0ca6a386aad69d50cb3a730a0b24d974b13e1294f380e04f04217afd614f	f3ad69e3e6372ee449de969b78b72a60eb34d6aab18759f75cd1d16069ee9a8a
076d68e35226cb7cee6cb4541da24728	snes	Mighty Morphin Power Rangers: The Movie	megadrive	Mighty Morphin Power Rangers : The Movie	3	1f86e77bf6959189d2367458af39a12d	no	b1a7a38c80cc419736ab53334c6480bf	0f1860c3a0df1bb42370b79ded1b4129e555992e9ca1f117fa970816c111ed37	0f1860c3a0df1bb42370b79ded1b4129e555992e9ca1f117fa970816c111ed37	d9c67656e22e6ab7fad0f818fa6dd64ea9e7fc40365ec4be6ac1facd8689e7c8	15e3943d8f6b499ab41d56d7a0df785c23c92ab82c015695761f4f35fcc19f25
dc6c17f80a6631a03d0f7f8e305029ba	snes	MLBPA Baseball	megadrive	MLBPA Baseball	3	45837ab773f68ada435211ac42f71bb7	no	ba06f0fe96380d9edc497f9e34f95401	458c4a07f6e226dd9e415cbbe2829b8e11d399c05ba1499b2bb754eaa54e74e4	458c4a07f6e226dd9e415cbbe2829b8e11d399c05ba1499b2bb754eaa54e74e4	0f32a8b158a46c9e7c18d8c634404f62954cd4086a0992eb0a22698b2c01e63a	e739b4e5547300af2d9bcde788e72e15dcaf1571f77cbfd2a1d8604110e5055e
e315a6af3cfb766e2768bdeedf002e67	snes	Monopoly	megadrive	Monopoly	3	3165b9c4194d2afd8f0e8fb31ef24c63	no	8c9e32ae74a09c8ffc9bf8b5d9398879	d830a648591ee0d59dad4946ffdd4ac840876e8495e54c19c282097a5d1b312f	d830a648591ee0d59dad4946ffdd4ac840876e8495e54c19c282097a5d1b312f	14beef5f6601c89f16e5964dd27a6409d2c48df06fcd2370ac85e7f24a5e0aee	02fe6a24035a5665a8e407e4a0a9ee2269f40408f9d670dc3fb51d72d6606538
795aacf9ae9fbf04be4eda72d446e8b5	snes	Mortal Kombat III	megadrive	Mortal Kombat III	3	3b1ba233f388b245d9ce5d86e1e145b5	no	08ef2c0d9fd79f724afb77d785f58378	d709763aee62c37e3642eeecf1a68b02d41f363107ff4d62aa48292dba09568e	d709763aee62c37e3642eeecf1a68b02d41f363107ff4d62aa48292dba09568e	a056412a265bbd5f8343db6c2da9136470f8d2c0449fa4ac0c44d31461577432	9ea39b570c2d2721d98dbc369a919ede74a22ad6837e2a40eb8426c7b8562d2a
d83efd1aea52d71177fa172bf6d1657b	snes	NBA Hang Time	megadrive	NBA Hang Time	3	d975d39d7179a6ca34632f0fb7f9fed8	no	1bc78b8ac911e4e3fd6738081718b7fe	6a85a7c4b901dd09c3a5e04acdd3335caa0cf99b6b7ebd436e98cb2acf41c9ad	6a85a7c4b901dd09c3a5e04acdd3335caa0cf99b6b7ebd436e98cb2acf41c9ad	12756537c2aa54f838063b26161e1965941f83fc99b64dca29735241717cad58	75070621ac521656d3326f5063b5c058ea2cf84636c5a543dcc1d9f10cf94a27
f9d6d2cf7b9f78f7c3eda33ccbc8435c	snes	NBA Jam Tournament Edition	snes	NBA Jam - Tournament Edition	3	f6b90b5fc4b4b8f0be7a0f3a6c890a6f	yes	f9d6d2cf7b9f78f7c3eda33ccbc8435c	4825719753695f785b76a0f457b713eb2415d09418fb25456e260b5cdc445f97	4825719753695f785b76a0f457b713eb2415d09418fb25456e260b5cdc445f97	b8116f7ca9282b68b8dec70b2a2a3e44bf7dafe0652da17cbb2ca6b2995b0c5f	aec67955ac93ed1450512bcfffcb3d8130e55bb14bcaa0808f07816f2e6068a9
9174cbba1ba0602df312a1d49dc05ac8	snes	NBA Live 98	megadrive	NBA Live 98	3	f481d505fd3e9a754419d3c0009ed726	no	f1c1e4e0785a313be10d364478ae8800	254c309e95c2db04c0d70a2807c6ab5f9f66c596df45328ae0975b8abce7cc28	254c309e95c2db04c0d70a2807c6ab5f9f66c596df45328ae0975b8abce7cc28	ff12c0d3182977c30499dd578a6e420405410ec15ea0bbc313a2e09937a841ed	d339beca1ea8e1231d3c0296f8379ac18ee2912bc063b1f2f72abe40d379fa82
9b37cc95977397ca9a4a5c8cd39aacf9	snes	NCAA Final Four Basketball	megadrive	NCAA Final Four Basketball	3	851f245380412b1ffb4fc60961e5350f	no	1d738d1cd59ff79f34b5acec06d08512	e8789eec687cfa7940384de77b112e095ea9b59781de63c1962eb076806a302a	e8789eec687cfa7940384de77b112e095ea9b59781de63c1962eb076806a302a	943e49eeca9b7c50abfaa2572922b35e42e7bf7263af158e752e6633c85b229b	595bb7ff9c5615ed2a0fab48aa422739bb1e36f88d0610c3028ae654d4823260
5cf96af81aaf131eb256c439240b1df4	snes	NCAA Football	megadrive	NCAA Football	3	d75a4e72c29f7d12829d8a0d36d66bb0	no	5c2829c8e131f94ee7a7b983bff66933	5466747fa2e757452f70c0412397ab94b6742fc5eddc3d3817f579b15c0520de	5466747fa2e757452f70c0412397ab94b6742fc5eddc3d3817f579b15c0520de	69af0272c88c4d14cf3349a17616d290691ca42b321008090e60611c775b28fd	25d1fe76eb3b6ebda53b9312c1588789b22e231d3b92626105915f54476ac769
569554d794de28d25e557b4fedea3cc6	snes	NFL Quarterback Club 96	snes	NFL Quarterback Club 96	3	860fdc0911345c33bb3b9ed0c2e311c8	yes	569554d794de28d25e557b4fedea3cc6	c18a77d1116b1d4994fd9b1e95dca5cffbd9203a043cae592d79889251792af6	c18a77d1116b1d4994fd9b1e95dca5cffbd9203a043cae592d79889251792af6	1521f03998780e66495884b8906c2ff63d4430185a3e53f65154dd7babd116a4	11eef8e22b27387f7c9cfa7671e6cf1a5bb3ab5cc67ff35e887c89685eb86ea6
d21e045429ffae1337071a85a4e7ae04	snes	Nigel Mansell's World Championship Racing	megadrive	Nigel Mansell's World Championship Racing	3	b70ec3d0e4d8d2cf27c5b3afdd06fb4d	no	4288b357f0d410fafcc403c15f1e3e0c	12f46bdf8f390806a31570bad49e93fcd1cc089ceaafffac7cd79ca839b3a20b	12f46bdf8f390806a31570bad49e93fcd1cc089ceaafffac7cd79ca839b3a20b	91a9b5810d7ed5bfd787c8956e206d70e5ac8d597bb20cbb7ef06c838a05161a	d95ee3961a150bfa9389f2e1e9b85884567257d17347420ed80181f4a9a74ad9
2dda8aab6b01b1ba4701083386d83188	snes	No Escape	megadrive	No Escape	3	a131400c03ef86e738cf56fef9dc5553	no	7e183b8ab6fbf4e63c0c8e7d986967e5	b0b345add19ce393b4ea41315eae767664ed94748395d7a439a9a554ac9b0a70	b0b345add19ce393b4ea41315eae767664ed94748395d7a439a9a554ac9b0a70	9fd6f7e5556d2cd1d9ebebadb07a69acc9ba389e72cb5d2bb3c5df510b9476f9	53ee1258d8c6cb5fcd9627773355365b39d35b3abe5d6b7b510073a9861d3dcc
f3dd2bfe1c8a94f09cc6b4025c35aa34	snes	Nobunaga's Ambition	megadrive	Nobunaga's Ambition	3	a590cd36ad02eb2f4b61db05fd2569f1	no	cb075ce4e6dd53a67de85de212b688f7	9a54283c87e3aacc0285f8651534dd85482493b67be35de6aea087932d31b06c	9a54283c87e3aacc0285f8651534dd85482493b67be35de6aea087932d31b06c	2ea0128344c666b948d31449418543bba8c3fc2615cbadb08198ce52bd045be7	673983040681507b5db296a63257a45778c2dec469ac812609cfc531290ce9fa
382c064164b67659f5307880654b47db	snes	Operation Europe: Path to Victory 1939-45	megadrive	Operation Europe : Path to Victory 1939-45	3	c5f983dcc3d56e19f3f3f55392bb5fff	no	ad93bdad39e0cdfbfc1410f7b060e9ee	435289bec72adef2677600b6e78e26f83fcf2a1f767b8f3d67b89531a144441b	435289bec72adef2677600b6e78e26f83fcf2a1f767b8f3d67b89531a144441b	5bf0fec75af19da2641df1bbc64f779ef77f361871cdf175784b57b031eeee28	c77a2a4d5309e581cf5080032c40f95e1e12f3ae040812f978fa606fa8403db9
093616837ef72c2844ce3282ad5cfba2	snes	Outlander	megadrive	Outlander	3	dcdd72a805de67fc34cee78c817bbb13	no	a3774af4d5b90fd5a4086f01e72903fc	8886bef02b53a797f9a956fdcdad48cf1cdc334116eb81369da8214e189ead28	8886bef02b53a797f9a956fdcdad48cf1cdc334116eb81369da8214e189ead28	8dad63a84797c158199c46ddbe5d2b0e2c5248e15b2377385bcdea6392cb869c	568d26aa6e4bd4ad72cc478fce5b887a1fff111401c3cc5c7ff76964357dea30
b5d9f048cffeb605f193a6cd258a6e07	snes	P.T.O. II: Pacific Theater of Operations	megadrive	P.T.O. : Pacific Theater of Operations	3	71b2f58b1b22eb89ae0453029276b703	yes	b5d9f048cffeb605f193a6cd258a6e07	c8ccc0b5ee9738f8b0e5b7aa41ec4409c5bc6352616ac676f020b24c107f6e9f	c8ccc0b5ee9738f8b0e5b7aa41ec4409c5bc6352616ac676f020b24c107f6e9f	151b9a0a6fbe30fbf85780af897d55eea4e9cc2111a8353345eed8fd65645849	b3c236fe33fe437261fc7e066645fe4450f364e7015a52a782e8ebf33ff9bcfe
337a93f22af875193739e814859699e3	snes	Pac-Attack	megadrive	Pac-Attack	3	d2d7e9744ac8bd7953ada21d0f4b36a3	no	3cf29eb7712520908439269b29120262	57e47f40008b299dad49b9d8613ad9c298d58e3ca30323e5db260d25524f8e30	57e47f40008b299dad49b9d8613ad9c298d58e3ca30323e5db260d25524f8e30	b287b81dc51e4b5609105fcc74080bff8c122a8f8be5ed9591394afb7e925326	c85a28d249ca5c9e94cb7c4fed308d0c39259b2fa24e97e0e6992a92549ba8d7
4ca5557f8d94ff205a2d7eb61676ce0f	snes	Phantom 2040	megadrive	Phantom 2040	3	9163916f0f6a6067489d9c1730ecdcbc	no	c35217d8e5b40f2c384b38e47a424f4a	69a70312ad0a8e9a0a99842dc19d779e4725bb7d8abc22e07c276adfeb9e0c14	69a70312ad0a8e9a0a99842dc19d779e4725bb7d8abc22e07c276adfeb9e0c14	6bef720db6ef9fc2def879aab994b62b6bebbcb3020c5cd116524784203a0a05	1c41851864109fe8bb68d78ad9f87261f2f1fd2eb8fa3f7083ab8735dab8fec4
534eff97990d202b33ee854eb75cc588	snes	Pinocchio	megadrive	Pinocchio	3	e247a351d479f980ae409a5718312c43	no	80562d073a720e646e4d1e16c4a31992	8aaa91bc5009c24302c0b8f05c8f9c9e4e74317cd97ff8c54cf71c2b9f37c049	8aaa91bc5009c24302c0b8f05c8f9c9e4e74317cd97ff8c54cf71c2b9f37c049	7845c267e20796a2b129d3e4738ebd430afb889e035953f539bc56913a231d3c	a99cc6a7240139d11780ff2a3caad99934f7684c7d80fc5cfe9e18fcfc3d00ff
dd1a71f6ce9ecf1f8714bef06b1586df	snes	Pitfall: The Mayan Adventure	megadrive	Pitfall : The Mayan Adventure	3	8b2696f3aec9f2d55c201e7eaeccdb7e	no	1d969bc4b279c81953c042e519b2984d	3a5f0d44fcfaf39e3e7268cfcf396aa835a72b68bfd54fc6039cf4ca307303a1	3a5f0d44fcfaf39e3e7268cfcf396aa835a72b68bfd54fc6039cf4ca307303a1	2fcfadd8df36e058fcfea458bc6866246ffe5f933eddb55c38c2dfd92848c80c	e690f628f3620e3a800bcba678aac63614f9678ff1455f7e7c6f7f53e9907058
4b2ac085997d973dd564e4ce3d1acf1b	snes	Populous	megadrive	Populous	3	a28e019299b2962f9be2b9adaab38834	no	9f74ed15ff0c036b637bbbafcbe8085d	549115f57a0f7fee122ca88775b7499b06f8b946f14bc516a8b4a6883c34e7f6	549115f57a0f7fee122ca88775b7499b06f8b946f14bc516a8b4a6883c34e7f6	5d34aa50d2f554869deee89fd3e5a36471c0e5dd706c4dea9f5d59fe192de928	4838b1455194df0abd966c92880b2d75e9650aafe6d5fd8a5958b19ca9322356
d63406ee4e8582fc4d5e4cb3e306a302	snes	Primal Rage	snes	Primal Rage	3	ccae76e3ccc6f4335e467d4becc173e8	yes	d63406ee4e8582fc4d5e4cb3e306a302	526ba3867eca84b4d4fa37d1684372f75c5fa60d57fd184f5f607d6079364f60	526ba3867eca84b4d4fa37d1684372f75c5fa60d57fd184f5f607d6079364f60	3284334f5ad907c7095b20442e9199fee74fa9acfe2f230aae53d4b23cdea796	8018997e7f9f874b816f431b60343aeac054ce82d6ff3340224add77512c495e
7471ffb4565e530ef5ae2c0dabcbb9ae	snes	Prince of Persia	megadrive	Prince of Persia	3	25202a2a7f4acf1bdbbfce40a5367d53	no	077947aedf498a84795ffbf7366d4140	91cb639e158f97ad2b84b314a56d3bb100aa9b7ab4836d23a37479100268b6ba	91cb639e158f97ad2b84b314a56d3bb100aa9b7ab4836d23a37479100268b6ba	1e283feda884e0c3fab7a489fb48d578844fe5e93a10ea74a6e96f6731186c53	3b9fcf48dc9aba6a9bf37f8852170bff40b3a18fa47f8a48de794ea77a589db5
06872ae8fdee88ca5fea9e7742417b09	snes	Pro Quarterback	megadrive	Pro Quarterback	3	11535aa683210c5b63d5158fcc1bdaca	no	73bf86ccec6e224956a88d1c7c831f9f	f74ffaa64308e447b656ada0a6203315981901507f0de5489a6825e433662cd9	f74ffaa64308e447b656ada0a6203315981901507f0de5489a6825e433662cd9	b7544895b95cd461c7fb3b5de1b1e3cc6c9c5ac676e098e397303488409156c7	274f66142cc90e3d1af1afb74e912bfc575bf48bc10d9a3430ccf0a7a95055a5
75490e9a52a7c85314e2982cecca8759	snes	Race Drivin'	megadrive	Race Drivin'	3	307bf34ac022edc6aedccefc2187f96a	no	a1a1bc5837ac47f447e5306b274426b4	c1926c615224912cb6bc65d4152812058265a60e18ffc844b7f4942fbfe21c9a	c1926c615224912cb6bc65d4152812058265a60e18ffc844b7f4942fbfe21c9a	4c99d520a7d10d1f28f9593e787d053ce3556c226b02c1fa4ac7bd6ed53a6c5e	306a8ac2378da0a03ea63baa2b4eae4296af463ddc9b5f6b1ed242b11f222dc0
79e6007fd0afd775e41a885f476c2ff4	snes	Radical Rex	megadrive	Radical Rex	3	0c3df5f1decdf48b59fa971b329a81f0	no	4d8b857388146c61e1090b32a39e13c9	0a90cb4483b41a32605b436dab0b99cddc130501523fe4ef823835f49b840c98	0a90cb4483b41a32605b436dab0b99cddc130501523fe4ef823835f49b840c98	b6706fea514410c236064e02e5fec5e0148a86f272758d38e60067e0f380b7cb	b12d805e913b27548c8a0bc8944719a382ea95c80097a9341644a596c8d5e764
aa468957cdb62c83fa3d694f5b43bdef	snes	Rampart	megadrive	Rampart	3	aa62c84a1c3c16617b5389e19d5f25ae	no	4dc8dedf84322514d8a72f8ffe45199d	e436a876c11817c30401bca9a8f79a9a59aa3b85d0c5229c2a1eb1240bd76f38	e436a876c11817c30401bca9a8f79a9a59aa3b85d0c5229c2a1eb1240bd76f38	7a6d55dcd6b017e4e48d31d0d7c973e15f01c79b93e4edac6ec37df5a68bf0ba	7b95c27fe09e763240f0e301ce1236f78807634fb6bf20647cceeec744d785ae
b3709ddcfafa9de79fca62886906f213	snes	Rise of the Robots	snes	Rise of the Robots	3	595b581244174dd73ec0ca950c87aefe	yes	b3709ddcfafa9de79fca62886906f213	5f5a18de052d931fb6d9d08ef3e1a4745f7453ffa2ed2a7f115d55241dd952c5	5f5a18de052d931fb6d9d08ef3e1a4745f7453ffa2ed2a7f115d55241dd952c5	0b4cc21af805e3ad4b5de67ec67ace8072c7d9299cf92a9f16305b8c86701090	ef7655b47fa0b361ac2ad897b27b2126ac8475b63abefce10056ce54661545bc
b604f20ab118e697646bd94dea59700d	snes	RoboCop Versus The Terminator	megadrive	RoboCop versus The Terminator	3	3542dc14574184b59d648cd3366fc2b0	no	6c6a3622656870fca249890b33deb382	9315a7931fc5164bcc3d1f1bf2621a343c74381e34a8984c8b11cc302bf6517a	9315a7931fc5164bcc3d1f1bf2621a343c74381e34a8984c8b11cc302bf6517a	be9fd346b22707629f411fb32438d0125af32846a27355c7be356683154f98a2	80fed6b0461511327e472e9e6e8330032c807c25aff04aa1f66806f0ffd5b546
de2f68cbe21bcf72e4ad69649be80b94	snes	Rock n' Roll Racing	megadrive	Rock n' Roll Racing	3	922595ca432e7d9bac4560dc961ea859	no	8a7bb54d9e204de2ad1f7ea7fb8ed98b	468247cc31e7560d6af0bc7b26f50220d1d2e5f931c7e53d386ce567d8075118	468247cc31e7560d6af0bc7b26f50220d1d2e5f931c7e53d386ce567d8075118	0ffafff485df78bf19d07a3676432a72e81f43cef8ae1f373359e04888745fba	7b82101ec70a4a41622e1458bced0e4882b79f09d5f4c5a614b3399df8a174de
1f143a301eeb1dce0a4d89a22aeb7985	snes	Roger Clemens' MVP Baseball	megadrive	Roger Clemens' MVP Baseball	3	30c52c619558f1d38d391b1ca9458a4f	no	32e863289aa9843a392cb81332d7bbcb	786d20249691b3f8f2148d543a8c0ac9d341fd42f9f1513a329d7a6853a4a918	786d20249691b3f8f2148d543a8c0ac9d341fd42f9f1513a329d7a6853a4a918	f5ad363c8ed12f096c3753281e9188a29c92b6d57b3520b210124bff1c5a27f7	8e0335b017559f1f04718bdda87cb655c7ff3934df2c067b88f8c960877a3a7a
faaaf5db5861cb4b4664ac32d43c322f	snes	Romance of the Three Kingdoms II	megadrive	Romance of the Three Kingdoms II	3	43206df7a84c41131127eda04b9b38c0	no	0a75ee82f0f5c36bca9f70ea46ba4221	2579c8d422cca8e65b3dc79b44a495b402fe4e82c1568c2b8edf2625a688c071	2579c8d422cca8e65b3dc79b44a495b402fe4e82c1568c2b8edf2625a688c071	90bd6c6e486c1273a315f9345a9bd7c1cf70e6917bd6ca2ae152c10a5b284e1f	649197fe59a3c18836a83ce05e2090345f164fe43de277098006554835608745
cd78e3920d62273c7889284405f27fe2	snes	Ryuuko No Ken	megadrive	Art of Fighting	3	f88608586cd5695f8520f2152f314e70	no	60db28367deae67e5d9c9c4ea15ef4ac	f1c43f5dc5b3345b8e6c6160b2dc5a4b4ee0f65619f1716e567ab330e3966372	f1c43f5dc5b3345b8e6c6160b2dc5a4b4ee0f65619f1716e567ab330e3966372	f89c0002fde08dbb62fcd8bca2cad5f4c0001b2c9cc86f91b9749f4dbc935191	1a1f3671add839a268cadfec99eaa83df19c8df4b682f83b96cebdb7f736f9b5
a358c6c18f9b7d48cf5aaf1825f4d9e4	snes	Samurai Shodown	snes	Samurai Shodown	3	629ebe23545002b55ecb9da14be1e873	yes	a358c6c18f9b7d48cf5aaf1825f4d9e4	9b491d0e7ff73f931708c75ad056989100d7f59f7908257f90dd0531a0340877	9b491d0e7ff73f931708c75ad056989100d7f59f7908257f90dd0531a0340877	2cc16bd13dfeb7aca781620f132880f18d2cc44bb663d5ebeeabd697fcfa8c50	c577fe73792085b31932c42ccc372ef86b16e45497dcebaddd7ed1eb1671546f
c5692cdebdb394ff58e3123e2ff7ad42	snes	San Goku Shi III	megadrive	Romance of the Three Kingdoms III : Dragon of Destiny	3	e76787ff8b8ae95ee8cd1dbc53641d7d	no	4d42385f90c3ce59a8996abf6b18c410	2550ca5c08913bcccb97c2f716fab72cb4030476c4f7ac2f0c8231d3fd7cbc09	2550ca5c08913bcccb97c2f716fab72cb4030476c4f7ac2f0c8231d3fd7cbc09	81ed033ba967a548bde83b7012b5e9dd7d7a84c96d3a5a1bca0faab3cb40da52	e383bcfa7562de0dcda8e3a360e95b533ac0789eb1151107da57078177653a17
de326903dc784ea26e5ea74909357a45	snes	Scooby-Doo Mystery	megadrive	Scooby-Doo Mystery	3	cdbea2842a59cf496cb699eda9ad2ad8	no	fee176383d588db59c1ad27a9edcda98	5bd000f2fa1b174178f26d98bf99a44ef7b7107e5277dab01c712f74818288f4	5bd000f2fa1b174178f26d98bf99a44ef7b7107e5277dab01c712f74818288f4	18c93ff9855a28be56a7242455f88ec572142034fe724790303acd706bb2004a	f638d1e6cc8ac4ff10f02488a40e4095e35fbe5bcceaf78890b9140a331add3c
41286dbc8c7ad7e5cd6f18ce2fb5eee4	snes	SeaQuest DSV	megadrive	SeaQuest DSV	3	95957b51ddfa935a653ca83e3d715056	no	9f46c7f4b6aaea4357162b2eb7fcfb8c	02b61b01130cf70be5ad4b9c1d47aadbc12fdac195732341b586f4acc1e4825a	02b61b01130cf70be5ad4b9c1d47aadbc12fdac195732341b586f4acc1e4825a	97ec0d33606809736a903810aa1e6a65f332964da34b1104887e46027ca5c179	4248c8917c8a57579ceca5c6a302caa76b0349444970eaac84378cfb5c848fba
feaa09419879eff1c56364b990e9b53c	snes	Shadowrun	megadrive	Shadowrun	3	d175415a48e50fb421cbe7a671e349c2	no	681de039bf7a1b1dbf251a02aba22a36	db29d34cf0e3725a8c59f0bc4778b8763f8e5e063baf0eed2eba79b55fc16f36	db29d34cf0e3725a8c59f0bc4778b8763f8e5e063baf0eed2eba79b55fc16f36	f115b61addd62c63389b051cd1df4a2e60fa1af20cc049a8a7e6601e57b8cdd9	28413e8fe28d858299ef6c007063f1e16647bfc58edfdf5baeeb94993b71d5ed
caf0adbd1500b93126536c41e7020bda	snes	Shanghai II: Dragon's Eye	megadrive	Shanghai II : Dragon's Eye	3	d68451e6fb2d51ecd529d93c8bebcad7	no	a3898ac63cb559fc853d4fd2e59b1da1	adccc4cdc6d0b11e08ef65d6ad484f6020787b5a5313b8b9db72a35559019ef1	adccc4cdc6d0b11e08ef65d6ad484f6020787b5a5313b8b9db72a35559019ef1	894a7e239f81a60e4e15d768b551a96755caf50532be0385902d7fd62d4e05a3	1963c8dbbd8c3ac001b186f053ce35a253de20140640daef08ce483460e39288
d0da996bad07f44f2ee01eb87f8e3107	snes	Side Pocket	megadrive	Side Pocket	3	0369f95f702acaa62b526e7d61541db7	no	4c44b86103014cbf7bc018046f8f98c7	d7ddbd78ce21d618f2ccad6d6b840c74b1158319c47cebaef52249df32ea3528	d7ddbd78ce21d618f2ccad6d6b840c74b1158319c47cebaef52249df32ea3528	ff6d77d34442ee0b4aadefdae393d7e9ce70c0381b084d20d2a2eca9cc107606	a65d6222e8649504a5770de6603bf2c528dec77edf0a787ec93e5129edaf9764
077a3c0b5b565b2a39008e5f36564464	snes	SMW2+	snes	Super Mario World 2 : Yoshi's Island	3	793ea6de23766ae86f8861cdd847cfc2	yes	077a3c0b5b565b2a39008e5f36564464	49d7f751b796551cd38316456c8e48dbf56e3b40c7da486892eff1b7021bc5ae	49d7f751b796551cd38316456c8e48dbf56e3b40c7da486892eff1b7021bc5ae	6171ddc4b1365c21ea3714804d2081b197a688468a5a84588abe5bd75a8f5864	94e2b228fed49ac58a9703650954441ab83f97e6f23640c2d3b7d64bcf98e5f7
5452a8e6ab7806b15a6d99fefadc583d	snes	Soldiers of Fortune	megadrive	Soldiers of Fortune	3	bff9b8641db340ac918f585c4db3f085	no	18556e4244059ec2d1148b658cdb4199	da29954f9e31ea85c7cd9747ae733864c9f4095a7e5efd2237d6bb0a2067b2f2	da29954f9e31ea85c7cd9747ae733864c9f4095a7e5efd2237d6bb0a2067b2f2	1bb62e873c05f09c1ca3e113b518a522601b3a95e074469aeeff3e6931cfb7eb	0ce7ddc9078ed4778cce0ef5fabd2ef7eaf3380211753d4a44e174569eca4b11
121cb3f3dc1a6260f66450a0befbadad	snes	Sparkster	megadrive	Sparkster	3	b98899b17e16290dede5f45759d4f858	no	4c361f44b11f9819517150af60016a5b	05cc5487e3db532afdfc6b7331d6c592cc5e7fa59e90778425126adad866a780	05cc5487e3db532afdfc6b7331d6c592cc5e7fa59e90778425126adad866a780	d3d6feacc52f23f6411f049c134f35e28e131ae642ed3361bc7fec9b5bebef40	054de12ab539336f23192cbd42ccd39af77fbeca3d3809eece1e3071decca478
424d4054bc4bcf5169f766940f5f478c	snes	Star Trek: Deep Space Nine - Crossroads of Time	megadrive	Star Trek, Deep Space Nine : Crossroads of Time	3	89da29317b08b803fbc58f3b0d4bfd13	no	63be8105386a7ed0748e91bf29a8ef73	ec7dbffd9310093d3b71adff76e8f9c8799a09b0e394e412eb6d5d697b236b3b	ec7dbffd9310093d3b71adff76e8f9c8799a09b0e394e412eb6d5d697b236b3b	762235bcef5f67c2104385011a4533e5723b6a34a55e3be9f97842cdc90a1915	83d220d8cea85ca8809cbb3633b09ec6e291716ad57064e071c3aac5cb8d194a
8b8a572b46496081397eb48a968c4845	snes	Street Fighter Alpha 2	snes	Street Fighter Alpha 2	3	a365d4cd16bc95d17bf21aa1854d24ee	yes	8b8a572b46496081397eb48a968c4845	bd764a7125f42290536fea03100d39bdf2c1693beab39f6f3823fabd65e0f681	bd764a7125f42290536fea03100d39bdf2c1693beab39f6f3823fabd65e0f681	5d07d5cb31a7b914101c30f6e106d5b9220659e07457e38377aea93f46dcb719	630c370d61e1340408dd782e923756a9afe82953053903d00416d1468b0b381e
e5d8d446410570c13e7a6346fcd5f060	snes	Street Hockey '95	snes	Street Hockey '95	3	f41c5d805561497203c910fe898ac356	yes	e5d8d446410570c13e7a6346fcd5f060	dd943cbd7ef5252f7e531fa995ab3279a2e24448f4a524f86d124b03b2565509	dd943cbd7ef5252f7e531fa995ab3279a2e24448f4a524f86d124b03b2565509	67066d095f66e77bcdc222e2636ec67d00775653339df5fe95ef00f6c1d87e92	f080c617027595e0f676c3006247ffea550854345279812697ed58655ced3218
913a53de45928e5e6e1a9fa68071872d	snes	Sunset Riders	megadrive	Sunset Riders	3	49808efa784482b764b1dadbdcbbfa84	no	5cee826b4471f158d55d81fce14ecd26	f8d636b9a4ff6a448da4aa6b47f7805ec72274595387cee008c49cb7574ab5ed	f8d636b9a4ff6a448da4aa6b47f7805ec72274595387cee008c49cb7574ab5ed	c11c971e23bf157991017ebe1e5202c944056a7241d9b65c6e5d27578c04b407	45b5f3ddb1d4132c84ffb422bab0e408ac0bbf715573bdefc677fed0c902cbe3
1eba1a683437b27f686d0cdeb6a4dbc7	snes	Super Battleship	megadrive	Super Battleship	3	1e31c148e8ed18f1caf29e8eed494ddd	no	dc8eda7b4dbd93325530816d036662ed	d14b002487cdad964bce11a17bdee0f74f68800b9362bcd92aea8a76b307f167	d14b002487cdad964bce11a17bdee0f74f68800b9362bcd92aea8a76b307f167	739a5f64e18d5de8bc845ec1b92f01cd66842c6ec1f15368cba9842ea83fa57a	81142b57be5f63c1fc6db10e49c4247ad63561b1af0c40593c3c5e31e5e5afda
17d9c36b303c72649c4516ee38498871	snes	Super Ghouls 'n Ghosts	snes	Super Ghouls'n Ghosts	3	e1beb85973ba9245f765f23ca0663892	yes	17d9c36b303c72649c4516ee38498871	89bfdc8d049f22097f7044b059f96a55361037b223c81cc394de696950602eb8	89bfdc8d049f22097f7044b059f96a55361037b223c81cc394de696950602eb8	6da853018b8c294babcc424a2af82f81889ebed1ec70d620268082c136e86805	22e1b8f5e057b7b55d89e08e1834c9103a094b3e9fde4546fcbe93b3bf80700b
58cbab1de4dfb8b2fb342296d5349f67	snes	Super High Impact	megadrive	Super High Impact	3	35551bab0bf5ff76088f249ec23b2d30	no	f350493bdd879767cb7e98b9321308bf	28b7f1e3ebaaebb300fabcf969eb3407405195c2d31bc7631813f6712a255fd3	28b7f1e3ebaaebb300fabcf969eb3407405195c2d31bc7631813f6712a255fd3	19011fa4d3fdb0d7d7565dd5a5ec7941b77e7fe05908074b1621ee00edf5bd65	4c8f6711887bfa5b1a8ade78ee929f561567a234e82dc08fbcba4e20ad7a7435
65e80a325319043a87e3b39670cc8abe	snes	Super Mario RPG: Legend of the Seven Stars	snes	Super Mario RPG : Legend of the Seven Stars	3	74773b457438dec28de6b024b2393011	yes	65e80a325319043a87e3b39670cc8abe	6877fb8b759ee910093f94aee74c95cbfd069eefa59d3ee3bfe66a4806f08802	6877fb8b759ee910093f94aee74c95cbfd069eefa59d3ee3bfe66a4806f08802	163709807f5f4e745a304ea3a04be233df900a8272f4d04e2963fde1f37b673e	02a190870b63b0882ca0289d2e8986bf50a81ca9ccb308bcc68c18c86a5cfc20
42fea930d19e904195dbbfb2815e4bf9	snes	Super Street Fighter II	megadrive	Super Street Fighter II	3	16a2eb6e65d71c678b7b8fc36267fc09	yes	42fea930d19e904195dbbfb2815e4bf9	79412dd99d98e9147c381e2c349b2beacc185b9c81b0e5b09e7e380a28193d7d	79412dd99d98e9147c381e2c349b2beacc185b9c81b0e5b09e7e380a28193d7d	565277f080f5828a468ce7859fb534d785c378dd9bdde37b1e5cb9896a21945a	044122a1c7f758474d51cf0a6435bafb9925af1cde7c6b2afd826b6f0e97cfb0
201b89d11e8755b5ee559e895213dcc9	snes	Tecmo Super Baseball	megadrive	Tecmo Super Baseball	3	a931f5c0688b95943699bac15acbd9d9	no	bc0be21dbd3c3c75000a8a4491844d2b	38bec5c2abe16aa7ac1b679ff61beb248ee420ea533e62e7db7b8c4560dbfe8d	38bec5c2abe16aa7ac1b679ff61beb248ee420ea533e62e7db7b8c4560dbfe8d	0421fb22a7dc1bc8664536ec2ddfc8cdab7c949f92ba9c08dc4dd2313c47e468	4bf5ef29151a3d272137a8d7b4c7f056eedb91215bffd09ed1b0758a1276e94f
569029bcb961e356ac6f391f20b1bb70	snes	Tecmo Super Bowl II: Special Edition	megadrive	Tecmo Super Bowl II : Special Edition	3	cc9766e563649c711f595681f4619112	no	280ee4e0ea14ba28fa2145260fdabfbf	2fad4286e286e907b00f57e44101060ef635617482bb08362a394784977be531	2fad4286e286e907b00f57e44101060ef635617482bb08362a394784977be531	abc4609a5c1c8f840eb670853890efed99c8fcb928953826ded0381641ab1183	afb713e8710361d8365ef32e76b59de478a2107c685454b0236b69d94562d279
41e2a60d322faf7905f91a7ec624123a	snes	Tecmo Super Bowl III: Final Edition	megadrive	Tecmo Super Bowl III : Final Edition	3	06f20e2ffb759b8f129a7e06d9d89830	no	c334daed46c5504b1f007849ed267c0e	27c467a2bdec2fbe077f2ece78e532127c44af1734a187143e7c8bdd19d9eac2	27c467a2bdec2fbe077f2ece78e532127c44af1734a187143e7c8bdd19d9eac2	8a985d4c6969675de83bd6460553c5481b7cb47837e400adbdaf49e1f5dd1112	56f74603949c0b6bd6e4dfdacebcf5905c1eb1992c57da2929cdc16593e48fa1
59681f05ad164b67496034cc43811f4c	snes	Tecmo Super NBA Basketball	megadrive	Tecmo Super NBA Basketball	3	72609551c47e35b2cda1b42ff40084b1	no	be08dc5dae13d18ebf292c4ea9fb1648	7b37d6cc5893384b592ac0bfec6e9e39ad0d364caae8781187cd41c60b88dbf2	7b37d6cc5893384b592ac0bfec6e9e39ad0d364caae8781187cd41c60b88dbf2	7038c21759c4eb368fc899d46f94cf8a1f132ede0c697a9f72005e826be1c042	6eb61a5ee48dcee60bc11bce703ffb075dfc88982de4228ab40b79df83aab34d
8094c974e51c345ffa8b3f4e40bb3c56	snes	Teenage Mutant Hero Turtles: Tournament Fighters	megadrive	Teenage Mutant Ninja Turtles : Tournament Fighters	3	5e9b3d3f7be0db280aed2a8750319be4	no	e5a1798b030808663fac977538035196	7ed892def73326f6eb161ea4963362b75273d66ddeefef5d49dab750981a2da9	7ed892def73326f6eb161ea4963362b75273d66ddeefef5d49dab750981a2da9	4ae67e1c154ca02101718f01278c3943857a89ad0b7e82173e271de1cb5c3fa2	2bd55be465d8b2f01098b1d6077541cc6919ef129ab88eda3f263d721b7ad776
dab4304eef6514f52fade1d90e2afeeb	snes	The Adventures of Batman & Robin	megadrive	The Adventures of Batman & Robin	3	af612a2c0a9813405ea9ac7732f238a5	no	782d30b02f0c4de5a04ce3cd6337b76f	8f6181d22fdfaa987785498669d3b88577e4d442fb8767a560e0792c0611a509	8f6181d22fdfaa987785498669d3b88577e4d442fb8767a560e0792c0611a509	1314c68e978b7ecb2176dc8b9943062687efa956676ea8538e5306dbd51c0df7	72e53a169f580b6b42f8e24f8f4188f325fb5dcecce29d9f1bc14075d7216a10
cb99f4d2778d06eea7cbada3a55b59b7	snes	The Adventures of Rocky and Bullwinkle and Friends	megadrive	The Adventures of Rocky and Bullwinkle and Friends	3	32002c60fe5d95e7c5cfe4bfb157a485	no	8568f3c18ff797e97d8892e9aed508b4	c0cd6232fd1475ef1631eecfc6bfe4d4e2cc1e01b4b1257984fcaa5a3c1f0355	c0cd6232fd1475ef1631eecfc6bfe4d4e2cc1e01b4b1257984fcaa5a3c1f0355	56b8445dcfdd299c521017dd6b15a13fc2b177a35b00346f5496b97aeaa15b9a	83842b4887bd1e3a07d879ec140ca07392482587a8c59bb3295b923e7bd479bb
0727f0cc5c87a86e61482a8b8cbd691f	snes	The Death and Return of Superman	megadrive	The Death and Return of Superman	3	2d02b706ff074fb0d433e09ce433b9b2	no	7f2a67ef91e2411a8e30a9e701ff7602	f9255d028864ab6a0e904f8e402e11527b6a659e37388f3df1001cf3dd889b0f	f9255d028864ab6a0e904f8e402e11527b6a659e37388f3df1001cf3dd889b0f	5b0c9e5e278c0add48c06653176fb4e57c69f4aff13650ee10c83ab607d8cc74	17abd611faaeb6dda05dc9878aa95aa291cec5e1015ac7de3707ff305ed262e4
a571f22b30d93c4c23bab8b487538a9d	snes	The Flintstones	megadrive	The Flintstones	3	46e3fb77d2ed4d0768690af6577e9730	no	9ba9a48b7441de3bc127e3fa51ab743c	60e93947b2bcba4cdfe3da4eb8c00fd3f63a71ff7a4ff75114abc07bf7fe664a	60e93947b2bcba4cdfe3da4eb8c00fd3f63a71ff7a4ff75114abc07bf7fe664a	71ddeba3b0064d0e06b38f5c7153687212061b213ebe553bbbd84a416a79980c	d56377a3f7d4b5dcbfeb85e1cf2b4f87ef8877402532a691545caf87cb66f44c
f5d50f05441662be6a6b66b6a36da503	snes	The Great Circus Mystery - Starring Mickey & Minni	megadrive	The Great Circus Mystery Starring Mickey & Minnie	3	8ded3c3238bf1d189b37f68f04ab18c3	no	a516760e23854bfbe83ece8f058a00a3	6f3a5cfb27c0fe01c36bddaaa8d5b04e4eea03f2ba34bfcb92389823749fe635	6f3a5cfb27c0fe01c36bddaaa8d5b04e4eea03f2ba34bfcb92389823749fe635	4dbe4925ce88f9eb1370ae588a3be7e51dc6fecc603f6a33f7e0959f7b7ac9f4	83c7bb93b2552bd50bdf4bcf94871adcc661fa81c86ced92a53d4e871d88b067
5845610446b6fb14d40dcb8298d524af	snes	The Great Waldo Search	megadrive	The Great Waldo Search	3	773380093b527c8b5e7cbc8c35951625	no	5d2adbb09098502e25a761323b1d0fb9	73ba38186df0ae0f328c68f83cbe8ffbca9b84adb25138c6418265e2fe707c65	73ba38186df0ae0f328c68f83cbe8ffbca9b84adb25138c6418265e2fe707c65	8dab7666aacf3b16420136ef4e7db3006e796a5d9694f74092d09b0747e6426f	827c47867c96a404f7b68a35a1f0d444e714a31a4b1dd664be5ceee52282aba4
364c68609d52ac56ebe5e4d1d619b72a	snes	The Jungle Book	megadrive	The Jungle Book	3	0d7d61845e600002e8180786722b9cb7	no	08a23ee81579cde08d6e1c3ad794121b	50e86de68f3dd4f7f9ca1783b63167fd070036a1842736603cd042c04ccc2432	50e86de68f3dd4f7f9ca1783b63167fd070036a1842736603cd042c04ccc2432	8de15093efea3485e2dbc27cfca4d2d9f3776665c4ec3a70e8127e1a75dac1c1	a9a65d816178bf6c2646acbc46d20e6882b5e506be680cd5cb6e10f69e82066b
2e9e256c18ebefbe19dc581f524a46b4	snes	The Lost Vikings	megadrive	The Lost Vikings	3	f0ca9a31815ed13fdded98284c518104	no	cbd83be3e89456758ad7c165907abd12	e092a55144d116b333273a02375f140ba8cbbeeb208ac3473ea79f146f2027a6	e092a55144d116b333273a02375f140ba8cbbeeb208ac3473ea79f146f2027a6	fabe13f1346e986af832133f50b7ed08fcbc3b4b75aa1b6600feb2c27c606769	d4055268beda3e21cbb7e9321b8ea4955f7ce44fcfdc0c0d95d7b9212010d673
0877c10bd2151b318cb6a71512df5d32	snes	The Pagemaster	megadrive	The Pagemaster	3	cf1e10d5243201e8eef303531a2e2a5e	no	56bbe2078e6528247b9691569c543544	b2e54f44bd0d04bc2bb3d87f57ac85a34830279e132728d073d73790536da5f8	b2e54f44bd0d04bc2bb3d87f57ac85a34830279e132728d073d73790536da5f8	871aba921fe1a4cc9f7918335280858c915e50e9a60be72ec195bfc8295bb7fa	997e96d57dc865f636e5a0f4dbce2531b6ded18ca973b8f28d61c635c36544de
07de3397ac0c474567fa419cf378c375	snes	The Shadow	megadrive	The Tick	3	bda6c7d998b1a832c5951bcf67d1461d	no	0411fb6b93ec3dbfb124b2a47866a7f5	c84379bb0ea29c792b152d8430ac8cc87c9b13c01155e52fce4ba341b88b6dfb	c84379bb0ea29c792b152d8430ac8cc87c9b13c01155e52fce4ba341b88b6dfb	f50c0a5c100ed87229f2a42fbe23030def6325e5412c5719610d84799a2d228d	00680556a2d2223cf03f13f55a47cb50ac8edecf8d7ed56a79b1dc3e83c3513d
cd8f81fa3bdf96c82ede4964716cefa9	snes	The Terminator	megadrive	The Terminator	3	457bbb9868425a12ed9850471941a1fd	no	21776d9c49b718273577a113743e0960	c29cc3af007d5a980629af93b86ef47ffea0e50eee25e4e3a7e447e584b6ebdd	c29cc3af007d5a980629af93b86ef47ffea0e50eee25e4e3a7e447e584b6ebdd	dab00c5ff2781095c9bfa30a64d064fdef45f873a1befadb8328bbb0c4391b90	69b780b8350877df1513deaa1fd89a50a9a4989f3e092c0ca61694ddfbbfee12
a855ec23f9681fafd616330ef6575923	snes	TNN Bass Tournament of Champions	megadrive	TNN Bass Tournament of Champions	3	16158f711c4fba79cceef60bdf182bb4	yes	a855ec23f9681fafd616330ef6575923	0ed9b05ca5664c6e438a1112f08c3dc711e5005f4171773b33678304ac7351c0	0ed9b05ca5664c6e438a1112f08c3dc711e5005f4171773b33678304ac7351c0	f1383aa18b1c54f3b968a087806623ceee0377019e89c0e5c4aab32449e6979e	bf03b4cabd1473696aa0e04c89f303bab86180afdf4f0437f02c04212162ffb8
c828ec275a586750b53ea6f7a06e7ff3	snes	Top Gear 2	megadrive	Top Gear 2	3	deb9a325dd46189e0c2219276a60c3f1	no	2ad7e4a11f777c95c46c91508631e594	d9ae0b12aed67d340a968ed24504c19ba20208f9129a1ff26f7f7300ae1bfdfd	d9ae0b12aed67d340a968ed24504c19ba20208f9129a1ff26f7f7300ae1bfdfd	47c77d24ce4e8494bb9b0d6ff1d766253c740e5829c86bce138f5b97c0d8cb0f	ee6637c3cb281a92dc5afd78fc5ddd7d3fc6a98cd7c0792d9a0ce5372a76e656
b228541b1caf340045e53d79fb7ee8ef	snes	Toys: Let the Toy Wars Begin!	megadrive	Toys	3	b8ad106d77048b18f9076679063d30df	no	9f7ef74a2b1fdc53482273dfe5159af5	921bac934b577a33f8b654d2002ee11a1640beaa4f70318448637c4cdf404c76	921bac934b577a33f8b654d2002ee11a1640beaa4f70318448637c4cdf404c76	92932bf1cd4df09eb069486bd97c9ecceffc245d90e0b5c5e915ded1f2b91a59	c4b276d86a6d04f4fcdf75f0555900d639b1f02d24b5c7d9ca19689c0442bfdc
389dbaf565bfed46ed600c31700e447b	snes	Troy Aikman NFL Football	megadrive	Troy Aikman NFL Football	3	e98dc6cf18c848aba911bac6ce5bb492	no	f5dfd13b32b620406711cc12d88bb026	aa36874b4e3eea059a0e9bdc274feea4b5c824fd066668212dee5f744071a9c7	aa36874b4e3eea059a0e9bdc274feea4b5c824fd066668212dee5f744071a9c7	83a4c85f90b44ce7a799fd270a5cc8283d18041b69ccf7fab8395e40012bb70c	e8661979b80f0b981acb931f7f72192a70a2c4c26ac699e220c7ccb13851dff4
233fcab3a55317536be7001984690ca2	snes	Ultimate Mortal Kombat 3	megadrive	Ultimate Mortal Kombat 3 (USA)	3	39a5f13a25698c07542985fe977d3003	no	714f46fd69f37faaf2169f8e78428fb7	792e5f13cc849babeee0b94b2f7f7f215d9e0b234aaad6939cb33e216f323d43	792e5f13cc849babeee0b94b2f7f7f215d9e0b234aaad6939cb33e216f323d43	37e11c84441747b29c384d6b02ff589b1938fbd770c4a6787ff24e0ddaea1840	cc3750ceb7a2fb8c913f428a2da922273c7ad5b905a046a8b1bfb58432252ee3
897fddaf18ec264609bdc0002f2cb230	snes	Uncharted Waters	megadrive	Uncharted Waters	3	dbac6e7320f3a80a5ab9534cbd70c85f	no	97baab83534ead2643fa7fa7ca1cd703	aeab18aa3964efc6199e2a98712d3222fe7a7a2d97ee24e13322ae1b08a9a551	aeab18aa3964efc6199e2a98712d3222fe7a7a2d97ee24e13322ae1b08a9a551	6e825a9aee480382fa50d913e17a1bce3d7544621ddd482c29ef4b8b9b91fb2c	25fbd94d56053e6be642d61f06fa1a8f7b6b65d2fb34721510abf8218df20c0a
6f186923353518cefdd6021e04b6f9d8	snes	Uncharted Waters: New Horizons	megadrive	New Horizons	3	110d0c4d26cc9f8eb4c195cd072d5b18	no	3d7d96f56f62798a5a2f7b7e42d8d84f	4d6df68f3dbc5bfac180ee011b2c21d7cd57cd909e4c3187b1764bf15ce7d320	4d6df68f3dbc5bfac180ee011b2c21d7cd57cd909e4c3187b1764bf15ce7d320	27b8ca7133635576f9e358ecf0dd4eb0fb280d42db587358b07487bc4e9575c7	84493bbaadce748540259cd74a19210f2c211c573681a962e3cdc4688f60926c
4cf11e81ce6e0dc657b7567b62acaf6a	snes	Wayne's World	megadrive	Wayne's World	3	90231437c2b574804ba45ae62f7a4dca	no	3f1f33542f2752f25fae9095d70178f5	75dc0f621f42304094091d0a4afd15b6d589dc315914d2df91e9464361c75359	75dc0f621f42304094091d0a4afd15b6d589dc315914d2df91e9464361c75359	598d6ecbeb4a4959552dd7b5679eb386902cda49d4f89ea84717203f3d30be42	dc43a50059b95634dde5a95744e23b1d43c5a92cb645a84f8266abf449f1ed0e
c087f36ea33319d45ee0300112c4d220	snes	WeaponLord	snes	WeaponLord	3	44a7e9b7b7c909a7eeaa9ca8d2c4694d	yes	c087f36ea33319d45ee0300112c4d220	c347ad93fad4808b8aca737b890e654afad0ea75c028dc0e390f3340669b4c52	c347ad93fad4808b8aca737b890e654afad0ea75c028dc0e390f3340669b4c52	e672bd538795a1c0830dab9967dddff07dd2392edf82684cef68aae6ef5c8b19	bac2c87f82fbf5f39b27c2b3bbec8e3f6fded0f49ad424f2e3c9e3a09c95d565
721d384f19abd1405b45e470c5faeb47	snes	Wheel of Fortune	megadrive	Wheel of Fortune	3	1dab27f58d47c3d756d14d3f617112bb	no	7edd10985af3cdc79d442fd177b24fd5	5a37519fd9266365df2c41de7a532ba91bd3810c2d09abfb3716636703f1d691	5a37519fd9266365df2c41de7a532ba91bd3810c2d09abfb3716636703f1d691	4418a84e9b2edf27bdbcb02d8d83a09932d1c79b748f1a3476598df2df5827f4	1e16b8c63471c703fe8efb9803fa43fdf008d21338932e85ad76e676a2621118
5748dda43fbbdc503263dbcc0f4c3641	snes	Wizardry V: Heart of the Maelstrom	snes	Wizardry V - Heart of the Maelstrom	3	bd32709a842aa3c8fb6c89ebd5050eec	yes	5748dda43fbbdc503263dbcc0f4c3641	f48d5c1a0f508b55111fb1e4119541c54d40a7359d720f5a4eb798091ff84005	f48d5c1a0f508b55111fb1e4119541c54d40a7359d720f5a4eb798091ff84005	db628b21ce78188a9d691825ec61a97dc6d69d1b9023bfb55b6236d39653fcde	37288fe159e8d66a35e01a25b9a30f4b668dce48c5598b20885261bf1b6264e2
846b833b79a2a10ee3d339d1d77a4300	snes	Wolfchild	megadrive	Wolfchild	3	e5c4cfc33278452f3b38000073e9bb02	no	36a2d3b6f1f550889e3544688db450ab	89d29cbf2849b4659067af79d686189e555be54a8b7240e86ff2afc16ee6c8d3	89d29cbf2849b4659067af79d686189e555be54a8b7240e86ff2afc16ee6c8d3	2d3710ead4c41ade16e353023a8847979ad139ed283b89656ca956189a3a747c	7218fa01073bbe58672845425737a609dab13ff6918f23bb9f7328a41a3aaaba
ac04f57076c65137bfd3dfc3b342bcd2	snes	World Heroes	megadrive	World Heroes	3	ca07787e0498d95c99d64167112b40b7	no	4b8256969161035094c6a13a492cc32d	ef88ac68c54cff593119a85f1f8cd6a6197d38294c24330eb6c585df71efb8c6	ef88ac68c54cff593119a85f1f8cd6a6197d38294c24330eb6c585df71efb8c6	ebcde057e7b5a49ffc57e0578e9460c46b8cbce9bcdd0c2da74eb2a84d0328ca	94a0ce406c28b941ac877aec599e147d7602d9bd1e3afb0f5f5fa49ec07c236a
4e4e0836f0f71230040f0ba3988ccc20	snes	World Heroes 2	snes	World Heroes 2	3	2d620a2347f5c6cd748ac7c945921316	yes	4e4e0836f0f71230040f0ba3988ccc20	08b739c4a2d888b5486a17ddd7daa02ca17c2d2a62dfe5c6c9883fcecfa46f73	08b739c4a2d888b5486a17ddd7daa02ca17c2d2a62dfe5c6c9883fcecfa46f73	827a92d18d2d32c2e4aeaece091e602db29b9e24c85ca545401ea64a0a8fc7b6	5655f77232c76cb1f0fc8053a9bf06ab553bdfeaea7d7de5a8e1706c177b8eb4
9cd6266bac6821f1161b774bee31fea7	snes	Worms	megadrive	Worms	3	f77058b5c3e74570534e951818f0e419	no	5908003f7c7b9da73c036498fa7fdda4	75ffb66203339f7e58d9564f87a324059e00c49d8647755e4933b978e391469e	75ffb66203339f7e58d9564f87a324059e00c49d8647755e4933b978e391469e	f20665ca3ac99119d257f4d93e9a1e332f90d7066d01915ff510cfa4e28e4415	47618e4e7a2280fa3ffe9948c686dd894024165e383bcde937b65077dceab23e
6c1d370746d1def9a3364e6c760501b0	snes	WWF WrestleMania: The Arcade Game	snes	WWF WrestleMania - The Arcade Game	3	9052d101dcf91f5c10b07618aac962dd	yes	6c1d370746d1def9a3364e6c760501b0	1933686b730b5a660dc9349066354efb1f53af2e179018fc5f7e57c60c57a20e	8ba72e666ccdf534790ec4f2a1d6d0ecf42a3ddb30b293b0e1e81366c01fe1ee	e321cb636ad27debde07181d711b0005376c2fff8700c24aa2b6a751b2bcebfd	8b6b9f960e71d8b8bb87f42443771eeed141d2b6f62d00fa91e557a8fea8adb5
106b4f235dd47804ded5d216ade212f7	snes	X-Zone	snes	X Zone	3	a40274cefd5b1af8067cb192de9ca9f8	yes	106b4f235dd47804ded5d216ade212f7	8d01ca12e39b07b4739e84c83639d945558ccd617ef203b162db19938c8d4ad2	8d01ca12e39b07b4739e84c83639d945558ccd617ef203b162db19938c8d4ad2	2a6bd90264c5af1349f63ff7d29920a168152ebf73942f461235668eb1b82dda	097514883ec707fbac611581d67c1078ef5d7302984ca4bad2153feb05c20021
d65bc81d1ac47b977830e5231398bc75	snes	Zero the Kamikaze Squirrel	megadrive	Zero the Kamikaze Squirrel	3	39434d21ecb4e17bec6287054f26eda6	no	ba3a35a359dca6ff13e35cca698816af	8904a2e9c17b120196d98f0628df8d0e94c4aac51b12fc95b224884e794619f5	8904a2e9c17b120196d98f0628df8d0e94c4aac51b12fc95b224884e794619f5	2ad1502de7a5df3a0829b38d03191d26bdf5d6453e671e6be3544cbe958f0cc0	e3cefdfe43c9c3f0b637904c3a3d886c40a77f32ce743887fdc011033e043c48
f6ac3b5758a05aca44bb5a3b23143370	snes	Zombies Ate My Neighbors	megadrive	Zombies Ate My Neighbors	3	428a6d9e50a4aa2ec605a5cc363f1fd2	no	8c6745bc85c2027dea16e6bafdb5ace4	63b7bcd6db8f61bad94d3b2e5064d6925782fab9c420f509f6054b56a3f1ff9e	63b7bcd6db8f61bad94d3b2e5064d6925782fab9c420f509f6054b56a3f1ff9e	3b95faca25dda3718e3c8e8b8fbe3937b698615127c0940aae0726983a79efac	cd44727782fb303c504942f74808d23919c29bfed1a40d63b4031972c43a73b4
4244e60bad8c3c6bf7877b47549d04ab	snes	Zoop	megadrive	Zoop	3	581f337443afbaeb1a132490691f7919	no	7846779351863ac5f447d897939e9a87	a39b217edcacee5b5a43eda2b678a028b33b29834a60fecb59462dfef9abc651	a39b217edcacee5b5a43eda2b678a028b33b29834a60fecb59462dfef9abc651	ea1a062df9e8cfb10071e47cbc71c77f297d38f6d0bf90f572da231d82b8e370	e7ef4d8a0e619b15bc724eb27b780f40a6f3897ee81be8333a89c402f3d7c42b
42ea4e455cf536e0531eb8434cd49a27	snesbr	3 Ninjas Kick Back	megadrive	3 Ninjas Kick Back	3	fe04ae935497870a2cff42010facf939	no	d81e9237f8bb1a2bd93b14654539f9a5	8c6ff350972c00e18153e2643821d146a56dee833882d9ff121950f4a2c0a6b7	8c6ff350972c00e18153e2643821d146a56dee833882d9ff121950f4a2c0a6b7	14b09a9b0e17428f85467f23fbc91c0270b86dc3e8aeedd9a2963a8d8075d2f4	224220c0c85f2b7002ce02fce6131764bfae130c446957843a93f69449e456aa
159d5a8e11f56071991f4ebd82790602	snesbr	Aaahh!!! Real Monsters	megadrive	Aaahh!!! Real Monsters	3	82a30747bbbdc636b9278af6722d9273	yes	159d5a8e11f56071991f4ebd82790602	5c5fb8aab7c1cc92ea0172a3b37b922fb0cdae45890aef6121ac2fc99b411503	5c5fb8aab7c1cc92ea0172a3b37b922fb0cdae45890aef6121ac2fc99b411503	2641d5c86a00e8b16524f3f5fc137ce47a337652fac0253ed4efdf4282eceb7f	faa82af0e296e3d4a048703b1d7fbc0b2e14e1fe8547cafff170717311b39c07
106d0fe77c4aeeb5424a5b22f89f0fa7	snesbr	Animaniacs	megadrive	Animaniacs	3	ed8c5a6eade00f8e3c1b2a43a50c5d21	no	b74d7ba88710d4988bb1ca5975a79be7	312d81de49a26e816574ae74c34a83e64a69c43be62a6e50110478ae4247ea8b	312d81de49a26e816574ae74c34a83e64a69c43be62a6e50110478ae4247ea8b	31f755ea184eba15ced2f98bc4571002e474ad1be78b19553aa2240872a55ed9	09d61eb479d83aea346823f18034a6e58b032e8ac0cec7c06c2690ce660170a3
ac79b8fc351cb0811a7e9b51a099ba9c	snesbr	Battletoads in Battlemaniacs	snes	Battletoads in Battlemaniacs (USA)	3	a29186512c4f710ab733ba4131f590d0	no	826da6daebe9edbebffb3721f83abf12	cd3a1292fdb5953ca414dd6a74ac0aa1886b2d132fce4c804e79d5e25ea029f6	cd3a1292fdb5953ca414dd6a74ac0aa1886b2d132fce4c804e79d5e25ea029f6	1dfd11ff9c43d970510593566cb3b1647e09ab1bab7916f984d68660cdad38b3	3af2c64074a4805410c8f75e363fafdfe45867c05c39f5a9e60167b7ff35956d
94a00b62eb5ec807ef06492686c2aa1a	snesbr	Captain America and the Avengers	megadrive	Captain America and the Avengers	3	1d69b29e72ab900f83b7ec825d5f2069	no	a38a910739cc8d45dcfa1718c98c4ab1	64d8ac221f4250d39f97d63b08ae03a68a21060a15979dc0771a2973c8afb8c2	64d8ac221f4250d39f97d63b08ae03a68a21060a15979dc0771a2973c8afb8c2	ae000b4a1092544e3484bb5a4f9192eef41f487bbb313c978cb68f68b2fa9abf	357ecab3f45489049599982bb4073b36816ec5e9373d0c757244441e0355b064
78b8b68c67a8b0565cab5c2914930717	snesbr	Cliffhanger	megadrive	Cliffhanger	3	0b70b4b30b53082820e479e80bbfa9b0	no	58c486bd1f7f4ecabd86a812f054b6f9	63a432e25251fa8cd1dc1e69516cc8a297a89255465bc4fd739900d9fe7dab54	63a432e25251fa8cd1dc1e69516cc8a297a89255465bc4fd739900d9fe7dab54	40edbdc2d35c273e9b9cae8d0adf582c39b7f53d7b3633fd45636a9f32a87dc9	e0bd584db3ed9f6bc647847288a93ad0dd295b122f1cae7d8a9b3025065537d7
6f839cd9d0b4e5ad9b8c7d87cb0b512e	snesbr	Cool Spot	megadrive	Cool Spot	3	4e90608c4ad1636a897bf69bb308d065	no	5953c8d6d96c7642abf66946113ffc90	cdbe15965c9e5d996b193d2a45a23ee011152993957109bac9f6fa4150eddfc2	cdbe15965c9e5d996b193d2a45a23ee011152993957109bac9f6fa4150eddfc2	5a35d80444f16c1e51e519245d7f7729a340718debda389ee45d04877e0fda37	b66581a224fc840061e8aeb844f5500f1f35d02a807b28cc9691ead29157555e
d70648c14ae004255a56c0c96e242b39	snesbr	Disney's Aladdin	megadrive	Aladdin	3	79ef746ba76eace262efed8b0238df86	no	8044d5b22742b4034c4e1f91186364d0	1047a05147d6a5218eb7ed02ce045cf504a6ec034f1e11f0219a9d205e7d8b4c	1047a05147d6a5218eb7ed02ce045cf504a6ec034f1e11f0219a9d205e7d8b4c	e540b980c1125cba9f2ee3f33f8aea08e424113c6a5a908eb09bcf84527349a6	20f9ef3ad5484e4a623cb1c930bca1b2331ba95fd9c4e535b477cb5b7198fd9d
4aa1db5cdcb5e6b73b9b8bbc472c54b9	snesbr	Dragon : The Bruce Lee Story	megadrive	Dragon : The Bruce Lee Story	3	6220325c62139482f708dd0ea4100c6d	no	f72ab303f31bb07d9acb408eceb4b8a7	12583051ab2c3d8e993892d3b86854dd37c6bf4ff1c0237dd1eb24181513154a	12583051ab2c3d8e993892d3b86854dd37c6bf4ff1c0237dd1eb24181513154a	7956691ec0ca23ffae452ff34fede80bbd3d822de6c256646f479bd4a64b5c8e	6996187b599dc97947a9190db6ab625ceced86bf39010b5ecd70506d3c8918dd
d043923373f0a33d9e4a03158d3580e1	snesbr	Earthworm Jim 2	megadrive	Earthworm Jim 2	3	59f6da9fec1e6bb9ae6c53f4686ac950	no	a108fe8e6a838ee9cfb1d15ad765d7c4	6e7718d281350a90ebffd90fe2a958821beb31ed806e18731f2d5b74587693bb	6e7718d281350a90ebffd90fe2a958821beb31ed806e18731f2d5b74587693bb	927a1803004de4293018e23362d394e74dd3d17761b47d488c2776872b4e5ce7	e337cae486f90740a086717fc4dea58d20959f15c452a77cfcfe3852ca09e572
ea2c145672f92e2692f1bfa4c991c3b2	snesbr	Final Fight	snes	Final Fight	3	b56a5ba5ef30c0ba9b5c7f6919b0911e	no	31feb4cae74e98ed7f4462338f40287f	a841db8563c9e68559a88f5893f466393ce87a98d4c613c44f83fe50dbce308b	a841db8563c9e68559a88f5893f466393ce87a98d4c613c44f83fe50dbce308b	abdeea71abaf15104efafd781910d4ae0c43adad986ab7e00e70f6fcf6d37046	c6199b24d3ab3c42a2d5067cb147cbdf27cbb0dc2af7462ea533d91d76e4386e
2c59bd5f83c03dad8a1c171e40547e1a	snesbr	Final Fight 2	snes	Final Fight 2	3	a86658bf7cfc564f0adc2b7aa84c5b2d	no	d5156a9ac3ee2e85bd9ba68fa037086f	c5cc5390b895b1d790da64845f654423b2adfe04c1158a114cb21fd7d338b007	c5cc5390b895b1d790da64845f654423b2adfe04c1158a114cb21fd7d338b007	dab193f2efe3c72efc7c0bb94a81f251e603bd507173627308061b769759d434	979debb2d079ef8f6ec0aa9b36ea34a3412de93225f082129cc4cb3f2f4afa12
2dacbb2a6b62ffbb08c6d0d3f0ab78bf	snesbr	Flashback : The Quest for Identity	megadrive	Flashback : The Quest for Identity	3	d146ad010ade0acb311b103546677438	no	726a0ce892d003b9a02cfb278b716faf	533e1e291144234a1c491407286a60e8a0b52ff993533810e81e65e2e2084681	533e1e291144234a1c491407286a60e8a0b52ff993533810e81e65e2e2084681	d24f12e6cb69dd60029f289418f1936b65975ec4fe94a670665fe35b258f67e3	c819bd49b3fd9e66d0523d6b0c3cdbedbff4b2b5e1f5d5e38f51a6b6119dfdb2
3373808b1ccbb353d189d58d7397c724	snesbr	Mega Man X	snes	Mega Man X	3	4caa9325b9320bcc9e77dbe2197256c7	no	352be7597989526657f6958b0fa99cdf	1d5f7ca5de3b8ba80e908812de7e6f11e1724c9fec884b8ae2d788a737eb952f	1d5f7ca5de3b8ba80e908812de7e6f11e1724c9fec884b8ae2d788a737eb952f	4f6e851e409098cc617ba2e74e09db038491ed3d797711d839a52383ff2b95e6	49c885247af36440ed52f2fdbf0f8a4302b00ac5aa319885384e88a85daa0bfd
8a284e7ee43ff0072e2604b0218267da	snesbr	Mickey Mania : The Timeless Adventures of Mickey Mouse	megadrive	Mickey Mania : The Timeless Adventures of Mickey Mouse	3	193a55ecf1b42a22fd56d4ed79173b6d	no	a3c084d44c49d1d4c4152248dbf77756	43d6b7fdee0557cd0e9047bd6c1a399719d7ba34941118074c5bfcffd7483e21	43d6b7fdee0557cd0e9047bd6c1a399719d7ba34941118074c5bfcffd7483e21	70acbf00b010a3e8ef2bbd6ab674684550cfc8cd4e4ceaf924055ad04cb7f360	4e55c7663efceb98d8019a7f88985a12a00c3c132fc3a369994b17f48ae653e3
e0cd8bba4e9069a27ab8f4992fcfd779	snesbr	Mortal Kombat III	megadrive	Mortal Kombat III	3	0f578755682cd3903d80532180075d30	no	08ef2c0d9fd79f724afb77d785f58378	d709763aee62c37e3642eeecf1a68b02d41f363107ff4d62aa48292dba09568e	d709763aee62c37e3642eeecf1a68b02d41f363107ff4d62aa48292dba09568e	252a342eab10a1a9c20c79afc649eb7f65d3e0177ef72ffdd8b292a94f89c282	27cfc32b4edf2a662349c922d5577e58aba632f6e441480dd5584cfb6af4fe04
1d0e8ac1b67acbdc4612aa0b0a73988d	snesbr	Prince of Persia	megadrive	Prince of Persia	3	ab8716e41bd688b119810fdf5e63eb4a	no	077947aedf498a84795ffbf7366d4140	91cb639e158f97ad2b84b314a56d3bb100aa9b7ab4836d23a37479100268b6ba	91cb639e158f97ad2b84b314a56d3bb100aa9b7ab4836d23a37479100268b6ba	e8264c45ce74b9358c4c8bfd0d3bbb6eb13899974ba2355408b160e05c867863	4aebdf8373ba699c35f77fb4c5c2780bacab1c938551622c2779eeb2ad3ce20b
a0b74fa9b19cebd28e5b8c6608eeaadd	snesbr	Rock n' Roll Racing	megadrive	Rock n' Roll Racing	3	aff56c95d927b3a03652a629428f8a20	no	8a7bb54d9e204de2ad1f7ea7fb8ed98b	468247cc31e7560d6af0bc7b26f50220d1d2e5f931c7e53d386ce567d8075118	468247cc31e7560d6af0bc7b26f50220d1d2e5f931c7e53d386ce567d8075118	21339e3d89e8df81d970d52a13e59165eca8516019c0849a277c5d5a9eb8ba8f	c6a2507a443857d115388edb515e1b1bf99757ea8922f4c7cf0b4df4d20bb3bf
d9a23115b848ce36b1aa4de1b90990b3	snesbr	Scooby-Doo Mystery	megadrive	Scooby-Doo Mystery	3	2f6cd7fc693efba16e7de308c44558b3	no	fee176383d588db59c1ad27a9edcda98	5bd000f2fa1b174178f26d98bf99a44ef7b7107e5277dab01c712f74818288f4	5bd000f2fa1b174178f26d98bf99a44ef7b7107e5277dab01c712f74818288f4	ab913f02d1c3716ce5c19afe04b8db2d18632d916312d8b2a2898c53417a659e	f6d064d9d58e124da3aed28238370c66f110307768721d75dbb072b32099fbc0
27b9d5bed11dbf9d0bff7c46b296d4bf	snesbr	Soldiers of Fortune	megadrive	Soldiers of Fortune	3	cd049e56d552b3637fcd4c7fc61264cd	no	18556e4244059ec2d1148b658cdb4199	da29954f9e31ea85c7cd9747ae733864c9f4095a7e5efd2237d6bb0a2067b2f2	da29954f9e31ea85c7cd9747ae733864c9f4095a7e5efd2237d6bb0a2067b2f2	a447d6fc1b4a3b1bdf9900d65e8cee49fa8125f73071c725f5289f0d1c965ce7	78ac48396bae4a1ece07ff47ee3fb07f8e96ac383efe7002e6a47273769bac10
88e36b1316b3652517592273d8281d11	snesbr	Sunset Riders	megadrive	Sunset Riders	3	213b067e17ec6199866a013216131ae8	no	5cee826b4471f158d55d81fce14ecd26	f8d636b9a4ff6a448da4aa6b47f7805ec72274595387cee008c49cb7574ab5ed	f8d636b9a4ff6a448da4aa6b47f7805ec72274595387cee008c49cb7574ab5ed	bbf8dd46a2da3470d201505cc085be98495449231387c5910745f34824b1c3fc	192cba7e7e4619549debad79b1bb3066afe2872fdd3749faba1c839c788823fb
e0b99fe9831381644ff68ae0b367e612	snesbr	Super Mario RPG : Legend of the Seven Stars	snes	Super Mario RPG : Legend of the Seven Stars	3	c55b18875e1d35bd9ca1ecc1b7d1cb3f	no	65e80a325319043a87e3b39670cc8abe	6877fb8b759ee910093f94aee74c95cbfd069eefa59d3ee3bfe66a4806f08802	6877fb8b759ee910093f94aee74c95cbfd069eefa59d3ee3bfe66a4806f08802	2e96fd05d65209862c85dd28816d7f05d7e43bbbff2a906ad80047101ef2c4ac	818e1f3bc01c3e9d87179ea39a3e68290c590cb36f86ffbe1c153b9c5335e5bd
2d5ccdcba6554b1c5927f7d728fe4631	snesbr	Super Mario World 2 : Yoshi's Island	snes	Super Mario World 2 : Yoshi's Island	3	6919fb0e20b361ecd6dc34189d1461df	no	077a3c0b5b565b2a39008e5f36564464	49d7f751b796551cd38316456c8e48dbf56e3b40c7da486892eff1b7021bc5ae	49d7f751b796551cd38316456c8e48dbf56e3b40c7da486892eff1b7021bc5ae	87eab3c6921f5deed698b4630f80923cdd357f087d9e6f710a4e7ffb7d54c7c8	491377bdb8b70c5ef78dbdacdd8824ed6c0bb5ba18ad122509ec8a3e092ced56
d0cb8ab5d5525cbcbc2014cf41be1eba	snesbr	Super Street Fighter II	megadrive	Super Street Fighter II	3	260c3ec328af4092ceb61c42c8bc5bdf	no	42fea930d19e904195dbbfb2815e4bf9	79412dd99d98e9147c381e2c349b2beacc185b9c81b0e5b09e7e380a28193d7d	79412dd99d98e9147c381e2c349b2beacc185b9c81b0e5b09e7e380a28193d7d	10befa637efaf96033250ed6fa51ff2a6b4e26959828d58c016d6a40909f6b3c	aff8c1560322394150c73dad9687a6fa0344df5bc564bb4f1eb86e0290c9cfc5
5a5c264d45e598540e6bb07050f114ac	snesbr	The Great Circus Mystery Starring Mickey & Minnie	megadrive	The Great Circus Mystery Starring Mickey & Minnie	3	3c7a76dde1cf3654cd329f658cc9502f	no	a516760e23854bfbe83ece8f058a00a3	6f3a5cfb27c0fe01c36bddaaa8d5b04e4eea03f2ba34bfcb92389823749fe635	6f3a5cfb27c0fe01c36bddaaa8d5b04e4eea03f2ba34bfcb92389823749fe635	b0deea0d1b1b252299986c029f3f57eb6965cbc8e3b18cf9544807a6424786d4	74e4132dc768b9c8e6cfbd57974758cc68c54c5ebcccf44abf8f7244b944ae36
47266bef4e15d07a9cae9de9539d0612	snesbr	The Lost Vikings	megadrive	The Lost Vikings	3	3c656151c322048379cbda482d181cc1	no	cbd83be3e89456758ad7c165907abd12	e092a55144d116b333273a02375f140ba8cbbeeb208ac3473ea79f146f2027a6	e092a55144d116b333273a02375f140ba8cbbeeb208ac3473ea79f146f2027a6	fa01f0c687d66e2ed5c9f0ba5d9043b372c79485335f49ae1162a5bee49cbe6e	863407283f9d4ce580da1394bcb42e40d3ad545875cd46207ad1b5b265cb5aab
008835579979d4d36eb395ab7434b735	snesbr	Top Gear 2	megadrive	Top Gear 2	3	1e2303360634ba004f5635e04ce3fdf8	no	2ad7e4a11f777c95c46c91508631e594	d9ae0b12aed67d340a968ed24504c19ba20208f9129a1ff26f7f7300ae1bfdfd	d9ae0b12aed67d340a968ed24504c19ba20208f9129a1ff26f7f7300ae1bfdfd	74f4df1d9e13f2b7726e5da21fd80aa437d32b4a8c945826b7c798817c176099	5d73fcfc83bebeab7b94fb9afd5f74441b1d11ce14d720918cff9a98b2360d14
d8f1e7ba02eed7e368e0a2a59740c40a	snesbr	Worms	megadrive	Worms	3	eccf0549e982db6d18d7a7d30a10436d	no	5908003f7c7b9da73c036498fa7fdda4	75ffb66203339f7e58d9564f87a324059e00c49d8647755e4933b978e391469e	75ffb66203339f7e58d9564f87a324059e00c49d8647755e4933b978e391469e	111618706b3efb6626eea6b0143d6d73c2625e4641f247a9f2c27ea688a9dda9	65cadba7628fb361f83cb6d6fda5c2877c66c87a2c198c1360e4402463c75312
